ACCOUNT_ID,BALANCE,BANK
1485,178774,nanital BANK
4616,163270,nanital BANK
8856,155593,nanital BANK
3745,154590,nanital BANK
3869,150160,nanital BANK
9307,148206,nanital BANK
437,146213,nanital BANK
4350,145436,nanital BANK
2894,144617,nanital BANK
11141,144498,nanital BANK
6897,143768,nanital BANK
18,143609,nanital BANK
6555,134397,nanital BANK
4743,133913,nanital BANK
3785,132638,nanital BANK
1338,131752,nanital BANK
1750,131102,nanital BANK
3778,130297,nanital BANK
1780,129816,nanital BANK
3516,128585,nanital BANK
2647,128434,nanital BANK
4116,127678,nanital BANK
532,127636,nanital BANK
3255,127380,nanital BANK
1695,126808,nanital BANK
200,123651,nanital BANK
3760,122738,nanital BANK
2445,122586,nanital BANK
2824,122482,nanital BANK
3472,121694,nanital BANK
498,121608,nanital BANK
2599,121330,nanital BANK
2790,120939,nanital BANK
3153,120818,nanital BANK
3923,120570,nanital BANK
3713,120426,nanital BANK
3089,119815,nanital BANK
1127,119594,nanital BANK
9790,119241,nanital BANK
596,119151,nanital BANK
1605,119063,nanital BANK
1016,118929,nanital BANK
4078,117994,nanital BANK
2072,117397,nanital BANK
6148,117397,nanital BANK
1067,117199,nanital BANK
4342,117059,nanital BANK
2641,117023,nanital BANK
270,116900,nanital BANK
1332,116646,nanital BANK
4533,116643,nanital BANK
885,115837,nanital BANK
3069,115033,nanital BANK
3225,114813,nanital BANK
1963,114627,nanital BANK
1151,114558,nanital BANK
3253,114373,nanital BANK
1518,114097,nanital BANK
7965,113588,nanital BANK
8982,113480,nanital BANK
7944,113175,nanital BANK
699,112911,nanital BANK
1066,112713,nanital BANK
10243,112660,nanital BANK
648,112325,nanital BANK
2934,112267,nanital BANK
33,111976,nanital BANK
3503,111881,nanital BANK
1837,111641,nanital BANK
1080,111580,nanital BANK
6463,111237,nanital BANK
2574,110863,nanital BANK
2695,110825,nanital BANK
9236,110740,nanital BANK
981,109893,nanital BANK
1139,109807,nanital BANK
3756,109566,nanital BANK
2749,109484,nanital BANK
463,109414,nanital BANK
977,109408,nanital BANK
1305,108970,nanital BANK
3746,108608,nanital BANK
1919,108603,nanital BANK
3151,108602,nanital BANK
3086,108488,nanital BANK
3368,108357,nanital BANK
8026,108266,nanital BANK
2124,108250,nanital BANK
1247,107608,nanital BANK
3766,107579,nanital BANK
3466,107482,nanital BANK
1039,107448,nanital BANK
5794,107382,nanital BANK
3230,107283,nanital BANK
3999,106756,nanital BANK
1169,106502,nanital BANK
3141,106448,nanital BANK
253,106398,nanital BANK
388,106060,nanital BANK
4000,105986,nanital BANK
993,105894,nanital BANK
3942,105681,nanital BANK
904,105656,nanital BANK
3413,105592,nanital BANK
2450,105553,nanital BANK
2004,105528,nanital BANK
3315,105527,nanital BANK
11317,105347,nanital BANK
3437,105343,nanital BANK
1074,105200,nanital BANK
3160,105068,nanital BANK
1478,105062,nanital BANK
3968,104921,nanital BANK
486,104877,nanital BANK
2262,104833,nanital BANK
2884,104638,nanital BANK
4969,104556,nanital BANK
2245,104556,nanital BANK
2514,104469,nanital BANK
2885,104303,nanital BANK
3003,103815,nanital BANK
1610,103798,nanital BANK
2109,103582,nanital BANK
1281,103556,nanital BANK
2007,103512,nanital BANK
4283,103241,nanital BANK
712,103212,nanital BANK
11295,103067,nanital BANK
159,103034,nanital BANK
3891,102984,nanital BANK
9869,102938,nanital BANK
3693,102583,nanital BANK
9548,102539,nanital BANK
1452,102490,nanital BANK
5120,102070,nanital BANK
2187,101617,nanital BANK
10906,101553,nanital BANK
2681,101447,nanital BANK
8073,101335,nanital BANK
1261,101122,nanital BANK
2506,101094,nanital BANK
41,100992,nanital BANK
2023,100923,nanital BANK
627,100896,nanital BANK
3372,100766,nanital BANK
285,100763,nanital BANK
1519,100619,nanital BANK
816,100607,nanital BANK
3781,100406,nanital BANK
1180,100306,nanital BANK
1634,100118,nanital BANK
1970,100035,nanital BANK
3427,99927,nanital BANK
3167,99723,nanital BANK
3672,99670,nanital BANK
188,99633,nanital BANK
334,99465,nanital BANK
697,99430,nanital BANK
4580,99395,nanital BANK
4659,99086,nanital BANK
3330,99016,nanital BANK
3662,98612,nanital BANK
2581,98535,nanital BANK
3235,98121,nanital BANK
4774,97955,nanital BANK
4851,97884,nanital BANK
1097,97800,nanital BANK
3135,97585,nanital BANK
2930,97539,nanital BANK
17,97515,nanital BANK
990,97505,nanital BANK
2803,97436,nanital BANK
517,97296,nanital BANK
2501,97221,nanital BANK
3861,97154,nanital BANK
645,97114,nanital BANK
5878,97080,nanital BANK
5372,96505,nanital BANK
1861,96496,nanital BANK
278,96478,nanital BANK
3227,95969,nanital BANK
3258,95952,nanital BANK
6636,95751,nanital BANK
9750,95737,nanital BANK
3578,95443,nanital BANK
4354,95369,nanital BANK
2592,95344,nanital BANK
4276,95339,nanital BANK
3580,94994,nanital BANK
3618,94917,nanital BANK
3424,94913,nanital BANK
2634,94834,nanital BANK
772,94819,nanital BANK
2263,94715,nanital BANK
427,94685,nanital BANK
1004,94413,nanital BANK
2375,94226,nanital BANK
3526,93930,nanital BANK
2764,93926,nanital BANK
71,93840,nanital BANK
1991,93822,nanital BANK
3771,93710,nanital BANK
1700,93627,nanital BANK
1410,93501,nanital BANK
453,93291,nanital BANK
408,93277,nanital BANK
478,93238,nanital BANK
1375,93209,nanital BANK
1598,93181,nanital BANK
595,93003,nanital BANK
3674,92695,nanital BANK
2789,92570,nanital BANK
225,92565,nanital BANK
3465,92256,nanital BANK
2971,92243,nanital BANK
3322,92168,nanital BANK
1813,92164,nanital BANK
738,92050,nanital BANK
154,91993,nanital BANK
2594,91936,nanital BANK
2436,91924,nanital BANK
524,91888,nanital BANK
1867,91733,nanital BANK
4009,91703,nanital BANK
2250,91679,nanital BANK
2547,91646,nanital BANK
3877,91590,nanital BANK
773,91542,nanital BANK
9203,91532,nanital BANK
1091,91521,nanital BANK
2986,91488,nanital BANK
3440,91335,nanital BANK
1532,91301,nanital BANK
766,91197,nanital BANK
3850,90966,nanital BANK
3796,90862,nanital BANK
7861,90829,nanital BANK
3053,90732,nanital BANK
32,90565,nanital BANK
7637,90452,nanital BANK
1500,90393,nanital BANK
3788,90175,nanital BANK
5357,89940,nanital BANK
2844,89913,nanital BANK
390,89884,nanital BANK
3682,89720,nanital BANK
59,89720,nanital BANK
468,89457,nanital BANK
3993,89432,nanital BANK
3632,89218,nanital BANK
3702,89187,nanital BANK
2195,89174,nanital BANK
4264,89114,nanital BANK
3154,89082,nanital BANK
3659,88956,nanital BANK
1063,88942,nanital BANK
577,88795,nanital BANK
2555,88584,nanital BANK
2611,88557,nanital BANK
10436,88464,nanital BANK
786,88459,nanital BANK
775,88412,nanital BANK
3546,88390,nanital BANK
2467,88333,nanital BANK
319,88220,nanital BANK
1156,88203,nanital BANK
2067,88163,nanital BANK
3725,88110,nanital BANK
2817,88105,nanital BANK
10215,87973,nanital BANK
2167,87448,nanital BANK
756,87421,nanital BANK
50,87388,nanital BANK
5868,87261,nanital BANK
10607,87052,nanital BANK
1274,87019,nanital BANK
3403,86966,nanital BANK
184,86912,nanital BANK
1467,86853,nanital BANK
3897,86823,nanital BANK
2164,86792,nanital BANK
3586,86713,nanital BANK
1507,86656,nanital BANK
1112,86605,nanital BANK
2899,86567,nanital BANK
2954,86485,nanital BANK
3039,86428,nanital BANK
2638,86192,nanital BANK
1513,86165,nanital BANK
1076,85941,nanital BANK
1380,85744,nanital BANK
1289,85628,nanital BANK
2729,85624,nanital BANK
3612,85557,nanital BANK
2493,85462,nanital BANK
2079,85363,nanital BANK
1660,85287,nanital BANK
3931,85250,nanital BANK
1456,85207,nanital BANK
3459,85163,nanital BANK
10493,85034,nanital BANK
2386,84973,nanital BANK
4526,84856,nanital BANK
2819,84787,nanital BANK
1482,84762,nanital BANK
1636,84699,nanital BANK
232,84657,nanital BANK
2084,84641,nanital BANK
3862,84626,nanital BANK
1043,84557,nanital BANK
666,84508,nanital BANK
882,84447,nanital BANK
2353,84438,nanital BANK
8492,84411,nanital BANK
100,84377,nanital BANK
1599,84198,nanital BANK
8041,84029,nanital BANK
299,83992,nanital BANK
4423,83960,nanital BANK
3468,83842,nanital BANK
782,83778,nanital BANK
4447,83729,nanital BANK
420,83571,nanital BANK
2222,83542,nanital BANK
5505,83483,nanital BANK
1734,83459,nanital BANK
5072,83424,nanital BANK
2288,83287,nanital BANK
2486,83242,nanital BANK
3361,83057,nanital BANK
447,82986,nanital BANK
704,82977,nanital BANK
1709,82933,nanital BANK
963,82892,nanital BANK
9583,82889,nanital BANK
3278,82872,nanital BANK
23,82787,nanital BANK
1036,82732,nanital BANK
2586,82691,nanital BANK
3636,82567,nanital BANK
345,82565,nanital BANK
1591,82563,nanital BANK
4092,82489,nanital BANK
3653,82471,nanital BANK
2369,82259,nanital BANK
2268,82259,nanital BANK
386,82241,nanital BANK
2009,82141,nanital BANK
1121,82058,nanital BANK
3513,81971,nanital BANK
3901,81928,nanital BANK
2737,81922,nanital BANK
2141,81870,nanital BANK
1786,81836,nanital BANK
1756,81831,nanital BANK
2767,81820,nanital BANK
1983,81776,nanital BANK
1583,81770,nanital BANK
4484,81689,nanital BANK
1998,81677,nanital BANK
10001,81613,nanital BANK
2779,81534,nanital BANK
501,81506,nanital BANK
8038,81470,nanital BANK
101,81423,nanital BANK
1984,81328,nanital BANK
685,81291,nanital BANK
8330,81183,nanital BANK
3502,81077,nanital BANK
3010,81070,nanital BANK
1581,81001,nanital BANK
3116,80960,nanital BANK
572,80871,nanital BANK
4286,80840,nanital BANK
3794,80743,nanital BANK
3206,80721,nanital BANK
3848,80551,nanital BANK
3387,80416,nanital BANK
1526,80409,nanital BANK
3487,80389,nanital BANK
1194,80387,nanital BANK
1664,80374,nanital BANK
2708,80287,nanital BANK
95,80126,nanital BANK
2873,80112,nanital BANK
2521,80047,nanital BANK
4225,80031,nanital BANK
2908,80022,nanital BANK
925,79963,nanital BANK
1834,79951,nanital BANK
1798,79936,nanital BANK
1494,79908,nanital BANK
356,79901,nanital BANK
4424,79694,nanital BANK
2561,79679,nanital BANK
3404,79639,nanital BANK
3808,79590,nanital BANK
5477,79525,nanital BANK
4161,79492,nanital BANK
2724,79367,nanital BANK
1579,79360,nanital BANK
606,79309,nanital BANK
8,79255,nanital BANK
5870,79231,nanital BANK
3303,79156,nanital BANK
7795,79104,nanital BANK
1914,79095,nanital BANK
1385,79028,nanital BANK
1201,79028,nanital BANK
1007,78994,nanital BANK
1606,78767,nanital BANK
56,78757,nanital BANK
78,78733,nanital BANK
2464,78617,nanital BANK
1567,78564,nanital BANK
3727,78356,nanital BANK
928,78232,nanital BANK
4143,78066,nanital BANK
2583,78055,nanital BANK
3849,78049,nanital BANK
11021,77977,nanital BANK
128,77901,nanital BANK
3948,77860,nanital BANK
1022,77771,nanital BANK
2409,77751,nanital BANK
4069,77732,nanital BANK
9928,77589,nanital BANK
1087,77560,nanital BANK
116,77466,nanital BANK
3467,77427,nanital BANK
363,77371,nanital BANK
652,77207,nanital BANK
2650,77176,nanital BANK
11327,77059,nanital BANK
3323,77021,nanital BANK
10105,76988,nanital BANK
3696,76965,nanital BANK
361,76848,nanital BANK
2323,76845,nanital BANK
2580,76807,nanital BANK
2050,76758,nanital BANK
804,76735,nanital BANK
9627,76711,nanital BANK
1292,76680,nanital BANK
2389,76551,nanital BANK
2301,76536,nanital BANK
1938,76529,nanital BANK
1323,76419,nanital BANK
1230,76375,nanital BANK
189,76341,nanital BANK
384,76332,nanital BANK
8268,76315,nanital BANK
2000,76259,nanital BANK
2510,76222,nanital BANK
3768,76125,nanital BANK
1552,76077,nanital BANK
2653,75992,nanital BANK
3915,75956,nanital BANK
2689,75780,nanital BANK
3421,75744,nanital BANK
970,75666,nanital BANK
513,75549,nanital BANK
2831,75535,nanital BANK
3956,75511,nanital BANK
795,75392,nanital BANK
4948,75248,nanital BANK
3700,75201,nanital BANK
3327,75166,nanital BANK
3570,75107,nanital BANK
2711,74973,nanital BANK
11096,74941,nanital BANK
1817,74896,nanital BANK
3950,74603,nanital BANK
4034,74582,nanital BANK
2649,74581,nanital BANK
593,74575,nanital BANK
1537,74556,nanital BANK
172,74423,nanital BANK
598,74408,nanital BANK
1778,74359,nanital BANK
10148,74219,nanital BANK
1586,74204,nanital BANK
7,74075,nanital BANK
3529,73997,nanital BANK
1003,73867,nanital BANK
942,73861,nanital BANK
625,73835,nanital BANK
2178,73749,nanital BANK
3836,73718,nanital BANK
110,73616,nanital BANK
458,73613,nanital BANK
1819,73486,nanital BANK
3697,73444,nanital BANK
3407,73411,nanital BANK
135,73407,nanital BANK
1499,73332,nanital BANK
2772,73214,nanital BANK
1254,73199,nanital BANK
2503,73196,nanital BANK
2490,73125,nanital BANK
185,72988,nanital BANK
2731,72983,nanital BANK
4416,72940,nanital BANK
6397,72901,nanital BANK
3603,72879,nanital BANK
3348,72874,nanital BANK
3818,72850,nanital BANK
348,72826,nanital BANK
4245,72813,nanital BANK
3694,72747,nanital BANK
2582,72717,nanital BANK
523,72711,nanital BANK
3681,72521,nanital BANK
956,72337,nanital BANK
1110,72261,nanital BANK
3249,72161,nanital BANK
1839,72100,nanital BANK
1680,72009,nanital BANK
3077,71961,nanital BANK
603,71903,nanital BANK
307,71901,nanital BANK
2381,71894,nanital BANK
8489,71819,nanital BANK
2411,71746,nanital BANK
3606,71698,nanital BANK
1359,71696,nanital BANK
10963,71690,nanital BANK
855,71471,nanital BANK
2074,71424,nanital BANK
1352,71398,nanital BANK
312,71347,nanital BANK
1337,71289,nanital BANK
219,71286,nanital BANK
1854,71281,nanital BANK
2026,71248,nanital BANK
9159,71243,nanital BANK
1528,70986,nanital BANK
3128,70891,nanital BANK
3935,70858,nanital BANK
2310,70853,nanital BANK
48,70653,nanital BANK
3439,70622,nanital BANK
429,70596,nanital BANK
2266,70503,nanital BANK
2093,70495,nanital BANK
2040,70435,nanital BANK
2623,70366,nanital BANK
2460,70362,nanital BANK
2332,70335,nanital BANK
777,70241,nanital BANK
2887,70189,nanital BANK
2758,70179,nanital BANK
4907,70009,nanital BANK
3072,69987,nanital BANK
412,69923,nanital BANK
3917,69722,nanital BANK
280,69718,nanital BANK
173,69551,nanital BANK
2766,69406,nanital BANK
3118,69381,nanital BANK
5735,69365,nanital BANK
2070,69319,nanital BANK
761,69229,nanital BANK
4010,69218,nanital BANK
190,69213,nanital BANK
289,69171,nanital BANK
9030,69128,nanital BANK
1681,69116,nanital BANK
2600,69103,nanital BANK
3589,69071,nanital BANK
228,69028,nanital BANK
2360,68994,nanital BANK
8321,68983,nanital BANK
512,68960,nanital BANK
3709,68960,nanital BANK
57,68951,nanital BANK
3980,68942,nanital BANK
10558,68904,nanital BANK
311,68833,nanital BANK
2232,68757,nanital BANK
3201,68745,nanital BANK
2773,68730,nanital BANK
5944,68640,nanital BANK
3955,68596,nanital BANK
4576,68594,nanital BANK
1611,68517,nanital BANK
2760,68441,nanital BANK
376,68408,nanital BANK
1768,68287,nanital BANK
4014,68146,nanital BANK
3874,68094,nanital BANK
1019,67976,nanital BANK
1679,67861,nanital BANK
5442,67802,nanital BANK
2568,67794,nanital BANK
73,67730,nanital BANK
1907,67696,nanital BANK
755,67676,nanital BANK
4008,67500,nanital BANK
1231,67494,nanital BANK
2197,67436,nanital BANK
3162,67434,nanital BANK
169,67418,nanital BANK
1800,67390,nanital BANK
2077,67377,nanital BANK
1486,67358,nanital BANK
9560,67344,nanital BANK
3448,67282,nanital BANK
1471,67180,nanital BANK
2314,67024,nanital BANK
1360,66953,nanital BANK
716,66908,nanital BANK
1872,66821,nanital BANK
2530,66819,nanital BANK
1580,66798,nanital BANK
1129,66749,nanital BANK
4150,66740,nanital BANK
1745,66702,nanital BANK
675,66689,nanital BANK
2728,66506,nanital BANK
2037,66500,nanital BANK
5263,66293,nanital BANK
221,66201,nanital BANK
1251,66154,nanital BANK
2875,66044,nanital BANK
4268,66016,nanital BANK
562,65946,nanital BANK
1113,65921,nanital BANK
3000,65831,nanital BANK
3484,65653,nanital BANK
1208,65543,nanital BANK
2338,65434,nanital BANK
2876,65398,nanital BANK
1388,65378,nanital BANK
1243,65349,nanital BANK
1421,65239,nanital BANK
414,65217,nanital BANK
896,65186,nanital BANK
2800,65156,nanital BANK
568,65147,nanital BANK
3377,65113,nanital BANK
922,65051,nanital BANK
2298,65049,nanital BANK
5774,65035,nanital BANK
2108,65007,nanital BANK
5817,64983,nanital BANK
820,64950,nanital BANK
5541,64921,nanital BANK
2430,64882,nanital BANK
4543,64797,nanital BANK
1948,64767,nanital BANK
2280,64733,nanital BANK
7542,64464,nanital BANK
430,64437,nanital BANK
819,64357,nanital BANK
3969,64304,nanital BANK
1828,64239,nanital BANK
2241,64182,nanital BANK
858,64049,nanital BANK
2795,64018,nanital BANK
2994,63929,nanital BANK
2383,63925,nanital BANK
3699,63919,nanital BANK
2813,63825,nanital BANK
1920,63726,nanital BANK
9153,63710,nanital BANK
3038,63652,nanital BANK
1640,63647,nanital BANK
1294,63568,nanital BANK
2559,63549,nanital BANK
1603,63509,nanital BANK
2370,63391,nanital BANK
1109,63324,nanital BANK
6609,63288,nanital BANK
3156,63158,nanital BANK
3405,63120,nanital BANK
657,63114,nanital BANK
2446,63047,nanital BANK
1221,63019,nanital BANK
3267,63015,nanital BANK
4454,62953,nanital BANK
1916,62846,nanital BANK
3944,62816,nanital BANK
344,62800,nanital BANK
952,62781,nanital BANK
1464,62735,nanital BANK
1171,62717,nanital BANK
1483,62614,nanital BANK
1655,62575,nanital BANK
2354,62521,nanital BANK
2615,62515,nanital BANK
1759,62465,nanital BANK
3801,62303,nanital BANK
2639,62236,nanital BANK
1435,62154,nanital BANK
177,62150,nanital BANK
1825,62135,nanital BANK
647,62078,nanital BANK
2905,62007,nanital BANK
3886,61972,nanital BANK
1470,61911,nanital BANK
2119,61870,nanital BANK
1857,61859,nanital BANK
689,61788,nanital BANK
2816,61735,nanital BANK
21,61685,nanital BANK
3332,61659,nanital BANK
3397,61648,nanital BANK
1604,61623,nanital BANK
2118,61531,nanital BANK
7990,61477,nanital BANK
2041,61381,nanital BANK
362,61332,nanital BANK
2483,61324,nanital BANK
3998,61251,nanital BANK
2957,61193,nanital BANK
10,61190,nanital BANK
3786,61061,nanital BANK
6157,61030,nanital BANK
7632,60922,nanital BANK
2616,60866,nanital BANK
11053,60807,nanital BANK
3083,60801,nanital BANK
1522,60705,nanital BANK
466,60700,nanital BANK
1807,60671,nanital BANK
9333,60651,nanital BANK
7828,60581,nanital BANK
3559,60548,nanital BANK
2963,60491,nanital BANK
2808,60472,nanital BANK
367,60460,nanital BANK
2918,60458,nanital BANK
108,60420,nanital BANK
336,60390,nanital BANK
1348,60347,nanital BANK
866,60324,nanital BANK
2156,60291,nanital BANK
3379,60283,nanital BANK
11135,60228,nanital BANK
3185,60212,nanital BANK
3809,60171,nanital BANK
2857,60044,nanital BANK
1443,60036,nanital BANK
2295,59994,nanital BANK
3633,59987,nanital BANK
2431,59851,nanital BANK
211,59844,nanital BANK
2780,59811,nanital BANK
1257,59789,nanital BANK
2146,59760,nanital BANK
622,59572,nanital BANK
980,59572,nanital BANK
8129,59546,nanital BANK
371,59495,nanital BANK
3324,59478,nanital BANK
1808,59476,nanital BANK
1705,59414,nanital BANK
1116,59376,nanital BANK
1788,59307,nanital BANK
2440,59305,nanital BANK
817,59299,nanital BANK
848,59279,nanital BANK
144,59265,nanital BANK
2676,59256,nanital BANK
2936,59151,nanital BANK
4585,59121,nanital BANK
3287,59066,nanital BANK
7890,58866,nanital BANK
1085,58856,nanital BANK
590,58796,nanital BANK
2602,58691,nanital BANK
1549,58618,nanital BANK
3369,58567,nanital BANK
506,58525,nanital BANK
1944,58467,nanital BANK
2235,58457,nanital BANK
2136,58405,nanital BANK
2988,58294,nanital BANK
1836,58233,nanital BANK
2652,58190,nanital BANK
1982,58148,nanital BANK
1154,58137,nanital BANK
1851,58067,nanital BANK
2693,58051,nanital BANK
418,57941,nanital BANK
4099,57919,nanital BANK
2973,57821,nanital BANK
1269,57697,nanital BANK
3383,57691,nanital BANK
402,57639,nanital BANK
4519,57590,nanital BANK
3602,57571,nanital BANK
2895,57568,nanital BANK
122,57562,nanital BANK
1153,57471,nanital BANK
7894,57391,nanital BANK
1207,57372,nanital BANK
3577,57361,nanital BANK
7465,57325,nanital BANK
119,57199,nanital BANK
976,57143,nanital BANK
170,57083,nanital BANK
3476,57073,nanital BANK
2956,56991,nanital BANK
1863,56914,nanital BANK
2112,56828,nanital BANK
3826,56793,nanital BANK
847,56650,nanital BANK
917,56609,nanital BANK
1214,56603,nanital BANK
2163,56517,nanital BANK
2033,56408,nanital BANK
3590,56324,nanital BANK
1534,56286,nanital BANK
2788,56285,nanital BANK
1126,56276,nanital BANK
913,56258,nanital BANK
2881,56234,nanital BANK
2192,56119,nanital BANK
8688,56054,nanital BANK
3064,55907,nanital BANK
242,55886,nanital BANK
149,55884,nanital BANK
2206,55866,nanital BANK
2944,55855,nanital BANK
3890,55839,nanital BANK
824,55771,nanital BANK
8085,55753,nanital BANK
556,55753,nanital BANK
2449,55718,nanital BANK
1826,55651,nanital BANK
3528,55564,nanital BANK
1266,55474,nanital BANK
392,55424,nanital BANK
4132,55404,nanital BANK
2804,55276,nanital BANK
2593,55246,nanital BANK
4159,55211,nanital BANK
1790,55192,nanital BANK
1894,55165,nanital BANK
3947,55139,nanital BANK
1245,55121,nanital BANK
1645,55069,nanital BANK
9549,54865,nanital BANK
3958,54824,nanital BANK
3186,54741,nanital BANK
4091,54605,nanital BANK
621,54599,nanital BANK
1490,54594,nanital BANK
2275,54498,nanital BANK
260,54475,nanital BANK
1260,54472,nanital BANK
2858,54412,nanital BANK
1946,54301,nanital BANK
683,54297,nanital BANK
1369,54193,nanital BANK
919,54192,nanital BANK
3506,54170,nanital BANK
6688,54142,nanital BANK
2091,54095,nanital BANK
566,54059,nanital BANK
2734,53969,nanital BANK
1674,53918,nanital BANK
3903,53885,nanital BANK
2104,53831,nanital BANK
2847,53758,nanital BANK
944,53737,nanital BANK
3410,53692,nanital BANK
4386,53674,nanital BANK
1953,53652,nanital BANK
2107,53630,nanital BANK
2447,53494,nanital BANK
3,53447,nanital BANK
201,53402,nanital BANK
2071,53362,nanital BANK
3508,53357,nanital BANK
3489,53255,nanital BANK
1178,53168,nanital BANK
6040,53139,nanital BANK
765,53129,nanital BANK
700,53122,nanital BANK
1042,53104,nanital BANK
1335,52972,nanital BANK
3338,52920,nanital BANK
558,52831,nanital BANK
1090,52813,nanital BANK
126,52793,nanital BANK
3314,52682,nanital BANK
653,52673,nanital BANK
2200,52643,nanital BANK
10762,52630,nanital BANK
2182,52587,nanital BANK
2959,52569,nanital BANK
2620,52461,nanital BANK
1815,52429,nanital BANK
1102,52397,nanital BANK
4650,52350,nanital BANK
2564,52320,nanital BANK
853,52268,nanital BANK
3376,52181,nanital BANK
987,52134,nanital BANK
4438,52114,nanital BANK
3259,52094,nanital BANK
780,52070,nanital BANK
2194,52020,nanital BANK
698,52019,nanital BANK
3518,51891,nanital BANK
3102,51826,nanital BANK
2511,51793,nanital BANK
3366,51777,nanital BANK
1651,51694,nanital BANK
3701,51637,nanital BANK
3656,51535,nanital BANK
1949,51504,nanital BANK
1395,51485,nanital BANK
3930,51391,nanital BANK
183,51389,nanital BANK
534,51351,nanital BANK
4105,51285,nanital BANK
836,51280,nanital BANK
3605,51194,nanital BANK
3485,51180,nanital BANK
9024,50984,nanital BANK
3066,50939,nanital BANK
1555,50909,nanital BANK
3838,50758,nanital BANK
240,50744,nanital BANK
3152,50696,nanital BANK
1793,50522,nanital BANK
488,50500,nanital BANK
3445,50446,nanital BANK
1229,50370,nanital BANK
1564,50370,nanital BANK
677,50344,nanital BANK
1379,50332,nanital BANK
3739,50294,nanital BANK
1436,50203,nanital BANK
1980,50175,nanital BANK
1866,50117,nanital BANK
1830,50036,nanital BANK
4389,49984,nanital BANK
4134,49975,nanital BANK
859,49886,nanital BANK
964,49884,nanital BANK
573,49834,nanital BANK
3048,49768,nanital BANK
2983,49768,nanital BANK
2787,49578,nanital BANK
5196,49499,nanital BANK
3362,49487,nanital BANK
1976,49446,nanital BANK
2274,49407,nanital BANK
2495,49400,nanital BANK
195,49228,nanital BANK
2343,49079,nanital BANK
381,48948,nanital BANK
1753,48884,nanital BANK
415,48872,nanital BANK
4140,48847,nanital BANK
409,48825,nanital BANK
3946,48694,nanital BANK
4119,48600,nanital BANK
2395,48599,nanital BANK
3308,48591,nanital BANK
3316,48471,nanital BANK
5837,48446,nanital BANK
1135,48446,nanital BANK
9513,48281,nanital BANK
4173,48210,nanital BANK
2533,48208,nanital BANK
2183,48175,nanital BANK
1046,48030,nanital BANK
470,47968,nanital BANK
2393,47886,nanital BANK
2860,47756,nanital BANK
4309,47729,nanital BANK
2836,47727,nanital BANK
2942,47721,nanital BANK
2398,47712,nanital BANK
3385,47687,nanital BANK
7449,47647,nanital BANK
3805,47609,nanital BANK
1783,47570,nanital BANK
4144,47568,nanital BANK
134,47540,nanital BANK
2498,47539,nanital BANK
2622,47534,nanital BANK
140,47344,nanital BANK
2451,47294,nanital BANK
1952,47290,nanital BANK
249,47283,nanital BANK
1986,47277,nanital BANK
1387,47192,nanital BANK
2540,47085,nanital BANK
1306,47034,nanital BANK
1150,46871,nanital BANK
2927,46864,nanital BANK
770,46799,nanital BANK
3349,46797,nanital BANK
1140,46782,nanital BANK
3149,46768,nanital BANK
2916,46692,nanital BANK
9677,46685,nanital BANK
3451,46680,nanital BANK
1303,46502,nanital BANK
2739,46473,nanital BANK
2143,46458,nanital BANK
8092,46307,nanital BANK
872,46151,nanital BANK
1619,46119,nanital BANK
10954,45996,nanital BANK
2837,45956,nanital BANK
1259,45879,nanital BANK
1498,45792,nanital BANK
2303,45633,nanital BANK
4130,45596,nanital BANK
3992,45428,nanital BANK
2659,45378,nanital BANK
1647,45328,nanital BANK
1118,45306,nanital BANK
3851,45297,nanital BANK
3096,45281,nanital BANK
2990,45263,nanital BANK
2551,45236,nanital BANK
205,45084,nanital BANK
1627,45056,nanital BANK
3827,44941,nanital BANK
10694,44788,nanital BANK
3399,44714,nanital BANK
2792,44648,nanital BANK
10630,44613,nanital BANK
3816,44600,nanital BANK
2214,44576,nanital BANK
2151,44505,nanital BANK
2970,44179,nanital BANK
5628,44155,nanital BANK
6158,44152,nanital BANK
2484,44092,nanital BANK
320,44054,nanital BANK
3784,44008,nanital BANK
1622,43966,nanital BANK
14,43935,nanital BANK
3706,43580,nanital BANK
3093,43454,nanital BANK
3665,43393,nanital BANK
2415,43379,nanital BANK
2499,43361,nanital BANK
2340,43277,nanital BANK
718,43237,nanital BANK
3655,43188,nanital BANK
3263,42960,nanital BANK
6505,42956,nanital BANK
2605,42937,nanital BANK
1101,42909,nanital BANK
3927,42865,nanital BANK
2487,42851,nanital BANK
2405,42698,nanital BANK
553,42543,nanital BANK
2038,42494,nanital BANK
2013,42419,nanital BANK
3334,42377,nanital BANK
9494,42280,nanital BANK
3209,42212,nanital BANK
3986,42188,nanital BANK
2637,42145,nanital BANK
2309,42060,nanital BANK
1040,42008,nanital BANK
2920,41937,nanital BANK
3539,41864,nanital BANK
3569,41849,nanital BANK
2392,41845,nanital BANK
3190,41824,nanital BANK
1242,41707,nanital BANK
9051,41663,nanital BANK
109,41650,nanital BANK
2391,41617,nanital BANK
1053,41599,nanital BANK
825,41583,nanital BANK
643,41578,nanital BANK
1070,41526,nanital BANK
1904,41471,nanital BANK
2329,41366,nanital BANK
551,41342,nanital BANK
3396,41273,nanital BANK
968,41258,nanital BANK
3242,41112,nanital BANK
3523,41106,nanital BANK
241,41009,nanital BANK
3695,40978,nanital BANK
2684,40933,nanital BANK
1550,40932,nanital BANK
2097,40928,nanital BANK
387,40892,nanital BANK
3571,40871,nanital BANK
809,40834,nanital BANK
2747,40760,nanital BANK
308,40581,nanital BANK
2891,40513,nanital BANK
83,40380,nanital BANK
2668,40366,nanital BANK
496,40264,nanital BANK
1488,40066,nanital BANK
1683,40056,nanital BANK
1950,40035,nanital BANK
1177,39897,nanital BANK
3564,39893,nanital BANK
673,39880,nanital BANK
6602,39828,nanital BANK
3858,39760,nanital BANK
3798,39734,nanital BANK
768,39673,nanital BANK
2648,39659,nanital BANK
1424,39610,nanital BANK
890,39568,nanital BANK
1188,39559,nanital BANK
918,39534,nanital BANK
2325,39350,nanital BANK
916,39217,nanital BANK
2213,39195,nanital BANK
2671,39152,nanital BANK
2158,38991,nanital BANK
2397,38968,nanital BANK
4803,38938,nanital BANK
5180,38879,nanital BANK
3519,38873,nanital BANK
1362,38861,nanital BANK
2036,38848,nanital BANK
1993,38748,nanital BANK
1721,38700,nanital BANK
1977,38573,nanital BANK
4442,38564,nanital BANK
4480,38543,nanital BANK
2925,38458,nanital BANK
3553,38430,nanital BANK
1320,38377,nanital BANK
3517,38297,nanital BANK
3867,38197,nanital BANK
2336,38194,nanital BANK
295,38169,nanital BANK
2843,37966,nanital BANK
4476,37924,nanital BANK
2892,37900,nanital BANK
89,37775,nanital BANK
2969,37700,nanital BANK
3645,37633,nanital BANK
3988,37624,nanital BANK
1751,37611,nanital BANK
1708,37572,nanital BANK
1186,37458,nanital BANK
8645,37353,nanital BANK
2761,37174,nanital BANK
3103,37128,nanital BANK
2797,37088,nanital BANK
580,37009,nanital BANK
778,37000,nanital BANK
672,37000,nanital BANK
929,36891,nanital BANK
760,36828,nanital BANK
272,36577,nanital BANK
4488,36556,nanital BANK
10478,36521,nanital BANK
2706,36400,nanital BANK
1339,36378,nanital BANK
3085,36371,nanital BANK
4439,36317,nanital BANK
938,36305,nanital BANK
575,36298,nanital BANK
24,36264,nanital BANK
3177,35922,nanital BANK
3843,35695,nanital BANK
3098,35584,nanital BANK
1497,35583,nanital BANK
1472,35455,nanital BANK
2810,35298,nanital BANK
1454,35200,nanital BANK
2166,35149,nanital BANK
2967,35126,nanital BANK
2631,35048,nanital BANK
3333,34885,nanital BANK
1509,34677,nanital BANK
3866,34579,nanital BANK
564,34498,nanital BANK
808,34381,nanital BANK
3615,34321,nanital BANK
8742,34140,nanital BANK
2204,33995,nanital BANK
514,33961,nanital BANK
3939,33960,nanital BANK
587,33900,nanital BANK
1988,33795,nanital BANK
787,33780,nanital BANK
864,33736,nanital BANK
2778,33639,nanital BANK
961,33393,nanital BANK
6097,33365,nanital BANK
1716,33296,nanital BANK
3350,33267,nanital BANK
2507,33209,nanital BANK
3380,32932,nanital BANK
1125,32917,nanital BANK
164,32852,nanital BANK
3498,32734,nanital BANK
42,32675,nanital BANK
2560,32645,nanital BANK
567,32628,nanital BANK
8169,32617,nanital BANK
306,32616,nanital BANK
3595,32602,nanital BANK
727,32600,nanital BANK
7052,32459,nanital BANK
3110,32406,nanital BANK
605,32229,nanital BANK
1558,32228,nanital BANK
193,32205,nanital BANK
1781,32143,nanital BANK
579,32130,nanital BANK
3797,32119,nanital BANK
3973,32076,nanital BANK
27,32074,nanital BANK
434,31796,nanital BANK
1367,31793,nanital BANK
3566,31736,nanital BANK
4462,31683,nanital BANK
4534,31650,nanital BANK
900,31575,nanital BANK
1848,31548,nanital BANK
2135,31518,nanital BANK
522,31482,nanital BANK
3893,31235,nanital BANK
6902,30990,nanital BANK
3005,30912,nanital BANK
11265,30395,nanital BANK
1853,30388,nanital BANK
752,30319,nanital BANK
298,30293,nanital BANK
2379,30279,nanital BANK
2147,30228,nanital BANK
3256,30209,nanital BANK
3082,30098,nanital BANK
7966,30098,nanital BANK
870,30074,nanital BANK
1677,29942,nanital BANK
1625,29589,nanital BANK
687,29479,nanital BANK
1868,29394,nanital BANK
868,28981,nanital BANK
3501,28655,nanital BANK
1165,28553,nanital BANK
2496,28434,nanital BANK
8919,28182,nanital BANK
2579,28160,nanital BANK
3525,28090,nanital BANK
1539,27958,nanital BANK
2879,27948,nanital BANK
3620,27933,nanital BANK
3641,27921,nanital BANK
905,27879,nanital BANK
1144,27680,nanital BANK
1881,27460,nanital BANK
1915,27195,nanital BANK
3722,27056,nanital BANK
758,26800,nanital BANK
2999,26657,nanital BANK
2049,26382,nanital BANK
4208,26364,nanital BANK
691,26357,nanital BANK
3884,26234,nanital BANK
421,26230,nanital BANK
3146,26143,nanital BANK
1330,26093,nanital BANK
3052,26009,nanital BANK
1840,25978,nanital BANK
2661,25656,nanital BANK
3885,25544,nanital BANK
3067,25380,nanital BANK
2231,25299,nanital BANK
1448,24793,nanital BANK
2018,24658,nanital BANK
10049,24232,nanital BANK
3581,24155,nanital BANK
4090,24003,nanital BANK
476,24000,nanital BANK
3105,23971,nanital BANK
3616,23900,nanital BANK
2893,23900,nanital BANK
2217,23700,nanital BANK
1014,23390,nanital BANK
801,22975,nanital BANK
2103,22969,nanital BANK
7101,22877,nanital BANK
262,22600,nanital BANK
2434,22405,nanital BANK
3698,22345,nanital BANK
2438,22341,nanital BANK
2075,22242,nanital BANK
152,21981,nanital BANK
138,21200,nanital BANK
1524,21117,nanital BANK
2601,20100,nanital BANK
2477,20002,nanital BANK
702,19864,nanital BANK
2016,19641,nanital BANK
3951,17366,nanital BANK
3282,17226,nanital BANK
2335,16713,nanital BANK
2055,15889,nanital BANK
3187,15669,nanital BANK
315,15000,nanital BANK
671,14081,nanital BANK
3715,13300,nanital BANK
3507,120503,Sky Bank
3925,115852,Sky Bank
10670,115807,Sky Bank
2130,115238,Sky Bank
2424,114884,Sky Bank
10065,114438,Sky Bank
4377,112050,Sky Bank
1286,111721,Sky Bank
4514,110126,Sky Bank
82,109013,Sky Bank
2932,106178,Sky Bank
2732,105901,Sky Bank
4321,105697,Sky Bank
3367,104135,Sky Bank
1967,103861,Sky Bank
6265,103006,Sky Bank
8759,102610,Sky Bank
6592,102392,Sky Bank
378,102065,Sky Bank
3614,101601,Sky Bank
2546,101548,Sky Bank
1272,100532,Sky Bank
3418,99980,Sky Bank
9707,99744,Sky Bank
8377,99680,Sky Bank
2419,99391,Sky Bank
2111,99281,Sky Bank
11111,98902,Sky Bank
150,98659,Sky Bank
257,98638,Sky Bank
1641,98110,Sky Bank
1646,97540,Sky Bank
7753,97187,Sky Bank
11123,96982,Sky Bank
521,96810,Sky Bank
5194,96221,Sky Bank
9859,95803,Sky Bank
125,95528,Sky Bank
2598,95207,Sky Bank
7606,94431,Sky Bank
2030,94131,Sky Bank
893,94112,Sky Bank
4478,94016,Sky Bank
2962,93878,Sky Bank
4434,93632,Sky Bank
2219,93621,Sky Bank
9814,93250,Sky Bank
8998,92962,Sky Bank
1106,92636,Sky Bank
4618,92597,Sky Bank
4346,92500,Sky Bank
2209,92111,Sky Bank
4258,92073,Sky Bank
2378,91482,Sky Bank
7636,91147,Sky Bank
3562,90990,Sky Bank
10227,90718,Sky Bank
8316,90452,Sky Bank
9528,90421,Sky Bank
1779,90276,Sky Bank
7769,90219,Sky Bank
11138,90110,Sky Bank
5001,89399,Sky Bank
7815,88662,Sky Bank
1694,88613,Sky Bank
3260,88609,Sky Bank
3112,88390,Sky Bank
1804,88150,Sky Bank
3229,87988,Sky Bank
8381,87976,Sky Bank
3279,87906,Sky Bank
8931,87688,Sky Bank
839,87615,Sky Bank
8127,87600,Sky Bank
3907,87551,Sky Bank
733,87533,Sky Bank
9138,87109,Sky Bank
10520,87052,Sky Bank
5632,86572,Sky Bank
2333,86542,Sky Bank
1715,86343,Sky Bank
3269,85869,Sky Bank
3521,85866,Sky Bank
3051,85201,Sky Bank
120,84843,Sky Bank
2051,84455,Sky Bank
1345,84429,Sky Bank
4456,84388,Sky Bank
99,84115,Sky Bank
84,84058,Sky Bank
2633,83847,Sky Bank
2456,83554,Sky Bank
2625,83226,Sky Bank
5362,82958,Sky Bank
3967,82713,Sky Bank
8327,82667,Sky Bank
1678,81719,Sky Bank
2940,81519,Sky Bank
8533,81201,Sky Bank
4047,80636,Sky Bank
1576,80375,Sky Bank
3663,80351,Sky Bank
8547,80294,Sky Bank
1767,79670,Sky Bank
4337,79663,Sky Bank
3220,79601,Sky Bank
3216,79088,Sky Bank
3480,79063,Sky Bank
2228,79014,Sky Bank
9,78753,Sky Bank
6030,78102,Sky Bank
3723,78021,Sky Bank
3847,77951,Sky Bank
2139,77776,Sky Bank
2912,77688,Sky Bank
9192,77643,Sky Bank
1453,77444,Sky Bank
3938,77442,Sky Bank
2825,77043,Sky Bank
1293,76987,Sky Bank
3071,76760,Sky Bank
618,76624,Sky Bank
991,76589,Sky Bank
4296,76314,Sky Bank
3855,76259,Sky Bank
2254,76195,Sky Bank
2321,75636,Sky Bank
1742,75475,Sky Bank
871,75355,Sky Bank
2834,75161,Sky Bank
6353,75092,Sky Bank
1225,74593,Sky Bank
2609,74442,Sky Bank
974,73990,Sky Bank
4405,73979,Sky Bank
1103,73820,Sky Bank
497,73809,Sky Bank
337,73457,Sky Bank
1626,73438,Sky Bank
2752,73375,Sky Bank
5483,73275,Sky Bank
256,73187,Sky Bank
1787,72973,Sky Bank
7445,72376,Sky Bank
840,72270,Sky Bank
3807,71998,Sky Bank
372,71875,Sky Bank
2326,71759,Sky Bank
2759,71586,Sky Bank
7824,71488,Sky Bank
837,71341,Sky Bank
2903,71210,Sky Bank
1752,70631,Sky Bank
1267,70580,Sky Bank
511,70529,Sky Bank
5011,70413,Sky Bank
619,70352,Sky Bank
446,70111,Sky Bank
6872,70081,Sky Bank
2265,70045,Sky Bank
491,69865,Sky Bank
4626,69787,Sky Bank
4347,69491,Sky Bank
4473,69263,Sky Bank
2179,69139,Sky Bank
10202,68824,Sky Bank
624,68678,Sky Bank
10940,68675,Sky Bank
2933,68462,Sky Bank
969,67960,Sky Bank
2161,67928,Sky Bank
1763,67784,Sky Bank
2812,67753,Sky Bank
3307,67748,Sky Bank
3563,67722,Sky Bank
1739,67625,Sky Bank
31,67375,Sky Bank
3181,67133,Sky Bank
5125,66920,Sky Bank
1263,66914,Sky Bank
3978,66823,Sky Bank
22,66615,Sky Bank
393,66493,Sky Bank
4103,66331,Sky Bank
830,66301,Sky Bank
158,66102,Sky Bank
2993,65829,Sky Bank
4681,65744,Sky Bank
2350,65490,Sky Bank
5267,64921,Sky Bank
3408,64441,Sky Bank
1838,64249,Sky Bank
3036,64244,Sky Bank
1554,64026,Sky Bank
3453,63977,Sky Bank
3622,63950,Sky Bank
3865,63950,Sky Bank
3111,63826,Sky Bank
132,63725,Sky Bank
1945,63713,Sky Bank
5063,63703,Sky Bank
1495,63549,Sky Bank
1635,63377,Sky Bank
1996,63317,Sky Bank
750,63316,Sky Bank
1017,63198,Sky Bank
3726,63119,Sky Bank
2629,62945,Sky Bank
6461,62821,Sky Bank
706,62309,Sky Bank
1672,62172,Sky Bank
1397,62010,Sky Bank
692,61722,Sky Bank
10019,61569,Sky Bank
3859,61567,Sky Bank
6649,61298,Sky Bank
3001,61135,Sky Bank
1585,61119,Sky Bank
503,60849,Sky Bank
1810,60655,Sky Bank
2701,60580,Sky Bank
274,60576,Sky Bank
2418,60317,Sky Bank
3094,60314,Sky Bank
1023,60310,Sky Bank
1508,59904,Sky Bank
494,59854,Sky Bank
2917,59643,Sky Bank
3591,59611,Sky Bank
5726,59077,Sky Bank
3370,59049,Sky Bank
4055,59030,Sky Bank
5181,58965,Sky Bank
2674,58801,Sky Bank
1638,58685,Sky Bank
1051,58384,Sky Bank
717,58158,Sky Bank
5066,58054,Sky Bank
526,57960,Sky Bank
10710,57948,Sky Bank
945,57727,Sky Bank
30,57667,Sky Bank
3920,57648,Sky Bank
2742,57621,Sky Bank
1416,57617,Sky Bank
1510,57508,Sky Bank
967,57323,Sky Bank
1987,57189,Sky Bank
2052,57081,Sky Bank
9510,56894,Sky Bank
6856,56884,Sky Bank
994,56869,Sky Bank
477,56844,Sky Bank
3298,56782,Sky Bank
9826,56760,Sky Bank
1511,56743,Sky Bank
4171,56729,Sky Bank
715,56591,Sky Bank
955,56426,Sky Bank
7618,56048,Sky Bank
851,56047,Sky Bank
1236,55991,Sky Bank
7997,55818,Sky Bank
1906,55724,Sky Bank
322,55634,Sky Bank
6715,55525,Sky Bank
1353,55436,Sky Bank
1502,55244,Sky Bank
784,55116,Sky Bank
3751,55040,Sky Bank
2890,54997,Sky Bank
979,54776,Sky Bank
2096,54674,Sky Bank
11065,54619,Sky Bank
2121,54446,Sky Bank
1210,54395,Sky Bank
701,54374,Sky Bank
3835,53921,Sky Bank
11069,53375,Sky Bank
2924,53301,Sky Bank
1044,53152,Sky Bank
3913,53062,Sky Bank
3789,52913,Sky Bank
137,52882,Sky Bank
2117,52719,Sky Bank
7401,52554,Sky Bank
213,52276,Sky Bank
1911,52097,Sky Bank
210,52086,Sky Bank
5740,52028,Sky Bank
3650,51934,Sky Bank
3492,51916,Sky Bank
3921,51756,Sky Bank
3014,51514,Sky Bank
1994,51393,Sky Bank
2851,51215,Sky Bank
3895,51184,Sky Bank
1372,51179,Sky Bank
377,51083,Sky Bank
5395,50820,Sky Bank
431,50691,Sky Bank
3283,50556,Sky Bank
445,50539,Sky Bank
7485,50187,Sky Bank
1543,50056,Sky Bank
3219,50026,Sky Bank
2281,49851,Sky Bank
1327,49827,Sky Bank
2207,49745,Sky Bank
2083,49710,Sky Bank
3845,49599,Sky Bank
3601,49383,Sky Bank
883,49374,Sky Bank
2065,49345,Sky Bank
1010,49304,Sky Bank
489,49286,Sky Bank
2872,49190,Sky Bank
1820,49076,Sky Bank
946,48964,Sky Bank
1885,48912,Sky Bank
3378,48845,Sky Bank
732,48822,Sky Bank
812,48805,Sky Bank
2059,48748,Sky Bank
2677,48641,Sky Bank
2454,48598,Sky Bank
7181,48587,Sky Bank
4186,48436,Sky Bank
9242,48344,Sky Bank
1737,48321,Sky Bank
3822,47846,Sky Bank
251,47826,Sky Bank
3124,47506,Sky Bank
4263,47498,Sky Bank
2976,47495,Sky Bank
4237,47146,Sky Bank
4127,46953,Sky Bank
3974,46943,Sky Bank
3431,46872,Sky Bank
984,46760,Sky Bank
1211,46694,Sky Bank
5991,46623,Sky Bank
439,46310,Sky Bank
554,45989,Sky Bank
2716,45763,Sky Bank
3170,45753,Sky Bank
2771,45647,Sky Bank
1607,45409,Sky Bank
2102,45369,Sky Bank
3109,45087,Sky Bank
2114,44881,Sky Bank
613,44865,Sky Bank
1821,44563,Sky Bank
3825,44553,Sky Bank
1888,44552,Sky Bank
1496,44477,Sky Bank
1413,44472,Sky Bank
1222,44387,Sky Bank
10018,44294,Sky Bank
3261,44142,Sky Bank
3155,43903,Sky Bank
9631,43744,Sky Bank
467,43658,Sky Bank
2794,43655,Sky Bank
3902,43621,Sky Bank
1897,43293,Sky Bank
1403,43242,Sky Bank
1829,42965,Sky Bank
6512,42948,Sky Bank
2092,42864,Sky Bank
3979,42842,Sky Bank
455,42815,Sky Bank
2157,42487,Sky Bank
626,42332,Sky Bank
2315,42329,Sky Bank
4190,42111,Sky Bank
2522,42110,Sky Bank
2226,42093,Sky Bank
2807,42037,Sky Bank
6927,42036,Sky Bank
500,41999,Sky Bank
2645,41879,Sky Bank
2191,41832,Sky Bank
1092,41431,Sky Bank
2619,41340,Sky Bank
3949,41339,Sky Bank
2960,41184,Sky Bank
223,40968,Sky Bank
779,40944,Sky Bank
2548,40771,Sky Bank
1905,40511,Sky Bank
1682,40413,Sky Bank
3189,40411,Sky Bank
3223,40359,Sky Bank
1590,40239,Sky Bank
2358,40189,Sky Bank
8896,40139,Sky Bank
3774,40127,Sky Bank
4385,40105,Sky Bank
4254,40075,Sky Bank
1301,40033,Sky Bank
3193,40020,Sky Bank
3550,40009,Sky Bank
318,39960,Sky Bank
206,39956,Sky Bank
7520,39897,Sky Bank
3392,39895,Sky Bank
436,39776,Sky Bank
10220,39709,Sky Bank
2642,39702,Sky Bank
3840,39423,Sky Bank
2348,39343,Sky Bank
4081,39267,Sky Bank
1633,39209,Sky Bank
3824,39195,Sky Bank
3736,39153,Sky Bank
264,39058,Sky Bank
3309,38841,Sky Bank
2865,38769,Sky Bank
695,38647,Sky Bank
2253,38516,Sky Bank
2906,38477,Sky Bank
2985,38395,Sky Bank
2356,38107,Sky Bank
2919,38074,Sky Bank
3326,38002,Sky Bank
3954,37999,Sky Bank
1276,37988,Sky Bank
217,37982,Sky Bank
1505,37979,Sky Bank
69,37974,Sky Bank
3763,37942,Sky Bank
1771,37910,Sky Bank
3689,37734,Sky Bank
3126,37703,Sky Bank
2244,37617,Sky Bank
638,37525,Sky Bank
10345,37489,Sky Bank
3573,37339,Sky Bank
7082,37251,Sky Bank
3533,37066,Sky Bank
4328,37058,Sky Bank
3583,36938,Sky Bank
4273,36903,Sky Bank
2269,36807,Sky Bank
10788,36712,Sky Bank
1931,36667,Sky Bank
208,36476,Sky Bank
8680,36441,Sky Bank
826,36376,Sky Bank
3936,36336,Sky Bank
2534,36278,Sky Bank
4093,36055,Sky Bank
2557,35995,Sky Bank
3041,35915,Sky Bank
2425,35679,Sky Bank
2821,35672,Sky Bank
3469,35657,Sky Bank
162,35654,Sky Bank
560,35623,Sky Bank
2995,35545,Sky Bank
3239,35482,Sky Bank
1874,35473,Sky Bank
838,35400,Sky Bank
1887,35347,Sky Bank
2921,35308,Sky Bank
3132,35256,Sky Bank
5024,35158,Sky Bank
1451,35057,Sky Bank
1122,35031,Sky Bank
75,34888,Sky Bank
1769,34694,Sky Bank
3741,34584,Sky Bank
194,34544,Sky Bank
973,34432,Sky Bank
992,34430,Sky Bank
2382,34384,Sky Bank
192,34260,Sky Bank
2608,34064,Sky Bank
216,33929,Sky Bank
2886,33873,Sky Bank
3246,33838,Sky Bank
2066,33823,Sky Bank
2294,33617,Sky Bank
2113,33560,Sky Bank
3821,33530,Sky Bank
2542,33443,Sky Bank
2714,33334,Sky Bank
1088,33303,Sky Bank
2144,33204,Sky Bank
332,33167,Sky Bank
1455,33158,Sky Bank
958,33143,Sky Bank
3881,33130,Sky Bank
563,33129,Sky Bank
2569,32781,Sky Bank
3191,32747,Sky Bank
302,32580,Sky Bank
1908,32525,Sky Bank
3254,32279,Sky Bank
3183,32237,Sky Bank
5317,32213,Sky Bank
5767,32213,Sky Bank
1649,32191,Sky Bank
4320,32009,Sky Bank
432,31999,Sky Bank
4852,31948,Sky Bank
2723,31909,Sky Bank
3006,31884,Sky Bank
2536,31580,Sky Bank
375,31572,Sky Bank
3240,31435,Sky Bank
2359,31391,Sky Bank
5429,31369,Sky Bank
1667,31330,Sky Bank
1582,31328,Sky Bank
1974,31265,Sky Bank
1675,31149,Sky Bank
1831,31092,Sky Bank
548,31060,Sky Bank
2835,31033,Sky Bank
2573,30988,Sky Bank
646,30832,Sky Bank
76,30784,Sky Bank
3138,30662,Sky Bank
2261,30653,Sky Bank
743,30630,Sky Bank
1589,30614,Sky Bank
2718,30554,Sky Bank
1806,30549,Sky Bank
3288,30543,Sky Bank
688,30526,Sky Bank
1277,30345,Sky Bank
3621,30332,Sky Bank
2199,30280,Sky Bank
507,30216,Sky Bank
2928,29949,Sky Bank
2407,29902,Sky Bank
2017,29826,Sky Bank
3712,29807,Sky Bank
61,29764,Sky Bank
1440,29751,Sky Bank
39,29701,Sky Bank
3673,29646,Sky Bank
484,29607,Sky Bank
2205,29469,Sky Bank
2755,29344,Sky Bank
2871,29339,Sky Bank
2525,29325,Sky Bank
3099,29228,Sky Bank
1423,29160,Sky Bank
4588,29024,Sky Bank
1307,28971,Sky Bank
1219,28958,Sky Bank
1479,28894,Sky Bank
728,28861,Sky Bank
2292,28847,Sky Bank
3783,28807,Sky Bank
1669,28505,Sky Bank
3045,28503,Sky Bank
3129,28447,Sky Bank
3511,28429,Sky Bank
3522,28421,Sky Bank
3417,28376,Sky Bank
3234,28370,Sky Bank
518,28232,Sky Bank
1376,28187,Sky Bank
1248,28185,Sky Bank
2088,28162,Sky Bank
171,28158,Sky Bank
2613,28141,Sky Bank
3623,28131,Sky Bank
3275,28127,Sky Bank
4458,28005,Sky Bank
793,27989,Sky Bank
3352,27988,Sky Bank
10857,27947,Sky Bank
1235,27939,Sky Bank
754,27916,Sky Bank
117,27731,Sky Bank
2307,27685,Sky Bank
1542,27682,Sky Bank
931,27591,Sky Bank
3670,27522,Sky Bank
3592,27471,Sky Bank
1719,27449,Sky Bank
1020,27390,Sky Bank
235,27323,Sky Bank
3814,27300,Sky Bank
2058,27295,Sky Bank
3504,27229,Sky Bank
1926,27109,Sky Bank
726,27072,Sky Bank
2364,27065,Sky Bank
894,27013,Sky Bank
2520,26921,Sky Bank
3536,26914,Sky Bank
1094,26807,Sky Bank
3932,26644,Sky Bank
259,26640,Sky Bank
265,26502,Sky Bank
721,26416,Sky Bank
2105,26341,Sky Bank
2043,26328,Sky Bank
2526,26327,Sky Bank
1588,26236,Sky Bank
5092,26234,Sky Bank
2654,26210,Sky Bank
2958,26197,Sky Bank
1045,26162,Sky Bank
1530,26145,Sky Bank
720,25837,Sky Bank
2617,25750,Sky Bank
370,25708,Sky Bank
2346,25595,Sky Bank
4379,25546,Sky Bank
1179,25492,Sky Bank
3800,25478,Sky Bank
1685,25458,Sky Bank
198,25417,Sky Bank
3250,25400,Sky Bank
1875,25344,Sky Bank
1002,25284,Sky Bank
4589,25198,Sky Bank
2377,25191,Sky Bank
1624,25172,Sky Bank
4121,25005,Sky Bank
601,24973,Sky Bank
3047,24969,Sky Bank
3027,24881,Sky Bank
2128,24738,Sky Bank
2193,24587,Sky Bank
341,24583,Sky Bank
3977,24581,Sky Bank
1431,24560,Sky Bank
708,24500,Sky Bank
1481,24392,Sky Bank
3121,24319,Sky Bank
6075,24144,Sky Bank
2719,24141,Sky Bank
3823,23956,Sky Bank
1570,23922,Sky Bank
2621,23847,Sky Bank
2508,23713,Sky Bank
2256,23584,Sky Bank
3028,23556,Sky Bank
7033,23550,Sky Bank
936,23410,Sky Bank
1964,23262,Sky Bank
3222,23185,Sky Bank
1406,23180,Sky Bank
58,23150,Sky Bank
1244,23145,Sky Bank
740,23043,Sky Bank
1979,23011,Sky Bank
3512,23000,Sky Bank
2476,22856,Sky Bank
3248,22708,Sky Bank
2945,22699,Sky Bank
762,22650,Sky Bank
633,22590,Sky Bank
3317,22563,Sky Bank
2833,22559,Sky Bank
2236,22537,Sky Bank
2225,22534,Sky Bank
3244,22530,Sky Bank
267,22517,Sky Bank
275,22311,Sky Bank
2420,22265,Sky Bank
602,22245,Sky Bank
920,22166,Sky Bank
1642,22163,Sky Bank
1226,22138,Sky Bank
3092,22032,Sky Bank
2565,22007,Sky Bank
620,21800,Sky Bank
55,21703,Sky Bank
869,21700,Sky Bank
2149,21656,Sky Bank
2291,21488,Sky Bank
2201,21358,Sky Bank
238,21341,Sky Bank
3568,21035,Sky Bank
296,20999,Sky Bank
2688,20953,Sky Bank
1985,20905,Sky Bank
3310,20857,Sky Bank
814,20657,Sky Bank
2474,20647,Sky Bank
2437,20637,Sky Bank
1373,20634,Sky Bank
2481,20600,Sky Bank
3144,20591,Sky Bank
637,20568,Sky Bank
607,20406,Sky Bank
1028,20400,Sky Bank
2150,20375,Sky Bank
3271,20007,Sky Bank
3515,19980,Sky Bank
1720,19700,Sky Bank
734,19539,Sky Bank
2946,19483,Sky Bank
379,19118,Sky Bank
584,18804,Sky Bank
2978,18533,Sky Bank
731,18370,Sky Bank
1,18188,Sky Bank
449,18169,Sky Bank
1563,18000,Sky Bank
1546,17148,Sky Bank
1233,16731,Sky Bank
3139,16700,Sky Bank
3530,16647,Sky Bank
479,16144,Sky Bank
3318,16023,Sky Bank
236,15400,Sky Bank
9635,13870,Sky Bank
1538,133602,nothern BANK
2840,124491,nothern BANK
7123,122293,nothern BANK
6701,116992,nothern BANK
4195,114144,nothern BANK
9006,111195,nothern BANK
730,111122,nothern BANK
4358,110010,nothern BANK
4131,109908,nothern BANK
2322,109038,nothern BANK
4537,107812,nothern BANK
2763,105689,nothern BANK
1196,105667,nothern BANK
8212,105185,nothern BANK
277,104002,nothern BANK
10942,103292,nothern BANK
7926,103126,nothern BANK
11244,102947,nothern BANK
3344,102856,nothern BANK
3386,102853,nothern BANK
3608,102747,nothern BANK
3495,102512,nothern BANK
4343,102203,nothern BANK
1378,102137,nothern BANK
7774,101457,nothern BANK
2838,100824,nothern BANK
1174,100592,nothern BANK
2175,99900,nothern BANK
4746,99881,nothern BANK
2938,99823,nothern BANK
3106,99805,nothern BANK
3733,99644,nothern BANK
4003,99214,nothern BANK
2710,98526,nothern BANK
7674,98131,nothern BANK
2240,97563,nothern BANK
1632,97496,nothern BANK
9472,97436,nothern BANK
6083,97261,nothern BANK
6910,96908,nothern BANK
1869,96766,nothern BANK
10411,96648,nothern BANK
1396,96431,nothern BANK
3664,96322,nothern BANK
9265,96138,nothern BANK
3711,96130,nothern BANK
709,95619,nothern BANK
8158,94987,nothern BANK
7136,94985,nothern BANK
863,94646,nothern BANK
2390,93419,nothern BANK
1805,93304,nothern BANK
2897,93164,nothern BANK
3714,92840,nothern BANK
3815,92516,nothern BANK
2972,92419,nothern BANK
2122,91946,nothern BANK
2707,91906,nothern BANK
9104,91713,nothern BANK
9403,90942,nothern BANK
1653,90874,nothern BANK
1893,90780,nothern BANK
1218,90678,nothern BANK
2537,90281,nothern BANK
10562,89913,nothern BANK
3265,89263,nothern BANK
11333,88975,nothern BANK
3114,88812,nothern BANK
8628,88440,nothern BANK
9656,88018,nothern BANK
9377,87919,nothern BANK
1146,87877,nothern BANK
3735,87798,nothern BANK
3200,87554,nothern BANK
2741,87163,nothern BANK
5313,86678,nothern BANK
4158,86575,nothern BANK
846,86569,nothern BANK
525,86338,nothern BANK
4784,86191,nothern BANK
1058,86188,nothern BANK
2099,85934,nothern BANK
2466,85856,nothern BANK
10152,85640,nothern BANK
5661,85560,nothern BANK
1342,85495,nothern BANK
2044,85481,nothern BANK
3646,85470,nothern BANK
6985,84904,nothern BANK
3090,84153,nothern BANK
6806,83779,nothern BANK
1922,83654,nothern BANK
2480,83477,nothern BANK
3755,82870,nothern BANK
411,82502,nothern BANK
485,81816,nothern BANK
3527,81571,nothern BANK
5423,81523,nothern BANK
1389,81312,nothern BANK
6511,80894,nothern BANK
2138,80054,nothern BANK
1344,80026,nothern BANK
2125,79991,nothern BANK
5572,79948,nothern BANK
3343,79763,nothern BANK
9031,78919,nothern BANK
4102,78855,nothern BANK
3127,78646,nothern BANK
4493,78547,nothern BANK
8149,78184,nothern BANK
1951,78041,nothern BANK
2095,77988,nothern BANK
3020,77956,nothern BANK
139,77692,nothern BANK
3971,77625,nothern BANK
11325,77621,nothern BANK
6363,77555,nothern BANK
2352,77376,nothern BANK
9337,77345,nothern BANK
4214,77147,nothern BANK
1662,76696,nothern BANK
908,76562,nothern BANK
9093,76421,nothern BANK
4336,76374,nothern BANK
3510,75824,nothern BANK
1754,75727,nothern BANK
803,75650,nothern BANK
417,75600,nothern BANK
2655,75585,nothern BANK
176,75499,nothern BANK
2509,75255,nothern BANK
3776,75183,nothern BANK
3208,75018,nothern BANK
2827,74735,nothern BANK
1535,74730,nothern BANK
105,74694,nothern BANK
2267,74110,nothern BANK
4994,73786,nothern BANK
3391,73298,nothern BANK
291,73155,nothern BANK
1692,73052,nothern BANK
3724,72939,nothern BANK
3750,72827,nothern BANK
3899,72232,nothern BANK
1438,72206,nothern BANK
10613,72147,nothern BANK
1733,72075,nothern BANK
1789,72010,nothern BANK
3905,71858,nothern BANK
3749,71697,nothern BANK
5215,71683,nothern BANK
4408,71395,nothern BANK
3933,70960,nothern BANK
3058,70897,nothern BANK
1594,70885,nothern BANK
1870,70543,nothern BANK
2337,70301,nothern BANK
290,70239,nothern BANK
1368,70203,nothern BANK
1068,70193,nothern BANK
2287,70159,nothern BANK
3708,70053,nothern BANK
4293,70009,nothern BANK
106,69957,nothern BANK
3990,69863,nothern BANK
360,69675,nothern BANK
2054,69335,nothern BANK
8566,69256,nothern BANK
263,69134,nothern BANK
2351,69059,nothern BANK
3837,68959,nothern BANK
649,68948,nothern BANK
1746,68298,nothern BANK
2385,67700,nothern BANK
3212,67611,nothern BANK
1077,67213,nothern BANK
6273,67116,nothern BANK
167,66960,nothern BANK
930,66798,nothern BANK
739,66690,nothern BANK
3204,66584,nothern BANK
1722,66529,nothern BANK
10364,66253,nothern BANK
3743,66126,nothern BANK
3460,66096,nothern BANK
4128,66053,nothern BANK
2516,65964,nothern BANK
4368,65844,nothern BANK
1621,65762,nothern BANK
282,65260,nothern BANK
10812,65068,nothern BANK
6866,64903,nothern BANK
197,64753,nothern BANK
3772,64671,nothern BANK
1796,64156,nothern BANK
785,63985,nothern BANK
3411,63608,nothern BANK
2246,63475,nothern BANK
1706,63386,nothern BANK
1304,63376,nothern BANK
4437,63253,nothern BANK
2429,63123,nothern BANK
6061,62415,nothern BANK
3060,62393,nothern BANK
741,62291,nothern BANK
3294,62109,nothern BANK
1031,61734,nothern BANK
1727,61634,nothern BANK
2951,61517,nothern BANK
3375,61409,nothern BANK
7274,60813,nothern BANK
245,60756,nothern BANK
2169,60751,nothern BANK
3228,60721,nothern BANK
1111,60419,nothern BANK
1313,60196,nothern BANK
3597,60187,nothern BANK
1314,60154,nothern BANK
3353,59794,nothern BANK
9041,59697,nothern BANK
4596,59683,nothern BANK
179,59663,nothern BANK
2184,59524,nothern BANK
5250,59416,nothern BANK
1164,59389,nothern BANK
1612,59325,nothern BANK
656,59190,nothern BANK
604,59170,nothern BANK
462,59152,nothern BANK
2998,59152,nothern BANK
3596,58820,nothern BANK
3738,58812,nothern BANK
2515,58785,nothern BANK
8153,58611,nothern BANK
4082,58563,nothern BANK
947,58244,nothern BANK
509,58161,nothern BANK
2781,58031,nothern BANK
10131,58003,nothern BANK
1480,57824,nothern BANK
10440,57658,nothern BANK
1818,57564,nothern BANK
3705,57533,nothern BANK
1227,57001,nothern BANK
3567,56950,nothern BANK
2866,56769,nothern BANK
1971,56750,nothern BANK
3994,56593,nothern BANK
7607,56403,nothern BANK
6510,56243,nothern BANK
600,56217,nothern BANK
9633,56153,nothern BANK
3037,55965,nothern BANK
1284,55954,nothern BANK
2783,55730,nothern BANK
539,55697,nothern BANK
2069,55654,nothern BANK
5133,55604,nothern BANK
37,55499,nothern BANK
133,55356,nothern BANK
2870,55321,nothern BANK
3647,55317,nothern BANK
2296,55256,nothern BANK
2811,55248,nothern BANK
1878,55216,nothern BANK
1491,55030,nothern BANK
1845,54813,nothern BANK
911,54714,nothern BANK
4269,54484,nothern BANK
3449,54351,nothern BANK
5742,53749,nothern BANK
2427,53704,nothern BANK
3297,53411,nothern BANK
3342,53156,nothern BANK
3690,53109,nothern BANK
10257,52962,nothern BANK
3758,52837,nothern BANK
1124,52669,nothern BANK
535,52634,nothern BANK
3534,52384,nothern BANK
9353,52106,nothern BANK
3319,51736,nothern BANK
1843,51578,nothern BANK
867,51441,nothern BANK
2482,51109,nothern BANK
3799,50883,nothern BANK
586,50643,nothern BANK
1232,50592,nothern BANK
2285,50586,nothern BANK
1158,50179,nothern BANK
6706,50137,nothern BANK
4414,49966,nothern BANK
2142,49961,nothern BANK
218,49848,nothern BANK
4109,49760,nothern BANK
1268,49748,nothern BANK
6321,49354,nothern BANK
3196,49346,nothern BANK
1791,49040,nothern BANK
70,48769,nothern BANK
6400,48759,nothern BANK
3753,48523,nothern BANK
5692,48377,nothern BANK
1398,48271,nothern BANK
1319,48235,nothern BANK
1565,48213,nothern BANK
1157,48174,nothern BANK
2563,47969,nothern BANK
444,47920,nothern BANK
1192,47727,nothern BANK
3381,47712,nothern BANK
3428,47698,nothern BANK
1358,47619,nothern BANK
11320,47604,nothern BANK
802,47402,nothern BANK
1968,47398,nothern BANK
828,47257,nothern BANK
1197,47187,nothern BANK
401,47178,nothern BANK
2073,47129,nothern BANK
9433,47129,nothern BANK
3450,47032,nothern BANK
4445,46823,nothern BANK
1401,46818,nothern BANK
2165,46651,nothern BANK
2399,46599,nothern BANK
680,46478,nothern BANK
4383,46467,nothern BANK
340,46399,nothern BANK
407,46386,nothern BANK
3057,46169,nothern BANK
1159,46046,nothern BANK
29,45904,nothern BANK
2630,45901,nothern BANK
6792,45380,nothern BANK
181,45262,nothern BANK
763,45210,nothern BANK
711,45161,nothern BANK
3070,44998,nothern BANK
1315,44809,nothern BANK
1418,44511,nothern BANK
1729,44496,nothern BANK
115,44397,nothern BANK
971,44326,nothern BANK
230,44279,nothern BANK
2909,44201,nothern BANK
9156,44142,nothern BANK
4463,44132,nothern BANK
3710,44120,nothern BANK
3422,44099,nothern BANK
3928,44029,nothern BANK
628,43831,nothern BANK
1228,43823,nothern BANK
399,43639,nothern BANK
1298,43603,nothern BANK
2404,43531,nothern BANK
3306,43487,nothern BANK
4088,43238,nothern BANK
4527,43232,nothern BANK
722,43049,nothern BANK
3598,43001,nothern BANK
3532,42653,nothern BANK
988,42567,nothern BANK
2692,42518,nothern BANK
131,42411,nothern BANK
2727,42311,nothern BANK
5708,42276,nothern BANK
3554,42200,nothern BANK
4266,42185,nothern BANK
1393,41993,nothern BANK
2597,41809,nothern BANK
4538,41804,nothern BANK
2756,41455,nothern BANK
5118,41389,nothern BANK
8558,41235,nothern BANK
1383,41040,nothern BANK
304,40951,nothern BANK
3626,40764,nothern BANK
3321,40627,nothern BANK
4511,40331,nothern BANK
3813,40054,nothern BANK
2185,39932,nothern BANK
1034,39836,nothern BANK
1545,39653,nothern BANK
2743,39614,nothern BANK
954,39327,nothern BANK
1402,39312,nothern BANK
10036,38989,nothern BANK
4301,38983,nothern BANK
1959,38904,nothern BANK
2116,38880,nothern BANK
3764,38714,nothern BANK
3018,38704,nothern BANK
659,38704,nothern BANK
9052,38661,nothern BANK
1060,38514,nothern BANK
8505,38138,nothern BANK
155,38017,nothern BANK
1149,38007,nothern BANK
16,38006,nothern BANK
767,37959,nothern BANK
1399,37929,nothern BANK
11,37869,nothern BANK
2665,37819,nothern BANK
921,37722,nothern BANK
2060,37697,nothern BANK
3987,37621,nothern BANK
2012,37591,nothern BANK
2826,37590,nothern BANK
953,37305,nothern BANK
2020,37284,nothern BANK
1865,37264,nothern BANK
3312,37213,nothern BANK
3224,37121,nothern BANK
3658,37067,nothern BANK
1648,36552,nothern BANK
3351,36419,nothern BANK
1333,36342,nothern BANK
3247,36312,nothern BANK
2627,36191,nothern BANK
1190,36177,nothern BANK
2856,36009,nothern BANK
316,35968,nothern BANK
1187,35915,nothern BANK
3945,35842,nothern BANK
93,35808,nothern BANK
5290,35681,nothern BANK
2229,35479,nothern BANK
3401,35288,nothern BANK
569,35276,nothern BANK
1308,35251,nothern BANK
508,35187,nothern BANK
1736,35172,nothern BANK
4753,35170,nothern BANK
405,35117,nothern BANK
3790,35010,nothern BANK
2698,34966,nothern BANK
2015,34826,nothern BANK
2690,34798,nothern BANK
297,34775,nothern BANK
1997,34733,nothern BANK
64,34596,nothern BANK
1317,34558,nothern BANK
3643,34500,nothern BANK
2989,34469,nothern BANK
2363,34431,nothern BANK
3104,34421,nothern BANK
1183,34390,nothern BANK
3100,34381,nothern BANK
3374,34348,nothern BANK
705,34304,nothern BANK
805,34197,nothern BANK
419,34147,nothern BANK
2085,33970,nothern BANK
3019,33935,nothern BANK
3537,33886,nothern BANK
1572,33726,nothern BANK
288,33705,nothern BANK
1702,33594,nothern BANK
1969,33503,nothern BANK
1240,33424,nothern BANK
3359,33409,nothern BANK
3140,33147,nothern BANK
1961,33013,nothern BANK
321,32847,nothern BANK
792,32846,nothern BANK
2416,32834,nothern BANK
130,32780,nothern BANK
3668,32600,nothern BANK
1466,32533,nothern BANK
3916,32475,nothern BANK
2949,32429,nothern BANK
3793,32389,nothern BANK
2475,32346,nothern BANK
6306,32270,nothern BANK
3363,32237,nothern BANK
2286,32151,nothern BANK
435,32139,nothern BANK
982,32046,nothern BANK
3299,32037,nothern BANK
1957,32005,nothern BANK
293,31630,nothern BANK
3680,31621,nothern BANK
962,31557,nothern BANK
1802,31557,nothern BANK
2577,31535,nothern BANK
796,31506,nothern BANK
2081,31448,nothern BANK
3184,31361,nothern BANK
3304,31329,nothern BANK
533,31316,nothern BANK
2657,31316,nothern BANK
1155,31015,nothern BANK
504,31005,nothern BANK
3125,30982,nothern BANK
650,30920,nothern BANK
2691,30898,nothern BANK
3551,30852,nothern BANK
1551,30766,nothern BANK
570,30757,nothern BANK
2455,30707,nothern BANK
2852,30700,nothern BANK
3046,30693,nothern BANK
1181,30677,nothern BANK
4768,30662,nothern BANK
2372,30522,nothern BANK
2765,30327,nothern BANK
5126,30308,nothern BANK
3876,30250,nothern BANK
2304,30106,nothern BANK
1724,30058,nothern BANK
118,30045,nothern BANK
561,29995,nothern BANK
664,29987,nothern BANK
283,29755,nothern BANK
1855,29682,nothern BANK
849,29492,nothern BANK
2045,29476,nothern BANK
1794,29246,nothern BANK
2500,29243,nothern BANK
410,29242,nothern BANK
1744,29228,nothern BANK
1366,29174,nothern BANK
997,29143,nothern BANK
1356,29119,nothern BANK
2596,29076,nothern BANK
1083,29071,nothern BANK
258,29061,nothern BANK
45,29024,nothern BANK
229,28955,nothern BANK
658,28748,nothern BANK
843,28733,nothern BANK
1033,28700,nothern BANK
3398,28613,nothern BANK
3182,28604,nothern BANK
2777,28600,nothern BANK
3803,28583,nothern BANK
2006,28535,nothern BANK
1008,28462,nothern BANK
674,28443,nothern BANK
351,28251,nothern BANK
2587,28144,nothern BANK
2196,28129,nothern BANK
1445,27973,nothern BANK
10904,27946,nothern BANK
1514,27829,nothern BANK
2403,27827,nothern BANK
1927,27726,nothern BANK
927,27718,nothern BANK
3514,27711,nothern BANK
2101,27710,nothern BANK
609,27639,nothern BANK
884,27604,nothern BANK
1322,27602,nothern BANK
2005,27562,nothern BANK
2439,27557,nothern BANK
2347,27540,nothern BANK
1992,27534,nothern BANK
3832,27520,nothern BANK
1275,27387,nothern BANK
3819,27386,nothern BANK
3231,27367,nothern BANK
438,27227,nothern BANK
469,27087,nothern BANK
5164,26987,nothern BANK
585,26900,nothern BANK
443,26742,nothern BANK
86,26714,nothern BANK
2053,26565,nothern BANK
751,26514,nothern BANK
1069,26510,nothern BANK
1310,26329,nothern BANK
2896,26325,nothern BANK
3802,26208,nothern BANK
352,26144,nothern BANK
1933,26139,nothern BANK
3574,26092,nothern BANK
3721,26045,nothern BANK
3044,25998,nothern BANK
7745,25950,nothern BANK
1884,25915,nothern BANK
951,25833,nothern BANK
3908,25798,nothern BANK
3291,25784,nothern BANK
3328,25758,nothern BANK
2257,25628,nothern BANK
1138,25607,nothern BANK
1553,25541,nothern BANK
2869,25500,nothern BANK
2272,25491,nothern BANK
4156,25415,nothern BANK
3461,25400,nothern BANK
3989,25246,nothern BANK
2981,25105,nothern BANK
1015,25026,nothern BANK
1216,24901,nothern BANK
1477,24860,nothern BANK
3582,24700,nothern BANK
1061,24627,nothern BANK
1434,24536,nothern BANK
3423,24516,nothern BANK
2823,24450,nothern BANK
3474,24275,nothern BANK
2290,24202,nothern BANK
3358,24144,nothern BANK
985,24125,nothern BANK
2465,24037,nothern BANK
2829,24014,nothern BANK
53,23967,nothern BANK
1346,23912,nothern BANK
2299,23663,nothern BANK
3236,23603,nothern BANK
9484,23566,nothern BANK
2127,23530,nothern BANK
3101,23465,nothern BANK
1541,23387,nothern BANK
1899,23288,nothern BANK
2492,23268,nothern BANK
3952,23142,nothern BANK
557,23135,nothern BANK
3454,23130,nothern BANK
989,23049,nothern BANK
4204,23043,nothern BANK
13,22948,nothern BANK
3097,22909,nothern BANK
2883,22776,nothern BANK
2366,22649,nothern BANK
2154,22586,nothern BANK
2076,22582,nothern BANK
753,22542,nothern BANK
1172,22179,nothern BANK
3943,22157,nothern BANK
8341,22140,nothern BANK
4729,22053,nothern BANK
3543,22051,nothern BANK
2939,22011,nothern BANK
3438,21962,nothern BANK
1521,21939,nothern BANK
3336,21817,nothern BANK
1517,21796,nothern BANK
2900,21780,nothern BANK
4001,21657,nothern BANK
2331,21648,nothern BANK
2952,21561,nothern BANK
2461,21559,nothern BANK
3981,21542,nothern BANK
1860,21411,nothern BANK
2094,21318,nothern BANK
2089,21208,nothern BANK
1506,21195,nothern BANK
815,21167,nothern BANK
546,21141,nothern BANK
349,21025,nothern BANK
3635,20962,nothern BANK
895,20776,nothern BANK
1258,20758,nothern BANK
3587,20550,nothern BANK
3962,20500,nothern BANK
406,20500,nothern BANK
3203,20358,nothern BANK
3490,19900,nothern BANK
2570,19892,nothern BANK
1668,19814,nothern BANK
3716,19800,nothern BANK
1341,19775,nothern BANK
231,19731,nothern BANK
91,19700,nothern BANK
957,19594,nothern BANK
1059,19534,nothern BANK
49,19529,nothern BANK
1774,19314,nothern BANK
3984,19227,nothern BANK
475,19130,nothern BANK
338,19077,nothern BANK
2805,18702,nothern BANK
1377,18413,nothern BANK
873,18254,nothern BANK
3434,18162,nothern BANK
3477,17922,nothern BANK
781,17658,nothern BANK
611,17501,nothern BANK
2300,17200,nothern BANK
3432,17124,nothern BANK
2021,17000,nothern BANK
6064,16848,nothern BANK
442,16781,nothern BANK
1173,16711,nothern BANK
3961,16552,nothern BANK
3524,16099,nothern BANK
1740,15868,nothern BANK
10343,15777,nothern BANK
2590,14672,nothern BANK
3382,14400,nothern BANK
1056,13837,nothern BANK
2937,12380,nothern BANK
182,12200,nothern BANK
1430,11900,nothern BANK
1735,11519,nothern BANK
2216,105685,DBS BANK
2628,100187,DBS BANK
1237,99815,DBS BANK
1184,99745,DBS BANK
9883,97580,DBS BANK
2859,95853,DBS BANK
1684,93889,DBS BANK
2651,90409,DBS BANK
5065,90301,DBS BANK
2028,88243,DBS BANK
9703,86207,DBS BANK
3113,85157,DBS BANK
3538,84942,DBS BANK
239,84605,DBS BANK
243,83937,DBS BANK
2922,83663,DBS BANK
43,81967,DBS BANK
3074,80852,DBS BANK
3579,80770,DBS BANK
2740,80489,DBS BANK
1547,80412,DBS BANK
5256,78755,DBS BANK
9591,76920,DBS BANK
6118,76827,DBS BANK
1071,75514,DBS BANK
2660,74348,DBS BANK
10266,74307,DBS BANK
90,73436,DBS BANK
8625,73204,DBS BANK
3210,73045,DBS BANK
3883,72357,DBS BANK
7546,71527,DBS BANK
1770,71291,DBS BANK
2132,71186,DBS BANK
2039,71147,DBS BANK
1766,69383,DBS BANK
10079,69120,DBS BANK
1701,69038,DBS BANK
7203,68773,DBS BANK
3660,68359,DBS BANK
1062,66106,DBS BANK
493,65774,DBS BANK
395,64689,DBS BANK
1871,62841,DBS BANK
5984,62662,DBS BANK
3545,61599,DBS BANK
3688,60767,DBS BANK
2428,60643,DBS BANK
2318,60475,DBS BANK
541,59526,DBS BANK
1941,58648,DBS BANK
5422,58099,DBS BANK
693,56649,DBS BANK
1975,55869,DBS BANK
4329,55628,DBS BANK
2056,53972,DBS BANK
555,52536,DBS BANK
3649,51588,DBS BANK
2302,51099,DBS BANK
1762,50885,DBS BANK
2025,49309,DBS BANK
7523,48841,DBS BANK
2176,48152,DBS BANK
860,47202,DBS BANK
426,47171,DBS BANK
2799,46676,DBS BANK
635,46554,DBS BANK
4995,45149,DBS BANK
3997,44197,DBS BANK
3017,43795,DBS BANK
3834,43715,DBS BANK
391,42752,DBS BANK
1193,42356,DBS BANK
597,42329,DBS BANK
2675,42244,DBS BANK
2435,41972,DBS BANK
3594,41972,DBS BANK
492,40745,DBS BANK
1458,40551,DBS BANK
3478,40485,DBS BANK
1065,40399,DBS BANK
4418,40273,DBS BANK
4355,38172,DBS BANK
616,37482,DBS BANK
1880,37459,DBS BANK
1054,36714,DBS BANK
1047,35893,DBS BANK
2861,35888,DBS BANK
4287,35693,DBS BANK
2260,35490,DBS BANK
519,34247,DBS BANK
3717,34050,DBS BANK
1168,33686,DBS BANK
1918,33490,DBS BANK
941,32944,DBS BANK
1334,32457,DBS BANK
40,32370,DBS BANK
2220,32183,DBS BANK
2841,32138,DBS BANK
3734,31923,DBS BANK
678,31308,DBS BANK
4356,30959,DBS BANK
2010,30798,DBS BANK
3419,30315,DBS BANK
907,30032,DBS BANK
3243,29700,DBS BANK
1234,28699,DBS BANK
5472,28380,DBS BANK
1892,28127,DBS BANK
737,27695,DBS BANK
2361,27585,DBS BANK
2457,27502,DBS BANK
3625,27340,DBS BANK
662,27296,DBS BANK
1775,27044,DBS BANK
451,26904,DBS BANK
1652,26852,DBS BANK
2155,26775,DBS BANK
2396,26370,DBS BANK
2110,26252,DBS BANK
1291,26134,DBS BANK
3792,25976,DBS BANK
3669,25919,DBS BANK
1295,25740,DBS BANK
3844,25709,DBS BANK
343,25702,DBS BANK
1882,25688,DBS BANK
3640,25041,DBS BANK
3667,24626,DBS BANK
1476,24489,DBS BANK
1816,24390,DBS BANK
2666,24286,DBS BANK
2305,24269,DBS BANK
4059,24200,DBS BANK
2180,24100,DBS BANK
623,24097,DBS BANK
1689,23859,DBS BANK
2259,23856,DBS BANK
3888,23800,DBS BANK
543,23053,DBS BANK
358,23027,DBS BANK
3644,22672,DBS BANK
287,22478,DBS BANK
1909,22476,DBS BANK
2980,22390,DBS BANK
552,22231,DBS BANK
542,21871,DBS BANK
168,21686,DBS BANK
3078,21077,DBS BANK
2123,20478,DBS BANK
127,20440,DBS BANK
3748,20350,DBS BANK
3108,19790,DBS BANK
2913,19426,DBS BANK
237,18725,DBS BANK
1673,18531,DBS BANK
3345,14216,DBS BANK
1772,151677,Kameron bank
2571,134736,Kameron bank
2218,126655,Kameron bank
2796,120739,Kameron bank
456,120465,Kameron bank
3617,115265,Kameron bank
5213,111656,Kameron bank
2678,110583,Kameron bank
9167,105669,Kameron bank
7045,104827,Kameron bank
3914,102424,Kameron bank
2008,101102,Kameron bank
1758,100439,Kameron bank
1835,98342,Kameron bank
1408,96999,Kameron bank
7180,96940,Kameron bank
3754,96559,Kameron bank
1374,96527,Kameron bank
886,96449,Kameron bank
11042,95002,Kameron bank
978,93284,Kameron bank
1824,92598,Kameron bank
9455,91915,Kameron bank
1891,91304,Kameron bank
2782,90998,Kameron bank
3683,90573,Kameron bank
1801,85225,Kameron bank
1170,84628,Kameron bank
3972,84241,Kameron bank
8039,83652,Kameron bank
3147,81188,Kameron bank
1693,80935,Kameron bank
2968,80361,Kameron bank
1723,78685,Kameron bank
3584,78169,Kameron bank
10911,78010,Kameron bank
3896,77668,Kameron bank
2057,76160,Kameron bank
4013,73859,Kameron bank
3757,72447,Kameron bank
6678,72204,Kameron bank
1427,70814,Kameron bank
1095,68490,Kameron bank
10320,68228,Kameron bank
3426,67391,Kameron bank
4715,67324,Kameron bank
2612,65996,Kameron bank
3425,65634,Kameron bank
284,61658,Kameron bank
3192,61026,Kameron bank
3806,58587,Kameron bank
10404,57657,Kameron bank
2880,57358,Kameron bank
1571,56273,Kameron bank
3059,53766,Kameron bank
2670,53276,Kameron bank
4071,52550,Kameron bank
1361,52549,Kameron bank
3122,52056,Kameron bank
2371,52056,Kameron bank
854,51664,Kameron bank
2311,51004,Kameron bank
2720,50987,Kameron bank
3704,49736,Kameron bank
10774,49192,Kameron bank
2830,48792,Kameron bank
1030,48356,Kameron bank
1256,48128,Kameron bank
3016,46801,Kameron bank
901,45296,Kameron bank
1441,45210,Kameron bank
2768,44803,Kameron bank
2258,44074,Kameron bank
3168,43511,Kameron bank
2289,43048,Kameron bank
631,42908,Kameron bank
8475,42707,Kameron bank
9730,42012,Kameron bank
1130,41689,Kameron bank
1833,41007,Kameron bank
3493,40725,Kameron bank
3588,40193,Kameron bank
2488,38757,Kameron bank
3991,35528,Kameron bank
2849,35172,Kameron bank
2388,34939,Kameron bank
63,34441,Kameron bank
2687,33768,Kameron bank
3301,33738,Kameron bank
3613,33573,Kameron bank
3188,33119,Kameron bank
1981,33031,Kameron bank
2722,33013,Kameron bank
3022,31938,Kameron bank
1492,31499,Kameron bank
1711,28446,Kameron bank
2528,28365,Kameron bank
1670,28338,Kameron bank
3565,28116,Kameron bank
3075,28094,Kameron bank
80,28047,Kameron bank
996,27405,Kameron bank
2964,27156,Kameron bank
123,27153,Kameron bank
2452,26784,Kameron bank
326,26543,Kameron bank
2575,26127,Kameron bank
143,25603,Kameron bank
1917,25115,Kameron bank
729,25058,Kameron bank
3639,24704,Kameron bank
2878,23489,Kameron bank
789,22712,Kameron bank
832,22456,Kameron bank
1117,22454,Kameron bank
9227,22442,Kameron bank
924,22189,Kameron bank
3043,22150,Kameron bank
331,21696,Kameron bank
834,21667,Kameron bank
909,21334,Kameron bank
1812,20573,Kameron bank
975,20569,Kameron bank
1318,20406,Kameron bank
2312,18982,Kameron bank
3409,18853,Kameron bank
684,18726,Kameron bank
935,18685,Kameron bank
450,18451,Kameron bank
2208,18206,Kameron bank
2221,18055,Kameron bank
3560,16578,Kameron bank
2888,15469,Kameron bank
2115,15146,Kameron bank
1176,12867,Kameron bank
2282,156040,Max bank
6226,147300,Max bank
2877,132660,Max bank
266,129991,Max bank
8132,128407,Max bank
7049,126715,Max bank
10650,124198,Max bank
1757,121852,Max bank
1962,120302,Max bank
9640,114034,Max bank
11079,111598,Max bank
3455,111360,Max bank
10807,110281,Max bank
3638,105897,Max bank
2444,104592,Max bank
915,103868,Max bank
3293,102753,Max bank
3166,101914,Max bank
2162,92987,Max bank
3791,91508,Max bank
4052,86533,Max bank
354,85110,Max bank
3820,85017,Max bank
227,84892,Max bank
2664,84369,Max bank
1037,83274,Max bank
3136,83060,Max bank
6440,80144,Max bank
294,79433,Max bank
9235,78539,Max bank
396,77533,Max bank
9645,76974,Max bank
9504,74960,Max bank
2911,74375,Max bank
2854,72973,Max bank
1811,72593,Max bank
10361,72356,Max bank
3479,70848,Max bank
1943,69659,Max bank
2904,68994,Max bank
2745,66978,Max bank
679,66478,Max bank
1287,66031,Max bank
8405,65671,Max bank
226,63396,Max bank
9241,61051,Max bank
1698,60954,Max bank
3446,60265,Max bank
2713,58141,Max bank
2549,57308,Max bank
10799,57169,Max bank
1928,56990,Max bank
1198,56336,Max bank
1656,55885,Max bank
856,55506,Max bank
1432,55089,Max bank
877,54083,Max bank
2276,53576,Max bank
1956,53243,Max bank
1504,52714,Max bank
2048,52477,Max bank
2855,50813,Max bank
2210,50472,Max bank
7713,50351,Max bank
1199,49898,Max bank
3556,49782,Max bank
7262,49607,Max bank
1560,49076,Max bank
1686,48706,Max bank
841,48417,Max bank
8225,48336,Max bank
460,47708,Max bank
565,47049,Max bank
3429,46322,Max bank
1623,44845,Max bank
6138,44543,Max bank
2233,44378,Max bank
309,39560,Max bank
1785,38019,Max bank
1714,36447,Max bank
3657,36054,Max bank
1637,35529,Max bank
1302,35305,Max bank
121,35232,Max bank
516,34220,Max bank
4,33585,Max bank
8772,33158,Max bank
1419,32613,Max bank
465,31642,Max bank
2186,31456,Max bank
3197,30302,Max bank
3174,29853,Max bank
571,28723,Max bank
2997,28518,Max bank
364,27728,Max bank
3226,27656,Max bank
1021,27435,Max bank
3335,26943,Max bank
3009,26923,Max bank
1609,26860,Max bank
1311,26645,Max bank
1142,26609,Max bank
1096,26502,Max bank
2362,26300,Max bank
2271,26188,Max bank
3557,26019,Max bank
1209,25263,Max bank
710,25147,Max bank
1628,25065,Max bank
3175,23739,Max bank
333,23460,Max bank
9017,23352,Max bank
3013,21340,Max bank
1562,21331,Max bank
2757,21187,Max bank
1024,21041,Max bank
1932,21010,Max bank
2578,20745,Max bank
305,20271,Max bank
3765,19905,Max bank
547,19824,Max bank
2850,19695,Max bank
3676,19247,Max bank
2686,18959,Max bank
2979,18553,Max bank
156,16549,Max bank
483,15541,Max bank
3232,15463,Max bank
2614,15086,Max bank
5891,159892,J&T Bank
11186,139173,J&T Bank
2003,135329,J&T Bank
10645,134650,J&T Bank
2977,134018,J&T Bank
3402,132025,J&T Bank
7562,130409,J&T Bank
2915,128999,J&T Bank
4259,124466,J&T Bank
10679,116358,J&T Bank
1934,111284,J&T Bank
1654,108950,J&T Bank
4375,107139,J&T Bank
1461,105188,J&T Bank
2472,104394,J&T Bank
2242,103689,J&T Bank
2775,99583,J&T Bank
1411,99392,J&T Bank
950,99356,J&T Bank
10738,97329,J&T Bank
655,96128,J&T Bank
8899,93894,J&T Bank
3161,93469,J&T Bank
10297,89543,J&T Bank
8776,86281,J&T Bank
4330,85924,J&T Bank
1592,85823,J&T Bank
2543,85162,J&T Bank
1809,84057,J&T Bank
2159,81263,J&T Bank
36,80986,J&T Bank
4631,80553,J&T Bank
8094,80283,J&T Bank
2554,80091,J&T Bank
757,80000,J&T Bank
3779,75806,J&T Bank
4066,74892,J&T Bank
2991,70601,J&T Bank
3628,68020,J&T Bank
1902,66258,J&T Bank
97,64877,J&T Bank
1357,64822,J&T Bank
347,64142,J&T Bank
1890,63517,J&T Bank
281,63206,J&T Bank
52,62681,J&T Bank
3302,62424,J&T Bank
1182,62238,J&T Bank
2898,62047,J&T Bank
5758,61289,J&T Bank
1764,60787,J&T Bank
578,57933,J&T Bank
428,56325,J&T Bank
2738,55576,J&T Bank
2247,53780,J&T Bank
4660,53749,J&T Bank
3456,52623,J&T Bank
1832,51922,J&T Bank
471,51866,J&T Bank
8926,51821,J&T Bank
5033,48114,J&T Bank
3520,47168,J&T Bank
2313,47121,J&T Bank
3221,46999,J&T Bank
549,44983,J&T Bank
1523,44070,J&T Bank
1659,43154,J&T Bank
1420,42137,J&T Bank
2394,41116,J&T Bank
1516,40723,J&T Bank
317,39987,J&T Bank
3728,38839,J&T Bank
1329,38422,J&T Bank
771,38233,J&T Bank
1930,36529,J&T Bank
2733,36216,J&T Bank
1049,36081,J&T Bank
1336,36016,J&T Bank
2173,34442,J&T Bank
3576,34226,J&T Bank
3205,33140,J&T Bank
1584,33125,J&T Bank
833,33070,J&T Bank
1665,33003,J&T Bank
2907,32659,J&T Bank
2656,31770,J&T Bank
2644,31082,J&T Bank
1699,30656,J&T Bank
3029,29490,J&T Bank
1299,29382,J&T Bank
1217,29203,J&T Bank
1501,28549,J&T Bank
1703,27605,J&T Bank
1064,27463,J&T Bank
3535,27094,J&T Bank
12,26009,J&T Bank
2793,25875,J&T Bank
1115,25710,J&T Bank
2842,25625,J&T Bank
3406,25494,J&T Bank
1601,24660,J&T Bank
3934,24345,J&T Bank
3443,24322,J&T Bank
608,24181,J&T Bank
3117,23401,J&T Bank
1823,23286,J&T Bank
1133,22684,J&T Bank
2923,22465,J&T Bank
3211,21921,J&T Bank
1439,21716,J&T Bank
612,20597,J&T Bank
3214,20579,J&T Bank
3172,20558,J&T Bank
505,20075,J&T Bank
2223,19957,J&T Bank
1954,19698,J&T Bank
1141,19216,J&T Bank
3412,19081,J&T Bank
178,18009,J&T Bank
2776,15717,J&T Bank
124,14924,J&T Bank
3892,14205,J&T Bank
4361,150627,Czech export bank
7614,127567,Czech export bank
1939,123528,Czech export bank
10439,120008,Czech export bank
3296,119399,Czech export bank
4255,118231,Czech export bank
180,116418,Czech export bank
8523,115610,Czech export bank
610,103568,Czech export bank
2355,101885,Czech export bank
748,100345,Czech export bank
1073,99382,Czech export bank
2035,92534,Czech export bank
10063,90130,Czech export bank
452,88763,Czech export bank
10884,88137,Czech export bank
3395,88025,Czech export bank
8519,86836,Czech export bank
1782,84137,Czech export bank
422,81582,Czech export bank
3965,80266,Czech export bank
403,78731,Czech export bank
1803,78117,Czech export bank
222,75940,Czech export bank
4937,75373,Czech export bank
3355,74682,Czech export bank
327,71237,Czech export bank
3026,70542,Czech export bank
2034,67535,Czech export bank
1363,66122,Czech export bank
5698,62516,Czech export bank
268,61853,Czech export bank
5269,60669,Czech export bank
2798,60029,Czech export bank
2443,59942,Czech export bank
3360,59569,Czech export bank
797,59441,Czech export bank
373,58509,Czech export bank
330,56421,Czech export bank
1280,55441,Czech export bank
2433,54109,Czech export bank
3143,53673,Czech export bank
6,51879,Czech export bank
9188,51293,Czech export bank
8639,50092,Czech export bank
425,49771,Czech export bank
798,49660,Czech export bank
2992,49398,Czech export bank
9208,49045,Czech export bank
1072,48536,Czech export bank
3887,47829,Czech export bank
1370,46485,Czech export bank
1728,46394,Czech export bank
2402,45992,Czech export bank
2646,45807,Czech export bank
2401,45780,Czech export bank
1650,45589,Czech export bank
1447,45192,Czech export bank
1520,44901,Czech export bank
4033,44072,Czech export bank
6495,43708,Czech export bank
2535,42466,Czech export bank
2174,42094,Czech export bank
1134,40586,Czech export bank
3959,40231,Czech export bank
2809,39281,Czech export bank
2357,38943,Czech export bank
7418,36882,Czech export bank
1107,36555,Czech export bank
3266,36368,Czech export bank
703,35145,Czech export bank
934,34624,Czech export bank
3648,34603,Czech export bank
822,34148,Czech export bank
2595,34040,Czech export bank
3541,33049,Czech export bank
742,32853,Czech export bank
2491,31004,Czech export bank
19,30905,Czech export bank
943,30490,Czech export bank
2814,30242,Czech export bank
923,30033,Czech export bank
3365,29270,Czech export bank
2453,29206,Czech export bank
3854,29005,Czech export bank
3142,28586,Czech export bank
3458,28577,Czech export bank
3960,28528,Czech export bank
926,28058,Czech export bank
3194,28026,Czech export bank
136,27980,Czech export bank
79,27474,Czech export bank
44,26939,Czech export bank
3173,26604,Czech export bank
3731,26063,Czech export bank
1973,25866,Czech export bank
3031,25120,Czech export bank
301,24988,Czech export bank
3268,24713,Czech export bank
423,24060,Czech export bank
939,23645,Czech export bank
3561,23270,Czech export bank
3857,23131,Czech export bank
3004,23028,Czech export bank
2469,22982,Czech export bank
1921,22785,Czech export bank
1038,22494,Czech export bank
2341,21180,Czech export bank
129,21132,Czech export bank
3941,20784,Czech export bank
3549,19990,Czech export bank
3910,19893,Czech export bank
906,19848,Czech export bank
3911,19366,Czech export bank
2133,19315,Czech export bank
383,18876,Czech export bank
3671,18247,Czech export bank
490,17275,Czech export bank
398,16454,Czech export bank
3922,15858,Czech export bank
1005,150458,Fio bank
960,137223,Fio bank
3634,125419,Fio bank
3496,123415,Fio bank
4253,121024,Fio bank
2699,120882,Fio bank
7857,119871,Fio bank
651,118209,Fio bank
1093,107506,Fio bank
3654,106730,Fio bank
9491,105676,Fio bank
2211,105224,Fio bank
1725,104150,Fio bank
1417,104054,Fio bank
3107,103276,Fio bank
6472,102573,Fio bank
160,102084,Fio bank
3675,100566,Fio bank
1328,92220,Fio bank
3552,88800,Fio bank
6062,88135,Fio bank
3311,88104,Fio bank
11382,87362,Fio bank
8784,81318,Fio bank
3864,80643,Fio bank
2987,77546,Fio bank
3237,76080,Fio bank
9646,75204,Fio bank
3241,74339,Fio bank
1924,69624,Fio bank
1536,69419,Fio bank
8320,69411,Fio bank
3008,68318,Fio bank
807,67276,Fio bank
530,65446,Fio bank
2328,64872,Fio bank
141,64721,Fio bank
1128,64318,Fio bank
2705,63100,Fio bank
248,62902,Fio bank
273,62747,Fio bank
1098,62585,Fio bank
165,62489,Fio bank
899,61612,Fio bank
813,61338,Fio bank
2950,59116,Fio bank
1442,57929,Fio bank
3872,57254,Fio bank
3600,57195,Fio bank
1391,56238,Fio bank
10652,56053,Fio bank
3272,55202,Fio bank
850,54619,Fio bank
3842,52975,Fio bank
1578,52045,Fio bank
2974,50988,Fio bank
1577,50428,Fio bank
3926,50079,Fio bank
107,49653,Fio bank
2902,49444,Fio bank
3491,48573,Fio bank
3812,48260,Fio bank
3555,47452,Fio bank
2673,46336,Fio bank
473,46124,Fio bank
1089,42304,Fio bank
2432,41170,Fio bank
749,38942,Fio bank
3357,38765,Fio bank
3976,38556,Fio bank
1613,38346,Fio bank
3251,37856,Fio bank
3415,37560,Fio bank
2380,36487,Fio bank
1688,36243,Fio bank
3719,35954,Fio bank
910,35577,Fio bank
2606,34456,Fio bank
1312,33524,Fio bank
937,33466,Fio bank
335,32766,Fio bank
3661,32721,Fio bank
3692,32026,Fio bank
3684,30893,Fio bank
2406,30701,Fio bank
2316,30547,Fio bank
3547,30101,Fio bank
1574,29805,Fio bank
199,29612,Fio bank
2502,29150,Fio bank
629,27803,Fio bank
745,27284,Fio bank
1631,26540,Fio bank
3394,26458,Fio bank
1936,26266,Fio bank
2297,26062,Fio bank
3652,24900,Fio bank
142,24852,Fio bank
3292,24796,Fio bank
1326,24200,Fio bank
224,24128,Fio bank
2567,23881,Fio bank
865,22881,Fio bank
3828,21977,Fio bank
1955,21913,Fio bank
682,21325,Fio bank
3178,21305,Fio bank
1137,21141,Fio bank
292,21131,Fio bank
515,20749,Fio bank
3245,20411,Fio bank
1697,20254,Fio bank
3870,20238,Fio bank
3729,19944,Fio bank
2019,19518,Fio bank
1082,19392,Fio bank
794,18806,Fio bank
1879,18014,Fio bank
3305,17675,Fio bank
2874,14655,Fio bank
441,165654,UniCredit Bank
2170,150448,UniCredit Bank
8260,148084,UniCredit Bank
191,126097,UniCredit Bank
4894,123767,UniCredit Bank
7594,111980,UniCredit Bank
1614,109425,UniCredit Bank
1204,107214,UniCredit Bank
2982,106564,UniCredit Bank
3875,105175,UniCredit Bank
3970,102736,UniCredit Bank
10445,101694,UniCredit Bank
2532,100652,UniCredit Bank
3364,96880,UniCredit Bank
776,90840,UniCredit Bank
3163,90238,UniCredit Bank
1252,86290,UniCredit Bank
2227,86262,UniCredit Bank
7156,82684,UniCredit Bank
196,81111,UniCredit Bank
1350,79641,UniCredit Bank
11359,78818,UniCredit Bank
2517,77959,UniCredit Bank
9673,75658,UniCredit Bank
1795,73463,UniCredit Bank
998,72657,UniCredit Bank
2996,71506,UniCredit Bank
5358,71499,UniCredit Bank
10022,70448,UniCredit Bank
3131,69502,UniCredit Bank
1913,69499,UniCredit Bank
878,68588,UniCredit Bank
4471,68391,UniCredit Bank
2839,64909,UniCredit Bank
1895,63939,UniCredit Bank
2588,60153,UniCredit Bank
2334,59867,UniCredit Bank
880,59637,UniCredit Bank
4415,59482,UniCredit Bank
2901,59385,UniCredit Bank
1249,59170,UniCredit Bank
3830,57484,UniCredit Bank
3631,56577,UniCredit Bank
1425,53374,UniCredit Bank
1450,53285,UniCredit Bank
2953,52737,UniCredit Bank
252,52630,UniCredit Bank
3833,52252,UniCredit Bank
355,50180,UniCredit Bank
1958,46921,UniCredit Bank
2243,46375,UniCredit Bank
2022,46283,UniCredit Bank
2047,45817,UniCredit Bank
209,45817,UniCredit Bank
3063,45236,UniCredit Bank
3145,45185,UniCredit Bank
1414,44693,UniCredit Bank
2063,44411,UniCredit Bank
103,43400,UniCredit Bank
2064,43112,UniCredit Bank
2806,42927,UniCredit Bank
9424,42485,UniCredit Bank
269,42460,UniCredit Bank
3718,42237,UniCredit Bank
529,40525,UniCredit Bank
3548,40406,UniCredit Bank
9199,39025,UniCredit Bank
1898,38939,UniCredit Bank
2422,36302,UniCredit Bank
1484,36014,UniCredit Bank
3056,34324,UniCredit Bank
599,33532,UniCredit Bank
3817,33276,UniCredit Bank
502,32957,UniCredit Bank
2212,32879,UniCredit Bank
2868,32440,UniCredit Bank
1858,31680,UniCredit Bank
1460,31495,UniCredit Bank
3457,31062,UniCredit Bank
2679,30210,UniCredit Bank
1616,30051,UniCredit Bank
1989,30023,UniCredit Bank
2523,29832,UniCredit Bank
3777,29316,UniCredit Bank
416,29241,UniCredit Bank
3284,28920,UniCredit Bank
2172,28669,UniCredit Bank
3030,28543,UniCredit Bank
3076,28249,UniCredit Bank
914,27453,UniCredit Bank
1503,27313,UniCredit Bank
88,26867,UniCredit Bank
3084,26526,UniCredit Bank
2252,25780,UniCredit Bank
2387,25618,UniCredit Bank
2011,25505,UniCredit Bank
1593,24846,UniCredit Bank
3442,24706,UniCredit Bank
2715,24317,UniCredit Bank
3080,24145,UniCredit Bank
1212,23945,UniCredit Bank
3610,23901,UniCredit Bank
528,23451,UniCredit Bank
3904,23058,UniCredit Bank
2658,22611,UniCredit Bank
1704,22530,UniCredit Bank
912,22288,UniCredit Bank
1529,21867,UniCredit Bank
161,21361,UniCredit Bank
174,21345,UniCredit Bank
1525,20298,UniCredit Bank
1859,20071,UniCredit Bank
3686,20059,UniCredit Bank
3964,19714,UniCredit Bank
214,17518,UniCredit Bank
3846,16878,UniCredit Bank
1687,16387,UniCredit Bank
2589,16079,UniCredit Bank
96,156580,Moneta Money Bank
1032,148027,Moneta Money Bank
339,141114,Moneta Money Bank
2572,134393,Moneta Money Bank
5574,131517,Moneta Money Bank
67,127579,Moneta Money Bank
8173,114841,Moneta Money Bank
7733,113559,Moneta Money Bank
3050,106743,Moneta Money Bank
2818,104390,Moneta Money Bank
9201,103177,Moneta Money Bank
6289,102392,Moneta Money Bank
2279,98410,Moneta Money Bank
8027,96614,Moneta Money Bank
3499,95185,Moneta Money Bank
1446,94305,Moneta Money Bank
186,88575,Moneta Money Bank
11231,86386,Moneta Money Bank
329,82586,Moneta Money Bank
844,80176,Moneta Money Bank
3233,80172,Moneta Money Bank
4858,80041,Moneta Money Bank
10789,79556,Moneta Money Bank
2697,77570,Moneta Money Bank
9828,77168,Moneta Money Bank
2552,76439,Moneta Money Bank
3091,75919,Moneta Money Bank
897,75441,Moneta Money Bank
10365,74572,Moneta Money Bank
487,72335,Moneta Money Bank
3289,72138,Moneta Money Bank
1012,71930,Moneta Money Bank
440,71884,Moneta Money Bank
1324,71451,Moneta Money Bank
5593,71296,Moneta Money Bank
11349,70983,Moneta Money Bank
589,70857,Moneta Money Bank
5650,68822,Moneta Money Bank
3390,68343,Moneta Money Bank
7184,67663,Moneta Money Bank
11054,66825,Moneta Money Bank
1886,66075,Moneta Money Bank
145,64154,Moneta Money Bank
9034,63528,Moneta Money Bank
3871,61655,Moneta Money Bank
8114,57096,Moneta Money Bank
3217,56023,Moneta Money Bank
4332,55228,Moneta Money Bank
2680,54732,Moneta Money Bank
1166,52879,Moneta Money Bank
2926,52654,Moneta Money Bank
7559,52414,Moneta Money Bank
1877,52309,Moneta Money Bank
2519,52304,Moneta Money Bank
2421,51836,Moneta Money Bank
2470,51199,Moneta Money Bank
3982,50229,Moneta Money Bank
2345,50214,Moneta Money Bank
3430,50142,Moneta Money Bank
3624,48497,Moneta Money Bank
365,48197,Moneta Money Bank
3329,48104,Moneta Money Bank
1620,46234,Moneta Money Bank
2801,46205,Moneta Money Bank
1889,45255,Moneta Money Bank
3759,44997,Moneta Money Bank
676,43426,Moneta Money Bank
1250,42996,Moneta Money Bank
1761,42804,Moneta Money Bank
1238,42586,Moneta Money Bank
1405,42244,Moneta Money Bank
3354,41280,Moneta Money Bank
744,40471,Moneta Money Bank
1814,40367,Moneta Money Bank
3463,39480,Moneta Money Bank
746,39212,Moneta Money Bank
2327,38723,Moneta Money Bank
2784,36904,Moneta Money Bank
1463,36872,Moneta Money Bank
2947,35569,Moneta Money Bank
3882,34527,Moneta Money Bank
1205,34401,Moneta Money Bank
454,33950,Moneta Money Bank
2545,33441,Moneta Money Bank
1827,32280,Moneta Money Bank
1731,31905,Moneta Money Bank
2468,31838,Moneta Money Bank
2618,30034,Moneta Money Bank
3285,29284,Moneta Money Bank
1081,28611,Moneta Money Bank
932,28447,Moneta Money Bank
2317,27851,Moneta Money Bank
3773,27720,Moneta Money Bank
3966,27634,Moneta Money Bank
2667,27600,Moneta Money Bank
1239,26786,Moneta Money Bank
591,26347,Moneta Money Bank
2459,25709,Moneta Money Bank
1381,25063,Moneta Money Bank
3433,24925,Moneta Money Bank
538,24794,Moneta Money Bank
1325,24521,Moneta Money Bank
2339,24306,Moneta Money Bank
3742,23318,Moneta Money Bank
10351,22308,Moneta Money Bank
3218,21718,Moneta Money Bank
1027,21597,Moneta Money Bank
2414,19980,Moneta Money Bank
413,19540,Moneta Money Bank
3176,18703,Moneta Money Bank
2672,18433,Moneta Money Bank
3985,17580,Moneta Money Bank
2448,17543,Moneta Money Bank
3703,16896,Moneta Money Bank
644,16743,Moneta Money Bank
3889,16474,Moneta Money Bank
98,16254,Moneta Money Bank
3290,123730,Trinity Bank
2867,109062,Trinity Bank
2726,108881,Trinity Bank
1862,106251,Trinity Bank
2080,105982,Trinity Bank
3444,104548,Trinity Bank
3906,98482,Trinity Bank
3035,97845,Trinity Bank
2062,97553,Trinity Bank
1392,94357,Trinity Bank
9422,92253,Trinity Bank
10644,92037,Trinity Bank
1203,91247,Trinity Bank
10711,89792,Trinity Bank
34,89749,Trinity Bank
4863,89529,Trinity Bank
2966,88818,Trinity Bank
10134,88299,Trinity Bank
3782,84651,Trinity Bank
3787,84097,Trinity Bank
660,82416,Trinity Bank
6434,81672,Trinity Bank
2845,79197,Trinity Bank
2853,76140,Trinity Bank
10905,72792,Trinity Bank
7765,70675,Trinity Bank
1104,67679,Trinity Bank
3049,66787,Trinity Bank
2632,63811,Trinity Bank
1903,62799,Trinity Bank
3767,62784,Trinity Bank
3730,61196,Trinity Bank
481,60763,Trinity Bank
1876,60507,Trinity Bank
7099,60228,Trinity Bank
617,58796,Trinity Bank
1108,58224,Trinity Bank
4725,56267,Trinity Bank
3940,53940,Trinity Bank
112,52752,Trinity Bank
5602,52671,Trinity Bank
5445,51116,Trinity Bank
3180,50872,Trinity Bank
1105,50161,Trinity Bank
2131,49789,Trinity Bank
3012,49299,Trinity Bank
1161,49283,Trinity Bank
898,48606,Trinity Bank
3373,47306,Trinity Bank
3811,46532,Trinity Bank
3544,46377,Trinity Bank
3157,45917,Trinity Bank
2610,45892,Trinity Bank
3860,45291,Trinity Bank
1618,45195,Trinity Bank
1265,45137,Trinity Bank
4467,44364,Trinity Bank
5912,43881,Trinity Bank
2293,43576,Trinity Bank
9263,43250,Trinity Bank
614,42081,Trinity Bank
3055,41328,Trinity Bank
1390,40941,Trinity Bank
640,38909,Trinity Bank
2746,38707,Trinity Bank
146,38660,Trinity Bank
3841,37216,Trinity Bank
2802,36178,Trinity Bank
3572,36111,Trinity Bank
2607,35738,Trinity Bank
1296,35638,Trinity Bank
474,35029,Trinity Bank
1925,34981,Trinity Bank
1465,34533,Trinity Bank
2027,33958,Trinity Bank
829,33669,Trinity Bank
1195,33620,Trinity Bank
3120,33058,Trinity Bank
2539,32967,Trinity Bank
827,31310,Trinity Bank
810,31042,Trinity Bank
2342,30875,Trinity Bank
1707,30802,Trinity Bank
3732,30579,Trinity Bank
2662,30278,Trinity Bank
2965,28784,Trinity Bank
3015,28619,Trinity Bank
7240,27366,Trinity Bank
615,27278,Trinity Bank
1013,26852,Trinity Bank
2203,26497,Trinity Bank
1321,26038,Trinity Bank
2524,25662,Trinity Bank
857,25470,Trinity Bank
4794,25440,Trinity Bank
3158,25432,Trinity Bank
2152,25057,Trinity Bank
1657,25056,Trinity Bank
2024,24457,Trinity Bank
1474,24215,Trinity Bank
323,23503,Trinity Bank
261,22486,Trinity Bank
1608,21757,Trinity Bank
1271,21542,Trinity Bank
1055,21520,Trinity Bank
842,21090,Trinity Bank
2832,20858,Trinity Bank
2703,20295,Trinity Bank
1573,19939,Trinity Bank
3213,19897,Trinity Bank
1765,19888,Trinity Bank
20,19623,Trinity Bank
3347,17348,Trinity Bank
713,16105,Trinity Bank
7859,146958,Raiffeisen bank
2384,131556,Raiffeisen bank
2086,131193,Raiffeisen bank
4999,124254,Raiffeisen bank
66,124127,Raiffeisen bank
2635,113376,Raiffeisen bank
51,104129,Raiffeisen bank
6922,100261,Raiffeisen bank
3505,98448,Raiffeisen bank
3337,95475,Raiffeisen bank
1009,89452,Raiffeisen bank
1136,87026,Raiffeisen bank
6473,86956,Raiffeisen bank
47,86875,Raiffeisen bank
3497,86247,Raiffeisen bank
2754,84012,Raiffeisen bank
3687,83613,Raiffeisen bank
1559,83247,Raiffeisen bank
2504,80356,Raiffeisen bank
5546,80352,Raiffeisen bank
2153,78588,Raiffeisen bank
3919,74956,Raiffeisen bank
7487,74342,Raiffeisen bank
1900,73216,Raiffeisen bank
346,70474,Raiffeisen bank
1220,69477,Raiffeisen bank
2237,68568,Raiffeisen bank
537,66877,Raiffeisen bank
6686,65853,Raiffeisen bank
1947,64753,Raiffeisen bank
4413,64150,Raiffeisen bank
303,63390,Raiffeisen bank
271,62743,Raiffeisen bank
7176,62315,Raiffeisen bank
2367,60962,Raiffeisen bank
1449,60346,Raiffeisen bank
7565,59986,Raiffeisen bank
1847,58950,Raiffeisen bank
480,56073,Raiffeisen bank
102,54660,Raiffeisen bank
3679,53904,Raiffeisen bank
3007,53370,Raiffeisen bank
8411,53236,Raiffeisen bank
11362,51806,Raiffeisen bank
3462,51197,Raiffeisen bank
2413,51021,Raiffeisen bank
1666,50699,Raiffeisen bank
11027,49602,Raiffeisen bank
4825,49292,Raiffeisen bank
3486,48869,Raiffeisen bank
5927,47942,Raiffeisen bank
1422,46671,Raiffeisen bank
1561,46266,Raiffeisen bank
654,45903,Raiffeisen bank
1912,45606,Raiffeisen bank
1841,45496,Raiffeisen bank
5385,44820,Raiffeisen bank
3880,44404,Raiffeisen bank
3996,43796,Raiffeisen bank
2002,42652,Raiffeisen bank
3494,42251,Raiffeisen bank
1246,42116,Raiffeisen bank
3286,41456,Raiffeisen bank
2160,40121,Raiffeisen bank
1741,39845,Raiffeisen bank
2531,38819,Raiffeisen bank
3599,36167,Raiffeisen bank
1690,36039,Raiffeisen bank
6425,35875,Raiffeisen bank
1990,33033,Raiffeisen bank
5,32036,Raiffeisen bank
2046,31907,Raiffeisen bank
3585,31626,Raiffeisen bank
2505,31560,Raiffeisen bank
3868,31078,Raiffeisen bank
3264,30756,Raiffeisen bank
3252,30366,Raiffeisen bank
3436,30302,Raiffeisen bank
113,30090,Raiffeisen bank
3769,29849,Raiffeisen bank
1078,29028,Raiffeisen bank
2584,28637,Raiffeisen bank
1846,28322,Raiffeisen bank
888,28220,Raiffeisen bank
382,28016,Raiffeisen bank
313,27975,Raiffeisen bank
3937,27912,Raiffeisen bank
1288,27790,Raiffeisen bank
783,27030,Raiffeisen bank
1658,26882,Raiffeisen bank
6453,26679,Raiffeisen bank
639,26592,Raiffeisen bank
2032,26151,Raiffeisen bank
1940,26055,Raiffeisen bank
328,25652,Raiffeisen bank
3040,24866,Raiffeisen bank
2148,24712,Raiffeisen bank
357,24645,Raiffeisen bank
1349,23886,Raiffeisen bank
2255,23340,Raiffeisen bank
3061,23149,Raiffeisen bank
3119,23070,Raiffeisen bank
669,21952,Raiffeisen bank
806,21941,Raiffeisen bank
2042,21500,Raiffeisen bank
972,21461,Raiffeisen bank
3062,21328,Raiffeisen bank
3025,20460,Raiffeisen bank
1316,19624,Raiffeisen bank
876,18259,Raiffeisen bank
246,18103,Raiffeisen bank
3677,15298,Raiffeisen bank
1347,15073,Raiffeisen bank
1749,130201,Air Bank
9833,125918,Air Bank
5648,124409,Air Bank
2471,121487,Air Bank
2126,121027,Air Bank
862,119641,Air Bank
4035,114183,Air Bank
544,110818,Air Bank
11013,109938,Air Bank
2001,107388,Air Bank
1910,104694,Air Bank
9493,102792,Air Bank
1160,95023,Air Bank
11328,92437,Air Bank
3325,92152,Air Bank
2224,88803,Air Bank
3839,86679,Air Bank
545,85723,Air Bank
3199,84871,Air Bank
65,84693,Air Bank
9225,84582,Air Bank
2494,84075,Air Bank
949,81900,Air Bank
2239,81224,Air Bank
1777,80799,Air Bank
6699,77515,Air Bank
461,76944,Air Bank
2544,76703,Air Bank
3770,76195,Air Bank
6358,75581,Air Bank
1035,74785,Air Bank
300,74460,Air Bank
1264,73523,Air Bank
4503,70536,Air Bank
5724,70506,Air Bank
366,69171,Air Bank
2137,68542,Air Bank
1394,67266,Air Bank
3995,64531,Air Bank
2863,61659,Air Bank
1331,60793,Air Bank
2278,60594,Air Bank
1512,60044,Air Bank
9037,58979,Air Bank
3894,56162,Air Bank
38,54727,Air Bank
2463,53997,Air Bank
7437,51814,Air Bank
2712,51119,Air Bank
1557,50578,Air Bank
1710,50243,Air Bank
3604,48952,Air Bank
2750,48087,Air Bank
3737,44798,Air Bank
2553,44012,Air Bank
163,43752,Air Bank
4981,43021,Air Bank
3540,42973,Air Bank
3339,42160,Air Bank
874,41885,Air Bank
3531,41636,Air Bank
8972,41182,Air Bank
576,40466,Air Bank
2177,40163,Air Bank
81,38746,Air Bank
3068,38231,Air Bank
531,36029,Air Bank
3169,35676,Air Bank
520,34253,Air Bank
2234,33524,Air Bank
1351,32946,Air Bank
279,32821,Air Bank
10915,32728,Air Bank
630,32321,Air Bank
2489,31996,Air Bank
3331,31550,Air Bank
1596,31135,Air Bank
3023,30389,Air Bank
3024,29521,Air Bank
1600,29363,Air Bank
2270,29288,Air Bank
1371,28667,Air Bank
536,28454,Air Bank
2591,28152,Air Bank
104,28085,Air Bank
1270,27868,Air Bank
889,27815,Air Bank
148,27098,Air Bank
2955,26967,Air Bank
986,26754,Air Bank
2820,26406,Air Bank
2846,26386,Air Bank
1086,26273,Air Bank
3878,26203,Air Bank
966,25390,Air Bank
1437,25316,Air Bank
1717,24372,Air Bank
1340,24371,Air Bank
1548,24310,Air Bank
3202,23548,Air Bank
3011,23208,Air Bank
342,22688,Air Bank
2562,22091,Air Bank
1354,21663,Air Bank
1206,21502,Air Bank
1747,21077,Air Bank
3033,20846,Air Bank
1960,20509,Air Bank
2349,20194,Air Bank
1738,15067,Air Bank
1132,144511,Bank Creditas
940,136560,Bank Creditas
397,129548,Bank Creditas
404,124186,Bank Creditas
1309,114386,Bank Creditas
68,112348,Bank Creditas
1718,112017,Bank Creditas
2889,107276,Bank Creditas
5481,106567,Bank Creditas
1978,105026,Bank Creditas
3300,103301,Bank Creditas
1000,102396,Bank Creditas
72,100578,Bank Creditas
1079,100197,Bank Creditas
2550,99971,Bank Creditas
4470,97782,Bank Creditas
1407,95243,Bank Creditas
2694,94861,Bank Creditas
665,94372,Bank Creditas
3130,93233,Bank Creditas
811,90781,Bank Creditas
3637,88705,Bank Creditas
2640,86410,Bank Creditas
3898,84905,Bank Creditas
3273,84078,Bank Creditas
1475,78303,Bank Creditas
10093,76582,Bank Creditas
7844,74911,Bank Creditas
3115,74449,Bank Creditas
2408,73847,Bank Creditas
353,73820,Bank Creditas
1797,72720,Bank Creditas
1730,72616,Bank Creditas
9179,72070,Bank Creditas
2541,71131,Bank Creditas
1515,70588,Bank Creditas
6738,67964,Bank Creditas
3238,67722,Bank Creditas
3270,66576,Bank Creditas
2306,63288,Bank Creditas
8713,62766,Bank Creditas
1444,61180,Bank Creditas
2441,60383,Bank Creditas
276,59177,Bank Creditas
2376,56627,Bank Creditas
286,56133,Bank Creditas
2753,55539,Bank Creditas
77,55448,Bank Creditas
2,54171,Bank Creditas
2319,54011,Bank Creditas
1929,53166,Bank Creditas
3593,52784,Bank Creditas
1743,51485,Bank Creditas
875,49510,Bank Creditas
1587,49447,Bank Creditas
690,49043,Bank Creditas
1844,47335,Bank Creditas
1901,45548,Bank Creditas
2140,45434,Bank Creditas
2721,44940,Bank Creditas
1822,43809,Bank Creditas
3179,42653,Bank Creditas
3912,42217,Bank Creditas
3918,41118,Bank Creditas
1597,40007,Bank Creditas
1602,39604,Bank Creditas
2538,36879,Bank Creditas
1469,36573,Bank Creditas
1262,35491,Bank Creditas
1215,35286,Bank Creditas
1784,35023,Bank Creditas
2230,34288,Bank Creditas
2374,34017,Bank Creditas
1792,33938,Bank Creditas
2663,33870,Bank Creditas
1189,31891,Bank Creditas
1852,31728,Bank Creditas
1429,31519,Bank Creditas
3435,31374,Bank Creditas
2344,31337,Bank Creditas
3148,29284,Bank Creditas
2485,28383,Bank Creditas
359,28349,Bank Creditas
1145,27637,Bank Creditas
35,27598,Bank Creditas
2931,27352,Bank Creditas
3452,27265,Bank Creditas
114,26528,Bank Creditas
2717,25206,Bank Creditas
2330,24633,Bank Creditas
959,24296,Bank Creditas
582,23982,Bank Creditas
1152,23218,Bank Creditas
3079,22845,Bank Creditas
3482,21415,Bank Creditas
2636,20283,Bank Creditas
1473,20122,Bank Creditas
852,19879,Bank Creditas
550,19856,Bank Creditas
3852,19605,Bank Creditas
2791,19562,Bank Creditas
636,18947,Bank Creditas
1615,18290,Bank Creditas
714,18102,Bank Creditas
3856,17739,Bank Creditas
215,17383,Bank Creditas
2442,17273,Bank Creditas
10973,122098,ADB BANK
5366,113277,ADB BANK
5952,107784,ADB BANK
8564,104312,ADB BANK
1527,93209,ADB BANK
1114,92927,ADB BANK
4240,92842,ADB BANK
2527,89088,ADB BANK
7011,87633,ADB BANK
7231,87034,ADB BANK
2458,86597,ADB BANK
5129,82654,ADB BANK
26,81993,ADB BANK
1147,80670,ADB BANK
4352,80396,ADB BANK
6930,80155,ADB BANK
2762,79840,ADB BANK
6034,78936,ADB BANK
5622,77646,ADB BANK
1896,77617,ADB BANK
2087,75668,ADB BANK
2082,72273,ADB BANK
2862,70424,ADB BANK
1999,69708,ADB BANK
10656,68536,ADB BANK
4079,67928,ADB BANK
3909,67735,ADB BANK
8957,66884,ADB BANK
1966,65767,ADB BANK
1200,64752,ADB BANK
861,62812,ADB BANK
5428,62007,ADB BANK
510,61651,ADB BANK
8051,61211,ADB BANK
3371,60191,ADB BANK
3277,59959,ADB BANK
3983,59267,ADB BANK
2585,59008,ADB BANK
2078,58866,ADB BANK
1285,58625,ADB BANK
3133,58117,ADB BANK
15,58066,ADB BANK
540,58055,ADB BANK
2576,57674,ADB BANK
1566,52893,ADB BANK
8934,52889,ADB BANK
5343,48188,ADB BANK
1123,47369,ADB BANK
433,44645,ADB BANK
790,43082,ADB BANK
10451,42217,ADB BANK
1052,41622,ADB BANK
3575,40493,ADB BANK
774,40423,ADB BANK
5387,40352,ADB BANK
368,40239,ADB BANK
7190,39042,ADB BANK
1412,38509,ADB BANK
3629,38486,ADB BANK
153,38428,ADB BANK
3863,36927,ADB BANK
1726,36599,ADB BANK
588,35720,ADB BANK
764,34894,ADB BANK
686,34582,ADB BANK
151,34425,ADB BANK
747,33763,ADB BANK
6281,33680,ADB BANK
5700,32948,ADB BANK
2736,32366,ADB BANK
7819,31936,ADB BANK
902,31923,ADB BANK
5369,31650,ADB BANK
389,31510,ADB BANK
1713,31428,ADB BANK
1617,30942,ADB BANK
2479,30872,ADB BANK
1671,30745,ADB BANK
207,30221,ADB BANK
2417,30171,ADB BANK
1972,29629,ADB BANK
4427,29541,ADB BANK
7133,29137,ADB BANK
2423,28484,ADB BANK
3775,28050,ADB BANK
965,27463,ADB BANK
559,27145,ADB BANK
1048,26959,ADB BANK
6051,26927,ADB BANK
2061,26817,ADB BANK
62,26506,ADB BANK
1018,26485,ADB BANK
2068,26435,ADB BANK
234,26375,ADB BANK
2029,26100,ADB BANK
2513,25917,ADB BANK
459,25400,ADB BANK
1493,25149,ADB BANK
1937,25041,ADB BANK
1773,24292,ADB BANK
887,23397,ADB BANK
7454,23383,ADB BANK
2566,22800,ADB BANK
3678,22365,ADB BANK
799,20300,ADB BANK
5228,142169,PPF Bank
5283,141462,PPF Bank
5270,124982,PPF Bank
4727,123789,PPF Bank
574,119338,PPF Bank
1404,118234,PPF Bank
1384,114021,PPF Bank
759,110409,PPF Bank
1297,108311,PPF Bank
472,108182,PPF Bank
255,101156,PPF Bank
1540,100837,PPF Bank
212,100179,PPF Bank
4086,98194,PPF Bank
7907,92037,PPF Bank
3752,90688,PPF Bank
25,89702,PPF Bank
4349,84959,PPF Bank
10663,82885,PPF Bank
7424,82852,PPF Bank
1273,81985,PPF Bank
3389,81936,PPF Bank
3804,81517,PPF Bank
314,77431,PPF Bank
845,76982,PPF Bank
2624,75770,PPF Bank
1965,74847,PPF Bank
6924,73720,PPF Bank
1011,73123,PPF Bank
4260,70564,PPF Bank
8261,68181,PPF Bank
6950,67943,PPF Bank
3464,66733,PPF Bank
3088,65412,PPF Bank
3720,64738,PPF Bank
1544,63326,PPF Bank
4026,63306,PPF Bank
1644,61346,PPF Bank
244,61322,PPF Bank
1556,60299,PPF Bank
9897,59895,PPF Bank
696,59148,PPF Bank
3262,57077,PPF Bank
85,55636,PPF Bank
892,54945,PPF Bank
3032,54445,PPF Bank
1760,54303,PPF Bank
1663,54070,PPF Bank
4475,51579,PPF Bank
3384,50391,PPF Bank
3470,49877,PPF Bank
3963,49122,PPF Bank
3509,48718,PPF Bank
3274,46670,PPF Bank
3276,46416,PPF Bank
891,46293,PPF Bank
2744,44917,PPF Bank
694,41999,PPF Bank
2497,41694,PPF Bank
2215,41477,PPF Bank
324,40672,PPF Bank
3021,40199,PPF Bank
1575,39610,PPF Bank
157,39576,PPF Bank
220,36356,PPF Bank
11271,36150,PPF Bank
800,36067,PPF Bank
2365,34744,PPF Bank
2603,34115,PPF Bank
2961,33899,PPF Bank
1629,33465,PPF Bank
1120,32900,PPF Bank
4550,32845,PPF Bank
2090,32793,PPF Bank
385,31290,PPF Bank
788,31288,PPF Bank
1995,30647,PPF Bank
995,30252,PPF Bank
2604,29938,PPF Bank
54,29436,PPF Bank
2685,29090,PPF Bank
1487,28917,PPF Bank
2106,27740,PPF Bank
791,27584,PPF Bank
1213,27086,PPF Bank
1426,26536,PPF Bank
187,26125,PPF Bank
3975,25471,PPF Bank
1382,25243,PPF Bank
464,24966,PPF Bank
1185,24917,PPF Bank
823,24907,PPF Bank
3281,24889,PPF Bank
592,24215,PPF Bank
1691,24172,PPF Bank
3747,23805,PPF Bank
3780,23782,PPF Bank
325,23411,PPF Bank
3483,22114,PPF Bank
2709,20593,PPF Bank
831,19565,PPF Bank
2373,18548,PPF Bank
1459,18323,PPF Bank
2556,15969,PPF Bank
3558,140342,Hypotecni bank
4318,132878,Hypotecni bank
4448,124321,Hypotecni bank
1935,121616,Hypotecni bank
2929,116169,Hypotecni bank
2190,110431,Hypotecni bank
3609,108311,Hypotecni bank
3953,105935,Hypotecni bank
1050,103354,Hypotecni bank
3471,102819,Hypotecni bank
7957,97759,Hypotecni bank
10280,96885,Hypotecni bank
1732,95997,Hypotecni bank
374,87031,Hypotecni bank
2189,84484,Hypotecni bank
2725,83486,Hypotecni bank
1029,83051,Hypotecni bank
2700,82651,Hypotecni bank
3957,80813,Hypotecni bank
2410,80559,Hypotecni bank
641,80112,Hypotecni bank
2910,79254,Hypotecni bank
4949,77438,Hypotecni bank
3137,74884,Hypotecni bank
5591,74826,Hypotecni bank
1253,74713,Hypotecni bank
7721,74458,Hypotecni bank
3134,73872,Hypotecni bank
10068,73374,Hypotecni bank
1026,72438,Hypotecni bank
1365,71628,Hypotecni bank
5305,69237,Hypotecni bank
1255,65586,Hypotecni bank
3795,64145,Hypotecni bank
8159,63332,Hypotecni bank
2134,63116,Hypotecni bank
10728,62634,Hypotecni bank
1568,62390,Hypotecni bank
3346,62321,Hypotecni bank
400,62241,Hypotecni bank
1223,62040,Hypotecni bank
10233,61933,Hypotecni bank
10005,61114,Hypotecni bank
1355,60945,Hypotecni bank
719,59149,Hypotecni bank
3195,58994,Hypotecni bank
2864,58139,Hypotecni bank
2751,57850,Hypotecni bank
424,56473,Hypotecni bank
3810,55453,Hypotecni bank
1075,55030,Hypotecni bank
1776,52879,Hypotecni bank
581,52228,Hypotecni bank
1006,50657,Hypotecni bank
3042,50254,Hypotecni bank
250,49245,Hypotecni bank
2702,48759,Hypotecni bank
3651,46523,Hypotecni bank
2914,44658,Hypotecni bank
1712,43594,Hypotecni bank
2770,42964,Hypotecni bank
2400,42757,Hypotecni bank
9731,41947,Hypotecni bank
3280,41771,Hypotecni bank
3164,39225,Hypotecni bank
725,39165,Hypotecni bank
9140,36104,Hypotecni bank
2264,35911,Hypotecni bank
3542,34160,Hypotecni bank
2774,32835,Hypotecni bank
933,31683,Hypotecni bank
1057,31485,Hypotecni bank
1856,31049,Hypotecni bank
735,30858,Hypotecni bank
166,30208,Hypotecni bank
3691,29934,Hypotecni bank
2882,29519,Hypotecni bank
1468,29270,Hypotecni bank
1630,28864,Hypotecni bank
3171,28477,Hypotecni bank
2324,28358,Hypotecni bank
2730,28013,Hypotecni bank
1799,27845,Hypotecni bank
3924,27379,Hypotecni bank
204,27125,Hypotecni bank
594,26433,Hypotecni bank
3087,26255,Hypotecni bank
821,24221,Hypotecni bank
2473,24215,Hypotecni bank
3320,23975,Hypotecni bank
1696,23709,Hypotecni bank
2696,23670,Hypotecni bank
350,23115,Hypotecni bank
736,22981,Hypotecni bank
903,22832,Hypotecni bank
632,22293,Hypotecni bank
2935,22224,Hypotecni bank
3393,22043,Hypotecni bank
2558,19798,Hypotecni bank
1241,19363,Hypotecni bank
1279,19352,Hypotecni bank
879,15918,Hypotecni bank
1100,15815,Hypotecni bank
