BANK,ACCOUNT_ID,LAST_TXN_DATE,CLOSING_BALANCE
Sky Bank,576,31-Dec-19,38516.2
Sky Bank,577,31-Dec-19,18963.6
Sky Bank,580,31-Dec-19,19587.9
Sky Bank,582,31-Dec-19,14624.2
Sky Bank,584,31-Dec-19,18804.3
Sky Bank,586,31-Dec-19,16905.2
Sky Bank,588,31-Dec-19,16188.3
Sky Bank,590,31-Dec-19,39469.1
Sky Bank,593,31-Dec-19,41143.7
Sky Bank,594,31-Dec-19,21865.6
Sky Bank,596,31-Dec-19,86657.4
Sky Bank,597,31-Dec-19,26603
Sky Bank,599,31-Dec-19,18416.6
Sky Bank,601,31-Dec-19,17427.8
Sky Bank,602,31-Dec-19,11701
Sky Bank,603,31-Dec-19,53215.7
Sky Bank,604,31-Dec-19,41572.8
Sky Bank,607,31-Dec-19,20406.3
Sky Bank,608,31-Dec-19,18093.2
Sky Bank,609,31-Dec-19,23989.9
Sky Bank,610,31-Dec-19,70372.2
Sky Bank,612,31-Dec-19,12121.9
Sky Bank,613,31-Dec-19,44865.2
Sky Bank,615,31-Dec-19,16916.1
Sky Bank,616,31-Dec-19,18046.1
Sky Bank,617,31-Dec-19,49930.9
Sky Bank,618,31-Dec-19,76624.4
Sky Bank,619,31-Dec-19,70352
Sky Bank,621,31-Dec-19,49466.1
Sky Bank,623,31-Dec-19,18642.8
Sky Bank,624,31-Dec-19,68677.6
Sky Bank,625,31-Dec-19,3374
Sky Bank,626,31-Dec-19,36875.6
Sky Bank,627,31-Dec-19,67423.3
Sky Bank,628,31-Dec-19,34552.6
Sky Bank,629,31-Dec-19,11834.2
Sky Bank,630,31-Dec-19,17792.7
Sky Bank,631,31-Dec-19,17513.8
Sky Bank,632,31-Dec-19,14983.7
Sky Bank,633,31-Dec-19,22589.8
Sky Bank,635,31-Dec-19,-424.4
Sky Bank,637,31-Dec-19,20568.4
Sky Bank,638,31-Dec-19,33854.4
Sky Bank,640,31-Dec-19,28022.2
Sky Bank,646,31-Dec-19,30831.9
Sky Bank,648,31-Dec-19,69058.5
Sky Bank,649,31-Dec-19,51880.1
Sky Bank,650,31-Dec-19,21702.5
Sky Bank,651,31-Dec-19,69932.6
Sky Bank,652,31-Dec-19,54669.5
Sky Bank,654,31-Dec-19,31733.8
Sky Bank,655,31-Dec-19,79707.2
Sky Bank,656,31-Dec-19,41014
Sky Bank,657,31-Dec-19,35916.5
Sky Bank,658,31-Dec-19,25606.2
Sky Bank,660,31-Dec-19,29530.1
Sky Bank,662,31-Dec-19,17266.1
Sky Bank,665,31-Dec-19,49045.7
Sky Bank,666,31-Dec-19,43465.1
Sky Bank,669,31-Dec-19,14986.1
Sky Bank,674,31-Dec-19,28393.4
Sky Bank,675,31-Dec-19,36635.5
Sky Bank,676,31-Dec-19,19083.2
Sky Bank,678,31-Dec-19,16723.5
Sky Bank,683,31-Dec-19,45589.4
Sky Bank,684,31-Dec-19,12851.3
Sky Bank,685,31-Dec-19,23531.7
Sky Bank,686,31-Dec-19,23150.5
Sky Bank,687,31-Dec-19,25740.1
Sky Bank,688,31-Dec-19,30526.2
Sky Bank,689,31-Dec-19,29327.4
Sky Bank,690,31-Dec-19,32027.1
Sky Bank,691,31-Dec-19,11675
Sky Bank,692,31-Dec-19,61721.6
Sky Bank,693,31-Dec-19,38888.2
Sky Bank,694,31-Dec-19,25874.2
Sky Bank,695,31-Dec-19,38647.1
Sky Bank,697,31-Dec-19,86950.9
Sky Bank,698,31-Dec-19,38744.6
Sky Bank,699,31-Dec-19,55414.1
Sky Bank,700,31-Dec-19,20863.4
Sky Bank,701,31-Dec-19,54373.9
Sky Bank,702,31-Dec-19,14756.8
Sky Bank,704,31-Dec-19,40783.3
Sky Bank,706,31-Dec-19,62308.6
Sky Bank,709,31-Dec-19,36509.8
Sky Bank,710,31-Dec-19,17788
Sky Bank,711,31-Dec-19,43043.7
Sky Bank,712,31-Dec-19,89452.6
Sky Bank,714,31-Dec-19,11996.8
Sky Bank,715,31-Dec-19,56591.2
Sky Bank,716,31-Dec-19,58687.4
Sky Bank,717,31-Dec-19,56501.7
Sky Bank,718,31-Dec-19,25148.2
Sky Bank,719,31-Dec-19,30353.5
Sky Bank,720,31-Dec-19,19897.8
Sky Bank,721,31-Dec-19,26415.7
Sky Bank,725,31-Dec-19,25621.4
Sky Bank,726,31-Dec-19,27071.8
Sky Bank,728,31-Dec-19,28861.1
Sky Bank,730,31-Dec-19,30151.1
Sky Bank,731,31-Dec-19,16984.7
Sky Bank,732,31-Dec-19,48821.8
Sky Bank,733,31-Dec-19,68573.4
Sky Bank,734,31-Dec-19,19539.3
Sky Bank,737,31-Dec-19,26752.7
Sky Bank,738,31-Dec-19,89038.9
Sky Bank,739,31-Dec-19,55609.9
Sky Bank,740,31-Dec-19,23042.8
Sky Bank,741,31-Dec-19,56331.7
Sky Bank,742,31-Dec-19,19663
Sky Bank,743,31-Dec-19,30630.2
Sky Bank,744,31-Dec-19,17673.2
Sky Bank,746,31-Dec-19,21393.2
Sky Bank,747,31-Dec-19,17846.2
Sky Bank,748,31-Dec-19,44453.1
Sky Bank,750,31-Dec-19,52973.7
Sky Bank,751,31-Dec-19,20556.1
Sky Bank,753,31-Dec-19,22284.7
Sky Bank,754,31-Dec-19,27915.8
Sky Bank,757,31-Dec-19,49211.1
Sky Bank,759,31-Dec-19,49826.8
Sky Bank,761,31-Dec-19,37291.1
Sky Bank,762,31-Dec-19,22649.8
Sky Bank,763,31-Dec-19,29003.9
Sky Bank,764,31-Dec-19,20499.9
Sky Bank,766,31-Dec-19,48350.7
Sky Bank,767,31-Dec-19,28845.2
Sky Bank,770,31-Dec-19,35488.3
Sky Bank,771,31-Dec-19,34006.4
Sky Bank,772,31-Dec-19,94118.8
Sky Bank,773,31-Dec-19,39313.8
Sky Bank,774,31-Dec-19,27027.5
Sky Bank,775,31-Dec-19,68352.5
Sky Bank,776,31-Dec-19,47614.4
Sky Bank,779,31-Dec-19,40943.8
Sky Bank,780,31-Dec-19,40964
Sky Bank,781,31-Dec-19,14488.7
Sky Bank,784,31-Dec-19,50202.9
Sky Bank,786,31-Dec-19,61069.4
Sky Bank,787,31-Dec-19,21802.6
Sky Bank,788,31-Dec-19,25196.7
Sky Bank,789,31-Dec-19,18949.8
Sky Bank,790,31-Dec-19,29021.2
Sky Bank,791,31-Dec-19,21009.2
Sky Bank,793,31-Dec-19,27989.3
Sky Bank,795,31-Dec-19,50046.4
Sky Bank,797,31-Dec-19,35551.2
Sky Bank,798,31-Dec-19,28095.7
Sky Bank,802,31-Dec-19,41583.6
Sky Bank,803,31-Dec-19,7596.3
Sky Bank,804,31-Dec-19,45913.6
Sky Bank,805,31-Dec-19,22219.6
Sky Bank,807,31-Dec-19,51548.8
Sky Bank,808,31-Dec-19,17571.1
Sky Bank,809,31-Dec-19,28052.8
Sky Bank,810,31-Dec-19,22967
Sky Bank,812,31-Dec-19,48805.3
Sky Bank,813,31-Dec-19,39444.8
Sky Bank,814,31-Dec-19,20656.8
Sky Bank,815,31-Dec-19,19023.8
Sky Bank,816,31-Dec-19,31792.7
Sky Bank,817,31-Dec-19,40040.5
Sky Bank,819,31-Dec-19,41021.9
Sky Bank,820,31-Dec-19,46636.7
Sky Bank,821,31-Dec-19,22614.8
Sky Bank,822,31-Dec-19,21316.6
Sky Bank,824,31-Dec-19,30450.5
Sky Bank,825,31-Dec-19,28840.7
Sky Bank,826,31-Dec-19,36375.5
Sky Bank,827,31-Dec-19,17693.3
Sky Bank,829,31-Dec-19,7189.6
Sky Bank,830,31-Dec-19,66300.7
Sky Bank,832,31-Dec-19,16265.2
Sky Bank,833,31-Dec-19,17467.7
Sky Bank,836,31-Dec-19,31047.6
Sky Bank,837,31-Dec-19,71340.5
Sky Bank,839,31-Dec-19,87614.5
Sky Bank,840,31-Dec-19,72269.5
Sky Bank,841,31-Dec-19,39186.2
Sky Bank,842,31-Dec-19,11061
Sky Bank,844,31-Dec-19,53084.2
Sky Bank,846,31-Dec-19,72644
Sky Bank,847,31-Dec-19,19549.3
Sky Bank,848,31-Dec-19,26702.9
Sky Bank,849,31-Dec-19,15111.7
Sky Bank,851,31-Dec-19,56047
Sky Bank,853,31-Dec-19,48028.4
Sky Bank,854,31-Dec-19,24591.5
Sky Bank,855,31-Dec-19,40626.8
Sky Bank,856,31-Dec-19,33320.4
Sky Bank,857,31-Dec-19,15018.9
Sky Bank,858,31-Dec-19,51121
Sky Bank,860,31-Dec-19,28203.9
Sky Bank,861,31-Dec-19,16373
Sky Bank,862,31-Dec-19,57081.7
Sky Bank,863,31-Dec-19,78653.7
Sky Bank,865,31-Dec-19,16004.5
Sky Bank,866,31-Dec-19,40762.2
Sky Bank,870,31-Dec-19,19055.3
Sky Bank,871,31-Dec-19,75354.9
Sky Bank,874,31-Dec-19,22835.3
Sky Bank,875,31-Dec-19,29464
Sky Bank,877,31-Dec-19,31991.6
Sky Bank,878,31-Dec-19,44424.3
Sky Bank,882,31-Dec-19,28153.6
Sky Bank,883,31-Dec-19,45424.9
Sky Bank,884,31-Dec-19,24573.4
Sky Bank,885,31-Dec-19,77980.9
Sky Bank,886,31-Dec-19,75320.1
Sky Bank,887,31-Dec-19,15514.4
Sky Bank,890,31-Dec-19,18250.1
Sky Bank,891,31-Dec-19,35443
Sky Bank,892,31-Dec-19,21999.2
Sky Bank,893,31-Dec-19,94112.4
Sky Bank,894,31-Dec-19,11711.2
Sky Bank,895,31-Dec-19,16741
Sky Bank,896,31-Dec-19,22147.5
Sky Bank,897,31-Dec-19,57093
Sky Bank,898,31-Dec-19,40554
Sky Bank,899,31-Dec-19,29196.9
Sky Bank,900,31-Dec-19,14243.7
Sky Bank,901,31-Dec-19,28943
Sky Bank,902,31-Dec-19,24477.5
Sky Bank,903,31-Dec-19,13358.8
Sky Bank,904,31-Dec-19,79387.9
Sky Bank,907,31-Dec-19,18529.4
Sky Bank,908,31-Dec-19,55469.9
Sky Bank,911,31-Dec-19,49480.9
Sky Bank,913,31-Dec-19,22402.4
Sky Bank,914,31-Dec-19,19424.3
Sky Bank,915,31-Dec-19,50122.8
Sky Bank,916,31-Dec-19,38106.6
Sky Bank,917,31-Dec-19,33971.8
Sky Bank,920,31-Dec-19,22166.3
Sky Bank,921,31-Dec-19,20443.5
Sky Bank,922,31-Dec-19,28991.6
Sky Bank,923,31-Dec-19,25196.2
Sky Bank,924,31-Dec-19,11750.9
Sky Bank,925,31-Dec-19,55169.2
Sky Bank,926,31-Dec-19,10569.2
Sky Bank,928,31-Dec-19,47112.5
Sky Bank,929,31-Dec-19,27187.1
Sky Bank,930,31-Dec-19,40971.1
Sky Bank,931,31-Dec-19,27558.9
Sky Bank,932,31-Dec-19,26097
Sky Bank,933,31-Dec-19,30861.9
Sky Bank,936,31-Dec-19,23409.8
Sky Bank,937,31-Dec-19,29158.3
Sky Bank,939,31-Dec-19,21679.9
Sky Bank,940,31-Dec-19,99897.8
Sky Bank,941,31-Dec-19,13502
Sky Bank,942,31-Dec-19,17114.1
Sky Bank,943,31-Dec-19,20986.4
Sky Bank,944,31-Dec-19,50688.8
Sky Bank,945,31-Dec-19,57727.2
Sky Bank,946,31-Dec-19,48964.2
Sky Bank,947,31-Dec-19,26335
Sky Bank,949,31-Dec-19,10312
Sky Bank,950,31-Dec-19,88189.4
Sky Bank,951,31-Dec-19,21789.3
Sky Bank,953,31-Dec-19,34635.6
Sky Bank,954,31-Dec-19,33998.1
Sky Bank,955,31-Dec-19,56425.8
Sky Bank,956,31-Dec-19,44990
Sky Bank,957,31-Dec-19,18809.6
Sky Bank,958,31-Dec-19,33143.3
Sky Bank,959,31-Dec-19,17319.3
Sky Bank,960,31-Dec-19,55077.8
Sky Bank,962,31-Dec-19,26302.8
Sky Bank,963,31-Dec-19,49358
Sky Bank,964,31-Dec-19,43973.2
Sky Bank,965,31-Dec-19,18966.7
Sky Bank,967,31-Dec-19,57322.9
Sky Bank,968,31-Dec-19,19517.7
Sky Bank,969,31-Dec-19,67959.6
Sky Bank,971,31-Dec-19,36021.4
Sky Bank,973,31-Dec-19,31790.5
Sky Bank,974,31-Dec-19,73990.2
Sky Bank,976,31-Dec-19,44086.4
Sky Bank,977,31-Dec-19,74069
Sky Bank,978,31-Dec-19,44005.1
Sky Bank,979,31-Dec-19,36264.2
Sky Bank,981,31-Dec-19,58017.1
Sky Bank,982,31-Dec-19,28694.2
Sky Bank,984,31-Dec-19,46759.9
Sky Bank,985,31-Dec-19,18818.8
Sky Bank,986,31-Dec-19,23691.5
Sky Bank,987,31-Dec-19,43054.2
Sky Bank,988,31-Dec-19,31679.3
Sky Bank,989,31-Dec-19,15864.8
Sky Bank,990,31-Dec-19,60073.5
Sky Bank,991,31-Dec-19,75670.9
Sky Bank,992,31-Dec-19,20002.7
Sky Bank,993,31-Dec-19,35109.4
Sky Bank,994,31-Dec-19,26099.1
Sky Bank,995,31-Dec-19,21559
Sky Bank,998,31-Dec-19,29830.9
Sky Bank,1000,31-Dec-19,83238.1
Sky Bank,1002,31-Dec-19,25284.3
Sky Bank,1003,31-Dec-19,62990
Sky Bank,1004,31-Dec-19,58253.7
Sky Bank,1005,31-Dec-19,92421.4
Sky Bank,1006,31-Dec-19,33316.9
Sky Bank,1007,31-Dec-19,33381.8
Sky Bank,1008,31-Dec-19,18477
Sky Bank,1009,31-Dec-19,54588.3
Sky Bank,1010,31-Dec-19,49303.5
Sky Bank,1011,31-Dec-19,68876.4
Sky Bank,1012,31-Dec-19,38990.6
Sky Bank,1013,31-Dec-19,14324.1
Sky Bank,1014,31-Dec-19,21411
Sky Bank,1016,31-Dec-19,101681.2
Sky Bank,1017,31-Dec-19,48211.4
Sky Bank,1018,31-Dec-19,17895.5
Sky Bank,1019,31-Dec-19,52656.8
Sky Bank,1020,31-Dec-19,27389.8
Sky Bank,1022,31-Dec-19,43020.2
Sky Bank,1023,31-Dec-19,31892.7
Sky Bank,1029,31-Dec-19,42254.6
Sky Bank,1030,31-Dec-19,27711.3
Sky Bank,1031,31-Dec-19,32098.7
Sky Bank,1032,31-Dec-19,59834.4
Sky Bank,1036,31-Dec-19,48069
Sky Bank,1038,31-Dec-19,18121.5
Sky Bank,1039,31-Dec-19,61847.3
Sky Bank,1040,31-Dec-19,24311.3
Sky Bank,1042,31-Dec-19,47758.8
Sky Bank,1044,31-Dec-19,53152
Sky Bank,1045,31-Dec-19,26162.2
Sky Bank,1046,31-Dec-19,31999.3
Sky Bank,1047,31-Dec-19,20936.6
Sky Bank,1048,31-Dec-19,18723.7
Sky Bank,1050,31-Dec-19,76236.2
Sky Bank,1051,31-Dec-19,58383.8
Sky Bank,1052,31-Dec-19,13813.5
Sky Bank,1053,31-Dec-19,27686.4
Sky Bank,1054,31-Dec-19,25839.7
Sky Bank,1057,31-Dec-19,16162.3
Sky Bank,1058,31-Dec-19,84438.2
Sky Bank,1059,31-Dec-19,12650.2
Sky Bank,1062,31-Dec-19,57741.2
Sky Bank,1063,31-Dec-19,28654.6
Sky Bank,1065,31-Dec-19,39043.2
Sky Bank,1066,31-Dec-19,50338
Sky Bank,1067,31-Dec-19,58363
Sky Bank,1069,31-Dec-19,19912.3
Sky Bank,1070,31-Dec-19,31368.2
Sky Bank,1071,31-Dec-19,28620.4
Sky Bank,1073,31-Dec-19,43140.2
Sky Bank,1074,31-Dec-19,74948.7
Sky Bank,1075,31-Dec-19,29651.3
Sky Bank,1076,31-Dec-19,45036.7
Sky Bank,1077,31-Dec-19,49361.5
Sky Bank,1078,31-Dec-19,22822.4
Sky Bank,1079,31-Dec-19,41166.8
Sky Bank,1080,31-Dec-19,71446.9
Sky Bank,1082,31-Dec-19,15066
Sky Bank,1083,31-Dec-19,17838.2
Sky Bank,1086,31-Dec-19,15360.8
Sky Bank,1087,31-Dec-19,44421.6
Sky Bank,1088,31-Dec-19,30816.7
Sky Bank,1089,31-Dec-19,39157.9
Sky Bank,1090,31-Dec-19,22904.3
Sky Bank,1091,31-Dec-19,49495.7
Sky Bank,1092,31-Dec-19,22608.6
Sky Bank,1093,31-Dec-19,15863.8
Sky Bank,1094,31-Dec-19,26807
Sky Bank,1097,31-Dec-19,45773.1
Sky Bank,1098,31-Dec-19,12101.8
Sky Bank,1102,31-Dec-19,22429.1
Sky Bank,1103,31-Dec-19,46374.8
Sky Bank,1104,31-Dec-19,46347.4
Sky Bank,1105,31-Dec-19,12219.3
Sky Bank,1106,31-Dec-19,92636.3
Sky Bank,1107,31-Dec-19,30988.9
Sky Bank,1108,31-Dec-19,36377.9
Sky Bank,1109,31-Dec-19,52948.9
Sky Bank,1111,31-Dec-19,45480.5
Sky Bank,1112,31-Dec-19,57931.9
Sky Bank,1113,31-Dec-19,39292.7
Sky Bank,1114,31-Dec-19,19691.5
Sky Bank,1115,31-Dec-19,17367.6
Sky Bank,1116,31-Dec-19,53714.8
Sky Bank,1118,31-Dec-19,19047.7
Sky Bank,1120,31-Dec-19,17641.3
Sky Bank,1121,31-Dec-19,52265.2
Sky Bank,1122,31-Dec-19,34931
Sky Bank,1123,31-Dec-19,24718.2
Sky Bank,1124,31-Dec-19,32614.6
Sky Bank,1126,31-Dec-19,50610.6
Sky Bank,1127,31-Dec-19,57124.2
Sky Bank,1128,31-Dec-19,36391.7
Sky Bank,1129,31-Dec-19,41621
Sky Bank,1132,31-Dec-19,47789.9
Sky Bank,1133,31-Dec-19,16147.3
Sky Bank,1134,31-Dec-19,17397
Sky Bank,1135,31-Dec-19,26117.6
Sky Bank,1136,31-Dec-19,34608
Sky Bank,1137,31-Dec-19,15478.4
Sky Bank,1139,31-Dec-19,42834.6
Sky Bank,1142,31-Dec-19,18281.5
Sky Bank,1144,31-Dec-19,16762.9
Sky Bank,1145,31-Dec-19,17848.3
Sky Bank,1146,31-Dec-19,63705.6
Sky Bank,1147,31-Dec-19,50464.7
Sky Bank,1149,31-Dec-19,36759.4
Sky Bank,1151,31-Dec-19,64209.4
Sky Bank,1152,31-Dec-19,14983.1
Sky Bank,1153,31-Dec-19,32878.6
Sky Bank,1155,31-Dec-19,19054.8
Sky Bank,1157,31-Dec-19,47748.1
Sky Bank,1158,31-Dec-19,30994.2
Sky Bank,1159,31-Dec-19,29650.3
Sky Bank,1160,31-Dec-19,57465.8
Sky Bank,1161,31-Dec-19,15570.4
Sky Bank,1164,31-Dec-19,33288.4
Sky Bank,1166,31-Dec-19,29795
Sky Bank,1168,31-Dec-19,16716.8
Sky Bank,1169,31-Dec-19,27831.4
Sky Bank,1170,31-Dec-19,34384.3
Sky Bank,1174,31-Dec-19,80646.9
Sky Bank,1179,31-Dec-19,25492
Sky Bank,1180,31-Dec-19,45460.2
Sky Bank,1183,31-Dec-19,32878
Sky Bank,1184,31-Dec-19,59684.1
Sky Bank,1187,31-Dec-19,28948.2
Sky Bank,1188,31-Dec-19,32203
Sky Bank,1189,31-Dec-19,27849.4
Sky Bank,1190,31-Dec-19,35118
Sky Bank,1192,31-Dec-19,40590.2
Sky Bank,1193,31-Dec-19,29348.8
Sky Bank,1194,31-Dec-19,40454.9
Sky Bank,1196,31-Dec-19,23838.1
Sky Bank,1197,31-Dec-19,34235.3
Sky Bank,1200,31-Dec-19,43205.4
Sky Bank,1201,31-Dec-19,50612.3
Sky Bank,1203,31-Dec-19,82560.2
Sky Bank,1204,31-Dec-19,68216.9
Sky Bank,1205,31-Dec-19,18818.4
Sky Bank,1206,31-Dec-19,16173.4
Sky Bank,1207,31-Dec-19,44999.4
Sky Bank,1210,31-Dec-19,54395.3
Sky Bank,1211,31-Dec-19,46693.9
Sky Bank,1212,31-Dec-19,11950.8
Sky Bank,1213,31-Dec-19,17777
Sky Bank,1216,31-Dec-19,16569.7
Sky Bank,1217,31-Dec-19,19335.5
Sky Bank,1218,31-Dec-19,49219.8
Sky Bank,1219,31-Dec-19,28957.8
Sky Bank,1220,31-Dec-19,32665.6
Sky Bank,1222,31-Dec-19,28783.1
Sky Bank,1223,31-Dec-19,44055.9
Sky Bank,1225,31-Dec-19,59598.3
Sky Bank,1226,31-Dec-19,22137.6
Sky Bank,1227,31-Dec-19,42154.3
Sky Bank,1228,31-Dec-19,39150.2
Sky Bank,1231,31-Dec-19,49548.2
Sky Bank,1232,31-Dec-19,28763
Sky Bank,1233,31-Dec-19,16731
Sky Bank,1234,31-Dec-19,16003.6
Sky Bank,1235,31-Dec-19,27938.7
Sky Bank,1236,31-Dec-19,19753.5
Sky Bank,1237,31-Dec-19,78047.2
Sky Bank,1238,31-Dec-19,26929.5
Sky Bank,1239,31-Dec-19,13106.6
Sky Bank,1241,31-Dec-19,19227
Sky Bank,1242,31-Dec-19,38169.2
Sky Bank,1243,31-Dec-19,30679.9
Sky Bank,1244,31-Dec-19,23144.9
Sky Bank,1246,31-Dec-19,21819.4
Sky Bank,1247,31-Dec-19,53970.2
Sky Bank,1248,31-Dec-19,28172.7
Sky Bank,1249,31-Dec-19,28117.7
Sky Bank,1250,31-Dec-19,28272.8
Sky Bank,1251,31-Dec-19,55506
Sky Bank,1252,31-Dec-19,48597.1
Sky Bank,1254,31-Dec-19,67268.9
Sky Bank,1256,31-Dec-19,29053.6
Sky Bank,1257,31-Dec-19,52929.3
Sky Bank,1258,31-Dec-19,12354
Sky Bank,1260,31-Dec-19,24707.2
Sky Bank,1261,31-Dec-19,45373.4
Sky Bank,1263,31-Dec-19,66914.2
Sky Bank,1265,31-Dec-19,20596.6
Sky Bank,1266,31-Dec-19,39890.3
Sky Bank,1267,31-Dec-19,70580.1
Sky Bank,1268,31-Dec-19,39682.1
Sky Bank,1269,31-Dec-19,28015.1
Sky Bank,1270,31-Dec-19,19625
Sky Bank,1271,31-Dec-19,18546.3
Sky Bank,1272,31-Dec-19,50261.2
Sky Bank,1273,31-Dec-19,43348.3
Sky Bank,1274,31-Dec-19,30155.3
Sky Bank,1275,31-Dec-19,25142.9
Sky Bank,1276,31-Dec-19,37988.3
Sky Bank,1277,31-Dec-19,25143.3
Sky Bank,1280,31-Dec-19,22145.6
Sky Bank,1285,31-Dec-19,27896.3
Sky Bank,1286,31-Dec-19,111721
Sky Bank,1287,31-Dec-19,34899.1
Sky Bank,1288,31-Dec-19,19129
Sky Bank,1289,31-Dec-19,81880.2
Sky Bank,1291,31-Dec-19,22735.1
Sky Bank,1292,31-Dec-19,45891.6
Sky Bank,1293,31-Dec-19,76987
Sky Bank,1294,31-Dec-19,21035.1
Sky Bank,1295,31-Dec-19,22187.3
Sky Bank,1296,31-Dec-19,5834.1
Sky Bank,1297,31-Dec-19,46846.4
Sky Bank,1298,31-Dec-19,30565.6
Sky Bank,1299,31-Dec-19,14831
Sky Bank,1301,31-Dec-19,14478.6
Sky Bank,1302,31-Dec-19,28587.2
Sky Bank,1304,31-Dec-19,20969.7
Sky Bank,1305,31-Dec-19,78661.9
Sky Bank,1306,31-Dec-19,26955.7
Sky Bank,1307,31-Dec-19,28971.3
Sky Bank,1309,31-Dec-19,94815.5
Sky Bank,1310,31-Dec-19,22680.3
Sky Bank,1311,31-Dec-19,12210.7
Sky Bank,1312,31-Dec-19,28504.6
Sky Bank,1314,31-Dec-19,35205.3
Sky Bank,1315,31-Dec-19,33012.4
Sky Bank,1317,31-Dec-19,33516.3
Sky Bank,1320,31-Dec-19,26685.1
Sky Bank,1322,31-Dec-19,19462.5
Sky Bank,1323,31-Dec-19,42144.5
Sky Bank,1324,31-Dec-19,49876.3
Sky Bank,1325,31-Dec-19,14236.4
Sky Bank,1326,31-Dec-19,18098.4
Sky Bank,1327,31-Dec-19,49827.1
Sky Bank,1328,31-Dec-19,43964.6
Sky Bank,1329,31-Dec-19,31810.3
Sky Bank,1330,31-Dec-19,24023.3
Sky Bank,1331,31-Dec-19,26757.1
Sky Bank,1332,31-Dec-19,92035.4
Sky Bank,1333,31-Dec-19,14930.6
Sky Bank,1334,31-Dec-19,30443.5
Sky Bank,1335,31-Dec-19,40549.4
Sky Bank,1337,31-Dec-19,45210.7
Sky Bank,1338,31-Dec-19,79577.4
Sky Bank,1341,31-Dec-19,19179.8
Sky Bank,1344,31-Dec-19,62610.3
Sky Bank,1345,31-Dec-19,84429.4
Sky Bank,1349,31-Dec-19,17488.6
Sky Bank,1350,31-Dec-19,46113.1
Sky Bank,1351,31-Dec-19,17266.3
Sky Bank,1352,31-Dec-19,48833.7
Sky Bank,1353,31-Dec-19,43337.2
Sky Bank,1357,31-Dec-19,33519.5
Sky Bank,1358,31-Dec-19,21444.4
Sky Bank,1359,31-Dec-19,33527.9
Sky Bank,1360,31-Dec-19,38995
Sky Bank,1365,31-Dec-19,35059
Sky Bank,1366,31-Dec-19,22683.6
Sky Bank,1367,31-Dec-19,29638.1
Sky Bank,1368,31-Dec-19,39701.9
Sky Bank,1369,31-Dec-19,39982.3
Sky Bank,1371,31-Dec-19,21321.5
Sky Bank,1372,31-Dec-19,51178.8
Sky Bank,1373,31-Dec-19,17293.7
Sky Bank,1374,31-Dec-19,53834.5
Sky Bank,1375,31-Dec-19,46225.7
Sky Bank,1376,31-Dec-19,28186.5
Sky Bank,1378,31-Dec-19,66493.4
Sky Bank,1380,31-Dec-19,44402
Sky Bank,1381,31-Dec-19,19013.1
Sky Bank,1382,31-Dec-19,22536.8
Sky Bank,1383,31-Dec-19,33607.5
Sky Bank,1384,31-Dec-19,40432.8
Sky Bank,1388,31-Dec-19,39830.2
Sky Bank,1392,31-Dec-19,91329.8
Sky Bank,1393,31-Dec-19,16439.2
Sky Bank,1394,31-Dec-19,36083.5
Sky Bank,1395,31-Dec-19,24501.8
Sky Bank,1396,31-Dec-19,51328.7
Sky Bank,1397,31-Dec-19,47537.2
Sky Bank,1399,31-Dec-19,22917.9
Sky Bank,1401,31-Dec-19,38101.6
Sky Bank,1402,31-Dec-19,33557.3
Sky Bank,1403,31-Dec-19,43242.1
Sky Bank,1404,31-Dec-19,27892.7
Sky Bank,1405,31-Dec-19,26354.9
Sky Bank,1406,31-Dec-19,20692.2
Sky Bank,1408,31-Dec-19,74200.6
Sky Bank,1410,31-Dec-19,69778.1
Sky Bank,1411,31-Dec-19,69180.7
Sky Bank,1412,31-Dec-19,26958.3
Sky Bank,1413,31-Dec-19,17868.4
Sky Bank,1414,31-Dec-19,13946.6
Sky Bank,1416,31-Dec-19,57617.2
Sky Bank,1417,31-Dec-19,65032.3
Sky Bank,1419,31-Dec-19,28923.6
Sky Bank,1420,31-Dec-19,26378.6
Sky Bank,1421,31-Dec-19,39049.3
Sky Bank,1422,31-Dec-19,25383.7
Sky Bank,1423,31-Dec-19,18870.7
Sky Bank,1425,31-Dec-19,51030.3
Sky Bank,1426,31-Dec-19,15721.4
Sky Bank,1427,31-Dec-19,49079.4
Sky Bank,1429,31-Dec-19,26729.6
Sky Bank,1431,31-Dec-19,24559.6
Sky Bank,1435,31-Dec-19,34076.9
Sky Bank,1436,31-Dec-19,32436.5
Sky Bank,1437,31-Dec-19,13271.1
Sky Bank,1439,31-Dec-19,17964.1
Sky Bank,1440,31-Dec-19,17838.7
Sky Bank,1441,31-Dec-19,20365.4
Sky Bank,1442,31-Dec-19,42160.7
Sky Bank,1444,31-Dec-19,29598.2
Sky Bank,1445,31-Dec-19,20083
Sky Bank,1446,31-Dec-19,45967.2
Sky Bank,1448,31-Dec-19,17157.5
Sky Bank,1449,31-Dec-19,46072.1
Sky Bank,1450,31-Dec-19,37019.4
Sky Bank,1451,31-Dec-19,22103.5
Sky Bank,1452,31-Dec-19,59606.7
Sky Bank,1453,31-Dec-19,77444.1
Sky Bank,1455,31-Dec-19,33157.6
Sky Bank,1456,31-Dec-19,70568.6
Sky Bank,1458,31-Dec-19,32792.1
Sky Bank,1461,31-Dec-19,53268.5
Sky Bank,1463,31-Dec-19,19858.9
Sky Bank,1464,31-Dec-19,23581.6
Sky Bank,1465,31-Dec-19,20331.2
Sky Bank,1467,31-Dec-19,61025.9
Sky Bank,1468,31-Dec-19,20475.1
Sky Bank,1469,31-Dec-19,16602.7
Sky Bank,1470,31-Dec-19,37281.4
Sky Bank,1471,31-Dec-19,32044.5
Sky Bank,1472,31-Dec-19,28593.4
Sky Bank,1473,31-Dec-19,16609.6
Sky Bank,1475,31-Dec-19,44417.5
Sky Bank,1476,31-Dec-19,11823.5
Sky Bank,1477,31-Dec-19,18301.1
Sky Bank,1478,31-Dec-19,42922.2
Sky Bank,1479,31-Dec-19,28894
Sky Bank,1480,31-Dec-19,27998.4
Sky Bank,1481,31-Dec-19,21004.6
Sky Bank,1483,31-Dec-19,26208.6
Sky Bank,1485,31-Dec-19,81633.5
Sky Bank,1486,31-Dec-19,58957.5
Sky Bank,1487,31-Dec-19,22608.5
Sky Bank,1490,31-Dec-19,42257
Sky Bank,1493,31-Dec-19,17239.2
Sky Bank,1495,31-Dec-19,48795.4
Sky Bank,1496,31-Dec-19,38912.8
Sky Bank,1497,31-Dec-19,23292.6
Sky Bank,1499,31-Dec-19,30050.5
Sky Bank,1500,31-Dec-19,50936.8
Sky Bank,1501,31-Dec-19,21587.6
Sky Bank,1502,31-Dec-19,55243.8
Sky Bank,1503,31-Dec-19,23953.5
Sky Bank,1504,31-Dec-19,44657.4
Sky Bank,1505,31-Dec-19,28144.7
Sky Bank,1507,31-Dec-19,39074.6
Sky Bank,1508,31-Dec-19,59903.7
Sky Bank,1509,31-Dec-19,26930.5
Sky Bank,1510,31-Dec-19,57508.3
Sky Bank,1511,31-Dec-19,56742.5
Sky Bank,1512,31-Dec-19,35200.3
Sky Bank,1513,31-Dec-19,54373.9
Sky Bank,1515,31-Dec-19,50093.6
Sky Bank,1516,31-Dec-19,30874.6
Sky Bank,1518,31-Dec-19,102469.5
Sky Bank,1519,31-Dec-19,85289.6
Sky Bank,1520,31-Dec-19,27189.2
Sky Bank,1521,31-Dec-19,11714.6
Sky Bank,1525,31-Dec-19,18940.8
Sky Bank,1526,31-Dec-19,46319.8
Sky Bank,1527,31-Dec-19,82684.8
Sky Bank,1528,31-Dec-19,47058.9
Sky Bank,1529,31-Dec-19,21254.4
Sky Bank,1530,31-Dec-19,14849.7
Sky Bank,1532,31-Dec-19,37480.2
Sky Bank,1534,31-Dec-19,45970.8
Sky Bank,1535,31-Dec-19,54469.8
Sky Bank,1536,31-Dec-19,55165.9
Sky Bank,1538,31-Dec-19,80927.5
Sky Bank,1539,31-Dec-19,10106.6
Sky Bank,1540,31-Dec-19,34463.7
Sky Bank,1541,31-Dec-19,18189.4
Sky Bank,1542,31-Dec-19,27681.9
Sky Bank,1543,31-Dec-19,50055.5
Sky Bank,1544,31-Dec-19,40831.8
Sky Bank,1545,31-Dec-19,32557.1
Sky Bank,1546,31-Dec-19,17147.6
Sky Bank,1547,31-Dec-19,39938.3
Sky Bank,1548,31-Dec-19,11650.7
Sky Bank,1549,31-Dec-19,22279.9
Sky Bank,1550,31-Dec-19,23226.1
Sky Bank,1552,31-Dec-19,63584.8
Sky Bank,1554,31-Dec-19,64025.6
Sky Bank,1558,31-Dec-19,20510.8
Sky Bank,1559,31-Dec-19,49768.5
Sky Bank,1561,31-Dec-19,45222.1
Sky Bank,1562,31-Dec-19,20598
Sky Bank,1564,31-Dec-19,42414
Sky Bank,1565,31-Dec-19,43893.8
Sky Bank,1566,31-Dec-19,33589.5
Sky Bank,1568,31-Dec-19,59442.6
Sky Bank,1570,31-Dec-19,21615.1
Sky Bank,1571,31-Dec-19,21381.2
Sky Bank,1575,31-Dec-19,14200
Sky Bank,1576,31-Dec-19,80375
Sky Bank,1577,31-Dec-19,18681.3
Sky Bank,1578,31-Dec-19,35657.3
Sky Bank,1579,31-Dec-19,43859.6
Sky Bank,1580,31-Dec-19,27763.1
Sky Bank,1581,31-Dec-19,52485
Sky Bank,1582,31-Dec-19,31328
Sky Bank,1583,31-Dec-19,58265.8
Sky Bank,1584,31-Dec-19,26748.1
Sky Bank,1585,31-Dec-19,61118.5
Sky Bank,1586,31-Dec-19,56241.5
Sky Bank,1587,31-Dec-19,22787
Sky Bank,1588,31-Dec-19,25995
Sky Bank,1589,31-Dec-19,18814.2
Sky Bank,1590,31-Dec-19,36865.6
Sky Bank,1591,31-Dec-19,79998.5
Sky Bank,1592,31-Dec-19,53507.2
Sky Bank,1597,31-Dec-19,18868.9
Sky Bank,1599,31-Dec-19,64491.3
Sky Bank,1601,31-Dec-19,22584.9
Sky Bank,1602,31-Dec-19,21112
Sky Bank,1603,31-Dec-19,40047.6
Sky Bank,1604,31-Dec-19,37861.5
Sky Bank,1605,31-Dec-19,43434.9
Sky Bank,1606,31-Dec-19,36483.6
Sky Bank,1607,31-Dec-19,45408.6
Sky Bank,1609,31-Dec-19,13655.3
Sky Bank,1610,31-Dec-19,69107.5
Sky Bank,1611,31-Dec-19,42410.1
Sky Bank,1612,31-Dec-19,42324
Sky Bank,1613,31-Dec-19,12314.1
Sky Bank,1614,31-Dec-19,49533.9
Sky Bank,1617,31-Dec-19,16287.9
Sky Bank,1620,31-Dec-19,26398.9
Sky Bank,1621,31-Dec-19,44208
Sky Bank,1622,31-Dec-19,30445.6
Sky Bank,1623,31-Dec-19,41957
Sky Bank,1624,31-Dec-19,25171.6
Sky Bank,1625,31-Dec-19,26888.1
Sky Bank,1626,31-Dec-19,23073
Sky Bank,1627,31-Dec-19,43583
Sky Bank,1628,31-Dec-19,21127.6
Sky Bank,1629,31-Dec-19,19841.3
Sky Bank,1630,31-Dec-19,19715
Sky Bank,1632,31-Dec-19,75492.6
Sky Bank,1633,31-Dec-19,39209.4
Sky Bank,1634,31-Dec-19,60652.2
Sky Bank,1635,31-Dec-19,63377
Sky Bank,1637,31-Dec-19,27922.4
Sky Bank,1638,31-Dec-19,58685.4
Sky Bank,1640,31-Dec-19,33036.6
Sky Bank,1641,31-Dec-19,98109.6
Sky Bank,1642,31-Dec-19,22162.7
Sky Bank,1644,31-Dec-19,41554
Sky Bank,1645,31-Dec-19,31494.4
Sky Bank,1646,31-Dec-19,97540.3
Sky Bank,1649,31-Dec-19,32190.9
Sky Bank,1652,31-Dec-19,17850.1
Sky Bank,1653,31-Dec-19,64333.4
Sky Bank,1654,31-Dec-19,59925.6
Sky Bank,1655,31-Dec-19,29585.3
Sky Bank,1658,31-Dec-19,24239.5
Sky Bank,1660,31-Dec-19,5235
Sky Bank,1663,31-Dec-19,13080.1
Sky Bank,1664,31-Dec-19,24261.3
Sky Bank,1666,31-Dec-19,43543.9
Sky Bank,1667,31-Dec-19,31330.2
Sky Bank,1669,31-Dec-19,28505.3
Sky Bank,1670,31-Dec-19,19246.3
Sky Bank,1671,31-Dec-19,25126.5
Sky Bank,1672,31-Dec-19,62171.5
Sky Bank,1673,31-Dec-19,13924
Sky Bank,1674,31-Dec-19,26474.5
Sky Bank,1675,31-Dec-19,31149.2
Sky Bank,1678,31-Dec-19,64123.7
Sky Bank,1679,31-Dec-19,53212.4
Sky Bank,1680,31-Dec-19,53179.9
Sky Bank,1682,31-Dec-19,40413.1
Sky Bank,1683,31-Dec-19,33187.1
Sky Bank,1684,31-Dec-19,50747.9
Sky Bank,1685,31-Dec-19,22264.5
Sky Bank,1686,31-Dec-19,37002.6
Sky Bank,1688,31-Dec-19,23769.4
Sky Bank,1689,31-Dec-19,13815
Sky Bank,1690,31-Dec-19,27078
Sky Bank,1691,31-Dec-19,19870.9
Sky Bank,1692,31-Dec-19,29224.3
Sky Bank,1694,31-Dec-19,72715.2
Sky Bank,1695,31-Dec-19,89645.5
Sky Bank,1696,31-Dec-19,17855.8
Sky Bank,1698,31-Dec-19,41565.8
Sky Bank,1699,31-Dec-19,14737
Sky Bank,1700,31-Dec-19,56887.1
Sky Bank,1701,31-Dec-19,24036.7
Sky Bank,1702,31-Dec-19,27060
Sky Bank,1704,31-Dec-19,18262.2
Sky Bank,1705,31-Dec-19,25204.3
Sky Bank,1706,31-Dec-19,47169.5
Sky Bank,1708,31-Dec-19,13603.7
Sky Bank,1709,31-Dec-19,50197.3
Sky Bank,1711,31-Dec-19,21382.5
Sky Bank,1713,31-Dec-19,14981.2
Sky Bank,1714,31-Dec-19,20332.2
Sky Bank,1715,31-Dec-19,86342.9
Sky Bank,1716,31-Dec-19,30135.9
Sky Bank,1719,31-Dec-19,27449.1
Sky Bank,1722,31-Dec-19,63245.8
Sky Bank,1725,31-Dec-19,56345.4
Sky Bank,1726,31-Dec-19,29265.5
Sky Bank,1728,31-Dec-19,12092.9
Sky Bank,1730,31-Dec-19,46627.7
Sky Bank,1731,31-Dec-19,26505
Sky Bank,1732,31-Dec-19,43281.3
Sky Bank,1733,31-Dec-19,11808.3
Sky Bank,1737,31-Dec-19,48320.9
Sky Bank,1738,31-Dec-19,13099.4
Sky Bank,1739,31-Dec-19,67625.4
Sky Bank,1741,31-Dec-19,26465.4
Sky Bank,1742,31-Dec-19,75475.2
Sky Bank,1743,31-Dec-19,29726.9
Sky Bank,1744,31-Dec-19,22208.2
Sky Bank,1749,31-Dec-19,28925.9
Sky Bank,1750,31-Dec-19,89586.8
Sky Bank,1751,31-Dec-19,25879.6
Sky Bank,1752,31-Dec-19,70631.2
Sky Bank,1754,31-Dec-19,71284.2
Sky Bank,1756,31-Dec-19,52273.6
Sky Bank,1757,31-Dec-19,50736.4
Sky Bank,1758,31-Dec-19,68333.2
Sky Bank,1759,31-Dec-19,20208.2
Sky Bank,1760,31-Dec-19,35537.7
Sky Bank,1761,31-Dec-19,27499.4
Sky Bank,1762,31-Dec-19,19810
Sky Bank,1763,31-Dec-19,67784.1
Sky Bank,1765,31-Dec-19,19722.8
Sky Bank,1766,31-Dec-19,27121.9
Sky Bank,1767,31-Dec-19,79670.2
Sky Bank,1768,31-Dec-19,57267.2
Sky Bank,1769,31-Dec-19,34694
Sky Bank,1770,31-Dec-19,68177.5
Sky Bank,1771,31-Dec-19,37909.5
Sky Bank,1772,31-Dec-19,31796.5
Sky Bank,1773,31-Dec-19,16497.3
Sky Bank,1774,31-Dec-19,13373.8
Sky Bank,1775,31-Dec-19,15959.1
Sky Bank,1777,31-Dec-19,45406.1
Sky Bank,1778,31-Dec-19,44773.6
Sky Bank,1779,31-Dec-19,77917.5
Sky Bank,1780,31-Dec-19,79809.7
Sky Bank,1781,31-Dec-19,27782.6
Sky Bank,1782,31-Dec-19,43601.6
Sky Bank,1784,31-Dec-19,17127.7
Sky Bank,1786,31-Dec-19,73850.2
Sky Bank,1787,31-Dec-19,72972.7
Sky Bank,1788,31-Dec-19,26322.7
Sky Bank,1791,31-Dec-19,39622.8
Sky Bank,1792,31-Dec-19,17056.3
Sky Bank,1793,31-Dec-19,32382.5
Sky Bank,1796,31-Dec-19,55397.5
Sky Bank,1797,31-Dec-19,47817.9
Sky Bank,1799,31-Dec-19,21013
Sky Bank,1800,31-Dec-19,30711.1
Sky Bank,1801,31-Dec-19,52084.2
Sky Bank,1802,31-Dec-19,30721.8
Sky Bank,1803,31-Dec-19,54787.8
Sky Bank,1804,31-Dec-19,88150.3
Sky Bank,1805,31-Dec-19,84814.8
Sky Bank,1806,31-Dec-19,30549.4
Sky Bank,1809,31-Dec-19,31230.1
Sky Bank,1810,31-Dec-19,39108.7
Sky Bank,1811,31-Dec-19,25639
Sky Bank,1813,31-Dec-19,59472.4
Sky Bank,1815,31-Dec-19,30116.9
Sky Bank,1816,31-Dec-19,17390.6
Sky Bank,1819,31-Dec-19,69900
Sky Bank,1820,31-Dec-19,49076.2
Sky Bank,1821,31-Dec-19,30532.2
Sky Bank,1822,31-Dec-19,29700.7
Sky Bank,1824,31-Dec-19,61739.4
Sky Bank,1825,31-Dec-19,35281.7
Sky Bank,1826,31-Dec-19,39175.5
Sky Bank,1827,31-Dec-19,29692.7
Sky Bank,1828,31-Dec-19,30033.8
Sky Bank,1829,31-Dec-19,42964.5
Sky Bank,1830,31-Dec-19,22561.1
Sky Bank,1831,31-Dec-19,25464.3
Sky Bank,1832,31-Dec-19,37029.9
Sky Bank,1834,31-Dec-19,52879.3
Sky Bank,1835,31-Dec-19,54529.6
Sky Bank,1836,31-Dec-19,30067.9
Sky Bank,1837,31-Dec-19,82239.9
Sky Bank,1838,31-Dec-19,42487.8
Sky Bank,1843,31-Dec-19,24469.7
Sky Bank,1844,31-Dec-19,33504.9
Sky Bank,1846,31-Dec-19,19678.3
Sky Bank,1847,31-Dec-19,33039.2
Sky Bank,1848,31-Dec-19,13755.8
Sky Bank,1851,31-Dec-19,36306.3
Sky Bank,1852,31-Dec-19,14823.4
Sky Bank,1856,31-Dec-19,24812.7
Sky Bank,1858,31-Dec-19,27066.9
Sky Bank,1859,31-Dec-19,18953.3
Sky Bank,1861,31-Dec-19,49858.6
Sky Bank,1862,31-Dec-19,60593.7
Sky Bank,1865,31-Dec-19,29968.3
Sky Bank,1867,31-Dec-19,81112.2
Sky Bank,1869,31-Dec-19,46770.3
Sky Bank,1870,31-Dec-19,39635.9
Sky Bank,1871,31-Dec-19,42355.4
Sky Bank,1874,31-Dec-19,35472.8
Sky Bank,1875,31-Dec-19,15099.8
Sky Bank,1877,31-Dec-19,35573.9
Sky Bank,1878,31-Dec-19,46096.5
Sky Bank,1879,31-Dec-19,13508.8
Sky Bank,1880,31-Dec-19,25786.2
Sky Bank,1882,31-Dec-19,22051.7
Sky Bank,1885,31-Dec-19,48912.2
Sky Bank,1886,31-Dec-19,22251.4
Sky Bank,1887,31-Dec-19,25881
Sky Bank,1888,31-Dec-19,44552.1
Sky Bank,1889,31-Dec-19,30542.5
Sky Bank,1891,31-Dec-19,60549.8
Sky Bank,1892,31-Dec-19,18951.3
Sky Bank,1893,31-Dec-19,42690.5
Sky Bank,1894,31-Dec-19,50219.2
Sky Bank,1895,31-Dec-19,44233.5
Sky Bank,1896,31-Dec-19,24408.3
Sky Bank,1897,31-Dec-19,43293.4
Sky Bank,1898,31-Dec-19,19416
Sky Bank,1899,31-Dec-19,10084.7
Sky Bank,1900,31-Dec-19,47802.6
Sky Bank,1901,31-Dec-19,21355.7
Sky Bank,1902,31-Dec-19,23246.9
Sky Bank,1903,31-Dec-19,31730.6
Sky Bank,1904,31-Dec-19,26718.7
Sky Bank,1905,31-Dec-19,40510.6
Sky Bank,1906,31-Dec-19,55724
Sky Bank,1908,31-Dec-19,24153.2
Sky Bank,1909,31-Dec-19,18297.4
Sky Bank,1910,31-Dec-19,66652.3
Sky Bank,1911,31-Dec-19,52096.9
Sky Bank,1912,31-Dec-19,29052.3
Sky Bank,1913,31-Dec-19,37413.7
Sky Bank,1914,31-Dec-19,39982.7
Sky Bank,1916,31-Dec-19,30050.5
Sky Bank,1917,31-Dec-19,19580.6
Sky Bank,1918,31-Dec-19,11668.8
Sky Bank,1919,31-Dec-19,78645.3
Sky Bank,1920,31-Dec-19,38069.4
Sky Bank,1922,31-Dec-19,79113.7
Sky Bank,1924,31-Dec-19,29757.6
Sky Bank,1925,31-Dec-19,32030
Sky Bank,1926,31-Dec-19,16230.8
Sky Bank,1927,31-Dec-19,22333.2
Sky Bank,1930,31-Dec-19,24338.8
Sky Bank,1931,31-Dec-19,36667.2
Sky Bank,1932,31-Dec-19,5285.4
Sky Bank,1934,31-Dec-19,50843.6
Sky Bank,1935,31-Dec-19,50075.1
Sky Bank,1936,31-Dec-19,20226.8
Sky Bank,1937,31-Dec-19,21895
Sky Bank,1938,31-Dec-19,43572.7
Sky Bank,1939,31-Dec-19,43283.4
Sky Bank,1940,31-Dec-19,16918.4
Sky Bank,1941,31-Dec-19,25745.4
Sky Bank,1944,31-Dec-19,36543.3
Sky Bank,1945,31-Dec-19,63712.6
Sky Bank,1947,31-Dec-19,37439.1
Sky Bank,1948,31-Dec-19,20108.2
Sky Bank,1949,31-Dec-19,29506.8
Sky Bank,1952,31-Dec-19,44904.8
Sky Bank,1954,31-Dec-19,17449.9
Sky Bank,1955,31-Dec-19,17008.9
Sky Bank,1957,31-Dec-19,25192.1
Sky Bank,1958,31-Dec-19,32192.1
Sky Bank,1959,31-Dec-19,13191.3
Sky Bank,1961,31-Dec-19,19534.8
Sky Bank,1962,31-Dec-19,41974.9
Sky Bank,1963,31-Dec-19,51586.2
Sky Bank,1964,31-Dec-19,23262.2
Sky Bank,1965,31-Dec-19,28359
Sky Bank,1966,31-Dec-19,33751.2
Sky Bank,1967,31-Dec-19,103861
Sky Bank,1969,31-Dec-19,15468.8
Sky Bank,1970,31-Dec-19,64598.6
Sky Bank,1971,31-Dec-19,45025.8
Sky Bank,1972,31-Dec-19,26884.6
Sky Bank,1973,31-Dec-19,14930.2
Sky Bank,1974,31-Dec-19,22359.2
Sky Bank,1975,31-Dec-19,32980.4
Sky Bank,1977,31-Dec-19,29879.9
Sky Bank,1978,31-Dec-19,45909
Sky Bank,1979,31-Dec-19,23011.3
Sky Bank,1980,31-Dec-19,27622.2
Sky Bank,1981,31-Dec-19,21483.2
Sky Bank,1984,31-Dec-19,49883.4
Sky Bank,1985,31-Dec-19,20905
Sky Bank,1986,31-Dec-19,24532.8
Sky Bank,1987,31-Dec-19,52562.6
Sky Bank,1989,31-Dec-19,16651.7
Sky Bank,1990,31-Dec-19,22543.8
Sky Bank,1991,31-Dec-19,27922.9
Sky Bank,1993,31-Dec-19,11297.7
Sky Bank,1994,31-Dec-19,51392.6
Sky Bank,1996,31-Dec-19,63316.5
Sky Bank,1997,31-Dec-19,27223.5
Sky Bank,1998,31-Dec-19,61701
Sky Bank,1999,31-Dec-19,38771.3
Sky Bank,2001,31-Dec-19,69044.8
Sky Bank,2002,31-Dec-19,36534.2
Sky Bank,2003,31-Dec-19,71464.1
Sky Bank,2004,31-Dec-19,75822.6
Sky Bank,2008,31-Dec-19,62604.6
Sky Bank,2009,31-Dec-19,56409.1
Sky Bank,2010,31-Dec-19,21341.5
Sky Bank,2011,31-Dec-19,14042.1
Sky Bank,2012,31-Dec-19,34156.4
Sky Bank,2013,31-Dec-19,40525
Sky Bank,2015,31-Dec-19,19800.4
Sky Bank,2017,31-Dec-19,29825.9
Sky Bank,2018,31-Dec-19,21010.9
Sky Bank,2020,31-Dec-19,28625
Sky Bank,2022,31-Dec-19,29882
Sky Bank,2023,31-Dec-19,73184.4
Sky Bank,2025,31-Dec-19,31168.5
Sky Bank,2026,31-Dec-19,37417.2
Sky Bank,2027,31-Dec-19,17572.6
Sky Bank,2028,31-Dec-19,58286.8
Sky Bank,2030,31-Dec-19,94130.8
Sky Bank,2032,31-Dec-19,18711.2
Sky Bank,2033,31-Dec-19,30149.3
Sky Bank,2034,31-Dec-19,51739.7
Sky Bank,2035,31-Dec-19,24548.2
Sky Bank,2037,31-Dec-19,39159.5
Sky Bank,2038,31-Dec-19,35219.4
Sky Bank,2039,31-Dec-19,34731.5
Sky Bank,2040,31-Dec-19,33227.7
Sky Bank,2041,31-Dec-19,24008.7
Sky Bank,2043,31-Dec-19,26327.8
Sky Bank,2044,31-Dec-19,44234.1
Sky Bank,2046,31-Dec-19,21622.5
Sky Bank,2047,31-Dec-19,34751.1
Sky Bank,2050,31-Dec-19,46283.1
Sky Bank,2051,31-Dec-19,84454.5
Sky Bank,2052,31-Dec-19,50644.5
Sky Bank,2054,31-Dec-19,33069.8
Sky Bank,2056,31-Dec-19,28649.7
Sky Bank,2058,31-Dec-19,27294.8
Sky Bank,2059,31-Dec-19,34633.7
Sky Bank,2060,31-Dec-19,23049.9
Sky Bank,2061,31-Dec-19,15876.4
Sky Bank,2062,31-Dec-19,72484.6
Sky Bank,2063,31-Dec-19,33043.9
Sky Bank,2065,31-Dec-19,49345.3
Sky Bank,2066,31-Dec-19,33823.1
Sky Bank,2067,31-Dec-19,41361.3
Sky Bank,2068,31-Dec-19,12959.8
Sky Bank,2070,31-Dec-19,50456
Sky Bank,2072,31-Dec-19,75800.1
Sky Bank,2074,31-Dec-19,43854.1
Sky Bank,2075,31-Dec-19,18559.2
Sky Bank,2077,31-Dec-19,27187.9
Sky Bank,2078,31-Dec-19,37317.9
Sky Bank,2082,31-Dec-19,19406.7
Sky Bank,2083,31-Dec-19,49710.3
Sky Bank,2084,31-Dec-19,72277.2
Sky Bank,2086,31-Dec-19,77416.5
Sky Bank,2087,31-Dec-19,31742.4
Sky Bank,2088,31-Dec-19,17451.4
Sky Bank,2091,31-Dec-19,32090.3
Sky Bank,2092,31-Dec-19,14574.1
Sky Bank,2095,31-Dec-19,46051.1
Sky Bank,2096,31-Dec-19,54674.3
Sky Bank,2099,31-Dec-19,66354
Sky Bank,2101,31-Dec-19,26732.6
Sky Bank,2102,31-Dec-19,45368.6
Sky Bank,2104,31-Dec-19,37152.2
Sky Bank,2105,31-Dec-19,26341
Sky Bank,2106,31-Dec-19,13683.6
Sky Bank,2107,31-Dec-19,19040.7
Sky Bank,2108,31-Dec-19,47928.9
Sky Bank,2109,31-Dec-19,33175.6
Sky Bank,2110,31-Dec-19,24134.6
Sky Bank,2111,31-Dec-19,99281.4
Sky Bank,2112,31-Dec-19,31371
Sky Bank,2113,31-Dec-19,33560.4
Sky Bank,2114,31-Dec-19,44881.2
Sky Bank,2115,31-Dec-19,3519.9
Sky Bank,2116,31-Dec-19,27391.1
Sky Bank,2117,31-Dec-19,52718.9
Sky Bank,2119,31-Dec-19,20410.5
Sky Bank,2121,31-Dec-19,45631.6
Sky Bank,2122,31-Dec-19,26949.3
Sky Bank,2123,31-Dec-19,14581.3
Sky Bank,2124,31-Dec-19,65369.9
Sky Bank,2128,31-Dec-19,24737.6
Sky Bank,2130,31-Dec-19,115238.2
Sky Bank,2131,31-Dec-19,31348.7
Sky Bank,2132,31-Dec-19,34230.6
Sky Bank,2134,31-Dec-19,50763.3
Sky Bank,2137,31-Dec-19,33091.7
Sky Bank,2139,31-Dec-19,35011.7
Sky Bank,2140,31-Dec-19,19983.1
Sky Bank,2143,31-Dec-19,40079.8
Sky Bank,2144,31-Dec-19,14737.4
Sky Bank,2146,31-Dec-19,36275.2
Sky Bank,2147,31-Dec-19,26993.6
Sky Bank,2148,31-Dec-19,14744.5
Sky Bank,2149,31-Dec-19,21655.8
Sky Bank,2150,31-Dec-19,13799.2
Sky Bank,2151,31-Dec-19,11844
Sky Bank,2153,31-Dec-19,26948.3
Sky Bank,2154,31-Dec-19,17099.1
Sky Bank,2155,31-Dec-19,16361.5
Sky Bank,2156,31-Dec-19,47589.1
Sky Bank,2157,31-Dec-19,33477.1
Sky Bank,2159,31-Dec-19,39787.4
Sky Bank,2160,31-Dec-19,15936
Sky Bank,2161,31-Dec-19,29347.6
Sky Bank,2163,31-Dec-19,45012.1
Sky Bank,2164,31-Dec-19,46887.7
Sky Bank,2167,31-Dec-19,49606.6
Sky Bank,2170,31-Dec-19,61511.2
Sky Bank,2175,31-Dec-19,42031
Sky Bank,2176,31-Dec-19,21167.4
Sky Bank,2177,31-Dec-19,15807.7
Sky Bank,2178,31-Dec-19,64620.1
Sky Bank,2179,31-Dec-19,54872.3
Sky Bank,2185,31-Dec-19,32773.7
Sky Bank,2186,31-Dec-19,28456.1
Sky Bank,2187,31-Dec-19,47294.8
Sky Bank,2189,31-Dec-19,75034.6
Sky Bank,2190,31-Dec-19,45943
Sky Bank,2191,31-Dec-19,41832.4
Sky Bank,2192,31-Dec-19,26649.5
Sky Bank,2193,31-Dec-19,24586.6
Sky Bank,2195,31-Dec-19,60284
Sky Bank,2199,31-Dec-19,25949.2
Sky Bank,2201,31-Dec-19,19705.5
Sky Bank,2203,31-Dec-19,18620.6
Sky Bank,2205,31-Dec-19,29469.2
Sky Bank,2206,31-Dec-19,29003.4
Sky Bank,2207,31-Dec-19,49744.6
Sky Bank,2209,31-Dec-19,92110.6
Sky Bank,2210,31-Dec-19,29199.2
Sky Bank,2212,31-Dec-19,19955.3
Sky Bank,2213,31-Dec-19,20950.2
Sky Bank,2214,31-Dec-19,41546.6
Sky Bank,2216,31-Dec-19,35324.4
Sky Bank,2218,31-Dec-19,40525.3
Sky Bank,2219,31-Dec-19,93621.2
Sky Bank,2220,31-Dec-19,16077.5
Sky Bank,2222,31-Dec-19,28648.3
Sky Bank,2223,31-Dec-19,13299.9
Sky Bank,2225,31-Dec-19,22534.2
Sky Bank,2226,31-Dec-19,42093.2
Sky Bank,2227,31-Dec-19,58775.2
Sky Bank,2228,31-Dec-19,79013.8
Sky Bank,2230,31-Dec-19,29941.1
Sky Bank,2232,31-Dec-19,20454.5
Sky Bank,2233,31-Dec-19,23001.7
Sky Bank,2235,31-Dec-19,17736.1
Sky Bank,2236,31-Dec-19,1003
Sky Bank,2237,31-Dec-19,49810.2
Sky Bank,2239,31-Dec-19,30014.3
Sky Bank,2240,31-Dec-19,49391.4
Sky Bank,2241,31-Dec-19,50239.6
Sky Bank,2242,31-Dec-19,53272
Sky Bank,2243,31-Dec-19,38278.5
Sky Bank,2244,31-Dec-19,37617.3
Sky Bank,2245,31-Dec-19,88952.4
Sky Bank,2246,31-Dec-19,15049.6
Sky Bank,2247,31-Dec-19,27234.5
Sky Bank,2250,31-Dec-19,45559.1
Sky Bank,2252,31-Dec-19,10510.7
Sky Bank,2253,31-Dec-19,38515.8
Sky Bank,2254,31-Dec-19,76195.3
Sky Bank,2255,31-Dec-19,16231.3
Sky Bank,2256,31-Dec-19,23583.7
Sky Bank,2257,31-Dec-19,20923.9
Sky Bank,2259,31-Dec-19,13485.6
Sky Bank,2260,31-Dec-19,3277.5
Sky Bank,2261,31-Dec-19,30652.5
Sky Bank,2263,31-Dec-19,54179.8
Sky Bank,2265,31-Dec-19,4865.6
Sky Bank,2266,31-Dec-19,52340.7
Sky Bank,2267,31-Dec-19,26970.5
Sky Bank,2268,31-Dec-19,71370
Sky Bank,2269,31-Dec-19,36806.9
Sky Bank,2271,31-Dec-19,24514.6
Sky Bank,2274,31-Dec-19,41455.9
Sky Bank,2275,31-Dec-19,35358.9
Sky Bank,2276,31-Dec-19,41078.1
Sky Bank,2278,31-Dec-19,50711.8
Sky Bank,2279,31-Dec-19,54387
Sky Bank,2280,31-Dec-19,29992.4
Sky Bank,2281,31-Dec-19,40523.2
Sky Bank,2282,31-Dec-19,63572.6
Sky Bank,2285,31-Dec-19,12718.8
Sky Bank,2286,31-Dec-19,16267.3
Sky Bank,2287,31-Dec-19,49508.8
Sky Bank,2288,31-Dec-19,60974.3
Sky Bank,2289,31-Dec-19,40517.4
Sky Bank,2291,31-Dec-19,21487.5
Sky Bank,2292,31-Dec-19,28846.5
Sky Bank,2293,31-Dec-19,13450.8
Sky Bank,2294,31-Dec-19,33617.2
Sky Bank,2295,31-Dec-19,41946.4
Sky Bank,2297,31-Dec-19,15056.2
Sky Bank,2298,31-Dec-19,47046
Sky Bank,2301,31-Dec-19,67647.3
Sky Bank,2302,31-Dec-19,33442.8
Sky Bank,2303,31-Dec-19,25841.3
Sky Bank,2304,31-Dec-19,21490.2
Sky Bank,2305,31-Dec-19,2543.9
Sky Bank,2306,31-Dec-19,26566.8
Sky Bank,2307,31-Dec-19,17473.4
Sky Bank,2309,31-Dec-19,32372.8
Sky Bank,2310,31-Dec-19,22170.1
Sky Bank,2313,31-Dec-19,30432.6
Sky Bank,2314,31-Dec-19,37718.5
Sky Bank,2315,31-Dec-19,42329.4
Sky Bank,2318,31-Dec-19,53156
Sky Bank,2319,31-Dec-19,46663.5
Sky Bank,2321,31-Dec-19,75635.5
Sky Bank,2322,31-Dec-19,24350.2
Sky Bank,2323,31-Dec-19,55767.6
Sky Bank,2326,31-Dec-19,71758.8
Sky Bank,2327,31-Dec-19,19469.3
Sky Bank,2328,31-Dec-19,52893.4
Sky Bank,2329,31-Dec-19,31551.4
Sky Bank,2330,31-Dec-19,21590.1
Sky Bank,2331,31-Dec-19,18706.6
Sky Bank,2332,31-Dec-19,35177.1
Sky Bank,2333,31-Dec-19,86542
Sky Bank,2334,31-Dec-19,30708.2
Sky Bank,2335,31-Dec-19,12940.5
Sky Bank,2336,31-Dec-19,15496.1
Sky Bank,2341,31-Dec-19,17082.6
Sky Bank,2342,31-Dec-19,25933.8
Sky Bank,2343,31-Dec-19,44499.5
Sky Bank,2344,31-Dec-19,15913.6
Sky Bank,2345,31-Dec-19,24153.9
Sky Bank,2346,31-Dec-19,25595.1
Sky Bank,2347,31-Dec-19,22804.3
Sky Bank,2348,31-Dec-19,39342.7
Sky Bank,2350,31-Dec-19,65489.6
Sky Bank,2352,31-Dec-19,44302.9
Sky Bank,2353,31-Dec-19,48453.8
Sky Bank,2355,31-Dec-19,57053.9
Sky Bank,2356,31-Dec-19,38107.2
Sky Bank,2357,31-Dec-19,28497.1
Sky Bank,2358,31-Dec-19,40189.4
Sky Bank,2359,31-Dec-19,31391.1
Sky Bank,2360,31-Dec-19,43685
Sky Bank,2361,31-Dec-19,26913.6
Sky Bank,2363,31-Dec-19,27668.2
Sky Bank,2364,31-Dec-19,27064.9
Sky Bank,2365,31-Dec-19,28180.2
Sky Bank,2367,31-Dec-19,38403.2
Sky Bank,2374,31-Dec-19,11629.6
Sky Bank,2375,31-Dec-19,74363
Sky Bank,2377,31-Dec-19,24584.6
Sky Bank,2378,31-Dec-19,91481.6
Sky Bank,2379,31-Dec-19,14381.4
Sky Bank,2382,31-Dec-19,24990.7
Sky Bank,2383,31-Dec-19,50907.3
Sky Bank,2384,31-Dec-19,39498.7
Sky Bank,2385,31-Dec-19,26983.5
Sky Bank,2387,31-Dec-19,12496.4
Sky Bank,2388,31-Dec-19,28181.4
Sky Bank,2389,31-Dec-19,53419.9
Sky Bank,2390,31-Dec-19,23158.5
Sky Bank,2393,31-Dec-19,31942.7
Sky Bank,2395,31-Dec-19,30308.1
Sky Bank,2396,31-Dec-19,24599.8
Sky Bank,2397,31-Dec-19,22086.7
Sky Bank,2398,31-Dec-19,14615.2
Sky Bank,2399,31-Dec-19,32376.9
Sky Bank,2400,31-Dec-19,22599.6
Sky Bank,2401,31-Dec-19,34769.2
Sky Bank,2403,31-Dec-19,21993
Sky Bank,2406,31-Dec-19,23755.7
Sky Bank,2407,31-Dec-19,29901.5
Sky Bank,2409,31-Dec-19,41867.4
Sky Bank,2410,31-Dec-19,47770.1
Sky Bank,2411,31-Dec-19,49556.7
Sky Bank,2414,31-Dec-19,13279.9
Sky Bank,2416,31-Dec-19,27865.7
Sky Bank,2417,31-Dec-19,26896.6
Sky Bank,2418,31-Dec-19,60317.2
Sky Bank,2419,31-Dec-19,99391.3
Sky Bank,2420,31-Dec-19,22264.7
Sky Bank,2421,31-Dec-19,33782.1
Sky Bank,2423,31-Dec-19,13863.1
Sky Bank,2424,31-Dec-19,114883.9
Sky Bank,2425,31-Dec-19,31845.1
Sky Bank,2427,31-Dec-19,38546.7
Sky Bank,2428,31-Dec-19,44036.5
Sky Bank,2429,31-Dec-19,56647.4
Sky Bank,2430,31-Dec-19,32564
Sky Bank,2431,31-Dec-19,28792.7
Sky Bank,2432,31-Dec-19,23460.3
Sky Bank,2433,31-Dec-19,32655.4
Sky Bank,2434,31-Dec-19,10232.7
Sky Bank,2435,31-Dec-19,27421
Sky Bank,2436,31-Dec-19,65691.9
Sky Bank,2437,31-Dec-19,20637
Sky Bank,2439,31-Dec-19,23995.5
Sky Bank,2445,31-Dec-19,51625.5
Sky Bank,2446,31-Dec-19,42375
Sky Bank,2450,31-Dec-19,78180.6
Sky Bank,2453,31-Dec-19,24842.9
Sky Bank,2454,31-Dec-19,48597.6
Sky Bank,2456,31-Dec-19,57240.5
Sky Bank,2457,31-Dec-19,17124
Sky Bank,2458,31-Dec-19,22327.7
Sky Bank,2460,31-Dec-19,43723.9
Sky Bank,2463,31-Dec-19,31567.6
Sky Bank,2464,31-Dec-19,7823.8
Sky Bank,2465,31-Dec-19,19084.3
Sky Bank,2467,31-Dec-19,82737.9
Sky Bank,2468,31-Dec-19,14052.4
Sky Bank,2469,31-Dec-19,19011.8
Sky Bank,2470,31-Dec-19,32447.3
Sky Bank,2471,31-Dec-19,70029.3
Sky Bank,2472,31-Dec-19,64700.3
Sky Bank,2473,31-Dec-19,16425.6
Sky Bank,2474,31-Dec-19,20647.1
Sky Bank,2475,31-Dec-19,28789.3
Sky Bank,2476,31-Dec-19,15108.9
Sky Bank,2479,31-Dec-19,11889.9
Sky Bank,2482,31-Dec-19,15352.6
Sky Bank,2483,31-Dec-19,55839
Sky Bank,2484,31-Dec-19,22636.9
Sky Bank,2486,31-Dec-19,59564
Sky Bank,2487,31-Dec-19,26370.2
Sky Bank,2488,31-Dec-19,23858.3
Sky Bank,2489,31-Dec-19,18713.3
Sky Bank,2490,31-Dec-19,37192.4
Sky Bank,2491,31-Dec-19,22380.1
Sky Bank,2493,31-Dec-19,75510.8
Sky Bank,2494,31-Dec-19,40076.3
Sky Bank,2496,31-Dec-19,18074.3
Sky Bank,2497,31-Dec-19,14493.2
Sky Bank,2498,31-Dec-19,29896.2
Sky Bank,2499,31-Dec-19,39955.5
Sky Bank,2500,31-Dec-19,27943
Sky Bank,2501,31-Dec-19,56669.6
Sky Bank,2502,31-Dec-19,24173
Sky Bank,2503,31-Dec-19,29340.9
Sky Bank,2504,31-Dec-19,29292.1
Sky Bank,2505,31-Dec-19,24281.5
Sky Bank,2506,31-Dec-19,16445.6
Sky Bank,2508,31-Dec-19,14653.9
Sky Bank,2510,31-Dec-19,66510.7
Sky Bank,2511,31-Dec-19,47588
Sky Bank,2513,31-Dec-19,16510.9
Sky Bank,2514,31-Dec-19,57194
Sky Bank,2515,31-Dec-19,29232.4
Sky Bank,2516,31-Dec-19,33896.8
Sky Bank,2517,31-Dec-19,31687.4
Sky Bank,2519,31-Dec-19,28664.8
Sky Bank,2520,31-Dec-19,13902.9
Sky Bank,2521,31-Dec-19,55771.3
Sky Bank,2522,31-Dec-19,42110.1
Sky Bank,2523,31-Dec-19,14178.6
Sky Bank,2524,31-Dec-19,20526
Sky Bank,2525,31-Dec-19,29324.8
Sky Bank,2526,31-Dec-19,26326.8
Sky Bank,2527,31-Dec-19,63370.2
Sky Bank,2528,31-Dec-19,20884.5
Sky Bank,2530,31-Dec-19,45183.9
Sky Bank,2533,31-Dec-19,22848.1
Sky Bank,2534,31-Dec-19,36278.1
Sky Bank,2536,31-Dec-19,31140.5
Sky Bank,2538,31-Dec-19,17096.9
Sky Bank,2540,31-Dec-19,32487
Sky Bank,2541,31-Dec-19,33316.4
Sky Bank,2542,31-Dec-19,30777.1
Sky Bank,2543,31-Dec-19,50298.4
Sky Bank,2544,31-Dec-19,8237.8
Sky Bank,2545,31-Dec-19,15297.2
Sky Bank,2546,31-Dec-19,22810
Sky Bank,2547,31-Dec-19,67118.3
Sky Bank,2548,31-Dec-19,40771.2
Sky Bank,2549,31-Dec-19,49528.6
Sky Bank,2550,31-Dec-19,56952.3
Sky Bank,2551,31-Dec-19,17401.5
Sky Bank,2552,31-Dec-19,33469
Sky Bank,2553,31-Dec-19,23722.4
Sky Bank,2554,31-Dec-19,49895.5
Sky Bank,2555,31-Dec-19,69487
Sky Bank,2557,31-Dec-19,35994.8
Sky Bank,2559,31-Dec-19,27713.6
Sky Bank,2561,31-Dec-19,50098.6
Sky Bank,2562,31-Dec-19,19963.1
Sky Bank,2563,31-Dec-19,36402.3
Sky Bank,2565,31-Dec-19,13128.3
Sky Bank,2567,31-Dec-19,14365
Sky Bank,2568,31-Dec-19,36046.2
Sky Bank,2569,31-Dec-19,29439.5
Sky Bank,2570,31-Dec-19,16561.2
Sky Bank,2572,31-Dec-19,52312.3
Sky Bank,2573,31-Dec-19,30987.9
Sky Bank,2574,31-Dec-19,52079.3
Sky Bank,2576,31-Dec-19,55880.4
Sky Bank,2577,31-Dec-19,28655.4
Sky Bank,2578,31-Dec-19,15526.1
Sky Bank,2580,31-Dec-19,51001.3
Sky Bank,2581,31-Dec-19,54798.9
Sky Bank,2582,31-Dec-19,50168.1
Sky Bank,2583,31-Dec-19,49774.3
Sky Bank,2584,31-Dec-19,11965.3
Sky Bank,2585,31-Dec-19,13695.9
Sky Bank,2588,31-Dec-19,36493.7
Sky Bank,2589,31-Dec-19,6258.6
Sky Bank,2590,31-Dec-19,3743
Sky Bank,2591,31-Dec-19,24702.5
Sky Bank,2592,31-Dec-19,55436.1
Sky Bank,2593,31-Dec-19,53994.4
Sky Bank,2596,31-Dec-19,27197.2
Sky Bank,2598,31-Dec-19,95206.7
Sky Bank,2599,31-Dec-19,39768.9
Sky Bank,2600,31-Dec-19,61810.4
Sky Bank,2602,31-Dec-19,41224.3
Sky Bank,2603,31-Dec-19,24090.3
Sky Bank,2604,31-Dec-19,24155.1
Sky Bank,2605,31-Dec-19,30099.3
Sky Bank,2606,31-Dec-19,28814.7
Sky Bank,2608,31-Dec-19,31499.9
Sky Bank,2609,31-Dec-19,74442
Sky Bank,2611,31-Dec-19,68951.6
Sky Bank,2613,31-Dec-19,28140.8
Sky Bank,2614,31-Dec-19,13878.5
Sky Bank,2615,31-Dec-19,33264.5
Sky Bank,2616,31-Dec-19,26457.6
Sky Bank,2617,31-Dec-19,25749.8
Sky Bank,2618,31-Dec-19,13697.3
Sky Bank,2619,31-Dec-19,41340.3
Sky Bank,2620,31-Dec-19,20123.8
Sky Bank,2621,31-Dec-19,13602.7
Sky Bank,2622,31-Dec-19,35860.7
Sky Bank,2623,31-Dec-19,41127.4
Sky Bank,2624,31-Dec-19,46675.1
Sky Bank,2625,31-Dec-19,83225.9
Sky Bank,2627,31-Dec-19,11987
Sky Bank,2628,31-Dec-19,39547.1
Sky Bank,2629,31-Dec-19,62945.4
Sky Bank,2630,31-Dec-19,29057.8
Sky Bank,2631,31-Dec-19,18738.6
Sky Bank,2632,31-Dec-19,26702.5
Sky Bank,2633,31-Dec-19,83846.9
Sky Bank,2635,31-Dec-19,66602.3
Sky Bank,2638,31-Dec-19,45067.1
Sky Bank,2639,31-Dec-19,43822.6
Sky Bank,2640,31-Dec-19,37532.5
Sky Bank,2641,31-Dec-19,70873.7
Sky Bank,2642,31-Dec-19,39701.5
Sky Bank,2645,31-Dec-19,39995.7
Sky Bank,2647,31-Dec-19,53248.2
Sky Bank,2648,31-Dec-19,35902.7
Sky Bank,2649,31-Dec-19,61241.9
Sky Bank,2650,31-Dec-19,43814
Sky Bank,2651,31-Dec-19,52092.9
Sky Bank,2652,31-Dec-19,38477.8
Sky Bank,2654,31-Dec-19,26210.4
Sky Bank,2655,31-Dec-19,56812.4
Sky Bank,2657,31-Dec-19,13295.8
Sky Bank,2659,31-Dec-19,34691.3
Sky Bank,2660,31-Dec-19,41780.8
Sky Bank,2662,31-Dec-19,24903
Sky Bank,2663,31-Dec-19,28378.9
Sky Bank,2664,31-Dec-19,50691.2
Sky Bank,2665,31-Dec-19,36794.9
Sky Bank,2666,31-Dec-19,13824.8
Sky Bank,2667,31-Dec-19,14221
Sky Bank,2670,31-Dec-19,17528.7
Sky Bank,2671,31-Dec-19,24552.4
Sky Bank,2673,31-Dec-19,24412.6
Sky Bank,2674,31-Dec-19,58800.5
Sky Bank,2675,31-Dec-19,13178.9
Sky Bank,2676,31-Dec-19,50254.4
Sky Bank,2677,31-Dec-19,48641.3
Sky Bank,2680,31-Dec-19,35322.8
Sky Bank,2681,31-Dec-19,61036.5
Sky Bank,2685,31-Dec-19,9644.1
Sky Bank,2686,31-Dec-19,15700.1
Sky Bank,2687,31-Dec-19,18208
Sky Bank,2688,31-Dec-19,11183.6
Sky Bank,2691,31-Dec-19,28498.1
Sky Bank,2692,31-Dec-19,28750.9
Sky Bank,2694,31-Dec-19,48592.6
Sky Bank,2695,31-Dec-19,62851
Sky Bank,2697,31-Dec-19,39567.8
Sky Bank,2700,31-Dec-19,20205.2
Sky Bank,2701,31-Dec-19,60579.9
Sky Bank,2702,31-Dec-19,41975.8
Sky Bank,2705,31-Dec-19,39997.2
Sky Bank,2707,31-Dec-19,28555
Sky Bank,2708,31-Dec-19,52254.1
Sky Bank,2710,31-Dec-19,95518.7
Sky Bank,2711,31-Dec-19,36293.6
Sky Bank,2712,31-Dec-19,25486.4
Sky Bank,2713,31-Dec-19,39853
Sky Bank,2714,31-Dec-19,26329.6
Sky Bank,2716,31-Dec-19,45762.9
Sky Bank,2717,31-Dec-19,15808.5
Sky Bank,2718,31-Dec-19,30553.9
Sky Bank,2719,31-Dec-19,24141.3
Sky Bank,2723,31-Dec-19,31909.4
Sky Bank,2724,31-Dec-19,39281.3
Sky Bank,2726,31-Dec-19,41811.9
Sky Bank,2727,31-Dec-19,29931.7
Sky Bank,2729,31-Dec-19,51775.3
Sky Bank,2730,31-Dec-19,17667.3
Sky Bank,2731,31-Dec-19,48591
Sky Bank,2732,31-Dec-19,105901
Sky Bank,2733,31-Dec-19,32100.2
Sky Bank,2736,31-Dec-19,13910.1
Sky Bank,2737,31-Dec-19,63665.4
Sky Bank,2738,31-Dec-19,26837.9
Sky Bank,2739,31-Dec-19,14757.8
Sky Bank,2740,31-Dec-19,19086.6
Sky Bank,2741,31-Dec-19,57656.4
Sky Bank,2742,31-Dec-19,57621.2
Sky Bank,2746,31-Dec-19,24560.3
Sky Bank,2747,31-Dec-19,14317.7
Sky Bank,2749,31-Dec-19,19284.5
Sky Bank,2750,31-Dec-19,31625.2
Sky Bank,2751,31-Dec-19,35707.5
Sky Bank,2752,31-Dec-19,73375.1
Sky Bank,2753,31-Dec-19,28554.4
Sky Bank,2754,31-Dec-19,34251.9
Sky Bank,2755,31-Dec-19,29344.3
Sky Bank,2757,31-Dec-19,13788.3
Sky Bank,2758,31-Dec-19,50281.4
Sky Bank,2759,31-Dec-19,71586.1
Sky Bank,2762,31-Dec-19,63224.4
Sky Bank,2763,31-Dec-19,42897.3
Sky Bank,2764,31-Dec-19,49992.7
Sky Bank,2767,31-Dec-19,48002.8
Sky Bank,2768,31-Dec-19,31811
Sky Bank,2770,31-Dec-19,30418
Sky Bank,2771,31-Dec-19,33800.4
Sky Bank,2772,31-Dec-19,37234.2
Sky Bank,2773,31-Dec-19,40103.2
Sky Bank,2774,31-Dec-19,21534.8
Sky Bank,2778,31-Dec-19,17233.9
Sky Bank,2779,31-Dec-19,63324
Sky Bank,2780,31-Dec-19,33117.1
Sky Bank,2781,31-Dec-19,45644.5
Sky Bank,2783,31-Dec-19,34070.5
Sky Bank,2788,31-Dec-19,25641.3
Sky Bank,2789,31-Dec-19,52522.2
Sky Bank,2790,31-Dec-19,69192.4
Sky Bank,2792,31-Dec-19,27667
Sky Bank,2793,31-Dec-19,20934.7
Sky Bank,2794,31-Dec-19,43655
Sky Bank,2795,31-Dec-19,41284.2
Sky Bank,2798,31-Dec-19,43581.8
Sky Bank,2799,31-Dec-19,1233.9
Sky Bank,2802,31-Dec-19,34609.5
Sky Bank,2803,31-Dec-19,59727.4
Sky Bank,2804,31-Dec-19,36560.9
Sky Bank,2805,31-Dec-19,15670.3
Sky Bank,2807,31-Dec-19,42037
Sky Bank,2808,31-Dec-19,43008.2
Sky Bank,2809,31-Dec-19,39186.2
Sky Bank,2810,31-Dec-19,30336.9
Sky Bank,2811,31-Dec-19,45185.4
Sky Bank,2812,31-Dec-19,67753
Sky Bank,2813,31-Dec-19,32126.5
Sky Bank,2814,31-Dec-19,22848
Sky Bank,2817,31-Dec-19,46484.4
Sky Bank,2818,31-Dec-19,72666.6
Sky Bank,2819,31-Dec-19,54738.3
Sky Bank,2821,31-Dec-19,35672.3
Sky Bank,2823,31-Dec-19,19819.7
Sky Bank,2824,31-Dec-19,69554.6
Sky Bank,2825,31-Dec-19,77043.2
Sky Bank,2826,31-Dec-19,25475
Sky Bank,2830,31-Dec-19,19765.1
Sky Bank,2833,31-Dec-19,22558.6
Sky Bank,2834,31-Dec-19,75161.4
Sky Bank,2835,31-Dec-19,31033.1
Sky Bank,2836,31-Dec-19,41860
Sky Bank,2837,31-Dec-19,29141
Sky Bank,2838,31-Dec-19,57417.2
Sky Bank,2839,31-Dec-19,42830.4
Sky Bank,2840,31-Dec-19,64764.9
Sky Bank,2841,31-Dec-19,25987.2
Sky Bank,2842,31-Dec-19,15583.9
Sky Bank,2844,31-Dec-19,49204.8
Sky Bank,2847,31-Dec-19,44744.4
Sky Bank,2849,31-Dec-19,19930.8
Sky Bank,2851,31-Dec-19,24724.4
Sky Bank,2853,31-Dec-19,33905.4
Sky Bank,2855,31-Dec-19,32233.3
Sky Bank,2856,31-Dec-19,24165.3
Sky Bank,2858,31-Dec-19,28240.7
Sky Bank,2859,31-Dec-19,4147.9
Sky Bank,2861,31-Dec-19,25284.8
Sky Bank,2862,31-Dec-19,39739.8
Sky Bank,2863,31-Dec-19,19668.8
Sky Bank,2864,31-Dec-19,44746.4
Sky Bank,2865,31-Dec-19,30202.8
Sky Bank,2866,31-Dec-19,52129.7
Sky Bank,2867,31-Dec-19,73918.7
Sky Bank,2868,31-Dec-19,26169.5
Sky Bank,2870,31-Dec-19,38576.5
Sky Bank,2871,31-Dec-19,29339.1
Sky Bank,2872,31-Dec-19,49189.6
Sky Bank,2876,31-Dec-19,32655.3
Sky Bank,2877,31-Dec-19,42956.1
Sky Bank,2880,31-Dec-19,32753.8
Sky Bank,2881,31-Dec-19,47522.2
Sky Bank,2882,31-Dec-19,25045.1
Sky Bank,2884,31-Dec-19,54929.6
Sky Bank,2885,31-Dec-19,73425.3
Sky Bank,2886,31-Dec-19,33873
Sky Bank,2887,31-Dec-19,68477.4
Sky Bank,2888,31-Dec-19,15198
Sky Bank,2889,31-Dec-19,33787.5
Sky Bank,2890,31-Dec-19,54997.3
Sky Bank,2893,31-Dec-19,18711.2
Sky Bank,2894,31-Dec-19,49764.1
Sky Bank,2895,31-Dec-19,23631.2
Sky Bank,2896,31-Dec-19,21333.2
Sky Bank,2898,31-Dec-19,23518.4
Sky Bank,2902,31-Dec-19,25651.3
Sky Bank,2903,31-Dec-19,71209.5
Sky Bank,2904,31-Dec-19,17204.6
Sky Bank,2905,31-Dec-19,39064.1
Sky Bank,2906,31-Dec-19,38477.2
Sky Bank,2907,31-Dec-19,17891.7
Sky Bank,2909,31-Dec-19,41539.6
Sky Bank,2911,31-Dec-19,15257.5
Sky Bank,2912,31-Dec-19,77688.2
Sky Bank,2913,31-Dec-19,17341.9
Sky Bank,2914,31-Dec-19,43131.4
Sky Bank,2915,31-Dec-19,68641.8
Sky Bank,2916,31-Dec-19,20048.5
Sky Bank,2917,31-Dec-19,59643
Sky Bank,2919,31-Dec-19,19785.9
Sky Bank,2921,31-Dec-19,35308.1
Sky Bank,2922,31-Dec-19,28474.9
Sky Bank,2923,31-Dec-19,15852.6
Sky Bank,2924,31-Dec-19,51612.5
Sky Bank,2925,31-Dec-19,16981.3
Sky Bank,2926,31-Dec-19,46300.8
Sky Bank,2928,31-Dec-19,29948.9
Sky Bank,2929,31-Dec-19,66229.6
Sky Bank,2930,31-Dec-19,52027.5
Sky Bank,2931,31-Dec-19,19155.7
Sky Bank,2932,31-Dec-19,106177.9
Sky Bank,2933,31-Dec-19,68462.2
Sky Bank,2934,31-Dec-19,34849.6
Sky Bank,2935,31-Dec-19,18791.3
Sky Bank,2936,31-Dec-19,14674.1
Sky Bank,2938,31-Dec-19,39389.6
Sky Bank,2940,31-Dec-19,81519.2
Sky Bank,2944,31-Dec-19,15338.4
Sky Bank,2945,31-Dec-19,22699.3
Sky Bank,2946,31-Dec-19,19482.7
Sky Bank,2947,31-Dec-19,24919.5
Sky Bank,2949,31-Dec-19,28498.7
Sky Bank,2950,31-Dec-19,43621.1
Sky Bank,2951,31-Dec-19,54918.2
Sky Bank,2953,31-Dec-19,34488.1
Sky Bank,2957,31-Dec-19,50891.8
Sky Bank,2958,31-Dec-19,19412.4
Sky Bank,2959,31-Dec-19,27873.2
Sky Bank,2960,31-Dec-19,41184.4
Sky Bank,2961,31-Dec-19,23620.1
Sky Bank,2962,31-Dec-19,19066
Sky Bank,2963,31-Dec-19,23791.8
Sky Bank,2965,31-Dec-19,27137.8
Sky Bank,2967,31-Dec-19,22545.4
Sky Bank,2968,31-Dec-19,41158.2
Sky Bank,2970,31-Dec-19,37633.9
Sky Bank,2971,31-Dec-19,15293.5
Sky Bank,2972,31-Dec-19,74526.3
Sky Bank,2973,31-Dec-19,57082
Sky Bank,2974,31-Dec-19,45021.5
Sky Bank,2976,31-Dec-19,47495
Sky Bank,2977,31-Dec-19,43356.3
Sky Bank,2978,31-Dec-19,13604.5
Sky Bank,2980,31-Dec-19,20601.9
Sky Bank,2982,31-Dec-19,84569.3
Sky Bank,2983,31-Dec-19,37007.7
Sky Bank,2985,31-Dec-19,38395.2
Sky Bank,2986,31-Dec-19,38157.3
Sky Bank,2987,31-Dec-19,44175.8
Sky Bank,2988,31-Dec-19,17827.2
Sky Bank,2989,31-Dec-19,27181.3
Sky Bank,2990,31-Dec-19,30624.8
Sky Bank,2991,31-Dec-19,36655.2
Sky Bank,2993,31-Dec-19,65829.1
Sky Bank,2994,31-Dec-19,40229.7
Sky Bank,2995,31-Dec-19,35544.5
Sky Bank,2996,31-Dec-19,51626.2
Sky Bank,2999,31-Dec-19,23660.1
Sky Bank,3000,31-Dec-19,55095.1
Sky Bank,3001,31-Dec-19,35056.5
Sky Bank,3003,31-Dec-19,41517
Sky Bank,3006,31-Dec-19,31883.5
Sky Bank,3007,31-Dec-19,31048.6
Sky Bank,3008,31-Dec-19,41772.7
Sky Bank,3009,31-Dec-19,18290.7
Sky Bank,3010,31-Dec-19,39987
Sky Bank,3011,31-Dec-19,15198.1
Sky Bank,3014,31-Dec-19,35562.8
Sky Bank,3015,31-Dec-19,14284.9
Sky Bank,3016,31-Dec-19,28169.3
Sky Bank,3017,31-Dec-19,16518.9
Sky Bank,3019,31-Dec-19,32728.7
Sky Bank,3020,31-Dec-19,31124.4
Sky Bank,3021,31-Dec-19,21935.3
Sky Bank,3026,31-Dec-19,17993.9
Sky Bank,3027,31-Dec-19,24881
Sky Bank,3028,31-Dec-19,23556
Sky Bank,3030,31-Dec-19,21804.5
Sky Bank,3032,31-Dec-19,18213.2
Sky Bank,3035,31-Dec-19,57718.6
Sky Bank,3036,31-Dec-19,13755.1
Sky Bank,3037,31-Dec-19,3907.3
Sky Bank,3038,31-Dec-19,43877.4
Sky Bank,3039,31-Dec-19,32166.2
Sky Bank,3040,31-Dec-19,15441.1
Sky Bank,3041,31-Dec-19,35914.9
Sky Bank,3042,31-Dec-19,15586
Sky Bank,3045,31-Dec-19,28237.6
Sky Bank,3047,31-Dec-19,24968.9
Sky Bank,3049,31-Dec-19,28351.7
Sky Bank,3050,31-Dec-19,43609.8
Sky Bank,3051,31-Dec-19,85200.5
Sky Bank,3053,31-Dec-19,61238.7
Sky Bank,3055,31-Dec-19,32611.3
Sky Bank,3056,31-Dec-19,23004.8
Sky Bank,3058,31-Dec-19,64531.1
Sky Bank,3061,31-Dec-19,18752.8
Sky Bank,3063,31-Dec-19,33672.3
Sky Bank,3064,31-Dec-19,37503.1
Sky Bank,3066,31-Dec-19,39631
Sky Bank,3068,31-Dec-19,24137.3
Sky Bank,3069,31-Dec-19,63373.3
Sky Bank,3071,31-Dec-19,76760.2
Sky Bank,3072,31-Dec-19,23380
Sky Bank,3074,31-Dec-19,29926.5
Sky Bank,3076,31-Dec-19,24233.8
Sky Bank,3078,31-Dec-19,19013.3
Sky Bank,3079,31-Dec-19,16696.2
Sky Bank,3080,31-Dec-19,12903.2
Sky Bank,3084,31-Dec-19,12904.2
Sky Bank,3086,31-Dec-19,63537.4
Sky Bank,3087,31-Dec-19,17869.5
Sky Bank,3088,31-Dec-19,59548.8
Sky Bank,3089,31-Dec-19,37265
Sky Bank,3091,31-Dec-19,51603.8
Sky Bank,3092,31-Dec-19,22032.2
Sky Bank,3093,31-Dec-19,26008.4
Sky Bank,3094,31-Dec-19,59412.6
Sky Bank,3096,31-Dec-19,34570.2
Sky Bank,3098,31-Dec-19,32490.2
Sky Bank,3099,31-Dec-19,24511.2
Sky Bank,3101,31-Dec-19,15470.9
Sky Bank,3107,31-Dec-19,57894.3
Sky Bank,3108,31-Dec-19,12861.3
Sky Bank,3109,31-Dec-19,42255.9
Sky Bank,3111,31-Dec-19,63826
Sky Bank,3112,31-Dec-19,71995.9
Sky Bank,3113,31-Dec-19,58823.1
Sky Bank,3114,31-Dec-19,36793.6
Sky Bank,3115,31-Dec-19,20863.8
Sky Bank,3116,31-Dec-19,62475.3
Sky Bank,3117,31-Dec-19,22730.7
Sky Bank,3118,31-Dec-19,48556.3
Sky Bank,3120,31-Dec-19,28591
Sky Bank,3121,31-Dec-19,24318.5
Sky Bank,3124,31-Dec-19,47506.2
Sky Bank,3126,31-Dec-19,37703.2
Sky Bank,3127,31-Dec-19,29431.2
Sky Bank,3128,31-Dec-19,42946.6
Sky Bank,3129,31-Dec-19,28446.8
Sky Bank,3130,31-Dec-19,35417
Sky Bank,3131,31-Dec-19,29542.8
Sky Bank,3132,31-Dec-19,22522.4
Sky Bank,3133,31-Dec-19,21102.9
Sky Bank,3134,31-Dec-19,37666.7
Sky Bank,3135,31-Dec-19,37909.5
Sky Bank,3136,31-Dec-19,49552.8
Sky Bank,3138,31-Dec-19,30661.7
Sky Bank,3141,31-Dec-19,32159.5
Sky Bank,3142,31-Dec-19,17333.2
Sky Bank,3143,31-Dec-19,25091.9
Sky Bank,3144,31-Dec-19,20590.9
Sky Bank,3145,31-Dec-19,27726
Sky Bank,3146,31-Dec-19,21452.8
Sky Bank,3147,31-Dec-19,37710.7
Sky Bank,3148,31-Dec-19,23748.2
Sky Bank,3149,31-Dec-19,28493.4
Sky Bank,3151,31-Dec-19,34425.1
Sky Bank,3152,31-Dec-19,13375.6
Sky Bank,3153,31-Dec-19,78550.2
Sky Bank,3155,31-Dec-19,43903.1
Sky Bank,3157,31-Dec-19,36156.8
Sky Bank,3158,31-Dec-19,9690.4
Sky Bank,3160,31-Dec-19,41547.9
Sky Bank,3161,31-Dec-19,25122.9
Sky Bank,3162,31-Dec-19,48533
Sky Bank,3164,31-Dec-19,18265
Sky Bank,3166,31-Dec-19,73964.8
Sky Bank,3167,31-Dec-19,48249.5
Sky Bank,3168,31-Dec-19,27929.5
Sky Bank,3170,31-Dec-19,45753.2
Sky Bank,3171,31-Dec-19,24704.6
Sky Bank,3173,31-Dec-19,18269
Sky Bank,3175,31-Dec-19,15420.8
Sky Bank,3178,31-Dec-19,15534
Sky Bank,3179,31-Dec-19,36922.2
Sky Bank,3180,31-Dec-19,28163.2
Sky Bank,3181,31-Dec-19,30594.7
Sky Bank,3183,31-Dec-19,29700
Sky Bank,3184,31-Dec-19,29827.2
Sky Bank,3186,31-Dec-19,38822.8
Sky Bank,3189,31-Dec-19,40410.9
Sky Bank,3191,31-Dec-19,32746.7
Sky Bank,3192,31-Dec-19,37149.6
Sky Bank,3193,31-Dec-19,40020.4
Sky Bank,3195,31-Dec-19,31947.6
Sky Bank,3196,31-Dec-19,43829.8
Sky Bank,3197,31-Dec-19,20136.7
Sky Bank,3199,31-Dec-19,54623.8
Sky Bank,3200,31-Dec-19,57797.2
Sky Bank,3201,31-Dec-19,31479.6
Sky Bank,3203,31-Dec-19,18219.5
Sky Bank,3204,31-Dec-19,51884.7
Sky Bank,3205,31-Dec-19,22236.6
Sky Bank,3206,31-Dec-19,50653.8
Sky Bank,3210,31-Dec-19,29514.2
Sky Bank,3212,31-Dec-19,48372.9
Sky Bank,3213,31-Dec-19,17710
Sky Bank,3216,31-Dec-19,79087.5
Sky Bank,3218,31-Dec-19,16677.5
Sky Bank,3219,31-Dec-19,50025.7
Sky Bank,3220,31-Dec-19,54253
Sky Bank,3221,31-Dec-19,42583
Sky Bank,3222,31-Dec-19,23184.8
Sky Bank,3223,31-Dec-19,40359.4
Sky Bank,3224,31-Dec-19,13414.7
Sky Bank,3225,31-Dec-19,57569.7
Sky Bank,3226,31-Dec-19,15479
Sky Bank,3227,31-Dec-19,38111
Sky Bank,3228,31-Dec-19,43617.3
Sky Bank,3229,31-Dec-19,87987.6
Sky Bank,3230,31-Dec-19,59908.6
Sky Bank,3231,31-Dec-19,21695.8
Sky Bank,3232,31-Dec-19,14359
Sky Bank,3233,31-Dec-19,77068.5
Sky Bank,3234,31-Dec-19,28369.7
Sky Bank,3235,31-Dec-19,32749.9
Sky Bank,3237,31-Dec-19,32035.4
Sky Bank,3238,31-Dec-19,56759.6
Sky Bank,3239,31-Dec-19,35481.9
Sky Bank,3240,31-Dec-19,31435.3
Sky Bank,3241,31-Dec-19,44245.4
Sky Bank,3243,31-Dec-19,17796.4
Sky Bank,3244,31-Dec-19,20475.9
Sky Bank,3246,31-Dec-19,15325.8
Sky Bank,3247,31-Dec-19,22302.8
Sky Bank,3248,31-Dec-19,22707.5
Sky Bank,3249,31-Dec-19,39470.6
Sky Bank,3250,31-Dec-19,19877.6
Sky Bank,3251,31-Dec-19,19588.9
Sky Bank,3252,31-Dec-19,20328.1
Sky Bank,3253,31-Dec-19,51299.2
Sky Bank,3254,31-Dec-19,32278.9
Sky Bank,3255,31-Dec-19,60473.5
Sky Bank,3256,31-Dec-19,23967.8
Sky Bank,3258,31-Dec-19,29913.6
Sky Bank,3259,31-Dec-19,45317.2
Sky Bank,3260,31-Dec-19,63775.3
Sky Bank,3261,31-Dec-19,44142.3
Sky Bank,3264,31-Dec-19,27264.9
Sky Bank,3265,31-Dec-19,73963.1
Sky Bank,3267,31-Dec-19,34024.9
Sky Bank,3268,31-Dec-19,17152.7
Sky Bank,3269,31-Dec-19,85868.7
Sky Bank,3270,31-Dec-19,47114.6
Sky Bank,3271,31-Dec-19,20006.6
Sky Bank,3272,31-Dec-19,43875.7
Sky Bank,3273,31-Dec-19,45212.5
Sky Bank,3275,31-Dec-19,28126.6
Sky Bank,3277,31-Dec-19,32679.6
Sky Bank,3278,31-Dec-19,54071.9
Sky Bank,3279,31-Dec-19,58686.6
Sky Bank,3280,31-Dec-19,23052.2
Sky Bank,3282,31-Dec-19,12415.3
Sky Bank,3283,31-Dec-19,46505.4
Sky Bank,3284,31-Dec-19,22190
Sky Bank,3285,31-Dec-19,15970.3
Sky Bank,3286,31-Dec-19,25277.5
Sky Bank,3287,31-Dec-19,45140.1
Sky Bank,3288,31-Dec-19,30542.8
Sky Bank,3289,31-Dec-19,31871.1
Sky Bank,3290,31-Dec-19,58307.9
Sky Bank,3292,31-Dec-19,16039.2
Sky Bank,3294,31-Dec-19,37108.1
Sky Bank,3296,31-Dec-19,83662.6
Sky Bank,3297,31-Dec-19,44840.3
Sky Bank,3298,31-Dec-19,56782.1
Sky Bank,3301,31-Dec-19,30198.8
Sky Bank,3302,31-Dec-19,24743.4
Sky Bank,3303,31-Dec-19,71334.7
Sky Bank,3305,31-Dec-19,16851.8
Sky Bank,3306,31-Dec-19,35896.5
Sky Bank,3307,31-Dec-19,55004.2
Sky Bank,3308,31-Dec-19,35756.1
Sky Bank,3309,31-Dec-19,38841.3
Sky Bank,3310,31-Dec-19,13427.4
Sky Bank,3311,31-Dec-19,44687.8
Sky Bank,3312,31-Dec-19,3659.3
Sky Bank,3315,31-Dec-19,51711.4
Sky Bank,3316,31-Dec-19,40891.5
Sky Bank,3317,31-Dec-19,22562.5
Sky Bank,3318,31-Dec-19,16023
Sky Bank,3319,31-Dec-19,38295.3
Sky Bank,3320,31-Dec-19,20569.6
Sky Bank,3321,31-Dec-19,38590.2
Sky Bank,3322,31-Dec-19,23181.6
Sky Bank,3323,31-Dec-19,54774.2
Sky Bank,3326,31-Dec-19,38001.5
Sky Bank,3327,31-Dec-19,23468.8
Sky Bank,3329,31-Dec-19,40637.9
Sky Bank,3330,31-Dec-19,56866.9
Sky Bank,3335,31-Dec-19,20367.9
Sky Bank,3336,31-Dec-19,11869.6
Sky Bank,3338,31-Dec-19,23252.7
Sky Bank,3339,31-Dec-19,33734
Sky Bank,3345,31-Dec-19,6830.4
Sky Bank,3348,31-Dec-19,49800.7
Sky Bank,3349,31-Dec-19,44244.6
Sky Bank,3350,31-Dec-19,20324.9
Sky Bank,3351,31-Dec-19,33323.7
Sky Bank,3352,31-Dec-19,27987.6
Sky Bank,3353,31-Dec-19,39616.9
Sky Bank,3354,31-Dec-19,18407.2
Sky Bank,3355,31-Dec-19,44762.8
Sky Bank,3357,31-Dec-19,25848.8
Sky Bank,3358,31-Dec-19,18041.4
Sky Bank,3359,31-Dec-19,27961.6
Sky Bank,3361,31-Dec-19,37664.6
Sky Bank,3362,31-Dec-19,40648.6
Sky Bank,3363,31-Dec-19,25001.9
Sky Bank,3364,31-Dec-19,18597.5
Sky Bank,3366,31-Dec-19,38546.6
Sky Bank,3367,31-Dec-19,104135.2
Sky Bank,3368,31-Dec-19,33639.9
Sky Bank,3369,31-Dec-19,26204
Sky Bank,3370,31-Dec-19,44812.5
Sky Bank,3371,31-Dec-19,43504.1
Sky Bank,3372,31-Dec-19,47755.5
Sky Bank,3373,31-Dec-19,14726.2
Sky Bank,3374,31-Dec-19,6153.9
Sky Bank,3376,31-Dec-19,27022.4
Sky Bank,3377,31-Dec-19,32731
Sky Bank,3378,31-Dec-19,42366.1
Sky Bank,3380,31-Dec-19,20052.5
Sky Bank,3384,31-Dec-19,41686.6
Sky Bank,3386,31-Dec-19,49420.7
Sky Bank,3389,31-Dec-19,67463.4
Sky Bank,3391,31-Dec-19,64006.9
Sky Bank,3392,31-Dec-19,27986.7
Sky Bank,3394,31-Dec-19,19839.2
Sky Bank,3397,31-Dec-19,51483
Sky Bank,3399,31-Dec-19,40374.2
Sky Bank,3402,31-Dec-19,69506.3
Sky Bank,3405,31-Dec-19,37391.6
Sky Bank,3407,31-Dec-19,-375.5
Sky Bank,3408,31-Dec-19,64440.5
Sky Bank,3409,31-Dec-19,14643
Sky Bank,3410,31-Dec-19,37454.6
Sky Bank,3413,31-Dec-19,76723.2
Sky Bank,3417,31-Dec-19,19922.6
Sky Bank,3418,31-Dec-19,99979.9
Sky Bank,3419,31-Dec-19,25254.3
Sky Bank,3421,31-Dec-19,34946.8
Sky Bank,3422,31-Dec-19,41043.6
Sky Bank,3424,31-Dec-19,74979.3
Sky Bank,3425,31-Dec-19,34483.3
Sky Bank,3426,31-Dec-19,43544.1
Sky Bank,3427,31-Dec-19,50420.3
Sky Bank,3429,31-Dec-19,43305.1
Sky Bank,3430,31-Dec-19,4356.3
Sky Bank,3431,31-Dec-19,46871.9
Sky Bank,3432,31-Dec-19,16393.2
Sky Bank,3434,31-Dec-19,13833.6
Sky Bank,3435,31-Dec-19,25721.4
Sky Bank,3436,31-Dec-19,24031.6
Sky Bank,3439,31-Dec-19,34245.3
Sky Bank,3440,31-Dec-19,29380.9
Sky Bank,3442,31-Dec-19,16504.8
Sky Bank,3443,31-Dec-19,18354.3
Sky Bank,3445,31-Dec-19,39740.5
Sky Bank,3446,31-Dec-19,31955.9
Sky Bank,3448,31-Dec-19,30303.3
Sky Bank,3449,31-Dec-19,37911.3
Sky Bank,3450,31-Dec-19,39845.5
Sky Bank,3451,31-Dec-19,40854.7
Sky Bank,3452,31-Dec-19,5507.3
Sky Bank,3453,31-Dec-19,34587.9
Sky Bank,3455,31-Dec-19,42217.4
Sky Bank,3456,31-Dec-19,31338
Sky Bank,3457,31-Dec-19,19156.5
Sky Bank,3458,31-Dec-19,16719.5
Sky Bank,3459,31-Dec-19,47542.4
Sky Bank,3462,31-Dec-19,25560
Sky Bank,3464,31-Dec-19,25157.2
Sky Bank,3465,31-Dec-19,62589.5
Sky Bank,3466,31-Dec-19,81522.5
Sky Bank,3467,31-Dec-19,29042.7
Sky Bank,3468,31-Dec-19,42970.3
Sky Bank,3469,31-Dec-19,35656.5
Sky Bank,3472,31-Dec-19,44223.2
Sky Bank,3474,31-Dec-19,23300.6
Sky Bank,3476,31-Dec-19,41571
Sky Bank,3477,31-Dec-19,16590.7
Sky Bank,3478,31-Dec-19,25326.1
Sky Bank,3479,31-Dec-19,40955.7
Sky Bank,3480,31-Dec-19,52383.1
Sky Bank,3482,31-Dec-19,18239.5
Sky Bank,3483,31-Dec-19,15101.3
Sky Bank,3484,31-Dec-19,24792.5
Sky Bank,3485,31-Dec-19,39337.9
Sky Bank,3486,31-Dec-19,30099.5
Sky Bank,3487,31-Dec-19,56608.9
Sky Bank,3489,31-Dec-19,35289
Sky Bank,3491,31-Dec-19,36290.8
Sky Bank,3492,31-Dec-19,51916.1
Sky Bank,3493,31-Dec-19,29422.1
Sky Bank,3494,31-Dec-19,19916.4
Sky Bank,3495,31-Dec-19,36287.8
Sky Bank,3497,31-Dec-19,42848.1
Sky Bank,3498,31-Dec-19,27473.4
Sky Bank,3499,31-Dec-19,40088.8
Sky Bank,3502,31-Dec-19,72249.2
Sky Bank,3503,31-Dec-19,64176.6
Sky Bank,3504,31-Dec-19,27228.6
Sky Bank,3505,31-Dec-19,47764.4
Sky Bank,3507,31-Dec-19,120502.8
Sky Bank,3508,31-Dec-19,45447.3
Sky Bank,3509,31-Dec-19,34771.5
Sky Bank,3510,31-Dec-19,53591.8
Sky Bank,3511,31-Dec-19,28428.8
Sky Bank,3513,31-Dec-19,80466.6
Sky Bank,3514,31-Dec-19,24751.8
Sky Bank,3515,31-Dec-19,19980.3
Sky Bank,3517,31-Dec-19,24605
Sky Bank,3518,31-Dec-19,45207.4
Sky Bank,3519,31-Dec-19,20040.9
Sky Bank,3520,31-Dec-19,35342.5
Sky Bank,3521,31-Dec-19,85866.4
Sky Bank,3522,31-Dec-19,28421.1
Sky Bank,3525,31-Dec-19,14150.3
Sky Bank,3526,31-Dec-19,52253.2
Sky Bank,3528,31-Dec-19,36789.2
Sky Bank,3530,31-Dec-19,16646.7
Sky Bank,3531,31-Dec-19,26506.4
Sky Bank,3532,31-Dec-19,40744.2
Sky Bank,3533,31-Dec-19,37065.9
Sky Bank,3534,31-Dec-19,43664.6
Sky Bank,3535,31-Dec-19,20689.9
Sky Bank,3536,31-Dec-19,26913.9
Sky Bank,3538,31-Dec-19,46474.8
Sky Bank,3539,31-Dec-19,40657.1
Sky Bank,3542,31-Dec-19,24788.3
Sky Bank,3543,31-Dec-19,16607.2
Sky Bank,3545,31-Dec-19,33515.1
Sky Bank,3547,31-Dec-19,18248.8
Sky Bank,3548,31-Dec-19,19240
Sky Bank,3550,31-Dec-19,40009.4
Sky Bank,3551,31-Dec-19,30163.8
Sky Bank,3552,31-Dec-19,46158.3
Sky Bank,3553,31-Dec-19,33349
Sky Bank,3554,31-Dec-19,23217.9
Sky Bank,3555,31-Dec-19,22128.5
Sky Bank,3557,31-Dec-19,7211.3
Sky Bank,3558,31-Dec-19,110496.8
Sky Bank,3559,31-Dec-19,38816.6
Sky Bank,3562,31-Dec-19,90989.9
Sky Bank,3563,31-Dec-19,67721.5
Sky Bank,3564,31-Dec-19,18665.5
Sky Bank,3566,31-Dec-19,15744
Sky Bank,3567,31-Dec-19,43163.7
Sky Bank,3568,31-Dec-19,21034.5
Sky Bank,3569,31-Dec-19,22569
Sky Bank,3570,31-Dec-19,42560.7
Sky Bank,3571,31-Dec-19,30859.1
Sky Bank,3572,31-Dec-19,24253.9
Sky Bank,3573,31-Dec-19,37339.1
Sky Bank,3575,31-Dec-19,32692.4
Sky Bank,3576,31-Dec-19,27473.5
Sky Bank,3578,31-Dec-19,46389.4
Sky Bank,3579,31-Dec-19,59575
Sky Bank,3580,31-Dec-19,56540.1
Sky Bank,3582,31-Dec-19,19837
Sky Bank,3583,31-Dec-19,36937.5
Sky Bank,3584,31-Dec-19,36930.8
Sky Bank,3585,31-Dec-19,30143
Sky Bank,3586,31-Dec-19,60012.3
Sky Bank,3587,31-Dec-19,15129.5
Sky Bank,3588,31-Dec-19,27926.5
Sky Bank,3589,31-Dec-19,44861.1
Sky Bank,3590,31-Dec-19,39312
Sky Bank,3591,31-Dec-19,59611.2
Sky Bank,3592,31-Dec-19,18395.7
Sky Bank,3593,31-Dec-19,24443.8
Sky Bank,3594,31-Dec-19,23498.9
Sky Bank,3595,31-Dec-19,22676.9
Sky Bank,3596,31-Dec-19,50102.2
Sky Bank,3597,31-Dec-19,36129.1
Sky Bank,3599,31-Dec-19,27210.9
Sky Bank,3600,31-Dec-19,39586.5
Sky Bank,3601,31-Dec-19,49382.9
Sky Bank,3604,31-Dec-19,21271
Sky Bank,3605,31-Dec-19,33159.6
Sky Bank,3606,31-Dec-19,23687.3
Sky Bank,3608,31-Dec-19,42086.5
Sky Bank,3609,31-Dec-19,50491.5
Sky Bank,3612,31-Dec-19,43287.6
Sky Bank,3613,31-Dec-19,17699.5
Sky Bank,3614,31-Dec-19,101601.2
Sky Bank,3615,31-Dec-19,32726.2
Sky Bank,3617,31-Dec-19,76490.1
Sky Bank,3618,31-Dec-19,67908.8
Sky Bank,3621,31-Dec-19,30115.3
Sky Bank,3622,31-Dec-19,9486
Sky Bank,3623,31-Dec-19,28130.7
Sky Bank,3624,31-Dec-19,23702.3
Sky Bank,3625,31-Dec-19,17350.2
Sky Bank,3626,31-Dec-19,40399.7
Sky Bank,3628,31-Dec-19,61016.6
Sky Bank,3629,31-Dec-19,29832.4
Sky Bank,3631,31-Dec-19,29283.1
Sky Bank,3632,31-Dec-19,12982
Sky Bank,3636,31-Dec-19,56443.7
Sky Bank,3637,31-Dec-19,53596.8
Sky Bank,3638,31-Dec-19,63792.8
Sky Bank,3640,31-Dec-19,17118.5
Sky Bank,3641,31-Dec-19,22608.5
Sky Bank,3644,31-Dec-19,13705.2
Sky Bank,3645,31-Dec-19,35121.3
Sky Bank,3646,31-Dec-19,71145.3
Sky Bank,3647,31-Dec-19,39827.8
Sky Bank,3648,31-Dec-19,25861.1
Sky Bank,3649,31-Dec-19,46230.5
Sky Bank,3650,31-Dec-19,51933.7
Sky Bank,3651,31-Dec-19,33340.4
Sky Bank,3653,31-Dec-19,50520.3
Sky Bank,3654,31-Dec-19,78206.2
Sky Bank,3655,31-Dec-19,27544.8
Sky Bank,3656,31-Dec-19,24456.2
Sky Bank,3660,31-Dec-19,14374.1
Sky Bank,3661,31-Dec-19,20988.1
Sky Bank,3663,31-Dec-19,63333.1
Sky Bank,3664,31-Dec-19,29310.1
Sky Bank,3667,31-Dec-19,14457.9
Sky Bank,3669,31-Dec-19,21334.1
Sky Bank,3670,31-Dec-19,27521.6
Sky Bank,3672,31-Dec-19,50781.7
Sky Bank,3673,31-Dec-19,29646.3
Sky Bank,3674,31-Dec-19,52572.7
Sky Bank,3675,31-Dec-19,49501.1
Sky Bank,3676,31-Dec-19,12637.3
Sky Bank,3677,31-Dec-19,11948.3
Sky Bank,3678,31-Dec-19,10127.7
Sky Bank,3679,31-Dec-19,44554.4
Sky Bank,3680,31-Dec-19,26096.3
Sky Bank,3682,31-Dec-19,35342.8
Sky Bank,3683,31-Dec-19,70911.3
Sky Bank,3684,31-Dec-19,22279.9
Sky Bank,3687,31-Dec-19,50329.1
Sky Bank,3688,31-Dec-19,37827.5
Sky Bank,3689,31-Dec-19,11205.2
Sky Bank,3690,31-Dec-19,28450.7
Sky Bank,3691,31-Dec-19,21854.2
Sky Bank,3693,31-Dec-19,80686.3
Sky Bank,3694,31-Dec-19,47946
Sky Bank,3696,31-Dec-19,52528
Sky Bank,3697,31-Dec-19,17141.4
Sky Bank,3698,31-Dec-19,21492.7
Sky Bank,3699,31-Dec-19,28847.9
Sky Bank,3701,31-Dec-19,30928.9
Sky Bank,3702,31-Dec-19,66919.3
Sky Bank,3704,31-Dec-19,26083.6
Sky Bank,3706,31-Dec-19,29542.2
Sky Bank,3708,31-Dec-19,18160
Sky Bank,3709,31-Dec-19,40198.5
Sky Bank,3710,31-Dec-19,30884.6
Sky Bank,3712,31-Dec-19,19117.2
Sky Bank,3713,31-Dec-19,80059
Sky Bank,3714,31-Dec-19,30820.9
Sky Bank,3717,31-Dec-19,25980.5
Sky Bank,3718,31-Dec-19,26271.6
Sky Bank,3720,31-Dec-19,40275.9
Sky Bank,3721,31-Dec-19,20485.8
Sky Bank,3723,31-Dec-19,78021.1
Sky Bank,3725,31-Dec-19,44455.3
Sky Bank,3726,31-Dec-19,63119.4
Sky Bank,3727,31-Dec-19,38352.2
Sky Bank,3728,31-Dec-19,25081.9
Sky Bank,3729,31-Dec-19,15207.4
Sky Bank,3730,31-Dec-19,31791.6
Sky Bank,3731,31-Dec-19,16978.8
Sky Bank,3733,31-Dec-19,38776.1
Sky Bank,3734,31-Dec-19,9758.8
Sky Bank,3735,31-Dec-19,71048.2
Sky Bank,3736,31-Dec-19,39153.3
Sky Bank,3737,31-Dec-19,27680.5
Sky Bank,3738,31-Dec-19,42463
Sky Bank,3741,31-Dec-19,34584.4
Sky Bank,3743,31-Dec-19,27445
Sky Bank,3745,31-Dec-19,71080.6
Sky Bank,3746,31-Dec-19,69369.5
Sky Bank,3747,31-Dec-19,13476.1
Sky Bank,3748,31-Dec-19,19875.4
Sky Bank,3749,31-Dec-19,55120.4
Sky Bank,3750,31-Dec-19,35756
Sky Bank,3751,31-Dec-19,23821.5
Sky Bank,3752,31-Dec-19,58960.9
Sky Bank,3753,31-Dec-19,28828
Sky Bank,3754,31-Dec-19,24737.5
Sky Bank,3755,31-Dec-19,82043.5
Sky Bank,3756,31-Dec-19,30105.1
Sky Bank,3758,31-Dec-19,38273.6
Sky Bank,3759,31-Dec-19,17060.5
Sky Bank,3760,31-Dec-19,39672.6
Sky Bank,3763,31-Dec-19,29587.8
Sky Bank,3764,31-Dec-19,33110.7
Sky Bank,3766,31-Dec-19,31723.1
Sky Bank,3767,31-Dec-19,45468.7
Sky Bank,3769,31-Dec-19,22682.5
Sky Bank,3770,31-Dec-19,49279.8
Sky Bank,3771,31-Dec-19,22886.6
Sky Bank,3772,31-Dec-19,45708.6
Sky Bank,3774,31-Dec-19,40127.3
Sky Bank,3775,31-Dec-19,27826.5
Sky Bank,3776,31-Dec-19,45086.4
Sky Bank,3777,31-Dec-19,20345.7
Sky Bank,3778,31-Dec-19,71497.6
Sky Bank,3779,31-Dec-19,47282.1
Sky Bank,3780,31-Dec-19,13234
Sky Bank,3781,31-Dec-19,100231
Sky Bank,3783,31-Dec-19,28806.9
Sky Bank,3784,31-Dec-19,31053.7
Sky Bank,3785,31-Dec-19,80730.5
Sky Bank,3786,31-Dec-19,49092.7
Sky Bank,3787,31-Dec-19,51207.4
Sky Bank,3788,31-Dec-19,57187.8
Sky Bank,3789,31-Dec-19,52913.2
Sky Bank,3791,31-Dec-19,31032.4
Sky Bank,3792,31-Dec-19,15242.4
Sky Bank,3793,31-Dec-19,32322.2
Sky Bank,3795,31-Dec-19,30802.1
Sky Bank,3796,31-Dec-19,58438.7
Sky Bank,3797,31-Dec-19,30401.8
Sky Bank,3799,31-Dec-19,24706
Sky Bank,3800,31-Dec-19,25477.5
Sky Bank,3801,31-Dec-19,46389.9
Sky Bank,3802,31-Dec-19,19743
Sky Bank,3803,31-Dec-19,26930.6
Sky Bank,3804,31-Dec-19,40248.2
Sky Bank,3805,31-Dec-19,36958.2
Sky Bank,3806,31-Dec-19,46425.7
Sky Bank,3807,31-Dec-19,53123.9
Sky Bank,3808,31-Dec-19,35242.1
Sky Bank,3809,31-Dec-19,22002.5
Sky Bank,3810,31-Dec-19,22971.5
Sky Bank,3811,31-Dec-19,20417.8
Sky Bank,3812,31-Dec-19,34360.6
Sky Bank,3815,31-Dec-19,48419.1
Sky Bank,3817,31-Dec-19,31619.1
Sky Bank,3818,31-Dec-19,49038.4
Sky Bank,3819,31-Dec-19,19735.5
Sky Bank,3820,31-Dec-19,46724.9
Sky Bank,3821,31-Dec-19,33529.6
Sky Bank,3822,31-Dec-19,47846.3
Sky Bank,3824,31-Dec-19,25909.2
Sky Bank,3825,31-Dec-19,13505.6
Sky Bank,3826,31-Dec-19,26960.4
Sky Bank,3827,31-Dec-19,35428.5
Sky Bank,3832,31-Dec-19,19503.9
Sky Bank,3834,31-Dec-19,25979.2
Sky Bank,3835,31-Dec-19,37461.8
Sky Bank,3837,31-Dec-19,35263.9
Sky Bank,3838,31-Dec-19,14939.6
Sky Bank,3839,31-Dec-19,33402.1
Sky Bank,3840,31-Dec-19,39422.5
Sky Bank,3841,31-Dec-19,24457.2
Sky Bank,3843,31-Dec-19,24324.2
Sky Bank,3844,31-Dec-19,22439.4
Sky Bank,3845,31-Dec-19,49599.2
Sky Bank,3847,31-Dec-19,77951.2
Sky Bank,3848,31-Dec-19,40704.1
Sky Bank,3849,31-Dec-19,60114.5
Sky Bank,3850,31-Dec-19,56930
Sky Bank,3854,31-Dec-19,27665.3
Sky Bank,3855,31-Dec-19,41176.7
Sky Bank,3856,31-Dec-19,5451.1
Sky Bank,3858,31-Dec-19,26302.9
Sky Bank,3859,31-Dec-19,61567.1
Sky Bank,3860,31-Dec-19,18614.5
Sky Bank,3863,31-Dec-19,31908.6
Sky Bank,3864,31-Dec-19,24827.2
Sky Bank,3865,31-Dec-19,56783.8
Sky Bank,3866,31-Dec-19,21887.1
Sky Bank,3868,31-Dec-19,29431.3
Sky Bank,3869,31-Dec-19,96546.9
Sky Bank,3871,31-Dec-19,33537.5
Sky Bank,3874,31-Dec-19,38706.7
Sky Bank,3876,31-Dec-19,5919.8
Sky Bank,3877,31-Dec-19,38857.4
Sky Bank,3878,31-Dec-19,15672.5
Sky Bank,3880,31-Dec-19,30156.5
Sky Bank,3881,31-Dec-19,33130.1
Sky Bank,3882,31-Dec-19,19608.2
Sky Bank,3883,31-Dec-19,40076.5
Sky Bank,3884,31-Dec-19,18323.7
Sky Bank,3886,31-Dec-19,23664
Sky Bank,3887,31-Dec-19,35067.5
Sky Bank,3890,31-Dec-19,17692.4
Sky Bank,3891,31-Dec-19,48611.1
Sky Bank,3892,31-Dec-19,8172
Sky Bank,3894,31-Dec-19,19625.1
Sky Bank,3895,31-Dec-19,34132.3
Sky Bank,3896,31-Dec-19,69615.9
Sky Bank,3898,31-Dec-19,25148.1
Sky Bank,3899,31-Dec-19,53672.7
Sky Bank,3902,31-Dec-19,30324.7
Sky Bank,3903,31-Dec-19,46238.6
Sky Bank,3904,31-Dec-19,9979.4
Sky Bank,3907,31-Dec-19,87551.2
Sky Bank,3909,31-Dec-19,40346
Sky Bank,3912,31-Dec-19,36531.9
Sky Bank,3913,31-Dec-19,53062.2
Sky Bank,3914,31-Dec-19,49935.1
Sky Bank,3915,31-Dec-19,50355.7
Sky Bank,3917,31-Dec-19,36230.3
Sky Bank,3918,31-Dec-19,14557.3
Sky Bank,3920,31-Dec-19,25659.2
Sky Bank,3921,31-Dec-19,49958.8
Sky Bank,3923,31-Dec-19,77654.1
Sky Bank,3924,31-Dec-19,26484.7
Sky Bank,3925,31-Dec-19,24841.9
Sky Bank,3926,31-Dec-19,38791.6
Sky Bank,3927,31-Dec-19,26498.9
Sky Bank,3928,31-Dec-19,30803.6
Sky Bank,3930,31-Dec-19,20507.4
Sky Bank,3931,31-Dec-19,81545.9
Sky Bank,3932,31-Dec-19,26644.2
Sky Bank,3933,31-Dec-19,57964.6
Sky Bank,3935,31-Dec-19,37146.8
Sky Bank,3936,31-Dec-19,27197.1
Sky Bank,3937,31-Dec-19,20522
Sky Bank,3938,31-Dec-19,73342
Sky Bank,3939,31-Dec-19,27914.4
Sky Bank,3940,31-Dec-19,42230.3
Sky Bank,3942,31-Dec-19,30050.8
Sky Bank,3943,31-Dec-19,18440.2
Sky Bank,3944,31-Dec-19,53475.5
Sky Bank,3945,31-Dec-19,28903.9
Sky Bank,3946,31-Dec-19,29039.8
Sky Bank,3947,31-Dec-19,53870.1
Sky Bank,3948,31-Dec-19,41513.5
Sky Bank,3949,31-Dec-19,41338.7
Sky Bank,3952,31-Dec-19,12755
Sky Bank,3954,31-Dec-19,37998.6
Sky Bank,3955,31-Dec-19,42172.7
Sky Bank,3956,31-Dec-19,32877.2
Sky Bank,3957,31-Dec-19,61437.1
Sky Bank,3960,31-Dec-19,24770.6
Sky Bank,3965,31-Dec-19,25937.6
Sky Bank,3966,31-Dec-19,18971.1
Sky Bank,3967,31-Dec-19,82713.1
Sky Bank,3968,31-Dec-19,47017.6
Sky Bank,3969,31-Dec-19,53011.2
Sky Bank,3970,31-Dec-19,58702.2
Sky Bank,3972,31-Dec-19,52269.9
Sky Bank,3973,31-Dec-19,16142.8
Sky Bank,3974,31-Dec-19,46943.4
Sky Bank,3975,31-Dec-19,18397.9
Sky Bank,3976,31-Dec-19,20125.7
Sky Bank,3977,31-Dec-19,24580.9
Sky Bank,3978,31-Dec-19,66822.5
Sky Bank,3979,31-Dec-19,42841.9
Sky Bank,3980,31-Dec-19,42519.9
Sky Bank,3981,31-Dec-19,16725.1
Sky Bank,3982,31-Dec-19,30330.8
Sky Bank,3983,31-Dec-19,39944.1
Sky Bank,3989,31-Dec-19,25056.4
Sky Bank,3993,31-Dec-19,46336.7
Sky Bank,3995,31-Dec-19,27993.1
Sky Bank,3997,31-Dec-19,22215.9
Sky Bank,3998,31-Dec-19,46615.3
Sky Bank,3999,31-Dec-19,80669.6
Sky Bank,4000,31-Dec-19,50011
Sky Bank,4001,31-Dec-19,16181.6
Sky Bank,4009,31-Dec-19,41716.7
Sky Bank,4010,31-Dec-19,38343.8
Sky Bank,4013,31-Dec-19,35038.4
Sky Bank,4014,31-Dec-19,35496.7
Sky Bank,4033,31-Dec-19,20704.1
Sky Bank,4034,31-Dec-19,48399.4
Sky Bank,4035,31-Dec-19,35110.2
Sky Bank,4047,31-Dec-19,80635.5
Sky Bank,4055,31-Dec-19,52272.9
Sky Bank,4059,31-Dec-19,12800.9
Sky Bank,4066,31-Dec-19,62518.4
Sky Bank,4069,31-Dec-19,16056.3
Sky Bank,4071,31-Dec-19,35603.5
Sky Bank,4078,31-Dec-19,82195
Sky Bank,4079,31-Dec-19,30435.3
Sky Bank,4081,31-Dec-19,8242.9
Sky Bank,4082,31-Dec-19,10926.7
Sky Bank,4086,31-Dec-19,21253.8
Sky Bank,4088,31-Dec-19,34240.7
Sky Bank,4092,31-Dec-19,32450.7
Sky Bank,4093,31-Dec-19,16827.6
Sky Bank,4099,31-Dec-19,35770.4
Sky Bank,4103,31-Dec-19,66330.9
Sky Bank,4105,31-Dec-19,19583
Sky Bank,4109,31-Dec-19,48276.9
Sky Bank,4119,31-Dec-19,34834.5
Sky Bank,4121,31-Dec-19,25004.5
Sky Bank,4127,31-Dec-19,46952.7
Sky Bank,4131,31-Dec-19,41215.1
Sky Bank,4134,31-Dec-19,25132.8
Sky Bank,4144,31-Dec-19,47463.6
Sky Bank,4159,31-Dec-19,49850.3
Sky Bank,4161,31-Dec-19,40908.3
Sky Bank,4171,31-Dec-19,30733
Sky Bank,4173,31-Dec-19,13482.4
Sky Bank,4186,31-Dec-19,48436.1
Sky Bank,4190,31-Dec-19,33555.3
Sky Bank,4195,31-Dec-19,53641.2
Sky Bank,4204,31-Dec-19,14235.6
Sky Bank,4214,31-Dec-19,50380.7
Sky Bank,4225,31-Dec-19,47231.6
Sky Bank,4237,31-Dec-19,47146
Sky Bank,4240,31-Dec-19,38683.8
Sky Bank,4245,31-Dec-19,60559.9
Sky Bank,4253,31-Dec-19,46468.3
Sky Bank,4254,31-Dec-19,40074.5
Sky Bank,4255,31-Dec-19,36864.2
Sky Bank,4258,31-Dec-19,76835.8
Sky Bank,4259,31-Dec-19,32856.8
Sky Bank,4260,31-Dec-19,21263.5
Sky Bank,4263,31-Dec-19,47498.2
Sky Bank,4264,31-Dec-19,52049.9
Sky Bank,4269,31-Dec-19,50863.6
Sky Bank,4273,31-Dec-19,36903.4
Sky Bank,4276,31-Dec-19,48034.5
Sky Bank,4283,31-Dec-19,71496.5
Sky Bank,4286,31-Dec-19,62817.2
Sky Bank,4287,31-Dec-19,27798.7
Sky Bank,4293,31-Dec-19,13665.1
Sky Bank,4296,31-Dec-19,76314.3
Sky Bank,4318,31-Dec-19,69622
Sky Bank,4320,31-Dec-19,32008.7
Sky Bank,4321,31-Dec-19,67958.4
Sky Bank,4328,31-Dec-19,37057.6
Sky Bank,4329,31-Dec-19,18533.8
Sky Bank,4330,31-Dec-19,21283.7
Sky Bank,4337,31-Dec-19,57775.5
Sky Bank,4342,31-Dec-19,54292.5
Sky Bank,4343,31-Dec-19,63349.7
Sky Bank,4346,31-Dec-19,92500
Sky Bank,4347,31-Dec-19,69490.9
Sky Bank,4349,31-Dec-19,58802.6
Sky Bank,4350,31-Dec-19,89450.1
Sky Bank,4352,31-Dec-19,58040.4
Sky Bank,4355,31-Dec-19,19139.5
Sky Bank,4356,31-Dec-19,6760.7
Sky Bank,4361,31-Dec-19,89075.9
Sky Bank,4368,31-Dec-19,62794.5
Sky Bank,4375,31-Dec-19,44441.9
Sky Bank,4377,31-Dec-19,29487.7
Sky Bank,4379,31-Dec-19,25545.6
Sky Bank,4383,31-Dec-19,30128.5
Sky Bank,4385,31-Dec-19,40029.1
Sky Bank,4389,31-Dec-19,47653
Sky Bank,4405,31-Dec-19,73978.9
Sky Bank,4408,31-Dec-19,44346.1
Sky Bank,4413,31-Dec-19,30121.3
Sky Bank,4414,31-Dec-19,40694.3
Sky Bank,4415,31-Dec-19,41633.6
Sky Bank,4416,31-Dec-19,58920
Sky Bank,4418,31-Dec-19,18353.6
Sky Bank,4423,31-Dec-19,25358.1
Sky Bank,4424,31-Dec-19,35690.7
Sky Bank,4427,31-Dec-19,20063.1
Sky Bank,4434,31-Dec-19,93632.4
Sky Bank,4437,31-Dec-19,31761.1
Sky Bank,4438,31-Dec-19,36177.1
Sky Bank,4439,31-Dec-19,25469.6
Sky Bank,4442,31-Dec-19,37141.6
Sky Bank,4447,31-Dec-19,43674.8
Sky Bank,4448,31-Dec-19,53165.5
Sky Bank,4456,31-Dec-19,84387.7
Sky Bank,4458,31-Dec-19,28005.1
Sky Bank,4462,31-Dec-19,23976.9
Sky Bank,4463,31-Dec-19,36204.5
Sky Bank,4470,31-Dec-19,41709.5
Sky Bank,4473,31-Dec-19,69263.1
Sky Bank,4476,31-Dec-19,15798.4
Sky Bank,4478,31-Dec-19,94016.1
Sky Bank,4480,31-Dec-19,28234
Sky Bank,4484,31-Dec-19,34326.1
Sky Bank,4488,31-Dec-19,24436
Sky Bank,4493,31-Dec-19,68545.7
Sky Bank,4503,31-Dec-19,48153.8
Sky Bank,4511,31-Dec-19,24739.7
Sky Bank,4514,31-Dec-19,63064.7
Sky Bank,4519,31-Dec-19,49982.2
Sky Bank,4526,31-Dec-19,29032.1
Sky Bank,4537,31-Dec-19,78946.7
Sky Bank,4538,31-Dec-19,31703.8
Sky Bank,4543,31-Dec-19,47664.3
Sky Bank,4576,31-Dec-19,29635
Sky Bank,4580,31-Dec-19,48097.5
Sky Bank,4585,31-Dec-19,46200.9
Sky Bank,4588,31-Dec-19,29024.3
Sky Bank,4589,31-Dec-19,21200.5
Sky Bank,4596,31-Dec-19,57697.9
Sky Bank,4618,31-Dec-19,92597.1
Sky Bank,4626,31-Dec-19,69786.9
Sky Bank,4650,31-Dec-19,13902.5
Sky Bank,4659,31-Dec-19,67067.6
Sky Bank,4681,31-Dec-19,34412.9
Sky Bank,4715,31-Dec-19,60330.2
Sky Bank,4727,31-Dec-19,73758.1
Sky Bank,4743,31-Dec-19,74745.1
Sky Bank,4753,31-Dec-19,19447.1
Sky Bank,4768,31-Dec-19,28573.9
Sky Bank,4774,31-Dec-19,41186.5
Sky Bank,4803,31-Dec-19,24357.5
Sky Bank,4825,31-Dec-19,26463.6
Sky Bank,4851,31-Dec-19,30341
Sky Bank,4852,31-Dec-19,19004.9
Sky Bank,4863,31-Dec-19,70032.3
Sky Bank,4894,31-Dec-19,90336.4
Sky Bank,4907,31-Dec-19,29016
Sky Bank,4937,31-Dec-19,37950.8
Sky Bank,4948,31-Dec-19,50985.3
Sky Bank,4949,31-Dec-19,59475.6
Sky Bank,4969,31-Dec-19,36269
Sky Bank,4981,31-Dec-19,40445.1
Sky Bank,4994,31-Dec-19,41653.3
Sky Bank,4995,31-Dec-19,28022.1
Sky Bank,4999,31-Dec-19,30310.8
Sky Bank,5001,31-Dec-19,89398.6
Sky Bank,5011,31-Dec-19,70412.6
Sky Bank,5024,31-Dec-19,35157.6
Sky Bank,5033,31-Dec-19,17504.4
Sky Bank,5063,31-Dec-19,53699.2
Sky Bank,5065,31-Dec-19,697.8
Sky Bank,5066,31-Dec-19,28748.1
Sky Bank,5072,31-Dec-19,64324.4
Sky Bank,5092,31-Dec-19,7447.4
Sky Bank,5118,31-Dec-19,39586.2
Sky Bank,5120,31-Dec-19,93539.1
Sky Bank,5125,31-Dec-19,1575.8
Sky Bank,5126,31-Dec-19,22672
Sky Bank,5129,31-Dec-19,70845.8
Sky Bank,5133,31-Dec-19,25839.2
Sky Bank,5181,31-Dec-19,58964.7
Sky Bank,5194,31-Dec-19,8129.8
Sky Bank,5213,31-Dec-19,29144.4
Sky Bank,5215,31-Dec-19,62626.5
Sky Bank,5228,31-Dec-19,92064.9
Sky Bank,5250,31-Dec-19,26480.5
Sky Bank,5256,31-Dec-19,30032.6
Sky Bank,5263,31-Dec-19,36440.2
Sky Bank,5267,31-Dec-19,64920.5
Sky Bank,5269,31-Dec-19,60644.4
Sky Bank,5270,31-Dec-19,68115.3
Sky Bank,5305,31-Dec-19,53734.6
Sky Bank,5313,31-Dec-19,25491.8
Sky Bank,5317,31-Dec-19,32213.4
Sky Bank,5343,31-Dec-19,3115.8
Sky Bank,5357,31-Dec-19,59648.7
Sky Bank,5358,31-Dec-19,45653.3
Sky Bank,5362,31-Dec-19,82957.9
Sky Bank,5366,31-Dec-19,33697.2
Sky Bank,5369,31-Dec-19,15254.6
Sky Bank,5372,31-Dec-19,70268.2
Sky Bank,5385,31-Dec-19,29006.6
Sky Bank,5387,31-Dec-19,26531.8
Sky Bank,5395,31-Dec-19,50819.8
Sky Bank,5422,31-Dec-19,32634.6
Sky Bank,5423,31-Dec-19,45516
Sky Bank,5428,31-Dec-19,49565.1
Sky Bank,5429,31-Dec-19,13255.4
Sky Bank,5442,31-Dec-19,60016.3
Sky Bank,5472,31-Dec-19,19568.2
Sky Bank,5477,31-Dec-19,19078.9
Sky Bank,5481,31-Dec-19,34276.3
Sky Bank,5483,31-Dec-19,73275.4
Sky Bank,5505,31-Dec-19,38535.4
Sky Bank,5541,31-Dec-19,35447.8
Sky Bank,5546,31-Dec-19,66746.4
Sky Bank,5574,31-Dec-19,56917.4
Sky Bank,5591,31-Dec-19,35483
Sky Bank,5593,31-Dec-19,60944.9
Sky Bank,5602,31-Dec-19,27701.9
Sky Bank,5622,31-Dec-19,45769.7
Sky Bank,5628,31-Dec-19,37635.1
Sky Bank,5632,31-Dec-19,86571.6
Sky Bank,5650,31-Dec-19,53859.8
Sky Bank,5661,31-Dec-19,32085.5
Sky Bank,5692,31-Dec-19,29016.2
Sky Bank,5700,31-Dec-19,24455.7
Sky Bank,5724,31-Dec-19,64446
Sky Bank,5726,31-Dec-19,59077
Sky Bank,5735,31-Dec-19,21185.4
Sky Bank,5740,31-Dec-19,5518.1
Sky Bank,5742,31-Dec-19,34780.6
Sky Bank,5767,31-Dec-19,24182.2
Sky Bank,5774,31-Dec-19,39587.7
Sky Bank,5794,31-Dec-19,20253.9
Sky Bank,5817,31-Dec-19,13178.4
Sky Bank,5837,31-Dec-19,46576.9
Sky Bank,5868,31-Dec-19,22050
Sky Bank,5878,31-Dec-19,22749.7
Sky Bank,5891,31-Dec-19,102312.7
Sky Bank,5912,31-Dec-19,39085
Sky Bank,5927,31-Dec-19,20974.8
Sky Bank,5952,31-Dec-19,63508.2
Sky Bank,5984,31-Dec-19,18083.7
Sky Bank,5991,31-Dec-19,46623.4
Sky Bank,6030,31-Dec-19,78102.4
Sky Bank,6034,31-Dec-19,13400.9
Sky Bank,6040,31-Dec-19,41262.8
Sky Bank,6051,31-Dec-19,15674.7
Sky Bank,6062,31-Dec-19,51642.1
Sky Bank,6075,31-Dec-19,24143.8
Sky Bank,6083,31-Dec-19,45860
Sky Bank,6118,31-Dec-19,51893.3
Sky Bank,6148,31-Dec-19,90829.7
Sky Bank,6157,31-Dec-19,29439.9
Sky Bank,6158,31-Dec-19,23458.5
Sky Bank,6226,31-Dec-19,61601.1
Sky Bank,6265,31-Dec-19,103006.4
Sky Bank,6273,31-Dec-19,64043
Sky Bank,6281,31-Dec-19,-3341.6
Sky Bank,6289,31-Dec-19,65393.7
Sky Bank,6321,31-Dec-19,32711.6
Sky Bank,6353,31-Dec-19,75091.8
Sky Bank,6358,31-Dec-19,28497.5
Sky Bank,6363,31-Dec-19,49275.6
Sky Bank,6397,31-Dec-19,26800.9
Sky Bank,6400,31-Dec-19,3721.2
Sky Bank,6425,31-Dec-19,19681.3
Sky Bank,6434,31-Dec-19,48332
Sky Bank,6440,31-Dec-19,65901.6
Sky Bank,6453,31-Dec-19,22701.7
Sky Bank,6461,31-Dec-19,62821.2
Sky Bank,6463,31-Dec-19,2276.7
Sky Bank,6472,31-Dec-19,58111.3
Sky Bank,6473,31-Dec-19,9260.4
Sky Bank,6495,31-Dec-19,41269.9
Sky Bank,6510,31-Dec-19,40999
Sky Bank,6511,31-Dec-19,14351.9
Sky Bank,6512,31-Dec-19,42947.9
Sky Bank,6555,31-Dec-19,38360
Sky Bank,6592,31-Dec-19,102391.5
Sky Bank,6609,31-Dec-19,26222
Sky Bank,6636,31-Dec-19,50801.3
Sky Bank,6649,31-Dec-19,25593.5
Sky Bank,6678,31-Dec-19,56225.6
Sky Bank,6686,31-Dec-19,48357.6
Sky Bank,6688,31-Dec-19,27992.2
Sky Bank,6699,31-Dec-19,24112.5
Sky Bank,6701,31-Dec-19,74113.9
Sky Bank,6715,31-Dec-19,55525.4
Sky Bank,6738,31-Dec-19,29022.6
Sky Bank,6792,31-Dec-19,39371.2
Sky Bank,6806,31-Dec-19,50107
Sky Bank,6856,31-Dec-19,26241.8
Sky Bank,6872,31-Dec-19,46906.4
Sky Bank,6897,31-Dec-19,58423.1
Sky Bank,6902,31-Dec-19,29358.3
Sky Bank,6910,31-Dec-19,35065.9
Sky Bank,6924,31-Dec-19,31881.8
Sky Bank,6927,31-Dec-19,339
Sky Bank,6930,31-Dec-19,46684.9
Sky Bank,6950,31-Dec-19,42447.7
Sky Bank,6985,31-Dec-19,38944.9
Sky Bank,7011,31-Dec-19,38254.2
Sky Bank,7033,31-Dec-19,23549.8
Sky Bank,7082,31-Dec-19,37250.8
Sky Bank,7099,31-Dec-19,55500.8
Sky Bank,7101,31-Dec-19,-2125.8
Sky Bank,7123,31-Dec-19,22043.8
Sky Bank,7133,31-Dec-19,13607.2
Sky Bank,7136,31-Dec-19,62356.5
Sky Bank,7181,31-Dec-19,48586.7
Sky Bank,7184,31-Dec-19,24491.2
Sky Bank,7190,31-Dec-19,23092.9
Sky Bank,7203,31-Dec-19,31476.7
Sky Bank,7231,31-Dec-19,40514.4
Sky Bank,7240,31-Dec-19,25418.7
Sky Bank,7262,31-Dec-19,37833
Sky Bank,7401,31-Dec-19,52554.1
Sky Bank,7418,31-Dec-19,13429.2
Sky Bank,7424,31-Dec-19,61179.8
Sky Bank,7445,31-Dec-19,72376.1
Sky Bank,7449,31-Dec-19,47333.2
Sky Bank,7454,31-Dec-19,13861.1
Sky Bank,7485,31-Dec-19,50187.1
Sky Bank,7487,31-Dec-19,2748
Sky Bank,7520,31-Dec-19,39897.3
Sky Bank,7523,31-Dec-19,41926.5
Sky Bank,7542,31-Dec-19,41452.1
Sky Bank,7546,31-Dec-19,24716.1
Sky Bank,7562,31-Dec-19,42857.8
Sky Bank,7565,31-Dec-19,38442.7
Sky Bank,7594,31-Dec-19,68938.5
Sky Bank,7606,31-Dec-19,78838.4
Sky Bank,7607,31-Dec-19,40561.2
Sky Bank,7614,31-Dec-19,49984.4
Sky Bank,7618,31-Dec-19,56048.3
Sky Bank,7632,31-Dec-19,50875.1
Sky Bank,7636,31-Dec-19,91147
Sky Bank,7637,31-Dec-19,51559
Sky Bank,7674,31-Dec-19,25815.3
Sky Bank,7713,31-Dec-19,29491.4
Sky Bank,7733,31-Dec-19,67842.8
Sky Bank,7753,31-Dec-19,97186.5
Sky Bank,7765,31-Dec-19,21815.4
Sky Bank,7769,31-Dec-19,90218.5
Sky Bank,7774,31-Dec-19,39977.2
Sky Bank,7795,31-Dec-19,36880.5
Sky Bank,7815,31-Dec-19,58087.8
Sky Bank,7819,31-Dec-19,14525.3
Sky Bank,7824,31-Dec-19,-2496.1
Sky Bank,7828,31-Dec-19,33364.1
Sky Bank,7844,31-Dec-19,41846.7
Sky Bank,7857,31-Dec-19,37559.4
Sky Bank,7859,31-Dec-19,66315.1
Sky Bank,7861,31-Dec-19,76264.7
Sky Bank,7890,31-Dec-19,19168.1
Sky Bank,7894,31-Dec-19,24539.1
Sky Bank,7907,31-Dec-19,47217.4
Sky Bank,7926,31-Dec-19,49024.1
Sky Bank,7944,31-Dec-19,69933.7
Sky Bank,7957,31-Dec-19,21773.5
Sky Bank,7965,31-Dec-19,35130.1
Sky Bank,7990,31-Dec-19,60956.3
Sky Bank,7997,31-Dec-19,55818.1
Sky Bank,8027,31-Dec-19,49707.9
Sky Bank,8038,31-Dec-19,57966.6
Sky Bank,8039,31-Dec-19,53803.3
Sky Bank,8041,31-Dec-19,71057.9
Sky Bank,8051,31-Dec-19,30791.4
Sky Bank,8073,31-Dec-19,21341.3
Sky Bank,8085,31-Dec-19,17937.4
Sky Bank,8092,31-Dec-19,16779.8
Sky Bank,8094,31-Dec-19,45861.3
Sky Bank,8114,31-Dec-19,38455.9
Sky Bank,8127,31-Dec-19,59804
Sky Bank,8129,31-Dec-19,59379.4
Sky Bank,8132,31-Dec-19,61336.7
Sky Bank,8158,31-Dec-19,58054
Sky Bank,8159,31-Dec-19,33150.1
Sky Bank,8169,31-Dec-19,21663.7
Sky Bank,8173,31-Dec-19,53620.1
Sky Bank,8212,31-Dec-19,20947.3
Sky Bank,8225,31-Dec-19,28512.2
Sky Bank,8260,31-Dec-19,63526.8
Sky Bank,8261,31-Dec-19,29385.1
Sky Bank,8268,31-Dec-19,31309.4
Sky Bank,8316,31-Dec-19,90452
Sky Bank,8321,31-Dec-19,40749
Sky Bank,8327,31-Dec-19,36205.1
Sky Bank,8330,31-Dec-19,29064.7
Sky Bank,8377,31-Dec-19,17351.4
Sky Bank,8381,31-Dec-19,87975.9
Sky Bank,8405,31-Dec-19,32550.8
Sky Bank,8411,31-Dec-19,20274.1
Sky Bank,8475,31-Dec-19,30952.7
Sky Bank,8489,31-Dec-19,35779.8
Sky Bank,8492,31-Dec-19,41837.8
Sky Bank,8519,31-Dec-19,58355
Sky Bank,8523,31-Dec-19,45559.5
Sky Bank,8533,31-Dec-19,81201.2
Sky Bank,8547,31-Dec-19,80294.4
Sky Bank,8558,31-Dec-19,22884.8
Sky Bank,8564,31-Dec-19,44145.6
Sky Bank,8566,31-Dec-19,7303.2
Sky Bank,8625,31-Dec-19,67695.9
Sky Bank,8628,31-Dec-19,32344.7
Sky Bank,8680,31-Dec-19,36440.6
Sky Bank,8688,31-Dec-19,26822.3
Sky Bank,8759,31-Dec-19,54360.5
Sky Bank,8772,31-Dec-19,16718.5
Sky Bank,8776,31-Dec-19,50567.6
Sky Bank,8784,31-Dec-19,55510.9
Sky Bank,8856,31-Dec-19,59842.2
Sky Bank,8896,31-Dec-19,40139
Sky Bank,8899,31-Dec-19,55760.9
Sky Bank,8931,31-Dec-19,87688
Sky Bank,8934,31-Dec-19,11734.5
Sky Bank,8957,31-Dec-19,24636.1
Sky Bank,8972,31-Dec-19,38764.4
Sky Bank,8982,31-Dec-19,51725.3
Sky Bank,8998,31-Dec-19,92962.2
Sky Bank,9006,31-Dec-19,38550.8
Sky Bank,9017,31-Dec-19,19333.1
Sky Bank,9024,31-Dec-19,26332.1
Sky Bank,9030,31-Dec-19,52678
Sky Bank,9034,31-Dec-19,51681.6
Sky Bank,9037,31-Dec-19,35454.8
Sky Bank,9041,31-Dec-19,5164
Sky Bank,9052,31-Dec-19,29468.1
Sky Bank,9093,31-Dec-19,46558.3
Sky Bank,9104,31-Dec-19,65947.2
Sky Bank,9138,31-Dec-19,87108.9
Sky Bank,9159,31-Dec-19,41433.1
Sky Bank,9188,31-Dec-19,29794.2
Sky Bank,9192,31-Dec-19,70759.4
Sky Bank,9199,31-Dec-19,19484.9
Sky Bank,9201,31-Dec-19,62931.4
Sky Bank,9203,31-Dec-19,23402.9
Sky Bank,9225,31-Dec-19,44988.7
Sky Bank,9235,31-Dec-19,34915
Sky Bank,9236,31-Dec-19,67264.3
Sky Bank,9241,31-Dec-19,59882.2
Sky Bank,9242,31-Dec-19,48344
Sky Bank,9263,31-Dec-19,35861.6
Sky Bank,9265,31-Dec-19,54093.5
Sky Bank,9307,31-Dec-19,62100.9
Sky Bank,9337,31-Dec-19,36391.1
Sky Bank,9353,31-Dec-19,37021.8
Sky Bank,9377,31-Dec-19,53593.2
Sky Bank,9403,31-Dec-19,14912.2
Sky Bank,9422,31-Dec-19,76016.5
Sky Bank,9455,31-Dec-19,87367.6
Sky Bank,9472,31-Dec-19,94784.1
Sky Bank,9491,31-Dec-19,67232.4
Sky Bank,9493,31-Dec-19,45968.8
Sky Bank,9494,31-Dec-19,19642.1
Sky Bank,9504,31-Dec-19,47521.7
Sky Bank,9510,31-Dec-19,56893.5
Sky Bank,9513,31-Dec-19,43242.9
Sky Bank,9528,31-Dec-19,90420.5
Sky Bank,9548,31-Dec-19,47369.7
Sky Bank,9583,31-Dec-19,66912.5
Sky Bank,9591,31-Dec-19,23688.6
Sky Bank,9627,31-Dec-19,18014.8
Sky Bank,9631,31-Dec-19,43743.8
Sky Bank,9633,31-Dec-19,25027.9
Sky Bank,9635,31-Dec-19,13869.6
Sky Bank,9640,31-Dec-19,44426.1
Sky Bank,9645,31-Dec-19,41013.7
Sky Bank,9656,31-Dec-19,31587.9
Sky Bank,9677,31-Dec-19,29710.8
Sky Bank,9703,31-Dec-19,66235.6
Sky Bank,9707,31-Dec-19,37879.1
Sky Bank,9731,31-Dec-19,25131.7
Sky Bank,9750,31-Dec-19,26457.4
Sky Bank,9790,31-Dec-19,87212.6
Sky Bank,9814,31-Dec-19,12158.6
Sky Bank,9826,31-Dec-19,56759.7
Sky Bank,9828,31-Dec-19,37609.9
Sky Bank,9833,31-Dec-19,51338.9
Sky Bank,9859,31-Dec-19,95802.8
Sky Bank,9869,31-Dec-19,71525.8
Sky Bank,9883,31-Dec-19,31366.6
Sky Bank,9897,31-Dec-19,26467.2
Sky Bank,9928,31-Dec-19,51720.8
Sky Bank,10001,31-Dec-19,49268.5
Sky Bank,10018,31-Dec-19,24532.1
Sky Bank,10019,31-Dec-19,20051.5
Sky Bank,10036,31-Dec-19,35429.7
Sky Bank,10049,31-Dec-19,17222
Sky Bank,10063,31-Dec-19,61452.6
Sky Bank,10065,31-Dec-19,114438
Sky Bank,10079,31-Dec-19,27173.9
Sky Bank,10093,31-Dec-19,46880.2
Sky Bank,10105,31-Dec-19,69806
Sky Bank,10131,31-Dec-19,25269
Sky Bank,10202,31-Dec-19,68824.4
Sky Bank,10215,31-Dec-19,48905.6
Sky Bank,10220,31-Dec-19,39709.3
Sky Bank,10227,31-Dec-19,86443.6
Sky Bank,10233,31-Dec-19,31334.3
Sky Bank,10266,31-Dec-19,38796.8
Sky Bank,10280,31-Dec-19,52947.2
Sky Bank,10297,31-Dec-19,33739
Sky Bank,10320,31-Dec-19,33030.4
Sky Bank,10345,31-Dec-19,37489.2
Sky Bank,10351,31-Dec-19,12702.2
Sky Bank,10361,31-Dec-19,25347.3
Sky Bank,10364,31-Dec-19,50042.2
Sky Bank,10365,31-Dec-19,-699.3
Sky Bank,10411,31-Dec-19,25840.2
Sky Bank,10436,31-Dec-19,46951.6
Sky Bank,10439,31-Dec-19,95058.9
Sky Bank,10440,31-Dec-19,41405.1
Sky Bank,10445,31-Dec-19,49987.4
Sky Bank,10451,31-Dec-19,11067.5
Sky Bank,10478,31-Dec-19,28117.3
Sky Bank,10520,31-Dec-19,38484
Sky Bank,10558,31-Dec-19,7375.9
Sky Bank,10562,31-Dec-19,56208.7
Sky Bank,10607,31-Dec-19,76559
Sky Bank,10630,31-Dec-19,31043.7
Sky Bank,10656,31-Dec-19,15960.3
Sky Bank,10663,31-Dec-19,54242.1
Sky Bank,10670,31-Dec-19,78476.2
Sky Bank,10694,31-Dec-19,23270.4
Sky Bank,10710,31-Dec-19,57948.3
Sky Bank,10711,31-Dec-19,82482.6
Sky Bank,10728,31-Dec-19,48757.7
Sky Bank,10738,31-Dec-19,34049
Sky Bank,10762,31-Dec-19,42883.3
Sky Bank,10788,31-Dec-19,23611.8
Sky Bank,10789,31-Dec-19,45903.8
Sky Bank,10807,31-Dec-19,46039.4
Sky Bank,10857,31-Dec-19,27947
Sky Bank,10884,31-Dec-19,57418
Sky Bank,10904,31-Dec-19,23314.9
Sky Bank,10905,31-Dec-19,22855.7
Sky Bank,10906,31-Dec-19,13714.9
Sky Bank,10911,31-Dec-19,23852
Sky Bank,10940,31-Dec-19,60394.7
Sky Bank,10942,31-Dec-19,17807.8
Sky Bank,10954,31-Dec-19,43310.3
Sky Bank,10963,31-Dec-19,44423.7
Sky Bank,10973,31-Dec-19,10975.5
Sky Bank,11013,31-Dec-19,58020.4
Sky Bank,11021,31-Dec-19,68315
Sky Bank,11027,31-Dec-19,39259.1
Sky Bank,11042,31-Dec-19,54525.1
Sky Bank,11054,31-Dec-19,25299.4
Sky Bank,11065,31-Dec-19,31660.2
Sky Bank,11069,31-Dec-19,53375.3
Sky Bank,11079,31-Dec-19,62488
Sky Bank,11111,31-Dec-19,31371.3
Sky Bank,11123,31-Dec-19,96981.6
Sky Bank,11135,31-Dec-19,37274.1
Sky Bank,11138,31-Dec-19,62652.9
Sky Bank,11186,31-Dec-19,59849.8
Sky Bank,11265,31-Dec-19,16124.5
Sky Bank,11271,31-Dec-19,24138.1
Sky Bank,11295,31-Dec-19,72897.6
Sky Bank,11320,31-Dec-19,47404
Sky Bank,11325,31-Dec-19,53828.6
Sky Bank,11328,31-Dec-19,74937.6
Sky Bank,11333,31-Dec-19,19790.4
Sky Bank,11349,31-Dec-19,44700.3
Sky Bank,11359,31-Dec-19,36422.4
Sky Bank,11362,31-Dec-19,24305.8
Sky Bank,11382,31-Dec-19,27020
Sky Bank,1,31-Dec-19,12674.5
Sky Bank,2,31-Dec-19,53405.5
Sky Bank,4,31-Dec-19,24957.6
Sky Bank,6,31-Dec-19,33523.8
Sky Bank,7,31-Dec-19,28305.4
Sky Bank,8,31-Dec-19,42034.2
Sky Bank,9,31-Dec-19,32849.8
Sky Bank,10,31-Dec-19,48008.1
Sky Bank,11,31-Dec-19,28901.6
Sky Bank,14,31-Dec-19,24753.6
Sky Bank,15,31-Dec-19,33578.9
Sky Bank,18,31-Dec-19,26769
Sky Bank,19,31-Dec-19,18035
Sky Bank,22,31-Dec-19,66615.1
Sky Bank,23,31-Dec-19,71655.1
Sky Bank,24,31-Dec-19,19995.1
Sky Bank,25,31-Dec-19,63168.1
Sky Bank,26,31-Dec-19,29939.3
Sky Bank,27,31-Dec-19,21179.6
Sky Bank,29,31-Dec-19,27328.4
Sky Bank,30,31-Dec-19,34802.4
Sky Bank,31,31-Dec-19,39655.8
Sky Bank,32,31-Dec-19,51449.1
Sky Bank,33,31-Dec-19,103726
Sky Bank,34,31-Dec-19,42206.5
Sky Bank,35,31-Dec-19,15809.1
Sky Bank,36,31-Dec-19,27092.3
Sky Bank,39,31-Dec-19,29700.7
Sky Bank,40,31-Dec-19,8201.4
Sky Bank,42,31-Dec-19,27209.1
Sky Bank,43,31-Dec-19,58259
Sky Bank,44,31-Dec-19,26639.2
Sky Bank,47,31-Dec-19,43047.1
Sky Bank,48,31-Dec-19,30181.7
Sky Bank,50,31-Dec-19,30449.6
Sky Bank,51,31-Dec-19,60598.1
Sky Bank,53,31-Dec-19,23546.6
Sky Bank,54,31-Dec-19,14902.5
Sky Bank,55,31-Dec-19,21703.3
Sky Bank,56,31-Dec-19,35032.6
Sky Bank,57,31-Dec-19,35307.6
Sky Bank,58,31-Dec-19,23150.2
Sky Bank,59,31-Dec-19,43924.8
Sky Bank,61,31-Dec-19,22207.6
Sky Bank,62,31-Dec-19,16430
Sky Bank,65,31-Dec-19,43898.4
Sky Bank,66,31-Dec-19,49382.8
Sky Bank,67,31-Dec-19,35286
Sky Bank,68,31-Dec-19,100228
Sky Bank,69,31-Dec-19,37974
Sky Bank,70,31-Dec-19,33729.4
Sky Bank,71,31-Dec-19,50922.5
Sky Bank,72,31-Dec-19,48819.8
Sky Bank,73,31-Dec-19,45576.6
Sky Bank,75,31-Dec-19,33474.5
Sky Bank,76,31-Dec-19,30783.8
Sky Bank,77,31-Dec-19,26781.7
Sky Bank,78,31-Dec-19,34293.4
Sky Bank,80,31-Dec-19,18190.7
Sky Bank,81,31-Dec-19,28102.7
Sky Bank,82,31-Dec-19,109012.8
Sky Bank,83,31-Dec-19,14465.4
Sky Bank,84,31-Dec-19,84057.9
Sky Bank,86,31-Dec-19,24564.3
Sky Bank,88,31-Dec-19,15524.3
Sky Bank,90,31-Dec-19,37773.1
Sky Bank,91,31-Dec-19,13726.1
Sky Bank,93,31-Dec-19,32721.4
Sky Bank,95,31-Dec-19,68280.6
Sky Bank,96,31-Dec-19,65864.2
Sky Bank,97,31-Dec-19,31785.7
Sky Bank,99,31-Dec-19,84114.9
Sky Bank,100,31-Dec-19,52467.4
Sky Bank,101,31-Dec-19,39235.9
Sky Bank,102,31-Dec-19,30578.6
Sky Bank,104,31-Dec-19,19323.6
Sky Bank,106,31-Dec-19,38842.4
Sky Bank,107,31-Dec-19,32627.1
Sky Bank,108,31-Dec-19,52065.9
Sky Bank,110,31-Dec-19,54345
Sky Bank,112,31-Dec-19,16647.6
Sky Bank,113,31-Dec-19,26294.1
Sky Bank,115,31-Dec-19,40139.5
Sky Bank,116,31-Dec-19,37629.1
Sky Bank,117,31-Dec-19,24327.9
Sky Bank,119,31-Dec-19,52593.7
Sky Bank,120,31-Dec-19,84842.6
Sky Bank,122,31-Dec-19,39909.2
Sky Bank,123,31-Dec-19,15577.3
Sky Bank,125,31-Dec-19,95528.3
Sky Bank,126,31-Dec-19,34316.5
Sky Bank,127,31-Dec-19,13046.5
Sky Bank,128,31-Dec-19,45394.5
Sky Bank,131,31-Dec-19,25937.2
Sky Bank,132,31-Dec-19,63725.2
Sky Bank,135,31-Dec-19,42124.1
Sky Bank,136,31-Dec-19,27897.6
Sky Bank,137,31-Dec-19,52882.4
Sky Bank,140,31-Dec-19,15338.4
Sky Bank,141,31-Dec-19,54781.2
Sky Bank,142,31-Dec-19,20889.9
Sky Bank,145,31-Dec-19,35920.4
Sky Bank,146,31-Dec-19,31106.5
Sky Bank,148,31-Dec-19,17240.9
Sky Bank,150,31-Dec-19,98659.1
Sky Bank,151,31-Dec-19,12551.6
Sky Bank,152,31-Dec-19,14406.4
Sky Bank,153,31-Dec-19,28222.9
Sky Bank,154,31-Dec-19,70083.7
Sky Bank,155,31-Dec-19,26699.1
Sky Bank,158,31-Dec-19,66102.1
Sky Bank,160,31-Dec-19,65515
Sky Bank,161,31-Dec-19,17929.9
Sky Bank,162,31-Dec-19,35654
Sky Bank,163,31-Dec-19,31462.4
Sky Bank,165,31-Dec-19,32130.8
Sky Bank,168,31-Dec-19,17529.6
Sky Bank,169,31-Dec-19,51452.3
Sky Bank,170,31-Dec-19,47311.2
Sky Bank,171,31-Dec-19,28158.4
Sky Bank,172,31-Dec-19,37764.1
Sky Bank,173,31-Dec-19,18218.1
Sky Bank,174,31-Dec-19,14475.7
Sky Bank,176,31-Dec-19,12586.5
Sky Bank,180,31-Dec-19,35526.1
Sky Bank,181,31-Dec-19,44803.8
Sky Bank,183,31-Dec-19,36931.2
Sky Bank,184,31-Dec-19,48744.4
Sky Bank,186,31-Dec-19,29425.1
Sky Bank,187,31-Dec-19,17361.7
Sky Bank,188,31-Dec-19,68752.2
Sky Bank,190,31-Dec-19,37270
Sky Bank,192,31-Dec-19,27840.8
Sky Bank,194,31-Dec-19,34544.4
Sky Bank,196,31-Dec-19,50359.4
Sky Bank,197,31-Dec-19,22294.1
Sky Bank,198,31-Dec-19,25416.9
Sky Bank,200,31-Dec-19,70647
Sky Bank,201,31-Dec-19,29306.1
Sky Bank,204,31-Dec-19,14568.9
Sky Bank,206,31-Dec-19,39956.3
Sky Bank,207,31-Dec-19,19941.7
Sky Bank,208,31-Dec-19,36475.6
Sky Bank,209,31-Dec-19,16598.8
Sky Bank,210,31-Dec-19,52085.9
Sky Bank,212,31-Dec-19,69803.6
Sky Bank,213,31-Dec-19,50766.6
Sky Bank,216,31-Dec-19,33928.6
Sky Bank,217,31-Dec-19,37981.6
Sky Bank,218,31-Dec-19,471.9
Sky Bank,219,31-Dec-19,45482.1
Sky Bank,220,31-Dec-19,19714.5
Sky Bank,221,31-Dec-19,38997.4
Sky Bank,222,31-Dec-19,48985.8
Sky Bank,223,31-Dec-19,26907
Sky Bank,225,31-Dec-19,47046.4
Sky Bank,227,31-Dec-19,29634
Sky Bank,228,31-Dec-19,52710.5
Sky Bank,230,31-Dec-19,28049
Sky Bank,231,31-Dec-19,16508.5
Sky Bank,234,31-Dec-19,13050
Sky Bank,235,31-Dec-19,22035.2
Sky Bank,237,31-Dec-19,15587.6
Sky Bank,238,31-Dec-19,14426.1
Sky Bank,239,31-Dec-19,70398.8
Sky Bank,241,31-Dec-19,25592.6
Sky Bank,242,31-Dec-19,45993.5
Sky Bank,243,31-Dec-19,39343.1
Sky Bank,244,31-Dec-19,51521.3
Sky Bank,245,31-Dec-19,13758.6
Sky Bank,248,31-Dec-19,36774.2
Sky Bank,249,31-Dec-19,27077.1
Sky Bank,251,31-Dec-19,47825.5
Sky Bank,253,31-Dec-19,52058.2
Sky Bank,255,31-Dec-19,90268.7
Sky Bank,256,31-Dec-19,69497.7
Sky Bank,257,31-Dec-19,19659.6
Sky Bank,259,31-Dec-19,22823.7
Sky Bank,260,31-Dec-19,25314.8
Sky Bank,261,31-Dec-19,20899
Sky Bank,264,31-Dec-19,39058.3
Sky Bank,265,31-Dec-19,26502.1
Sky Bank,266,31-Dec-19,51080.8
Sky Bank,267,31-Dec-19,22517
Sky Bank,268,31-Dec-19,29583.4
Sky Bank,269,31-Dec-19,27456.7
Sky Bank,270,31-Dec-19,80244.9
Sky Bank,271,31-Dec-19,30575.8
Sky Bank,272,31-Dec-19,33731.4
Sky Bank,273,31-Dec-19,32076.4
Sky Bank,274,31-Dec-19,51452.5
Sky Bank,275,31-Dec-19,22310.8
Sky Bank,277,31-Dec-19,27189.5
Sky Bank,278,31-Dec-19,68186.7
Sky Bank,279,31-Dec-19,21688.6
Sky Bank,280,31-Dec-19,31676.8
Sky Bank,281,31-Dec-19,29018.8
Sky Bank,283,31-Dec-19,24491
Sky Bank,285,31-Dec-19,66252.3
Sky Bank,286,31-Dec-19,44886.6
Sky Bank,287,31-Dec-19,12462
Sky Bank,288,31-Dec-19,25300
Sky Bank,289,31-Dec-19,51747.8
Sky Bank,290,31-Dec-19,27388.6
Sky Bank,296,31-Dec-19,20999.3
Sky Bank,297,31-Dec-19,22592.2
Sky Bank,299,31-Dec-19,82988.9
Sky Bank,300,31-Dec-19,41118.3
Sky Bank,301,31-Dec-19,19519.3
Sky Bank,302,31-Dec-19,32579.8
Sky Bank,303,31-Dec-19,39408
Sky Bank,306,31-Dec-19,18053.1
Sky Bank,312,31-Dec-19,26377.9
Sky Bank,313,31-Dec-19,16423.9
Sky Bank,314,31-Dec-19,26050.1
Sky Bank,317,31-Dec-19,35057.2
Sky Bank,318,31-Dec-19,39960.2
Sky Bank,319,31-Dec-19,26923.5
Sky Bank,321,31-Dec-19,30524.8
Sky Bank,322,31-Dec-19,44281.9
Sky Bank,325,31-Dec-19,17918.1
Sky Bank,327,31-Dec-19,59674.2
Sky Bank,329,31-Dec-19,43586.3
Sky Bank,330,31-Dec-19,29922.1
Sky Bank,331,31-Dec-19,21219.5
Sky Bank,332,31-Dec-19,33167.1
Sky Bank,334,31-Dec-19,92884.9
Sky Bank,335,31-Dec-19,21807.6
Sky Bank,336,31-Dec-19,34193.4
Sky Bank,337,31-Dec-19,24552.6
Sky Bank,338,31-Dec-19,14365.5
Sky Bank,339,31-Dec-19,95825.2
Sky Bank,340,31-Dec-19,20577.6
Sky Bank,341,31-Dec-19,24582.9
Sky Bank,343,31-Dec-19,15323.6
Sky Bank,344,31-Dec-19,42981.1
Sky Bank,345,31-Dec-19,52992.5
Sky Bank,346,31-Dec-19,52480.7
Sky Bank,347,31-Dec-19,50516.4
Sky Bank,348,31-Dec-19,41250.8
Sky Bank,352,31-Dec-19,24270.2
Sky Bank,353,31-Dec-19,38564.2
Sky Bank,354,31-Dec-19,35553.6
Sky Bank,355,31-Dec-19,32373.8
Sky Bank,356,31-Dec-19,62744.9
Sky Bank,357,31-Dec-19,17492.4
Sky Bank,358,31-Dec-19,17451.6
Sky Bank,359,31-Dec-19,23262.6
Sky Bank,360,31-Dec-19,54519.6
Sky Bank,361,31-Dec-19,48474.7
Sky Bank,362,31-Dec-19,35824
Sky Bank,363,31-Dec-19,42309.1
Sky Bank,365,31-Dec-19,16462.9
Sky Bank,366,31-Dec-19,39883.8
Sky Bank,368,31-Dec-19,14061.5
Sky Bank,370,31-Dec-19,22436.9
Sky Bank,371,31-Dec-19,31437.6
Sky Bank,372,31-Dec-19,50027.7
Sky Bank,373,31-Dec-19,22255.2
Sky Bank,374,31-Dec-19,58300.6
Sky Bank,375,31-Dec-19,31571.7
Sky Bank,376,31-Dec-19,44873.9
Sky Bank,377,31-Dec-19,51082.5
Sky Bank,378,31-Dec-19,102064.8
Sky Bank,379,31-Dec-19,19118.4
Sky Bank,381,31-Dec-19,32400.3
Sky Bank,385,31-Dec-19,25531.5
Sky Bank,388,31-Dec-19,35721.3
Sky Bank,389,31-Dec-19,24413.3
Sky Bank,390,31-Dec-19,65719.8
Sky Bank,391,31-Dec-19,34170.3
Sky Bank,392,31-Dec-19,44294
Sky Bank,393,31-Dec-19,41503.6
Sky Bank,395,31-Dec-19,32988
Sky Bank,396,31-Dec-19,45996.3
Sky Bank,397,31-Dec-19,48018.3
Sky Bank,400,31-Dec-19,43169.7
Sky Bank,401,31-Dec-19,15054.6
Sky Bank,403,31-Dec-19,58811.8
Sky Bank,404,31-Dec-19,70786.6
Sky Bank,406,31-Dec-19,13145.1
Sky Bank,408,31-Dec-19,49182.4
Sky Bank,409,31-Dec-19,34194.4
Sky Bank,411,31-Dec-19,48481.9
Sky Bank,412,31-Dec-19,28556.8
Sky Bank,413,31-Dec-19,14124.3
Sky Bank,414,31-Dec-19,29572.2
Sky Bank,415,31-Dec-19,29765.3
Sky Bank,417,31-Dec-19,21486
Sky Bank,418,31-Dec-19,44959.9
Sky Bank,419,31-Dec-19,34133.8
Sky Bank,420,31-Dec-19,39173.4
Sky Bank,422,31-Dec-19,34902.2
Sky Bank,423,31-Dec-19,20118.3
Sky Bank,425,31-Dec-19,25969.6
Sky Bank,426,31-Dec-19,26190.1
Sky Bank,427,31-Dec-19,51099
Sky Bank,428,31-Dec-19,45276.7
Sky Bank,429,31-Dec-19,39638
Sky Bank,430,31-Dec-19,38716.5
Sky Bank,431,31-Dec-19,50690.9
Sky Bank,432,31-Dec-19,20628.5
Sky Bank,433,31-Dec-19,31246
Sky Bank,435,31-Dec-19,29244.2
Sky Bank,436,31-Dec-19,39775.7
Sky Bank,437,31-Dec-19,92437.2
Sky Bank,439,31-Dec-19,46309.7
Sky Bank,441,31-Dec-19,67795.5
Sky Bank,443,31-Dec-19,25038.7
Sky Bank,444,31-Dec-19,28128.2
Sky Bank,445,31-Dec-19,50538.7
Sky Bank,446,31-Dec-19,55406.6
Sky Bank,447,31-Dec-19,52243
Sky Bank,449,31-Dec-19,15782.5
Sky Bank,450,31-Dec-19,15499.2
Sky Bank,451,31-Dec-19,17847.4
Sky Bank,452,31-Dec-19,41391.4
Sky Bank,454,31-Dec-19,33880.8
Sky Bank,455,31-Dec-19,42814.8
Sky Bank,456,31-Dec-19,86809.9
Sky Bank,458,31-Dec-19,45827.9
Sky Bank,460,31-Dec-19,17544.2
Sky Bank,461,31-Dec-19,41873.5
Sky Bank,462,31-Dec-19,38933.6
Sky Bank,463,31-Dec-19,59027.1
Sky Bank,465,31-Dec-19,26740.9
Sky Bank,467,31-Dec-19,43658.1
Sky Bank,468,31-Dec-19,56552.8
Sky Bank,470,31-Dec-19,19255.9
Sky Bank,471,31-Dec-19,33949.9
Sky Bank,472,31-Dec-19,42094.7
Sky Bank,473,31-Dec-19,31715.1
Sky Bank,474,31-Dec-19,22637.7
Sky Bank,477,31-Dec-19,56843.5
Sky Bank,478,31-Dec-19,70278.4
Sky Bank,479,31-Dec-19,16144
Sky Bank,481,31-Dec-19,29514.1
Sky Bank,484,31-Dec-19,29607.3
Sky Bank,485,31-Dec-19,55221.5
Sky Bank,486,31-Dec-19,30534.9
Sky Bank,487,31-Dec-19,68563.9
Sky Bank,489,31-Dec-19,29078
Sky Bank,490,31-Dec-19,13921.9
Sky Bank,491,31-Dec-19,69865.1
Sky Bank,492,31-Dec-19,27507.6
Sky Bank,493,31-Dec-19,46194.5
Sky Bank,494,31-Dec-19,26083.2
Sky Bank,496,31-Dec-19,21667.6
Sky Bank,497,31-Dec-19,48849.1
Sky Bank,498,31-Dec-19,100175.5
Sky Bank,500,31-Dec-19,41999
Sky Bank,501,31-Dec-19,47970
Sky Bank,503,31-Dec-19,60848.8
Sky Bank,504,31-Dec-19,27901.3
Sky Bank,506,31-Dec-19,54641
Sky Bank,507,31-Dec-19,30215.9
Sky Bank,508,31-Dec-19,13498.5
Sky Bank,510,31-Dec-19,28785.3
Sky Bank,511,31-Dec-19,70529
Sky Bank,513,31-Dec-19,20423.2
Sky Bank,514,31-Dec-19,30364
Sky Bank,515,31-Dec-19,13059.1
Sky Bank,516,31-Dec-19,26959.7
Sky Bank,517,31-Dec-19,67952.3
Sky Bank,518,31-Dec-19,23473.4
Sky Bank,519,31-Dec-19,29441.6
Sky Bank,520,31-Dec-19,19152.7
Sky Bank,521,31-Dec-19,65588.7
Sky Bank,522,31-Dec-19,31185.6
Sky Bank,523,31-Dec-19,70981.2
Sky Bank,524,31-Dec-19,26661.4
Sky Bank,525,31-Dec-19,41221.9
Sky Bank,526,31-Dec-19,57960
Sky Bank,530,31-Dec-19,31257.5
Sky Bank,531,31-Dec-19,19889.8
Sky Bank,532,31-Dec-19,23441.9
Sky Bank,533,31-Dec-19,11775
Sky Bank,535,31-Dec-19,50400
Sky Bank,538,31-Dec-19,13762.9
Sky Bank,539,31-Dec-19,35705.8
Sky Bank,540,31-Dec-19,34222.8
Sky Bank,541,31-Dec-19,30430.5
Sky Bank,542,31-Dec-19,19448.8
Sky Bank,543,31-Dec-19,15641.2
Sky Bank,544,31-Dec-19,64673.3
Sky Bank,545,31-Dec-19,32593.9
Sky Bank,548,31-Dec-19,31060.4
Sky Bank,549,31-Dec-19,22767.3
Sky Bank,551,31-Dec-19,14502.7
Sky Bank,552,31-Dec-19,18513
Sky Bank,553,31-Dec-19,26070.8
Sky Bank,554,31-Dec-19,45988.9
Sky Bank,555,31-Dec-19,21586.3
Sky Bank,557,31-Dec-19,15833.4
Sky Bank,558,31-Dec-19,24975.8
Sky Bank,559,31-Dec-19,13439.8
Sky Bank,560,31-Dec-19,33345.6
Sky Bank,562,31-Dec-19,49554.5
Sky Bank,563,31-Dec-19,33129
Sky Bank,565,31-Dec-19,33241.3
Sky Bank,567,31-Dec-19,22099.8
Sky Bank,568,31-Dec-19,32587.2
Sky Bank,569,31-Dec-19,25213
Sky Bank,570,31-Dec-19,17256.6
Sky Bank,571,31-Dec-19,18954.3
Sky Bank,572,31-Dec-19,41000.8
Sky Bank,573,31-Dec-19,35046.5
Sky Bank,574,31-Dec-19,67134.5
Sky Bank,575,31-Dec-19,19656.3
DBS BANK,2,31-Dec-19,32928.2
DBS BANK,9,31-Dec-19,27854.4
DBS BANK,15,31-Dec-19,41736.2
DBS BANK,18,31-Dec-19,100074.1
DBS BANK,22,31-Dec-19,35514.6
DBS BANK,23,31-Dec-19,45888.7
DBS BANK,26,31-Dec-19,59498.4
DBS BANK,27,31-Dec-19,30126.6
DBS BANK,29,31-Dec-19,27196.2
DBS BANK,31,31-Dec-19,39490.9
DBS BANK,33,31-Dec-19,54024.3
DBS BANK,34,31-Dec-19,43603.2
DBS BANK,35,31-Dec-19,24423.8
DBS BANK,36,31-Dec-19,41859.7
DBS BANK,39,31-Dec-19,27280.7
DBS BANK,40,31-Dec-19,32370.4
DBS BANK,43,31-Dec-19,81967.4
DBS BANK,44,31-Dec-19,18823.8
DBS BANK,47,31-Dec-19,72755.7
DBS BANK,50,31-Dec-19,47329.8
DBS BANK,56,31-Dec-19,26839.6
DBS BANK,59,31-Dec-19,31365.6
DBS BANK,61,31-Dec-19,23827.4
DBS BANK,62,31-Dec-19,23649.6
DBS BANK,66,31-Dec-19,46818.8
DBS BANK,67,31-Dec-19,60168.7
DBS BANK,71,31-Dec-19,46736.6
DBS BANK,73,31-Dec-19,55669.7
DBS BANK,78,31-Dec-19,35747.5
DBS BANK,82,31-Dec-19,30316.4
DBS BANK,83,31-Dec-19,26442.5
DBS BANK,86,31-Dec-19,21420.3
DBS BANK,90,31-Dec-19,73436
DBS BANK,96,31-Dec-19,56451.1
DBS BANK,100,31-Dec-19,30459.4
DBS BANK,102,31-Dec-19,25777.4
DBS BANK,104,31-Dec-19,17739.7
DBS BANK,106,31-Dec-19,22963.4
DBS BANK,107,31-Dec-19,23104.7
DBS BANK,112,31-Dec-19,25158.6
DBS BANK,115,31-Dec-19,24776.2
DBS BANK,117,31-Dec-19,25016.5
DBS BANK,119,31-Dec-19,43463.1
DBS BANK,123,31-Dec-19,20216.4
DBS BANK,126,31-Dec-19,23983.2
DBS BANK,127,31-Dec-19,20440.4
DBS BANK,128,31-Dec-19,32980.2
DBS BANK,135,31-Dec-19,36923.3
DBS BANK,142,31-Dec-19,22432.7
DBS BANK,146,31-Dec-19,23946.8
DBS BANK,148,31-Dec-19,23301.2
DBS BANK,151,31-Dec-19,23340.7
DBS BANK,153,31-Dec-19,24415.8
DBS BANK,154,31-Dec-19,39210.5
DBS BANK,160,31-Dec-19,34928
DBS BANK,161,31-Dec-19,21051.4
DBS BANK,162,31-Dec-19,25125.5
DBS BANK,163,31-Dec-19,28120.4
DBS BANK,165,31-Dec-19,28391.7
DBS BANK,168,31-Dec-19,21685.6
DBS BANK,172,31-Dec-19,49067.8
DBS BANK,173,31-Dec-19,27499.9
DBS BANK,180,31-Dec-19,-2264.2
DBS BANK,183,31-Dec-19,22108.6
DBS BANK,186,31-Dec-19,46568.3
DBS BANK,187,31-Dec-19,17379.8
DBS BANK,188,31-Dec-19,58372.8
DBS BANK,192,31-Dec-19,19427.5
DBS BANK,196,31-Dec-19,26983.9
DBS BANK,197,31-Dec-19,37056.2
DBS BANK,198,31-Dec-19,19000.4
DBS BANK,200,31-Dec-19,32240.7
DBS BANK,201,31-Dec-19,44686.5
DBS BANK,207,31-Dec-19,26353.1
DBS BANK,212,31-Dec-19,30830.5
DBS BANK,216,31-Dec-19,24479.9
DBS BANK,220,31-Dec-19,19652.9
DBS BANK,222,31-Dec-19,67492.3
DBS BANK,225,31-Dec-19,28971.8
DBS BANK,228,31-Dec-19,45634.4
DBS BANK,234,31-Dec-19,23520.6
DBS BANK,235,31-Dec-19,19585.8
DBS BANK,237,31-Dec-19,18725.4
DBS BANK,238,31-Dec-19,18094.4
DBS BANK,239,31-Dec-19,84604.5
DBS BANK,243,31-Dec-19,83936.7
DBS BANK,244,31-Dec-19,25481.4
DBS BANK,245,31-Dec-19,51895.3
DBS BANK,259,31-Dec-19,23387.9
DBS BANK,266,31-Dec-19,79572
DBS BANK,273,31-Dec-19,29210
DBS BANK,274,31-Dec-19,35400.6
DBS BANK,277,31-Dec-19,52320.6
DBS BANK,279,31-Dec-19,19993
DBS BANK,280,31-Dec-19,27409.1
DBS BANK,287,31-Dec-19,22478.4
DBS BANK,289,31-Dec-19,36312.3
DBS BANK,290,31-Dec-19,21319.4
DBS BANK,299,31-Dec-19,59889.7
DBS BANK,300,31-Dec-19,23880.6
DBS BANK,306,31-Dec-19,25480.3
DBS BANK,317,31-Dec-19,23567.5
DBS BANK,318,31-Dec-19,29336.7
DBS BANK,321,31-Dec-19,26396.9
DBS BANK,322,31-Dec-19,52680.3
DBS BANK,327,31-Dec-19,41632.5
DBS BANK,334,31-Dec-19,42416.4
DBS BANK,340,31-Dec-19,28288.4
DBS BANK,343,31-Dec-19,25702.2
DBS BANK,344,31-Dec-19,34706.9
DBS BANK,345,31-Dec-19,34426.5
DBS BANK,346,31-Dec-19,61025.8
DBS BANK,347,31-Dec-19,14312.1
DBS BANK,352,31-Dec-19,22019.3
DBS BANK,354,31-Dec-19,33191.9
DBS BANK,358,31-Dec-19,23027.4
DBS BANK,361,31-Dec-19,53415.7
DBS BANK,362,31-Dec-19,32149.5
DBS BANK,363,31-Dec-19,26793.6
DBS BANK,365,31-Dec-19,18738.2
DBS BANK,368,31-Dec-19,26032.4
DBS BANK,370,31-Dec-19,19103.9
DBS BANK,374,31-Dec-19,50702.8
DBS BANK,377,31-Dec-19,27041.1
DBS BANK,381,31-Dec-19,34161.7
DBS BANK,385,31-Dec-19,26503
DBS BANK,389,31-Dec-19,29514.1
DBS BANK,391,31-Dec-19,42751.5
DBS BANK,395,31-Dec-19,64689.3
DBS BANK,396,31-Dec-19,43112.9
DBS BANK,397,31-Dec-19,29276.8
DBS BANK,400,31-Dec-19,38398.9
DBS BANK,401,31-Dec-19,23773.9
DBS BANK,403,31-Dec-19,31490.7
DBS BANK,408,31-Dec-19,39519.8
DBS BANK,411,31-Dec-19,40232.1
DBS BANK,415,31-Dec-19,37996.2
DBS BANK,419,31-Dec-19,28031.9
DBS BANK,422,31-Dec-19,50284.7
DBS BANK,423,31-Dec-19,19848.2
DBS BANK,425,31-Dec-19,31688.7
DBS BANK,426,31-Dec-19,47171.3
DBS BANK,427,31-Dec-19,45774.4
DBS BANK,428,31-Dec-19,29891.6
DBS BANK,432,31-Dec-19,28719.6
DBS BANK,433,31-Dec-19,21380.8
DBS BANK,435,31-Dec-19,23999.1
DBS BANK,437,31-Dec-19,52277.1
DBS BANK,441,31-Dec-19,42111.2
DBS BANK,443,31-Dec-19,21754.4
DBS BANK,445,31-Dec-19,30691
DBS BANK,446,31-Dec-19,69156.3
DBS BANK,451,31-Dec-19,26903.6
DBS BANK,456,31-Dec-19,31650.3
DBS BANK,460,31-Dec-19,21809.1
DBS BANK,461,31-Dec-19,32524.7
DBS BANK,462,31-Dec-19,55172.7
DBS BANK,465,31-Dec-19,27891.6
DBS BANK,467,31-Dec-19,19463.4
DBS BANK,470,31-Dec-19,23081.9
DBS BANK,477,31-Dec-19,39054.2
DBS BANK,478,31-Dec-19,49733
DBS BANK,485,31-Dec-19,26210.5
DBS BANK,489,31-Dec-19,35266.2
DBS BANK,492,31-Dec-19,40745.4
DBS BANK,493,31-Dec-19,65773.5
DBS BANK,494,31-Dec-19,42964.6
DBS BANK,496,31-Dec-19,22135.7
DBS BANK,497,31-Dec-19,72038.6
DBS BANK,498,31-Dec-19,49098.7
DBS BANK,504,31-Dec-19,23430.7
DBS BANK,510,31-Dec-19,21926.7
DBS BANK,517,31-Dec-19,43547.7
DBS BANK,519,31-Dec-19,34246.5
DBS BANK,520,31-Dec-19,19936.2
DBS BANK,523,31-Dec-19,55247.2
DBS BANK,524,31-Dec-19,41399.3
DBS BANK,535,31-Dec-19,45064.8
DBS BANK,538,31-Dec-19,23337.3
DBS BANK,539,31-Dec-19,45959.5
DBS BANK,540,31-Dec-19,48330.7
DBS BANK,541,31-Dec-19,59525.9
DBS BANK,542,31-Dec-19,21870.5
DBS BANK,543,31-Dec-19,23053.4
DBS BANK,545,31-Dec-19,29005.5
DBS BANK,548,31-Dec-19,30021.8
DBS BANK,551,31-Dec-19,20335.1
DBS BANK,552,31-Dec-19,22230.6
DBS BANK,555,31-Dec-19,52535.9
DBS BANK,559,31-Dec-19,24600
DBS BANK,562,31-Dec-19,32709
DBS BANK,563,31-Dec-19,22079.4
DBS BANK,572,31-Dec-19,45041
DBS BANK,574,31-Dec-19,34507.1
DBS BANK,575,31-Dec-19,24511.8
DBS BANK,576,31-Dec-19,18169.3
DBS BANK,577,31-Dec-19,38064.3
DBS BANK,582,31-Dec-19,19174.7
DBS BANK,588,31-Dec-19,31692.5
DBS BANK,594,31-Dec-19,3591.6
DBS BANK,596,31-Dec-19,36049.8
DBS BANK,597,31-Dec-19,42329.3
DBS BANK,601,31-Dec-19,19115.8
DBS BANK,604,31-Dec-19,35071.5
DBS BANK,609,31-Dec-19,17380.9
DBS BANK,610,31-Dec-19,53093.5
DBS BANK,616,31-Dec-19,37482.1
DBS BANK,623,31-Dec-19,24096.5
DBS BANK,624,31-Dec-19,56094.6
DBS BANK,626,31-Dec-19,26663
DBS BANK,627,31-Dec-19,41404.9
DBS BANK,628,31-Dec-19,24137.1
DBS BANK,629,31-Dec-19,23814.6
DBS BANK,630,31-Dec-19,16791.3
DBS BANK,635,31-Dec-19,46554.2
DBS BANK,640,31-Dec-19,23055.5
DBS BANK,648,31-Dec-19,53858.8
DBS BANK,649,31-Dec-19,36354.4
DBS BANK,651,31-Dec-19,46008.8
DBS BANK,652,31-Dec-19,38667.1
DBS BANK,655,31-Dec-19,52130.6
DBS BANK,657,31-Dec-19,24028.4
DBS BANK,662,31-Dec-19,27295.7
DBS BANK,678,31-Dec-19,31307.6
DBS BANK,686,31-Dec-19,29291.7
DBS BANK,688,31-Dec-19,27106.3
DBS BANK,693,31-Dec-19,56648.6
DBS BANK,697,31-Dec-19,44714.1
DBS BANK,699,31-Dec-19,71448.6
DBS BANK,700,31-Dec-19,25091.5
DBS BANK,701,31-Dec-19,28153.2
DBS BANK,702,31-Dec-19,16954.2
DBS BANK,704,31-Dec-19,40956.5
DBS BANK,709,31-Dec-19,12502.1
DBS BANK,710,31-Dec-19,19477.1
DBS BANK,711,31-Dec-19,41862.4
DBS BANK,716,31-Dec-19,42931.7
DBS BANK,717,31-Dec-19,40552.1
DBS BANK,719,31-Dec-19,26157.3
DBS BANK,721,31-Dec-19,24255.4
DBS BANK,726,31-Dec-19,22192.1
DBS BANK,730,31-Dec-19,79463.1
DBS BANK,737,31-Dec-19,27695.3
DBS BANK,738,31-Dec-19,48510.4
DBS BANK,740,31-Dec-19,18465.1
DBS BANK,741,31-Dec-19,30744.2
DBS BANK,742,31-Dec-19,25466.6
DBS BANK,743,31-Dec-19,26808.5
DBS BANK,744,31-Dec-19,26323.2
DBS BANK,747,31-Dec-19,27669
DBS BANK,748,31-Dec-19,30274.5
DBS BANK,750,31-Dec-19,49863.8
DBS BANK,751,31-Dec-19,22792.7
DBS BANK,757,31-Dec-19,33379.1
DBS BANK,759,31-Dec-19,27942.7
DBS BANK,764,31-Dec-19,23866.8
DBS BANK,772,31-Dec-19,74441.3
DBS BANK,773,31-Dec-19,50693.4
DBS BANK,774,31-Dec-19,38827.8
DBS BANK,784,31-Dec-19,44288.3
DBS BANK,787,31-Dec-19,26394.4
DBS BANK,790,31-Dec-19,7041.3
DBS BANK,793,31-Dec-19,26502.8
DBS BANK,813,31-Dec-19,41541.8
DBS BANK,815,31-Dec-19,17226.4
DBS BANK,816,31-Dec-19,59722.2
DBS BANK,817,31-Dec-19,23826.1
DBS BANK,830,31-Dec-19,50101.4
DBS BANK,837,31-Dec-19,40127.7
DBS BANK,841,31-Dec-19,20550.7
DBS BANK,844,31-Dec-19,40308
DBS BANK,851,31-Dec-19,49432.7
DBS BANK,854,31-Dec-19,28357.7
DBS BANK,855,31-Dec-19,34878.6
DBS BANK,857,31-Dec-19,22262.7
DBS BANK,860,31-Dec-19,47201.8
DBS BANK,861,31-Dec-19,49115
DBS BANK,862,31-Dec-19,51991.1
DBS BANK,863,31-Dec-19,46958.6
DBS BANK,866,31-Dec-19,49242.6
DBS BANK,882,31-Dec-19,32236.2
DBS BANK,883,31-Dec-19,31228.1
DBS BANK,884,31-Dec-19,18878.3
DBS BANK,885,31-Dec-19,46534.5
DBS BANK,886,31-Dec-19,43969
DBS BANK,887,31-Dec-19,17857.6
DBS BANK,890,31-Dec-19,26266.9
DBS BANK,892,31-Dec-19,27676.4
DBS BANK,897,31-Dec-19,61188
DBS BANK,899,31-Dec-19,21930.3
DBS BANK,900,31-Dec-19,26451.8
DBS BANK,901,31-Dec-19,25024.7
DBS BANK,902,31-Dec-19,31000.3
DBS BANK,903,31-Dec-19,22683.3
DBS BANK,904,31-Dec-19,46399.8
DBS BANK,907,31-Dec-19,30032.1
DBS BANK,908,31-Dec-19,25522.9
DBS BANK,914,31-Dec-19,17303.3
DBS BANK,925,31-Dec-19,37742.7
DBS BANK,928,31-Dec-19,27081.5
DBS BANK,929,31-Dec-19,32083.3
DBS BANK,930,31-Dec-19,28814.8
DBS BANK,931,31-Dec-19,21013.6
DBS BANK,939,31-Dec-19,10640
DBS BANK,940,31-Dec-19,41049.6
DBS BANK,941,31-Dec-19,32944
DBS BANK,942,31-Dec-19,22652.4
DBS BANK,943,31-Dec-19,22512.8
DBS BANK,944,31-Dec-19,44863.6
DBS BANK,947,31-Dec-19,25099.5
DBS BANK,950,31-Dec-19,43214.8
DBS BANK,956,31-Dec-19,27880.7
DBS BANK,960,31-Dec-19,91525.3
DBS BANK,964,31-Dec-19,32833.4
DBS BANK,965,31-Dec-19,22369.4
DBS BANK,969,31-Dec-19,32681.3
DBS BANK,973,31-Dec-19,12161.5
DBS BANK,974,31-Dec-19,55941
DBS BANK,977,31-Dec-19,35098.5
DBS BANK,978,31-Dec-19,39727.9
DBS BANK,979,31-Dec-19,35649.4
DBS BANK,982,31-Dec-19,24029.5
DBS BANK,985,31-Dec-19,15654.1
DBS BANK,989,31-Dec-19,22389.2
DBS BANK,991,31-Dec-19,42320.6
DBS BANK,998,31-Dec-19,71774.4
DBS BANK,1000,31-Dec-19,39682.3
DBS BANK,1005,31-Dec-19,57440.1
DBS BANK,1006,31-Dec-19,31089.7
DBS BANK,1012,31-Dec-19,66050.9
DBS BANK,1016,31-Dec-19,48788.4
DBS BANK,1017,31-Dec-19,47964.9
DBS BANK,1018,31-Dec-19,23339.5
DBS BANK,1019,31-Dec-19,36807.6
DBS BANK,1022,31-Dec-19,23723.5
DBS BANK,1023,31-Dec-19,44412.9
DBS BANK,1032,31-Dec-19,44826.3
DBS BANK,1039,31-Dec-19,68940.3
DBS BANK,1042,31-Dec-19,40485.6
DBS BANK,1047,31-Dec-19,35892.8
DBS BANK,1048,31-Dec-19,22124.4
DBS BANK,1050,31-Dec-19,33375
DBS BANK,1051,31-Dec-19,36020.8
DBS BANK,1052,31-Dec-19,25528.8
DBS BANK,1053,31-Dec-19,28859.1
DBS BANK,1054,31-Dec-19,36714.4
DBS BANK,1057,31-Dec-19,14581.6
DBS BANK,1062,31-Dec-19,66106.3
DBS BANK,1065,31-Dec-19,40398.7
DBS BANK,1069,31-Dec-19,16592
DBS BANK,1071,31-Dec-19,75514.1
DBS BANK,1073,31-Dec-19,27713
DBS BANK,1076,31-Dec-19,32136.2
DBS BANK,1077,31-Dec-19,26950.2
DBS BANK,1079,31-Dec-19,26165.7
DBS BANK,1080,31-Dec-19,49767.5
DBS BANK,1088,31-Dec-19,26108.2
DBS BANK,1098,31-Dec-19,26863
DBS BANK,1105,31-Dec-19,33644.3
DBS BANK,1106,31-Dec-19,15172.9
DBS BANK,1107,31-Dec-19,32533.9
DBS BANK,1109,31-Dec-19,35309.2
DBS BANK,1114,31-Dec-19,18426.9
DBS BANK,1115,31-Dec-19,20861.7
DBS BANK,1116,31-Dec-19,30031.4
DBS BANK,1118,31-Dec-19,17986.2
DBS BANK,1120,31-Dec-19,20197.1
DBS BANK,1123,31-Dec-19,37984
DBS BANK,1126,31-Dec-19,30073.3
DBS BANK,1127,31-Dec-19,57419.6
DBS BANK,1128,31-Dec-19,29341.8
DBS BANK,1132,31-Dec-19,39373.7
DBS BANK,1133,31-Dec-19,17615.7
DBS BANK,1134,31-Dec-19,34259.8
DBS BANK,1136,31-Dec-19,47673.6
DBS BANK,1144,31-Dec-19,17492.1
DBS BANK,1145,31-Dec-19,20828.3
DBS BANK,1146,31-Dec-19,63915.4
DBS BANK,1147,31-Dec-19,80271.9
DBS BANK,1152,31-Dec-19,21611.6
DBS BANK,1153,31-Dec-19,27070.5
DBS BANK,1157,31-Dec-19,30703.7
DBS BANK,1158,31-Dec-19,30353.2
DBS BANK,1159,31-Dec-19,31776.4
DBS BANK,1161,31-Dec-19,23860
DBS BANK,1164,31-Dec-19,23356.7
DBS BANK,1166,31-Dec-19,24532
DBS BANK,1168,31-Dec-19,33686.3
DBS BANK,1169,31-Dec-19,21668.1
DBS BANK,1179,31-Dec-19,22329.9
DBS BANK,1180,31-Dec-19,40836.3
DBS BANK,1184,31-Dec-19,99745.3
DBS BANK,1189,31-Dec-19,21948.4
DBS BANK,1193,31-Dec-19,42355.6
DBS BANK,1194,31-Dec-19,58816.1
DBS BANK,1197,31-Dec-19,29060.7
DBS BANK,1200,31-Dec-19,47302
DBS BANK,1201,31-Dec-19,34052.5
DBS BANK,1204,31-Dec-19,43512.8
DBS BANK,1205,31-Dec-19,16886
DBS BANK,1207,31-Dec-19,40931.7
DBS BANK,1217,31-Dec-19,16116.3
DBS BANK,1222,31-Dec-19,37178.2
DBS BANK,1225,31-Dec-19,44738.5
DBS BANK,1231,31-Dec-19,37000.8
DBS BANK,1234,31-Dec-19,28699.1
DBS BANK,1235,31-Dec-19,17449.8
DBS BANK,1236,31-Dec-19,32439.8
DBS BANK,1237,31-Dec-19,99815
DBS BANK,1239,31-Dec-19,26267.1
DBS BANK,1246,31-Dec-19,23442.3
DBS BANK,1247,31-Dec-19,30777.5
DBS BANK,1256,31-Dec-19,29746.4
DBS BANK,1268,31-Dec-19,23480.8
DBS BANK,1269,31-Dec-19,29730.4
DBS BANK,1272,31-Dec-19,17972.4
DBS BANK,1273,31-Dec-19,46462.1
DBS BANK,1276,31-Dec-19,32368.2
DBS BANK,1277,31-Dec-19,25469
DBS BANK,1285,31-Dec-19,39887.2
DBS BANK,1286,31-Dec-19,41984.1
DBS BANK,1288,31-Dec-19,22170.5
DBS BANK,1291,31-Dec-19,26134.3
DBS BANK,1292,31-Dec-19,50249.3
DBS BANK,1294,31-Dec-19,23770
DBS BANK,1295,31-Dec-19,25740.2
DBS BANK,1297,31-Dec-19,45256.3
DBS BANK,1299,31-Dec-19,23908.9
DBS BANK,1301,31-Dec-19,28341.7
DBS BANK,1302,31-Dec-19,19446.3
DBS BANK,1305,31-Dec-19,42768.1
DBS BANK,1307,31-Dec-19,7938.1
DBS BANK,1314,31-Dec-19,36973.6
DBS BANK,1317,31-Dec-19,22559.5
DBS BANK,1322,31-Dec-19,15979.8
DBS BANK,1327,31-Dec-19,27280.2
DBS BANK,1332,31-Dec-19,56772.8
DBS BANK,1333,31-Dec-19,30643.4
DBS BANK,1334,31-Dec-19,32457.3
DBS BANK,1337,31-Dec-19,29341.6
DBS BANK,1338,31-Dec-19,15142.3
DBS BANK,1345,31-Dec-19,67727.3
DBS BANK,1352,31-Dec-19,52635.5
DBS BANK,1353,31-Dec-19,35390
DBS BANK,1359,31-Dec-19,26061
DBS BANK,1360,31-Dec-19,21609.4
DBS BANK,1366,31-Dec-19,25498.7
DBS BANK,1371,31-Dec-19,22875.4
DBS BANK,1372,31-Dec-19,38684.3
DBS BANK,1373,31-Dec-19,18836.4
DBS BANK,1375,31-Dec-19,47170
DBS BANK,1378,31-Dec-19,54709.1
DBS BANK,1381,31-Dec-19,21671.2
DBS BANK,1382,31-Dec-19,19937.2
DBS BANK,1388,31-Dec-19,50711.3
DBS BANK,1392,31-Dec-19,45615.9
DBS BANK,1397,31-Dec-19,56700.4
DBS BANK,1401,31-Dec-19,29842.4
DBS BANK,1402,31-Dec-19,21261
DBS BANK,1404,31-Dec-19,26893.2
DBS BANK,1406,31-Dec-19,13537.5
DBS BANK,1410,31-Dec-19,68384.7
DBS BANK,1411,31-Dec-19,51284
DBS BANK,1412,31-Dec-19,31503.8
DBS BANK,1416,31-Dec-19,25720.2
DBS BANK,1419,31-Dec-19,27613.3
DBS BANK,1421,31-Dec-19,20219
DBS BANK,1422,31-Dec-19,23279.2
DBS BANK,1425,31-Dec-19,26172.3
DBS BANK,1429,31-Dec-19,21920
DBS BANK,1436,31-Dec-19,7508.1
DBS BANK,1440,31-Dec-19,27860.8
DBS BANK,1442,31-Dec-19,35131.8
DBS BANK,1449,31-Dec-19,26291.9
DBS BANK,1451,31-Dec-19,27124.6
DBS BANK,1453,31-Dec-19,47130.5
DBS BANK,1458,31-Dec-19,40550.8
DBS BANK,1467,31-Dec-19,44203.5
DBS BANK,1468,31-Dec-19,17493
DBS BANK,1470,31-Dec-19,46894.2
DBS BANK,1475,31-Dec-19,14238.1
DBS BANK,1476,31-Dec-19,24488.9
DBS BANK,1477,31-Dec-19,15341.2
DBS BANK,1481,31-Dec-19,18834.5
DBS BANK,1485,31-Dec-19,47891.5
DBS BANK,1487,31-Dec-19,23263.5
DBS BANK,1493,31-Dec-19,24120.3
DBS BANK,1495,31-Dec-19,45968.7
DBS BANK,1497,31-Dec-19,31160.2
DBS BANK,1499,31-Dec-19,29730.7
DBS BANK,1505,31-Dec-19,29203.4
DBS BANK,1507,31-Dec-19,44144.5
DBS BANK,1509,31-Dec-19,25366.5
DBS BANK,1511,31-Dec-19,28953.1
DBS BANK,1512,31-Dec-19,41889.6
DBS BANK,1513,31-Dec-19,38081.2
DBS BANK,1515,31-Dec-19,67760.4
DBS BANK,1516,31-Dec-19,22601.1
DBS BANK,1518,31-Dec-19,52198.9
DBS BANK,1527,31-Dec-19,55791
DBS BANK,1534,31-Dec-19,30008.7
DBS BANK,1535,31-Dec-19,33196.7
DBS BANK,1536,31-Dec-19,25235.3
DBS BANK,1539,31-Dec-19,7566.3
DBS BANK,1544,31-Dec-19,52907.7
DBS BANK,1545,31-Dec-19,29420.7
DBS BANK,1547,31-Dec-19,80411.7
DBS BANK,1552,31-Dec-19,51208.1
DBS BANK,1554,31-Dec-19,24985
DBS BANK,1559,31-Dec-19,73919.1
DBS BANK,1565,31-Dec-19,27787
DBS BANK,1566,31-Dec-19,30523.3
DBS BANK,1570,31-Dec-19,18880.6
DBS BANK,1575,31-Dec-19,25211.7
DBS BANK,1578,31-Dec-19,4743.3
DBS BANK,1579,31-Dec-19,51613.3
DBS BANK,1583,31-Dec-19,73882.7
DBS BANK,1584,31-Dec-19,15896.3
DBS BANK,1588,31-Dec-19,26052
DBS BANK,1589,31-Dec-19,23803.2
DBS BANK,1601,31-Dec-19,22923.6
DBS BANK,1602,31-Dec-19,25013.8
DBS BANK,1603,31-Dec-19,29399.4
DBS BANK,1604,31-Dec-19,52179.6
DBS BANK,1605,31-Dec-19,81962.8
DBS BANK,1610,31-Dec-19,77472.2
DBS BANK,1617,31-Dec-19,30001.5
DBS BANK,1621,31-Dec-19,38393
DBS BANK,1626,31-Dec-19,49661.7
DBS BANK,1627,31-Dec-19,29007.8
DBS BANK,1628,31-Dec-19,20303.7
DBS BANK,1630,31-Dec-19,22100.5
DBS BANK,1634,31-Dec-19,62544.2
DBS BANK,1635,31-Dec-19,37724.7
DBS BANK,1637,31-Dec-19,22763.5
DBS BANK,1644,31-Dec-19,33061.1
DBS BANK,1649,31-Dec-19,26880.9
DBS BANK,1652,31-Dec-19,26851.9
DBS BANK,1653,31-Dec-19,49336.5
DBS BANK,1658,31-Dec-19,19506.3
DBS BANK,1664,31-Dec-19,44394.2
DBS BANK,1666,31-Dec-19,26165.2
DBS BANK,1671,31-Dec-19,23526.8
DBS BANK,1673,31-Dec-19,18531.1
DBS BANK,1675,31-Dec-19,25857.6
DBS BANK,1678,31-Dec-19,51105.9
DBS BANK,1680,31-Dec-19,64667.9
DBS BANK,1684,31-Dec-19,93889.3
DBS BANK,1686,31-Dec-19,26643.9
DBS BANK,1688,31-Dec-19,19008.5
DBS BANK,1689,31-Dec-19,23858.8
DBS BANK,1694,31-Dec-19,32763.4
DBS BANK,1695,31-Dec-19,62617.9
DBS BANK,1699,31-Dec-19,14342.3
DBS BANK,1701,31-Dec-19,69037.6
DBS BANK,1705,31-Dec-19,30477.9
DBS BANK,1708,31-Dec-19,22566.3
DBS BANK,1713,31-Dec-19,23601.2
DBS BANK,1719,31-Dec-19,14293
DBS BANK,1726,31-Dec-19,32961
DBS BANK,1730,31-Dec-19,29762.6
DBS BANK,1731,31-Dec-19,27068.8
DBS BANK,1743,31-Dec-19,29367.6
DBS BANK,1750,31-Dec-19,41183.4
DBS BANK,1761,31-Dec-19,23122.9
DBS BANK,1762,31-Dec-19,50884.7
DBS BANK,1766,31-Dec-19,69382.9
DBS BANK,1767,31-Dec-19,38607.6
DBS BANK,1768,31-Dec-19,37355.3
DBS BANK,1770,31-Dec-19,71290.6
DBS BANK,1771,31-Dec-19,30175.2
DBS BANK,1773,31-Dec-19,21796.4
DBS BANK,1775,31-Dec-19,27044.3
DBS BANK,1779,31-Dec-19,79695.7
DBS BANK,1780,31-Dec-19,57233.8
DBS BANK,1782,31-Dec-19,24443.2
DBS BANK,1784,31-Dec-19,31491.8
DBS BANK,1786,31-Dec-19,39903.1
DBS BANK,1787,31-Dec-19,26974.8
DBS BANK,1788,31-Dec-19,25389.8
DBS BANK,1792,31-Dec-19,29183.3
DBS BANK,1797,31-Dec-19,34557.5
DBS BANK,1801,31-Dec-19,26047.7
DBS BANK,1804,31-Dec-19,32232.1
DBS BANK,1805,31-Dec-19,28923.6
DBS BANK,1806,31-Dec-19,23379
DBS BANK,1809,31-Dec-19,18869.8
DBS BANK,1811,31-Dec-19,38826.1
DBS BANK,1813,31-Dec-19,46626.3
DBS BANK,1815,31-Dec-19,32332.1
DBS BANK,1816,31-Dec-19,24389.6
DBS BANK,1820,31-Dec-19,33765.9
DBS BANK,1822,31-Dec-19,27246.9
DBS BANK,1824,31-Dec-19,38210.4
DBS BANK,1826,31-Dec-19,38037.3
DBS BANK,1827,31-Dec-19,27425
DBS BANK,1828,31-Dec-19,33410.7
DBS BANK,1829,31-Dec-19,20225.3
DBS BANK,1830,31-Dec-19,27042.5
DBS BANK,1831,31-Dec-19,29477.7
DBS BANK,1834,31-Dec-19,40971.2
DBS BANK,1837,31-Dec-19,50152.2
DBS BANK,1843,31-Dec-19,26527.8
DBS BANK,1844,31-Dec-19,24920.1
DBS BANK,1848,31-Dec-19,27760.2
DBS BANK,1851,31-Dec-19,29437.4
DBS BANK,1852,31-Dec-19,24350
DBS BANK,1856,31-Dec-19,15575.7
DBS BANK,1861,31-Dec-19,41307.1
DBS BANK,1865,31-Dec-19,25668.1
DBS BANK,1870,31-Dec-19,44759.3
DBS BANK,1871,31-Dec-19,62840.7
DBS BANK,1874,31-Dec-19,26273.6
DBS BANK,1875,31-Dec-19,17603.6
DBS BANK,1877,31-Dec-19,31865.4
DBS BANK,1878,31-Dec-19,44527.5
DBS BANK,1879,31-Dec-19,17775.6
DBS BANK,1880,31-Dec-19,37458.8
DBS BANK,1882,31-Dec-19,25688.4
DBS BANK,1887,31-Dec-19,27665.2
DBS BANK,1891,31-Dec-19,27819.1
DBS BANK,1892,31-Dec-19,28127.1
DBS BANK,1896,31-Dec-19,23200.9
DBS BANK,1898,31-Dec-19,24913.5
DBS BANK,1902,31-Dec-19,39647
DBS BANK,1908,31-Dec-19,26333.2
DBS BANK,1909,31-Dec-19,22475.7
DBS BANK,1911,31-Dec-19,42714.6
DBS BANK,1912,31-Dec-19,23099.2
DBS BANK,1918,31-Dec-19,33490
DBS BANK,1919,31-Dec-19,36836.8
DBS BANK,1925,31-Dec-19,15975.1
DBS BANK,1926,31-Dec-19,24203.4
DBS BANK,1930,31-Dec-19,24522.2
DBS BANK,1931,31-Dec-19,29085
DBS BANK,1934,31-Dec-19,40621.8
DBS BANK,1937,31-Dec-19,23303.7
DBS BANK,1938,31-Dec-19,46525.4
DBS BANK,1940,31-Dec-19,20097.9
DBS BANK,1941,31-Dec-19,58648.4
DBS BANK,1944,31-Dec-19,49480.7
DBS BANK,1947,31-Dec-19,22812.2
DBS BANK,1949,31-Dec-19,35203
DBS BANK,1952,31-Dec-19,36678.8
DBS BANK,1959,31-Dec-19,20693.6
DBS BANK,1965,31-Dec-19,28760.4
DBS BANK,1966,31-Dec-19,61001.8
DBS BANK,1969,31-Dec-19,28683.6
DBS BANK,1970,31-Dec-19,73401.8
DBS BANK,1972,31-Dec-19,25320.2
DBS BANK,1975,31-Dec-19,55868.8
DBS BANK,1978,31-Dec-19,69253.6
DBS BANK,1979,31-Dec-19,21304.3
DBS BANK,1981,31-Dec-19,24388.8
DBS BANK,1984,31-Dec-19,57339.7
DBS BANK,1987,31-Dec-19,38380.7
DBS BANK,1990,31-Dec-19,26806.4
DBS BANK,1993,31-Dec-19,35603.1
DBS BANK,1998,31-Dec-19,49314.6
DBS BANK,1999,31-Dec-19,46837.5
DBS BANK,2001,31-Dec-19,52969.2
DBS BANK,2002,31-Dec-19,26860.2
DBS BANK,2008,31-Dec-19,52021.5
DBS BANK,2009,31-Dec-19,70382.3
DBS BANK,2010,31-Dec-19,30798.4
DBS BANK,2011,31-Dec-19,14823.8
DBS BANK,2020,31-Dec-19,23277.9
DBS BANK,2022,31-Dec-19,29793.2
DBS BANK,2023,31-Dec-19,42506
DBS BANK,2025,31-Dec-19,49308.9
DBS BANK,2028,31-Dec-19,88242.6
DBS BANK,2030,31-Dec-19,46983.8
DBS BANK,2037,31-Dec-19,35093.4
DBS BANK,2038,31-Dec-19,24858
DBS BANK,2039,31-Dec-19,71147.2
DBS BANK,2044,31-Dec-19,27189.8
DBS BANK,2050,31-Dec-19,36264.5
DBS BANK,2052,31-Dec-19,33166.5
DBS BANK,2056,31-Dec-19,53972
DBS BANK,2059,31-Dec-19,29413
DBS BANK,2061,31-Dec-19,19809.3
DBS BANK,2063,31-Dec-19,23354.4
DBS BANK,2067,31-Dec-19,28553.2
DBS BANK,2068,31-Dec-19,24393.2
DBS BANK,2070,31-Dec-19,34607.3
DBS BANK,2072,31-Dec-19,43346.3
DBS BANK,2078,31-Dec-19,37746.6
DBS BANK,2082,31-Dec-19,25369.2
DBS BANK,2087,31-Dec-19,36358.5
DBS BANK,2088,31-Dec-19,20469.8
DBS BANK,2092,31-Dec-19,34350.8
DBS BANK,2099,31-Dec-19,20374.9
DBS BANK,2110,31-Dec-19,26252.4
DBS BANK,2121,31-Dec-19,34291.8
DBS BANK,2122,31-Dec-19,63437.6
DBS BANK,2123,31-Dec-19,20478.2
DBS BANK,2124,31-Dec-19,48887.3
DBS BANK,2128,31-Dec-19,19495
DBS BANK,2132,31-Dec-19,71186.4
DBS BANK,2137,31-Dec-19,40053.9
DBS BANK,2140,31-Dec-19,25225.4
DBS BANK,2146,31-Dec-19,42958
DBS BANK,2150,31-Dec-19,17896.1
DBS BANK,2154,31-Dec-19,18796.6
DBS BANK,2155,31-Dec-19,26775.2
DBS BANK,2161,31-Dec-19,20888.3
DBS BANK,2167,31-Dec-19,53465.2
DBS BANK,2170,31-Dec-19,51534.9
DBS BANK,2175,31-Dec-19,60334.1
DBS BANK,2176,31-Dec-19,48151.6
DBS BANK,2177,31-Dec-19,21040.6
DBS BANK,2186,31-Dec-19,24485.9
DBS BANK,2189,31-Dec-19,38346.1
DBS BANK,2195,31-Dec-19,58660.1
DBS BANK,2199,31-Dec-19,30069.3
DBS BANK,2201,31-Dec-19,19289.5
DBS BANK,2213,31-Dec-19,22576.2
DBS BANK,2216,31-Dec-19,105685.3
DBS BANK,2218,31-Dec-19,45524.2
DBS BANK,2219,31-Dec-19,65688.8
DBS BANK,2220,31-Dec-19,32182.9
DBS BANK,2222,31-Dec-19,46110
DBS BANK,2227,31-Dec-19,42726.2
DBS BANK,2228,31-Dec-19,35956.1
DBS BANK,2241,31-Dec-19,27691
DBS BANK,2242,31-Dec-19,34468.9
DBS BANK,2245,31-Dec-19,70860.9
DBS BANK,2250,31-Dec-19,45823.9
DBS BANK,2253,31-Dec-19,29537.4
DBS BANK,2256,31-Dec-19,20359.7
DBS BANK,2257,31-Dec-19,19779.9
DBS BANK,2259,31-Dec-19,23855.8
DBS BANK,2260,31-Dec-19,35490.3
DBS BANK,2269,31-Dec-19,29685.1
DBS BANK,2271,31-Dec-19,19721.6
DBS BANK,2276,31-Dec-19,28490.1
DBS BANK,2282,31-Dec-19,78678.7
DBS BANK,2293,31-Dec-19,29902.7
DBS BANK,2298,31-Dec-19,44242.3
DBS BANK,2302,31-Dec-19,51099
DBS BANK,2305,31-Dec-19,24268.5
DBS BANK,2306,31-Dec-19,40519.8
DBS BANK,2313,31-Dec-19,33490.7
DBS BANK,2315,31-Dec-19,28178.3
DBS BANK,2318,31-Dec-19,60474.9
DBS BANK,2321,31-Dec-19,73880.6
DBS BANK,2326,31-Dec-19,53687.3
DBS BANK,2327,31-Dec-19,29236.3
DBS BANK,2330,31-Dec-19,19587.2
DBS BANK,2333,31-Dec-19,26802
DBS BANK,2336,31-Dec-19,22886
DBS BANK,2342,31-Dec-19,21710.8
DBS BANK,2345,31-Dec-19,24051.3
DBS BANK,2357,31-Dec-19,24945.6
DBS BANK,2361,31-Dec-19,27584.7
DBS BANK,2363,31-Dec-19,21306.1
DBS BANK,2365,31-Dec-19,10769.6
DBS BANK,2375,31-Dec-19,40893
DBS BANK,2378,31-Dec-19,24824.7
DBS BANK,2379,31-Dec-19,28608.7
DBS BANK,2382,31-Dec-19,25086
DBS BANK,2388,31-Dec-19,22929.5
DBS BANK,2393,31-Dec-19,26775.8
DBS BANK,2396,31-Dec-19,26369.9
DBS BANK,2399,31-Dec-19,40483.2
DBS BANK,2401,31-Dec-19,24834.7
DBS BANK,2410,31-Dec-19,28102.4
DBS BANK,2411,31-Dec-19,50043.5
DBS BANK,2417,31-Dec-19,14799.7
DBS BANK,2419,31-Dec-19,53400
DBS BANK,2423,31-Dec-19,27024.4
DBS BANK,2425,31-Dec-19,32142.9
DBS BANK,2427,31-Dec-19,10702.6
DBS BANK,2428,31-Dec-19,60643.3
DBS BANK,2429,31-Dec-19,38394.2
DBS BANK,2430,31-Dec-19,28545.5
DBS BANK,2433,31-Dec-19,28297.4
DBS BANK,2434,31-Dec-19,22290.1
DBS BANK,2435,31-Dec-19,41972
DBS BANK,2436,31-Dec-19,41173.5
DBS BANK,2453,31-Dec-19,24195.5
DBS BANK,2454,31-Dec-19,29387.9
DBS BANK,2457,31-Dec-19,27501.6
DBS BANK,2458,31-Dec-19,73708.8
DBS BANK,2460,31-Dec-19,28317.4
DBS BANK,2463,31-Dec-19,34240.2
DBS BANK,2464,31-Dec-19,53653.7
DBS BANK,2467,31-Dec-19,45956.3
DBS BANK,2470,31-Dec-19,39198
DBS BANK,2471,31-Dec-19,48262.6
DBS BANK,2472,31-Dec-19,56519.4
DBS BANK,2476,31-Dec-19,16938.8
DBS BANK,2479,31-Dec-19,27226.3
DBS BANK,2482,31-Dec-19,34715.7
DBS BANK,2484,31-Dec-19,39170.9
DBS BANK,2486,31-Dec-19,75654.6
DBS BANK,2488,31-Dec-19,18583.3
DBS BANK,2489,31-Dec-19,30806.2
DBS BANK,2493,31-Dec-19,31558.3
DBS BANK,2494,31-Dec-19,56375.9
DBS BANK,2496,31-Dec-19,16719.3
DBS BANK,2497,31-Dec-19,18076.6
DBS BANK,2501,31-Dec-19,46494.8
DBS BANK,2503,31-Dec-19,34027.1
DBS BANK,2504,31-Dec-19,67129.2
DBS BANK,2508,31-Dec-19,19862.1
DBS BANK,2510,31-Dec-19,39994.9
DBS BANK,2511,31-Dec-19,29334.2
DBS BANK,2513,31-Dec-19,25004
DBS BANK,2519,31-Dec-19,27752.5
DBS BANK,2523,31-Dec-19,18368.1
DBS BANK,2527,31-Dec-19,28966.8
DBS BANK,2528,31-Dec-19,21305.9
DBS BANK,2534,31-Dec-19,26079.1
DBS BANK,2538,31-Dec-19,27993.6
DBS BANK,2541,31-Dec-19,38184.5
DBS BANK,2542,31-Dec-19,26478.3
DBS BANK,2543,31-Dec-19,40445.5
DBS BANK,2546,31-Dec-19,17650.2
DBS BANK,2549,31-Dec-19,36518
DBS BANK,2552,31-Dec-19,34991.2
DBS BANK,2554,31-Dec-19,43814.2
DBS BANK,2555,31-Dec-19,42355.3
DBS BANK,2557,31-Dec-19,22003.2
DBS BANK,2568,31-Dec-19,39407.2
DBS BANK,2569,31-Dec-19,31446.7
DBS BANK,2572,31-Dec-19,50987.1
DBS BANK,2574,31-Dec-19,33183
DBS BANK,2576,31-Dec-19,16838
DBS BANK,2581,31-Dec-19,66739.6
DBS BANK,2582,31-Dec-19,52986.4
DBS BANK,2584,31-Dec-19,24036.3
DBS BANK,2585,31-Dec-19,52563.6
DBS BANK,2588,31-Dec-19,42360
DBS BANK,2592,31-Dec-19,38150.5
DBS BANK,2596,31-Dec-19,13965.9
DBS BANK,2599,31-Dec-19,34012.1
DBS BANK,2606,31-Dec-19,19848.6
DBS BANK,2609,31-Dec-19,40520.5
DBS BANK,2613,31-Dec-19,17336.1
DBS BANK,2615,31-Dec-19,36941.3
DBS BANK,2616,31-Dec-19,26071
DBS BANK,2617,31-Dec-19,19217.6
DBS BANK,2618,31-Dec-19,17770
DBS BANK,2620,31-Dec-19,28733.7
DBS BANK,2623,31-Dec-19,28555.1
DBS BANK,2627,31-Dec-19,15127.9
DBS BANK,2628,31-Dec-19,100186.9
DBS BANK,2632,31-Dec-19,32807.7
DBS BANK,2638,31-Dec-19,45030.5
DBS BANK,2639,31-Dec-19,43090.4
DBS BANK,2641,31-Dec-19,51303.7
DBS BANK,2645,31-Dec-19,31165.7
DBS BANK,2647,31-Dec-19,41302.9
DBS BANK,2648,31-Dec-19,25900.5
DBS BANK,2649,31-Dec-19,35379.6
DBS BANK,2651,31-Dec-19,90408.5
DBS BANK,2654,31-Dec-19,24026.5
DBS BANK,2660,31-Dec-19,74348.1
DBS BANK,2662,31-Dec-19,22237.9
DBS BANK,2664,31-Dec-19,34368.6
DBS BANK,2665,31-Dec-19,25765.4
DBS BANK,2666,31-Dec-19,24285.8
DBS BANK,2667,31-Dec-19,17406.8
DBS BANK,2670,31-Dec-19,41100.2
DBS BANK,2671,31-Dec-19,25178.6
DBS BANK,2673,31-Dec-19,37837.8
DBS BANK,2675,31-Dec-19,42244.1
DBS BANK,2676,31-Dec-19,34274.4
DBS BANK,2687,31-Dec-19,25064
DBS BANK,2694,31-Dec-19,40550.8
DBS BANK,2695,31-Dec-19,68357.4
DBS BANK,2697,31-Dec-19,25698.8
DBS BANK,2700,31-Dec-19,47560
DBS BANK,2701,31-Dec-19,30257.4
DBS BANK,2705,31-Dec-19,30470.7
DBS BANK,2711,31-Dec-19,33037.8
DBS BANK,2712,31-Dec-19,32403.6
DBS BANK,2713,31-Dec-19,23843.6
DBS BANK,2714,31-Dec-19,23880.4
DBS BANK,2732,31-Dec-19,24221.4
DBS BANK,2733,31-Dec-19,22063.2
DBS BANK,2736,31-Dec-19,27768.9
DBS BANK,2738,31-Dec-19,19259.8
DBS BANK,2739,31-Dec-19,24495.5
DBS BANK,2740,31-Dec-19,80488.7
DBS BANK,2741,31-Dec-19,62347.7
DBS BANK,2742,31-Dec-19,36031.5
DBS BANK,2747,31-Dec-19,29975.2
DBS BANK,2749,31-Dec-19,72510.1
DBS BANK,2758,31-Dec-19,31469.9
DBS BANK,2762,31-Dec-19,21606.4
DBS BANK,2763,31-Dec-19,59331.7
DBS BANK,2768,31-Dec-19,29837.5
DBS BANK,2770,31-Dec-19,27115.1
DBS BANK,2771,31-Dec-19,41266
DBS BANK,2778,31-Dec-19,26772.3
DBS BANK,2779,31-Dec-19,59450.1
DBS BANK,2788,31-Dec-19,49646
DBS BANK,2789,31-Dec-19,34390
DBS BANK,2790,31-Dec-19,33461.5
DBS BANK,2793,31-Dec-19,21958.8
DBS BANK,2798,31-Dec-19,42753.2
DBS BANK,2799,31-Dec-19,46675.8
DBS BANK,2802,31-Dec-19,26544.9
DBS BANK,2809,31-Dec-19,22756.1
DBS BANK,2813,31-Dec-19,22528.2
DBS BANK,2814,31-Dec-19,28140.2
DBS BANK,2817,31-Dec-19,49486.1
DBS BANK,2818,31-Dec-19,25928.3
DBS BANK,2819,31-Dec-19,32613.9
DBS BANK,2823,31-Dec-19,20799.9
DBS BANK,2824,31-Dec-19,34571.2
DBS BANK,2838,31-Dec-19,98641.9
DBS BANK,2840,31-Dec-19,72177.6
DBS BANK,2841,31-Dec-19,32138.4
DBS BANK,2842,31-Dec-19,20526.2
DBS BANK,2847,31-Dec-19,27730.1
DBS BANK,2849,31-Dec-19,28032.8
DBS BANK,2859,31-Dec-19,95853.2
DBS BANK,2861,31-Dec-19,35887.9
DBS BANK,2862,31-Dec-19,42972.4
DBS BANK,2867,31-Dec-19,43928.9
DBS BANK,2868,31-Dec-19,21000.2
DBS BANK,2876,31-Dec-19,34386.6
DBS BANK,2880,31-Dec-19,45162.9
DBS BANK,2881,31-Dec-19,35907.9
DBS BANK,2884,31-Dec-19,29447.1
DBS BANK,2886,31-Dec-19,25727
DBS BANK,2894,31-Dec-19,50358.9
DBS BANK,2895,31-Dec-19,37209.5
DBS BANK,2896,31-Dec-19,18610.4
DBS BANK,2902,31-Dec-19,42855.1
DBS BANK,2903,31-Dec-19,45491.3
DBS BANK,2905,31-Dec-19,45570.9
DBS BANK,2907,31-Dec-19,24663.9
DBS BANK,2912,31-Dec-19,65183.8
DBS BANK,2913,31-Dec-19,19425.9
DBS BANK,2915,31-Dec-19,42239.2
DBS BANK,2922,31-Dec-19,83662.9
DBS BANK,2924,31-Dec-19,29792.6
DBS BANK,2925,31-Dec-19,31677.5
DBS BANK,2926,31-Dec-19,42219.9
DBS BANK,2928,31-Dec-19,24091.7
DBS BANK,2932,31-Dec-19,55655.1
DBS BANK,2933,31-Dec-19,44011
DBS BANK,2938,31-Dec-19,64005.1
DBS BANK,2940,31-Dec-19,19448.5
DBS BANK,2951,31-Dec-19,37274.4
DBS BANK,2958,31-Dec-19,24027.1
DBS BANK,2959,31-Dec-19,49430.5
DBS BANK,2960,31-Dec-19,34890.6
DBS BANK,2962,31-Dec-19,60219.8
DBS BANK,2970,31-Dec-19,37967.4
DBS BANK,2971,31-Dec-19,29146.1
DBS BANK,2972,31-Dec-19,26992.5
DBS BANK,2974,31-Dec-19,38216.2
DBS BANK,2980,31-Dec-19,22389.8
DBS BANK,2985,31-Dec-19,27846.9
DBS BANK,2987,31-Dec-19,38847.1
DBS BANK,2989,31-Dec-19,20478.6
DBS BANK,2991,31-Dec-19,35955.5
DBS BANK,2996,31-Dec-19,36841.5
DBS BANK,3000,31-Dec-19,39412.6
DBS BANK,3001,31-Dec-19,44618.7
DBS BANK,3003,31-Dec-19,25548
DBS BANK,3007,31-Dec-19,42489.9
DBS BANK,3008,31-Dec-19,29352.8
DBS BANK,3011,31-Dec-19,18080.1
DBS BANK,3017,31-Dec-19,43794.7
DBS BANK,3026,31-Dec-19,49627.6
DBS BANK,3028,31-Dec-19,17000.5
DBS BANK,3030,31-Dec-19,13500.2
DBS BANK,3032,31-Dec-19,24844.6
DBS BANK,3035,31-Dec-19,79409.8
DBS BANK,3036,31-Dec-19,21841.6
DBS BANK,3037,31-Dec-19,54338.2
DBS BANK,3039,31-Dec-19,30913.2
DBS BANK,3042,31-Dec-19,29265.4
DBS BANK,3047,31-Dec-19,22941.4
DBS BANK,3049,31-Dec-19,26515
DBS BANK,3050,31-Dec-19,37267.1
DBS BANK,3053,31-Dec-19,36514.9
DBS BANK,3056,31-Dec-19,17284.3
DBS BANK,3058,31-Dec-19,38531.9
DBS BANK,3063,31-Dec-19,25840.7
DBS BANK,3064,31-Dec-19,31389.3
DBS BANK,3068,31-Dec-19,27592.7
DBS BANK,3069,31-Dec-19,66786.2
DBS BANK,3072,31-Dec-19,45568.4
DBS BANK,3074,31-Dec-19,80851.5
DBS BANK,3076,31-Dec-19,20593
DBS BANK,3078,31-Dec-19,21076.6
DBS BANK,3086,31-Dec-19,47074.1
DBS BANK,3087,31-Dec-19,16733.2
DBS BANK,3091,31-Dec-19,50257.8
DBS BANK,3094,31-Dec-19,37256.5
DBS BANK,3096,31-Dec-19,39189.7
DBS BANK,3099,31-Dec-19,22751.3
DBS BANK,3101,31-Dec-19,18926.8
DBS BANK,3107,31-Dec-19,27564.5
DBS BANK,3108,31-Dec-19,19789.7
DBS BANK,3112,31-Dec-19,26097.5
DBS BANK,3113,31-Dec-19,85156.5
DBS BANK,3117,31-Dec-19,19539
DBS BANK,3127,31-Dec-19,26428.9
DBS BANK,3129,31-Dec-19,24337.6
DBS BANK,3133,31-Dec-19,49385.5
DBS BANK,3134,31-Dec-19,45158.3
DBS BANK,3135,31-Dec-19,41796
DBS BANK,3136,31-Dec-19,27907.1
DBS BANK,3145,31-Dec-19,26387.5
DBS BANK,3146,31-Dec-19,24311.1
DBS BANK,3152,31-Dec-19,18857.3
DBS BANK,3157,31-Dec-19,32203.7
DBS BANK,3160,31-Dec-19,48544.4
DBS BANK,3164,31-Dec-19,23918.7
DBS BANK,3166,31-Dec-19,2845.3
DBS BANK,3167,31-Dec-19,47102.3
DBS BANK,3168,31-Dec-19,26678.6
DBS BANK,3171,31-Dec-19,24016.3
DBS BANK,3173,31-Dec-19,14140.3
DBS BANK,3181,31-Dec-19,23937.4
DBS BANK,3183,31-Dec-19,30957.2
DBS BANK,3184,31-Dec-19,29779.7
DBS BANK,3195,31-Dec-19,29653.2
DBS BANK,3196,31-Dec-19,25985.6
DBS BANK,3197,31-Dec-19,18369
DBS BANK,3201,31-Dec-19,26386.7
DBS BANK,3210,31-Dec-19,73045.2
DBS BANK,3212,31-Dec-19,27755.9
DBS BANK,3213,31-Dec-19,15999.7
DBS BANK,3218,31-Dec-19,19778.5
DBS BANK,3220,31-Dec-19,44495.6
DBS BANK,3221,31-Dec-19,26781.4
DBS BANK,3222,31-Dec-19,21214.7
DBS BANK,3223,31-Dec-19,40155.6
DBS BANK,3225,31-Dec-19,42415
DBS BANK,3226,31-Dec-19,27161.6
DBS BANK,3237,31-Dec-19,37251.2
DBS BANK,3241,31-Dec-19,29687.4
DBS BANK,3243,31-Dec-19,29700.3
DBS BANK,3246,31-Dec-19,19209.6
DBS BANK,3253,31-Dec-19,31888.9
DBS BANK,3258,31-Dec-19,37955.5
DBS BANK,3259,31-Dec-19,22401.6
DBS BANK,3260,31-Dec-19,38014.8
DBS BANK,3261,31-Dec-19,24504
DBS BANK,3264,31-Dec-19,29733.7
DBS BANK,3267,31-Dec-19,25938.4
DBS BANK,3268,31-Dec-19,18666.2
DBS BANK,3275,31-Dec-19,26090.1
DBS BANK,3277,31-Dec-19,58343.6
DBS BANK,3283,31-Dec-19,26312.4
DBS BANK,3284,31-Dec-19,17071.7
DBS BANK,3287,31-Dec-19,38405.5
DBS BANK,3289,31-Dec-19,32621.9
DBS BANK,3292,31-Dec-19,21642.1
DBS BANK,3298,31-Dec-19,37122.8
DBS BANK,3302,31-Dec-19,29012.1
DBS BANK,3306,31-Dec-19,38831.1
DBS BANK,3307,31-Dec-19,36462.9
DBS BANK,3309,31-Dec-19,32113.6
DBS BANK,3310,31-Dec-19,14162.5
DBS BANK,3316,31-Dec-19,34032.4
DBS BANK,3319,31-Dec-19,28474.3
DBS BANK,3323,31-Dec-19,61153.3
DBS BANK,3326,31-Dec-19,34339.1
DBS BANK,3327,31-Dec-19,31321.2
DBS BANK,3345,31-Dec-19,14216.3
DBS BANK,3348,31-Dec-19,28265.5
DBS BANK,3352,31-Dec-19,24523
DBS BANK,3354,31-Dec-19,33559.3
DBS BANK,3355,31-Dec-19,28268.4
DBS BANK,3361,31-Dec-19,25720.1
DBS BANK,3367,31-Dec-19,51246.4
DBS BANK,3369,31-Dec-19,14944.2
DBS BANK,3370,31-Dec-19,46713.5
DBS BANK,3371,31-Dec-19,20740.7
DBS BANK,3372,31-Dec-19,41580.5
DBS BANK,3374,31-Dec-19,9922.2
DBS BANK,3378,31-Dec-19,31485.8
DBS BANK,3380,31-Dec-19,28778.4
DBS BANK,3391,31-Dec-19,38618.3
DBS BANK,3405,31-Dec-19,62902.1
DBS BANK,3407,31-Dec-19,11618.5
DBS BANK,3408,31-Dec-19,45291.8
DBS BANK,3413,31-Dec-19,34488.6
DBS BANK,3419,31-Dec-19,30314.5
DBS BANK,3424,31-Dec-19,53524.7
DBS BANK,3425,31-Dec-19,25242.4
DBS BANK,3429,31-Dec-19,32638.5
DBS BANK,3435,31-Dec-19,27242.2
DBS BANK,3445,31-Dec-19,34612.1
DBS BANK,3456,31-Dec-19,24397.3
DBS BANK,3457,31-Dec-19,12833.4
DBS BANK,3465,31-Dec-19,36593.7
DBS BANK,3469,31-Dec-19,27247.1
DBS BANK,3477,31-Dec-19,17877
DBS BANK,3478,31-Dec-19,40484.6
DBS BANK,3479,31-Dec-19,29920.3
DBS BANK,3480,31-Dec-19,57433.8
DBS BANK,3483,31-Dec-19,19264.3
DBS BANK,3484,31-Dec-19,49435.7
DBS BANK,3487,31-Dec-19,39144.8
DBS BANK,3493,31-Dec-19,17603.2
DBS BANK,3497,31-Dec-19,45219.3
DBS BANK,3503,31-Dec-19,44298
DBS BANK,3505,31-Dec-19,43308.4
DBS BANK,3509,31-Dec-19,25239.6
DBS BANK,3510,31-Dec-19,64323.6
DBS BANK,3513,31-Dec-19,44617.9
DBS BANK,3514,31-Dec-19,18714.7
DBS BANK,3521,31-Dec-19,51087.5
DBS BANK,3528,31-Dec-19,44744
DBS BANK,3533,31-Dec-19,22306.5
DBS BANK,3535,31-Dec-19,21442.6
DBS BANK,3536,31-Dec-19,24183.1
DBS BANK,3538,31-Dec-19,84941.9
DBS BANK,3539,31-Dec-19,28869.8
DBS BANK,3542,31-Dec-19,20793.4
DBS BANK,3545,31-Dec-19,61599
DBS BANK,3547,31-Dec-19,17965.9
DBS BANK,3548,31-Dec-19,22512.8
DBS BANK,3551,31-Dec-19,26052.9
DBS BANK,3554,31-Dec-19,24685
DBS BANK,3555,31-Dec-19,44484.5
DBS BANK,3558,31-Dec-19,57162.7
DBS BANK,3566,31-Dec-19,29854.8
DBS BANK,3567,31-Dec-19,11583.1
DBS BANK,3570,31-Dec-19,26875.8
DBS BANK,3571,31-Dec-19,24995.1
DBS BANK,3575,31-Dec-19,32794.9
DBS BANK,3579,31-Dec-19,80770
DBS BANK,3580,31-Dec-19,41571
DBS BANK,3586,31-Dec-19,29441.2
DBS BANK,3592,31-Dec-19,26066.6
DBS BANK,3593,31-Dec-19,49658.5
DBS BANK,3594,31-Dec-19,41971.6
DBS BANK,3595,31-Dec-19,22023.7
DBS BANK,3599,31-Dec-19,26530.1
DBS BANK,3600,31-Dec-19,38592.9
DBS BANK,3604,31-Dec-19,31395.3
DBS BANK,3608,31-Dec-19,28557.6
DBS BANK,3609,31-Dec-19,46118.5
DBS BANK,3612,31-Dec-19,39452.6
DBS BANK,3613,31-Dec-19,28469.4
DBS BANK,3617,31-Dec-19,43673.2
DBS BANK,3618,31-Dec-19,40670.7
DBS BANK,3622,31-Dec-19,52272.5
DBS BANK,3625,31-Dec-19,27340
DBS BANK,3629,31-Dec-19,27194.1
DBS BANK,3636,31-Dec-19,28412.1
DBS BANK,3640,31-Dec-19,25040.9
DBS BANK,3644,31-Dec-19,22672
DBS BANK,3649,31-Dec-19,51588.1
DBS BANK,3650,31-Dec-19,39996.2
DBS BANK,3651,31-Dec-19,27930.2
DBS BANK,3653,31-Dec-19,49624.4
DBS BANK,3654,31-Dec-19,64815.5
DBS BANK,3656,31-Dec-19,28478.7
DBS BANK,3660,31-Dec-19,68358.9
DBS BANK,3663,31-Dec-19,63829.2
DBS BANK,3667,31-Dec-19,24625.5
DBS BANK,3669,31-Dec-19,25919.4
DBS BANK,3670,31-Dec-19,21103.1
DBS BANK,3674,31-Dec-19,89347.5
DBS BANK,3675,31-Dec-19,47493.4
DBS BANK,3678,31-Dec-19,19493.2
DBS BANK,3682,31-Dec-19,29327.3
DBS BANK,3683,31-Dec-19,48781.4
DBS BANK,3684,31-Dec-19,27019.3
DBS BANK,3687,31-Dec-19,40701.1
DBS BANK,3688,31-Dec-19,60766.9
DBS BANK,3691,31-Dec-19,23739.6
DBS BANK,3693,31-Dec-19,28730.5
DBS BANK,3697,31-Dec-19,37109.7
DBS BANK,3699,31-Dec-19,38303.8
DBS BANK,3701,31-Dec-19,25919.2
DBS BANK,3704,31-Dec-19,21931.8
DBS BANK,3713,31-Dec-19,67903.2
DBS BANK,3714,31-Dec-19,25264.8
DBS BANK,3717,31-Dec-19,34050.4
DBS BANK,3718,31-Dec-19,18813.9
DBS BANK,3720,31-Dec-19,32086
DBS BANK,3728,31-Dec-19,32738.7
DBS BANK,3730,31-Dec-19,21496.4
DBS BANK,3734,31-Dec-19,31923.1
DBS BANK,3738,31-Dec-19,43342.6
DBS BANK,3745,31-Dec-19,44175.9
DBS BANK,3747,31-Dec-19,23171.2
DBS BANK,3748,31-Dec-19,20350.3
DBS BANK,3751,31-Dec-19,40337.7
DBS BANK,3752,31-Dec-19,25527.5
DBS BANK,3756,31-Dec-19,43740.4
DBS BANK,3759,31-Dec-19,25166.3
DBS BANK,3760,31-Dec-19,49443.1
DBS BANK,3771,31-Dec-19,46041
DBS BANK,3775,31-Dec-19,20215.4
DBS BANK,3778,31-Dec-19,53074.1
DBS BANK,3781,31-Dec-19,47204
DBS BANK,3785,31-Dec-19,56941.2
DBS BANK,3786,31-Dec-19,13517.5
DBS BANK,3787,31-Dec-19,39676.4
DBS BANK,3788,31-Dec-19,32819.8
DBS BANK,3792,31-Dec-19,25976.2
DBS BANK,3796,31-Dec-19,34353.2
DBS BANK,3804,31-Dec-19,36347.7
DBS BANK,3805,31-Dec-19,35449.2
DBS BANK,3808,31-Dec-19,51095.3
DBS BANK,3818,31-Dec-19,42646.4
DBS BANK,3820,31-Dec-19,27714.2
DBS BANK,3822,31-Dec-19,22283.2
DBS BANK,3824,31-Dec-19,31237
DBS BANK,3825,31-Dec-19,39937.5
DBS BANK,3827,31-Dec-19,36415.3
DBS BANK,3834,31-Dec-19,43714.6
DBS BANK,3835,31-Dec-19,48101.2
DBS BANK,3837,31-Dec-19,32082.6
DBS BANK,3838,31-Dec-19,34312.1
DBS BANK,3840,31-Dec-19,22249.2
DBS BANK,3844,31-Dec-19,25708.8
DBS BANK,3849,31-Dec-19,36673.9
DBS BANK,3850,31-Dec-19,59390.1
DBS BANK,3860,31-Dec-19,31686.3
DBS BANK,3863,31-Dec-19,34346.1
DBS BANK,3868,31-Dec-19,20279
DBS BANK,3869,31-Dec-19,63163.8
DBS BANK,3871,31-Dec-19,32203.7
DBS BANK,3876,31-Dec-19,29394.8
DBS BANK,3878,31-Dec-19,21517.7
DBS BANK,3882,31-Dec-19,22966.5
DBS BANK,3883,31-Dec-19,72357.3
DBS BANK,3886,31-Dec-19,25528
DBS BANK,3891,31-Dec-19,38862.2
DBS BANK,3892,31-Dec-19,12770.7
DBS BANK,3898,31-Dec-19,29715.1
DBS BANK,3909,31-Dec-19,63089.8
DBS BANK,3912,31-Dec-19,29250.8
DBS BANK,3915,31-Dec-19,45904.3
DBS BANK,3918,31-Dec-19,25040.4
DBS BANK,3920,31-Dec-19,34391.9
DBS BANK,3923,31-Dec-19,41771.1
DBS BANK,3927,31-Dec-19,26727.7
DBS BANK,3935,31-Dec-19,27129.9
DBS BANK,3938,31-Dec-19,54018.6
DBS BANK,3939,31-Dec-19,31358.4
DBS BANK,3948,31-Dec-19,47661
DBS BANK,3954,31-Dec-19,28200
DBS BANK,3955,31-Dec-19,32807.7
DBS BANK,3960,31-Dec-19,20258.7
DBS BANK,3965,31-Dec-19,32456.4
DBS BANK,3969,31-Dec-19,39697.6
DBS BANK,3972,31-Dec-19,49590.5
DBS BANK,3975,31-Dec-19,10657.5
DBS BANK,3977,31-Dec-19,15904.3
DBS BANK,3980,31-Dec-19,35180.8
DBS BANK,3982,31-Dec-19,18132.7
DBS BANK,3983,31-Dec-19,40442.2
DBS BANK,3997,31-Dec-19,44196.5
DBS BANK,3999,31-Dec-19,34452.2
DBS BANK,4000,31-Dec-19,27437.6
DBS BANK,4009,31-Dec-19,54055.2
DBS BANK,4013,31-Dec-19,30727.4
DBS BANK,4034,31-Dec-19,31887.2
DBS BANK,4035,31-Dec-19,49762.7
DBS BANK,4055,31-Dec-19,41294.4
DBS BANK,4066,31-Dec-19,39722.9
DBS BANK,4078,31-Dec-19,47361.7
DBS BANK,4079,31-Dec-19,51068.4
DBS BANK,4082,31-Dec-19,53418
DBS BANK,4093,31-Dec-19,26076.9
DBS BANK,4119,31-Dec-19,32778.4
DBS BANK,4131,31-Dec-19,42160.3
DBS BANK,4134,31-Dec-19,25518.5
DBS BANK,4159,31-Dec-19,35733.9
DBS BANK,4171,31-Dec-19,12802.4
DBS BANK,4173,31-Dec-19,24083.5
DBS BANK,4195,31-Dec-19,67021.8
DBS BANK,4225,31-Dec-19,52901.9
DBS BANK,4237,31-Dec-19,26601.1
DBS BANK,4240,31-Dec-19,56512
DBS BANK,4245,31-Dec-19,39540.6
DBS BANK,4254,31-Dec-19,37579
DBS BANK,4255,31-Dec-19,100838.1
DBS BANK,4259,31-Dec-19,71357.7
DBS BANK,4260,31-Dec-19,18239.9
DBS BANK,4264,31-Dec-19,78295.7
DBS BANK,4276,31-Dec-19,28705
DBS BANK,4283,31-Dec-19,41119
DBS BANK,4287,31-Dec-19,35692.6
DBS BANK,4296,31-Dec-19,52226.6
DBS BANK,4318,31-Dec-19,61343.4
DBS BANK,4321,31-Dec-19,78431.4
DBS BANK,4328,31-Dec-19,30006.3
DBS BANK,4329,31-Dec-19,55627.9
DBS BANK,4337,31-Dec-19,74018.3
DBS BANK,4343,31-Dec-19,46207.2
DBS BANK,4347,31-Dec-19,18386
DBS BANK,4350,31-Dec-19,48541.4
DBS BANK,4352,31-Dec-19,51898.5
DBS BANK,4355,31-Dec-19,38172.3
DBS BANK,4356,31-Dec-19,30959.2
DBS BANK,4377,31-Dec-19,82910.5
DBS BANK,4385,31-Dec-19,30936.8
DBS BANK,4408,31-Dec-19,33997.4
DBS BANK,4413,31-Dec-19,39845.2
DBS BANK,4414,31-Dec-19,23646.6
DBS BANK,4416,31-Dec-19,36482.8
DBS BANK,4418,31-Dec-19,40273
DBS BANK,4427,31-Dec-19,20627.8
DBS BANK,4437,31-Dec-19,36167.9
DBS BANK,4448,31-Dec-19,39489.5
DBS BANK,4463,31-Dec-19,33386.1
DBS BANK,4470,31-Dec-19,43303.1
DBS BANK,4476,31-Dec-19,24685.8
DBS BANK,4478,31-Dec-19,48297.7
DBS BANK,4484,31-Dec-19,31889.4
DBS BANK,4511,31-Dec-19,18496.2
DBS BANK,4514,31-Dec-19,77530.8
DBS BANK,4526,31-Dec-19,28447.6
DBS BANK,4543,31-Dec-19,29672.6
DBS BANK,4576,31-Dec-19,41258.5
DBS BANK,4580,31-Dec-19,38658.4
DBS BANK,4596,31-Dec-19,17713.2
DBS BANK,4659,31-Dec-19,34435
DBS BANK,4743,31-Dec-19,63872.4
DBS BANK,4774,31-Dec-19,20444.2
DBS BANK,4825,31-Dec-19,24780
DBS BANK,4894,31-Dec-19,51710.5
DBS BANK,4907,31-Dec-19,41128.1
DBS BANK,4937,31-Dec-19,54862.7
DBS BANK,4995,31-Dec-19,45148.7
DBS BANK,5011,31-Dec-19,17741.5
DBS BANK,5065,31-Dec-19,90301.1
DBS BANK,5092,31-Dec-19,25858.7
DBS BANK,5120,31-Dec-19,32231.3
DBS BANK,5129,31-Dec-19,1411.7
DBS BANK,5215,31-Dec-19,36310
DBS BANK,5228,31-Dec-19,38470.4
DBS BANK,5256,31-Dec-19,78755.2
DBS BANK,5270,31-Dec-19,63224.4
DBS BANK,5313,31-Dec-19,55506.5
DBS BANK,5343,31-Dec-19,37583.1
DBS BANK,5366,31-Dec-19,14248
DBS BANK,5369,31-Dec-19,31601.2
DBS BANK,5372,31-Dec-19,29845.9
DBS BANK,5385,31-Dec-19,23886.2
DBS BANK,5387,31-Dec-19,31279
DBS BANK,5422,31-Dec-19,58098.8
DBS BANK,5423,31-Dec-19,17146
DBS BANK,5428,31-Dec-19,13700.7
DBS BANK,5442,31-Dec-19,5482.1
DBS BANK,5472,31-Dec-19,28380.2
DBS BANK,5481,31-Dec-19,38127.7
DBS BANK,5483,31-Dec-19,38004.1
DBS BANK,5546,31-Dec-19,28091
DBS BANK,5574,31-Dec-19,42438.4
DBS BANK,5622,31-Dec-19,55189.1
DBS BANK,5628,31-Dec-19,36062.7
DBS BANK,5632,31-Dec-19,21058.1
DBS BANK,5700,31-Dec-19,28634.9
DBS BANK,5740,31-Dec-19,10944.9
DBS BANK,5767,31-Dec-19,28756.7
DBS BANK,5868,31-Dec-19,6258.3
DBS BANK,5891,31-Dec-19,56796.4
DBS BANK,5927,31-Dec-19,18723.9
DBS BANK,5952,31-Dec-19,74589.1
DBS BANK,5984,31-Dec-19,62661.6
DBS BANK,5991,31-Dec-19,42765.9
DBS BANK,6030,31-Dec-19,43798.5
DBS BANK,6034,31-Dec-19,62919.6
DBS BANK,6040,31-Dec-19,32124.7
DBS BANK,6051,31-Dec-19,24907.8
DBS BANK,6118,31-Dec-19,76826.5
DBS BANK,6148,31-Dec-19,47959.2
DBS BANK,6226,31-Dec-19,59587.7
DBS BANK,6273,31-Dec-19,41387.9
DBS BANK,6281,31-Dec-19,11687.7
DBS BANK,6321,31-Dec-19,46834.1
DBS BANK,6353,31-Dec-19,50707.5
DBS BANK,6363,31-Dec-19,41600.2
DBS BANK,6425,31-Dec-19,33137.5
DBS BANK,6472,31-Dec-19,73764.6
DBS BANK,6473,31-Dec-19,11501.1
DBS BANK,6511,31-Dec-19,25462.8
DBS BANK,6555,31-Dec-19,29432
DBS BANK,6636,31-Dec-19,40617.8
DBS BANK,6701,31-Dec-19,79885.7
DBS BANK,6715,31-Dec-19,24007.8
DBS BANK,6738,31-Dec-19,34573.9
DBS BANK,6806,31-Dec-19,53475
DBS BANK,6897,31-Dec-19,10731.8
DBS BANK,6924,31-Dec-19,37643.7
DBS BANK,6930,31-Dec-19,69947.6
DBS BANK,7011,31-Dec-19,59138.5
DBS BANK,7123,31-Dec-19,78664.3
DBS BANK,7133,31-Dec-19,25192.4
DBS BANK,7190,31-Dec-19,24137.6
DBS BANK,7203,31-Dec-19,68773
DBS BANK,7231,31-Dec-19,12254.7
DBS BANK,7401,31-Dec-19,33881.8
DBS BANK,7445,31-Dec-19,5309.1
DBS BANK,7449,31-Dec-19,28256.2
DBS BANK,7454,31-Dec-19,15026.9
DBS BANK,7485,31-Dec-19,26539.2
DBS BANK,7523,31-Dec-19,48840.6
DBS BANK,7546,31-Dec-19,71527
DBS BANK,7607,31-Dec-19,31162.9
DBS BANK,7753,31-Dec-19,29971.4
DBS BANK,7765,31-Dec-19,27881.7
DBS BANK,7769,31-Dec-19,68570.1
DBS BANK,7774,31-Dec-19,46056.9
DBS BANK,7819,31-Dec-19,24502.2
DBS BANK,7844,31-Dec-19,45454.3
DBS BANK,7857,31-Dec-19,39957.7
DBS BANK,7944,31-Dec-19,48134
DBS BANK,7965,31-Dec-19,42520.2
DBS BANK,8027,31-Dec-19,64810.1
DBS BANK,8041,31-Dec-19,1999
DBS BANK,8051,31-Dec-19,30771.8
DBS BANK,8073,31-Dec-19,27226.3
DBS BANK,8129,31-Dec-19,37695
DBS BANK,8132,31-Dec-19,57971.3
DBS BANK,8173,31-Dec-19,51560
DBS BANK,8212,31-Dec-19,90713.7
DBS BANK,8260,31-Dec-19,42455.4
DBS BANK,8261,31-Dec-19,58925.1
DBS BANK,8316,31-Dec-19,31825.2
DBS BANK,8321,31-Dec-19,30587.7
DBS BANK,8330,31-Dec-19,46919.7
DBS BANK,8377,31-Dec-19,25934.9
DBS BANK,8405,31-Dec-19,32749.5
DBS BANK,8411,31-Dec-19,34393.6
DBS BANK,8475,31-Dec-19,30868.1
DBS BANK,8489,31-Dec-19,42218.1
DBS BANK,8492,31-Dec-19,36389.2
DBS BANK,8519,31-Dec-19,43797.4
DBS BANK,8558,31-Dec-19,36662
DBS BANK,8564,31-Dec-19,87528.5
DBS BANK,8566,31-Dec-19,7426.4
DBS BANK,8625,31-Dec-19,73203.6
DBS BANK,8759,31-Dec-19,71738.2
DBS BANK,8776,31-Dec-19,39516.3
DBS BANK,8899,31-Dec-19,63734
DBS BANK,8934,31-Dec-19,25386.9
DBS BANK,8957,31-Dec-19,43955.3
DBS BANK,8982,31-Dec-19,46413.5
DBS BANK,9006,31-Dec-19,74469.6
DBS BANK,9034,31-Dec-19,32943.7
DBS BANK,9041,31-Dec-19,52788.1
DBS BANK,9093,31-Dec-19,35480.4
DBS BANK,9104,31-Dec-19,90228.7
DBS BANK,9188,31-Dec-19,21928.9
DBS BANK,9192,31-Dec-19,50617.8
DBS BANK,9203,31-Dec-19,90024.3
DBS BANK,9236,31-Dec-19,25362
DBS BANK,9265,31-Dec-19,31913.5
DBS BANK,9307,31-Dec-19,27766.8
DBS BANK,9337,31-Dec-19,5846.8
DBS BANK,9403,31-Dec-19,38493.4
DBS BANK,9472,31-Dec-19,56013.2
DBS BANK,9583,31-Dec-19,42726.2
DBS BANK,9591,31-Dec-19,76919.5
DBS BANK,9627,31-Dec-19,51704.4
DBS BANK,9635,31-Dec-19,5861.1
DBS BANK,9640,31-Dec-19,27661.5
DBS BANK,9656,31-Dec-19,61165.9
DBS BANK,9703,31-Dec-19,86206.9
DBS BANK,9707,31-Dec-19,10241
DBS BANK,9731,31-Dec-19,29050.8
DBS BANK,9750,31-Dec-19,6845.4
DBS BANK,9828,31-Dec-19,46296.6
DBS BANK,9833,31-Dec-19,49517.7
DBS BANK,9869,31-Dec-19,44152.1
DBS BANK,9883,31-Dec-19,97579.5
DBS BANK,10036,31-Dec-19,24134.5
DBS BANK,10079,31-Dec-19,69120.3
DBS BANK,10093,31-Dec-19,40411.3
DBS BANK,10105,31-Dec-19,54118.8
DBS BANK,10131,31-Dec-19,10557.3
DBS BANK,10227,31-Dec-19,14213.1
DBS BANK,10266,31-Dec-19,74306.9
DBS BANK,10320,31-Dec-19,55593.5
DBS BANK,10364,31-Dec-19,29359.9
DBS BANK,10439,31-Dec-19,45019.9
DBS BANK,10440,31-Dec-19,17048.5
DBS BANK,10451,31-Dec-19,18452.3
DBS BANK,10656,31-Dec-19,52464.7
DBS BANK,10663,31-Dec-19,74490.7
DBS BANK,10670,31-Dec-19,28682.9
DBS BANK,10738,31-Dec-19,9752.7
DBS BANK,10788,31-Dec-19,16436.9
DBS BANK,10904,31-Dec-19,27429.7
DBS BANK,10906,31-Dec-19,15134.6
DBS BANK,10911,31-Dec-19,35376.7
DBS BANK,10940,31-Dec-19,60479.2
DBS BANK,10942,31-Dec-19,94178
DBS BANK,10973,31-Dec-19,42828
DBS BANK,11013,31-Dec-19,75740.7
DBS BANK,11021,31-Dec-19,54253
DBS BANK,11065,31-Dec-19,41565
DBS BANK,11111,31-Dec-19,19048.6
DBS BANK,11135,31-Dec-19,48340.3
DBS BANK,11186,31-Dec-19,40213.2
DBS BANK,11265,31-Dec-19,14931.9
DBS BANK,11295,31-Dec-19,38392.1
DBS BANK,11320,31-Dec-19,43573.4
DBS BANK,11333,31-Dec-19,51934.7
DBS BANK,11359,31-Dec-19,54691.8
nothern BANK,1,31-Dec-21,14810.3
nothern BANK,2,31-Dec-21,53890.2
nothern BANK,3,31-Dec-21,26764
nothern BANK,4,31-Dec-21,19891.3
nothern BANK,5,31-Dec-21,27575.6
nothern BANK,6,31-Dec-21,46003
nothern BANK,7,31-Dec-21,61411.7
nothern BANK,8,31-Dec-21,49403.2
nothern BANK,9,31-Dec-21,30664
nothern BANK,10,31-Dec-21,47576.6
nothern BANK,11,31-Dec-21,37869.1
nothern BANK,12,31-Dec-21,25727.8
nothern BANK,13,31-Dec-21,22947.6
nothern BANK,14,31-Dec-21,39611
nothern BANK,15,31-Dec-21,37027.2
nothern BANK,16,31-Dec-21,38006.1
nothern BANK,17,31-Dec-21,52587.4
nothern BANK,18,31-Dec-21,74513.9
nothern BANK,19,31-Dec-21,11197
nothern BANK,20,31-Dec-21,18195.7
nothern BANK,21,31-Dec-21,15271.6
nothern BANK,22,31-Dec-21,57714.7
nothern BANK,23,31-Dec-21,75333.7
nothern BANK,24,31-Dec-21,11551.3
nothern BANK,25,31-Dec-21,19422.2
nothern BANK,26,31-Dec-21,35190.9
nothern BANK,27,31-Dec-21,21964.5
nothern BANK,29,31-Dec-21,45903.7
nothern BANK,30,31-Dec-21,27045.1
nothern BANK,31,31-Dec-21,15814.2
nothern BANK,32,31-Dec-21,62635.3
nothern BANK,33,31-Dec-21,53381.8
nothern BANK,34,31-Dec-21,52139.5
nothern BANK,35,31-Dec-21,13307.2
nothern BANK,36,31-Dec-21,45403.8
nothern BANK,37,31-Dec-21,55499.3
nothern BANK,38,31-Dec-21,47561.1
nothern BANK,39,31-Dec-21,24360.1
nothern BANK,40,31-Dec-21,25496.8
nothern BANK,41,31-Dec-21,45673.6
nothern BANK,42,31-Dec-21,31229
nothern BANK,43,31-Dec-21,76906.1
nothern BANK,44,31-Dec-21,22304.9
nothern BANK,45,31-Dec-21,29023.7
nothern BANK,47,31-Dec-21,31978.2
nothern BANK,48,31-Dec-21,49219
nothern BANK,49,31-Dec-21,19528.6
nothern BANK,50,31-Dec-21,41947.7
nothern BANK,51,31-Dec-21,76899
nothern BANK,52,31-Dec-21,37365.1
nothern BANK,53,31-Dec-21,23966.9
nothern BANK,54,31-Dec-21,22534
nothern BANK,55,31-Dec-21,17290.9
nothern BANK,56,31-Dec-21,33688
nothern BANK,57,31-Dec-21,36735.3
nothern BANK,58,31-Dec-21,6498.1
nothern BANK,59,31-Dec-21,42190.4
nothern BANK,61,31-Dec-21,21954.6
nothern BANK,62,31-Dec-21,19771
nothern BANK,63,31-Dec-21,30471.3
nothern BANK,64,31-Dec-21,34596
nothern BANK,65,31-Dec-21,39575
nothern BANK,66,31-Dec-21,47551.1
nothern BANK,67,31-Dec-21,57978.1
nothern BANK,68,31-Dec-21,55450.1
nothern BANK,69,31-Dec-21,30081.9
nothern BANK,70,31-Dec-21,48768.5
nothern BANK,71,31-Dec-21,62839
nothern BANK,72,31-Dec-21,14614.1
nothern BANK,73,31-Dec-21,62982.1
nothern BANK,75,31-Dec-21,27583.6
nothern BANK,76,31-Dec-21,26764.5
nothern BANK,77,31-Dec-21,28565.1
nothern BANK,78,31-Dec-21,42040.9
nothern BANK,79,31-Dec-21,21943.2
nothern BANK,80,31-Dec-21,23751.9
nothern BANK,81,31-Dec-21,29516.3
nothern BANK,82,31-Dec-21,36370.5
nothern BANK,83,31-Dec-21,23635.9
nothern BANK,84,31-Dec-21,65690.8
nothern BANK,85,31-Dec-21,17512
nothern BANK,86,31-Dec-21,26714
nothern BANK,88,31-Dec-21,23785.5
nothern BANK,89,31-Dec-21,29113.8
nothern BANK,90,31-Dec-21,19983.3
nothern BANK,91,31-Dec-21,19700.3
nothern BANK,93,31-Dec-21,35808.2
nothern BANK,95,31-Dec-21,55579.6
nothern BANK,96,31-Dec-21,52132.4
nothern BANK,97,31-Dec-21,46383.4
nothern BANK,98,31-Dec-21,15644.4
nothern BANK,99,31-Dec-21,19052.2
nothern BANK,100,31-Dec-21,48203.8
nothern BANK,101,31-Dec-21,55309.4
nothern BANK,102,31-Dec-21,14994.5
nothern BANK,103,31-Dec-21,23663.8
nothern BANK,104,31-Dec-21,26174.7
nothern BANK,105,31-Dec-21,74693.6
nothern BANK,106,31-Dec-21,69957.3
nothern BANK,107,31-Dec-21,38813
nothern BANK,108,31-Dec-21,55137.8
nothern BANK,109,31-Dec-21,27301.4
nothern BANK,110,31-Dec-21,65874.3
nothern BANK,112,31-Dec-21,14522.6
nothern BANK,113,31-Dec-21,19682
nothern BANK,114,31-Dec-21,24702.2
nothern BANK,115,31-Dec-21,44396.6
nothern BANK,116,31-Dec-21,32683.1
nothern BANK,117,31-Dec-21,23069.8
nothern BANK,118,31-Dec-21,30044.8
nothern BANK,119,31-Dec-21,56273.4
nothern BANK,120,31-Dec-21,28197.2
nothern BANK,121,31-Dec-21,23382.8
nothern BANK,122,31-Dec-21,49015
nothern BANK,123,31-Dec-21,19195.9
nothern BANK,125,31-Dec-21,21058.9
nothern BANK,126,31-Dec-21,27316.1
nothern BANK,127,31-Dec-21,14277.8
nothern BANK,128,31-Dec-21,54917.6
nothern BANK,129,31-Dec-21,18284.7
nothern BANK,130,31-Dec-21,32780.4
nothern BANK,131,31-Dec-21,42410.7
nothern BANK,132,31-Dec-21,37068.2
nothern BANK,133,31-Dec-21,55355.6
nothern BANK,135,31-Dec-21,48784.7
nothern BANK,136,31-Dec-21,14777.6
nothern BANK,137,31-Dec-21,27768.4
nothern BANK,139,31-Dec-21,77691.9
nothern BANK,140,31-Dec-21,38505.3
nothern BANK,141,31-Dec-21,29420.7
nothern BANK,142,31-Dec-21,19754.1
nothern BANK,143,31-Dec-21,15183.1
nothern BANK,144,31-Dec-21,47528.5
nothern BANK,145,31-Dec-21,52420.1
nothern BANK,146,31-Dec-21,25089.1
nothern BANK,148,31-Dec-21,21238.6
nothern BANK,149,31-Dec-21,26094.1
nothern BANK,150,31-Dec-21,41017.6
nothern BANK,151,31-Dec-21,19185.6
nothern BANK,152,31-Dec-21,13329.7
nothern BANK,153,31-Dec-21,18776.1
nothern BANK,154,31-Dec-21,88218.6
nothern BANK,155,31-Dec-21,38017.1
nothern BANK,157,31-Dec-21,21139.8
nothern BANK,158,31-Dec-21,37084.5
nothern BANK,159,31-Dec-21,34146.6
nothern BANK,160,31-Dec-21,77546.6
nothern BANK,161,31-Dec-21,21355.1
nothern BANK,162,31-Dec-21,25464.2
nothern BANK,163,31-Dec-21,34317
nothern BANK,164,31-Dec-21,12217.1
nothern BANK,165,31-Dec-21,54058.8
nothern BANK,166,31-Dec-21,25654.6
nothern BANK,167,31-Dec-21,66960.3
nothern BANK,168,31-Dec-21,18209.8
nothern BANK,169,31-Dec-21,56904.2
nothern BANK,170,31-Dec-21,44445.4
nothern BANK,171,31-Dec-21,13466.2
nothern BANK,172,31-Dec-21,38362.1
nothern BANK,173,31-Dec-21,57816.9
nothern BANK,174,31-Dec-21,12111.2
nothern BANK,176,31-Dec-21,75498.7
nothern BANK,177,31-Dec-21,43942.3
nothern BANK,178,31-Dec-21,12983.7
nothern BANK,179,31-Dec-21,59663.1
nothern BANK,180,31-Dec-21,70581.8
nothern BANK,181,31-Dec-21,45261.8
nothern BANK,183,31-Dec-21,37658.7
nothern BANK,184,31-Dec-21,45937.7
nothern BANK,185,31-Dec-21,58219.2
nothern BANK,186,31-Dec-21,27597.1
nothern BANK,187,31-Dec-21,25970.2
nothern BANK,188,31-Dec-21,74252.2
nothern BANK,189,31-Dec-21,36908.2
nothern BANK,190,31-Dec-21,29598.2
nothern BANK,191,31-Dec-21,54031
nothern BANK,192,31-Dec-21,32458.4
nothern BANK,193,31-Dec-21,25146.6
nothern BANK,194,31-Dec-21,26379.3
nothern BANK,195,31-Dec-21,37570.2
nothern BANK,196,31-Dec-21,72260.1
nothern BANK,197,31-Dec-21,64752.8
nothern BANK,198,31-Dec-21,24474.7
nothern BANK,199,31-Dec-21,21025.8
nothern BANK,200,31-Dec-21,92791.1
nothern BANK,201,31-Dec-21,40762.7
nothern BANK,204,31-Dec-21,18485.5
nothern BANK,205,31-Dec-21,37804
nothern BANK,206,31-Dec-21,24621.2
nothern BANK,207,31-Dec-21,16094.7
nothern BANK,208,31-Dec-21,28096.4
nothern BANK,209,31-Dec-21,16772.5
nothern BANK,210,31-Dec-21,37251.8
nothern BANK,211,31-Dec-21,41080
nothern BANK,212,31-Dec-21,51197.1
nothern BANK,213,31-Dec-21,51294.3
nothern BANK,214,31-Dec-21,13644.4
nothern BANK,216,31-Dec-21,22787.1
nothern BANK,217,31-Dec-21,27268
nothern BANK,218,31-Dec-21,49848.4
nothern BANK,219,31-Dec-21,58340.4
nothern BANK,220,31-Dec-21,25595.8
nothern BANK,221,31-Dec-21,38599.4
nothern BANK,222,31-Dec-21,45006
nothern BANK,223,31-Dec-21,25208.5
nothern BANK,224,31-Dec-21,20143.9
nothern BANK,225,31-Dec-21,66267.9
nothern BANK,226,31-Dec-21,45505
nothern BANK,227,31-Dec-21,30277.5
nothern BANK,228,31-Dec-21,63397.1
nothern BANK,229,31-Dec-21,28954.6
nothern BANK,230,31-Dec-21,44279.3
nothern BANK,231,31-Dec-21,19731.3
nothern BANK,232,31-Dec-21,28725.6
nothern BANK,234,31-Dec-21,17922.4
nothern BANK,235,31-Dec-21,16316.7
nothern BANK,237,31-Dec-21,14310.3
nothern BANK,238,31-Dec-21,16791.3
nothern BANK,239,31-Dec-21,77696.9
nothern BANK,240,31-Dec-21,31661.6
nothern BANK,241,31-Dec-21,26195.5
nothern BANK,242,31-Dec-21,29388.6
nothern BANK,243,31-Dec-21,52698.6
nothern BANK,244,31-Dec-21,46573.2
nothern BANK,245,31-Dec-21,60755.6
nothern BANK,248,31-Dec-21,33968.7
nothern BANK,249,31-Dec-21,27975.5
nothern BANK,250,31-Dec-21,37269.7
nothern BANK,251,31-Dec-21,42127.2
nothern BANK,252,31-Dec-21,42293
nothern BANK,253,31-Dec-21,61645.6
nothern BANK,255,31-Dec-21,52557.3
nothern BANK,256,31-Dec-21,27148.8
nothern BANK,257,31-Dec-21,59246.1
nothern BANK,258,31-Dec-21,29060.8
nothern BANK,259,31-Dec-21,15340.1
nothern BANK,260,31-Dec-21,47476.9
nothern BANK,261,31-Dec-21,12726.5
nothern BANK,263,31-Dec-21,69134.2
nothern BANK,264,31-Dec-21,32887.4
nothern BANK,265,31-Dec-21,12694.7
nothern BANK,266,31-Dec-21,56946.2
nothern BANK,267,31-Dec-21,18139.4
nothern BANK,268,31-Dec-21,39143.8
nothern BANK,269,31-Dec-21,23755.7
nothern BANK,270,31-Dec-21,86658.9
nothern BANK,271,31-Dec-21,53452.9
nothern BANK,272,31-Dec-21,25573.4
nothern BANK,273,31-Dec-21,33677.9
nothern BANK,274,31-Dec-21,41743.2
nothern BANK,275,31-Dec-21,17735.7
nothern BANK,276,31-Dec-21,41038.5
nothern BANK,277,31-Dec-21,104002
nothern BANK,278,31-Dec-21,57016.7
nothern BANK,279,31-Dec-21,25773.5
nothern BANK,280,31-Dec-21,41550.9
nothern BANK,281,31-Dec-21,51417.3
nothern BANK,282,31-Dec-21,65260.4
nothern BANK,283,31-Dec-21,29755.3
nothern BANK,284,31-Dec-21,20159.4
nothern BANK,285,31-Dec-21,75874.2
nothern BANK,286,31-Dec-21,23922.9
nothern BANK,287,31-Dec-21,20201
nothern BANK,288,31-Dec-21,33705
nothern BANK,289,31-Dec-21,38072
nothern BANK,290,31-Dec-21,70239.1
nothern BANK,291,31-Dec-21,73154.9
nothern BANK,292,31-Dec-21,10029.7
nothern BANK,293,31-Dec-21,31630.1
nothern BANK,294,31-Dec-21,54527.6
nothern BANK,295,31-Dec-21,28780.8
nothern BANK,296,31-Dec-21,13833.3
nothern BANK,297,31-Dec-21,34775.1
nothern BANK,298,31-Dec-21,18746.8
nothern BANK,299,31-Dec-21,83320.9
nothern BANK,300,31-Dec-21,52498.3
nothern BANK,301,31-Dec-21,19640.7
nothern BANK,302,31-Dec-21,23811.5
nothern BANK,303,31-Dec-21,50035.5
nothern BANK,304,31-Dec-21,40950.8
nothern BANK,305,31-Dec-21,14841.2
nothern BANK,306,31-Dec-21,13601.1
nothern BANK,307,31-Dec-21,70734.2
nothern BANK,309,31-Dec-21,26886.8
nothern BANK,311,31-Dec-21,63268.9
nothern BANK,312,31-Dec-21,31968
nothern BANK,313,31-Dec-21,18834.2
nothern BANK,314,31-Dec-21,38053.2
nothern BANK,316,31-Dec-21,35968.3
nothern BANK,317,31-Dec-21,28425.2
nothern BANK,318,31-Dec-21,34362.8
nothern BANK,319,31-Dec-21,66216
nothern BANK,320,31-Dec-21,28292.1
nothern BANK,321,31-Dec-21,32846.6
nothern BANK,322,31-Dec-21,27673
nothern BANK,323,31-Dec-21,22438.3
nothern BANK,324,31-Dec-21,27935.5
nothern BANK,325,31-Dec-21,16532.9
nothern BANK,326,31-Dec-21,18008.7
nothern BANK,327,31-Dec-21,67245.3
nothern BANK,328,31-Dec-21,17654.5
nothern BANK,329,31-Dec-21,39700.8
nothern BANK,330,31-Dec-21,39344.4
nothern BANK,331,31-Dec-21,20762.8
nothern BANK,332,31-Dec-21,32121.9
nothern BANK,333,31-Dec-21,17855.2
nothern BANK,334,31-Dec-21,76540.2
nothern BANK,335,31-Dec-21,27694.5
nothern BANK,336,31-Dec-21,38593.8
nothern BANK,337,31-Dec-21,61261.6
nothern BANK,338,31-Dec-21,19076.5
nothern BANK,339,31-Dec-21,95593
nothern BANK,340,31-Dec-21,46399.2
nothern BANK,341,31-Dec-21,20076
nothern BANK,342,31-Dec-21,21570.8
nothern BANK,343,31-Dec-21,25158.9
nothern BANK,344,31-Dec-21,43539.4
nothern BANK,345,31-Dec-21,55178.9
nothern BANK,346,31-Dec-21,53507
nothern BANK,347,31-Dec-21,39829.1
nothern BANK,348,31-Dec-21,50575.2
nothern BANK,349,31-Dec-21,21024.8
nothern BANK,350,31-Dec-21,20901.3
nothern BANK,351,31-Dec-21,28251
nothern BANK,352,31-Dec-21,26143.5
nothern BANK,353,31-Dec-21,47922.3
nothern BANK,354,31-Dec-21,61228.6
nothern BANK,355,31-Dec-21,33948.8
nothern BANK,356,31-Dec-21,66284.5
nothern BANK,357,31-Dec-21,21844
nothern BANK,358,31-Dec-21,22639.1
nothern BANK,359,31-Dec-21,17936.7
nothern BANK,360,31-Dec-21,69675.2
nothern BANK,361,31-Dec-21,66824
nothern BANK,362,31-Dec-21,46300.9
nothern BANK,363,31-Dec-21,63026.9
nothern BANK,364,31-Dec-21,22181.5
nothern BANK,365,31-Dec-21,18780.6
nothern BANK,366,31-Dec-21,50953.5
nothern BANK,367,31-Dec-21,58076.8
nothern BANK,368,31-Dec-21,30438.9
nothern BANK,370,31-Dec-21,16294.3
nothern BANK,371,31-Dec-21,39326.1
nothern BANK,372,31-Dec-21,24400
nothern BANK,373,31-Dec-21,38161.7
nothern BANK,374,31-Dec-21,14852
nothern BANK,375,31-Dec-21,24747.8
nothern BANK,376,31-Dec-21,41093.1
nothern BANK,377,31-Dec-21,18288
nothern BANK,378,31-Dec-21,95527.7
nothern BANK,379,31-Dec-21,14364.3
nothern BANK,381,31-Dec-21,38476.7
nothern BANK,382,31-Dec-21,24808.4
nothern BANK,383,31-Dec-21,13781.5
nothern BANK,384,31-Dec-21,46103.7
nothern BANK,385,31-Dec-21,27178.7
nothern BANK,386,31-Dec-21,73472.2
nothern BANK,388,31-Dec-21,49116.4
nothern BANK,389,31-Dec-21,15664.8
nothern BANK,390,31-Dec-21,47175.4
nothern BANK,391,31-Dec-21,21844.4
nothern BANK,392,31-Dec-21,50643.5
nothern BANK,393,31-Dec-21,39994.5
nothern BANK,395,31-Dec-21,32900.7
nothern BANK,396,31-Dec-21,37275.5
nothern BANK,397,31-Dec-21,95616.7
nothern BANK,399,31-Dec-21,43638.7
nothern BANK,400,31-Dec-21,47116.2
nothern BANK,401,31-Dec-21,47178.1
nothern BANK,402,31-Dec-21,47642.5
nothern BANK,403,31-Dec-21,68368.4
nothern BANK,404,31-Dec-21,60224.5
nothern BANK,405,31-Dec-21,35116.8
nothern BANK,406,31-Dec-21,20500
nothern BANK,407,31-Dec-21,46385.5
nothern BANK,408,31-Dec-21,48332.8
nothern BANK,409,31-Dec-21,34044.9
nothern BANK,410,31-Dec-21,29242.3
nothern BANK,411,31-Dec-21,82502.3
nothern BANK,412,31-Dec-21,30513
nothern BANK,413,31-Dec-21,18005.7
nothern BANK,414,31-Dec-21,25183
nothern BANK,415,31-Dec-21,30498.4
nothern BANK,416,31-Dec-21,16848.4
nothern BANK,417,31-Dec-21,75600.2
nothern BANK,418,31-Dec-21,52775.5
nothern BANK,419,31-Dec-21,34146.7
nothern BANK,420,31-Dec-21,54667.5
nothern BANK,421,31-Dec-21,16547.1
nothern BANK,422,31-Dec-21,41945.8
nothern BANK,423,31-Dec-21,21363.5
nothern BANK,424,31-Dec-21,40662.3
nothern BANK,425,31-Dec-21,40446.2
nothern BANK,426,31-Dec-21,2891.1
nothern BANK,427,31-Dec-21,56996.7
nothern BANK,428,31-Dec-21,55444.1
nothern BANK,429,31-Dec-21,46715.1
nothern BANK,430,31-Dec-21,46131.4
nothern BANK,431,31-Dec-21,41606.4
nothern BANK,432,31-Dec-21,27794.7
nothern BANK,433,31-Dec-21,21081
nothern BANK,434,31-Dec-21,14451
nothern BANK,435,31-Dec-21,32139.4
nothern BANK,436,31-Dec-21,24794.4
nothern BANK,437,31-Dec-21,101751.5
nothern BANK,438,31-Dec-21,27226.5
nothern BANK,439,31-Dec-21,20736.4
nothern BANK,440,31-Dec-21,26471.2
nothern BANK,441,31-Dec-21,63028
nothern BANK,442,31-Dec-21,16780.9
nothern BANK,443,31-Dec-21,26741.5
nothern BANK,444,31-Dec-21,47920.3
nothern BANK,445,31-Dec-21,45338.3
nothern BANK,446,31-Dec-21,29451
nothern BANK,447,31-Dec-21,67612.5
nothern BANK,449,31-Dec-21,16634.4
nothern BANK,450,31-Dec-21,11622
nothern BANK,451,31-Dec-21,21194.3
nothern BANK,452,31-Dec-21,68122.2
nothern BANK,453,31-Dec-21,50215.1
nothern BANK,454,31-Dec-21,29139.5
nothern BANK,455,31-Dec-21,28138.9
nothern BANK,456,31-Dec-21,62556.9
nothern BANK,458,31-Dec-21,56657.7
nothern BANK,460,31-Dec-21,27470.7
nothern BANK,461,31-Dec-21,45714.8
nothern BANK,462,31-Dec-21,59152.1
nothern BANK,463,31-Dec-21,82865.1
nothern BANK,464,31-Dec-21,20707.8
nothern BANK,465,31-Dec-21,13668.1
nothern BANK,467,31-Dec-21,27622.1
nothern BANK,468,31-Dec-21,85310.6
nothern BANK,469,31-Dec-21,27086.7
nothern BANK,470,31-Dec-21,34573.5
nothern BANK,471,31-Dec-21,46503.2
nothern BANK,472,31-Dec-21,80351.2
nothern BANK,473,31-Dec-21,31460
nothern BANK,474,31-Dec-21,26861.3
nothern BANK,475,31-Dec-21,19130.1
nothern BANK,477,31-Dec-21,26665.8
nothern BANK,478,31-Dec-21,50378
nothern BANK,479,31-Dec-21,13411.1
nothern BANK,480,31-Dec-21,41203
nothern BANK,481,31-Dec-21,45848.5
nothern BANK,483,31-Dec-21,13146.8
nothern BANK,484,31-Dec-21,27828.6
nothern BANK,485,31-Dec-21,81816.3
nothern BANK,486,31-Dec-21,49883.2
nothern BANK,487,31-Dec-21,3711.1
nothern BANK,489,31-Dec-21,17122.6
nothern BANK,490,31-Dec-21,13408.9
nothern BANK,491,31-Dec-21,63318.3
nothern BANK,492,31-Dec-21,13498.6
nothern BANK,493,31-Dec-21,43405.4
nothern BANK,494,31-Dec-21,35146.1
nothern BANK,496,31-Dec-21,34690.9
nothern BANK,497,31-Dec-21,46474.8
nothern BANK,498,31-Dec-21,75650.2
nothern BANK,500,31-Dec-21,16706
nothern BANK,501,31-Dec-21,65872.8
nothern BANK,502,31-Dec-21,19304.3
nothern BANK,503,31-Dec-21,57184.4
nothern BANK,504,31-Dec-21,31005.1
nothern BANK,505,31-Dec-21,13097.3
nothern BANK,506,31-Dec-21,53377
nothern BANK,507,31-Dec-21,16297.7
nothern BANK,508,31-Dec-21,35187.2
nothern BANK,509,31-Dec-21,58160.8
nothern BANK,510,31-Dec-21,14528.9
nothern BANK,511,31-Dec-21,64836.2
nothern BANK,512,31-Dec-21,44138.8
nothern BANK,513,31-Dec-21,38703.3
nothern BANK,514,31-Dec-21,17906.6
nothern BANK,515,31-Dec-21,19679.4
nothern BANK,516,31-Dec-21,33767.9
nothern BANK,517,31-Dec-21,60208.4
nothern BANK,518,31-Dec-21,17883.1
nothern BANK,519,31-Dec-21,31699.8
nothern BANK,520,31-Dec-21,28576.9
nothern BANK,521,31-Dec-21,71087.1
nothern BANK,522,31-Dec-21,15855.2
nothern BANK,523,31-Dec-21,70771.9
nothern BANK,524,31-Dec-21,39187.1
nothern BANK,525,31-Dec-21,86338.4
nothern BANK,526,31-Dec-21,50986.1
nothern BANK,528,31-Dec-21,18589.3
nothern BANK,529,31-Dec-21,29086.4
nothern BANK,530,31-Dec-21,22372
nothern BANK,531,31-Dec-21,26595.6
nothern BANK,532,31-Dec-21,99347.5
nothern BANK,533,31-Dec-21,31316.2
nothern BANK,534,31-Dec-21,43177.6
nothern BANK,535,31-Dec-21,52633.5
nothern BANK,536,31-Dec-21,24838.5
nothern BANK,537,31-Dec-21,40143.1
nothern BANK,538,31-Dec-21,24383
nothern BANK,539,31-Dec-21,55697.1
nothern BANK,540,31-Dec-21,22143.3
nothern BANK,541,31-Dec-21,21468.3
nothern BANK,542,31-Dec-21,17267.5
nothern BANK,543,31-Dec-21,13897.7
nothern BANK,544,31-Dec-21,36852.2
nothern BANK,545,31-Dec-21,59037.8
nothern BANK,546,31-Dec-21,21140.6
nothern BANK,547,31-Dec-21,14400.7
nothern BANK,548,31-Dec-21,23304.4
nothern BANK,549,31-Dec-21,35754.2
nothern BANK,551,31-Dec-21,29038.5
nothern BANK,552,31-Dec-21,18434
nothern BANK,553,31-Dec-21,34549.8
nothern BANK,554,31-Dec-21,35618.9
nothern BANK,555,31-Dec-21,21018.6
nothern BANK,556,31-Dec-21,34101.6
nothern BANK,557,31-Dec-21,23135.4
nothern BANK,558,31-Dec-21,37094.8
nothern BANK,559,31-Dec-21,21850.1
nothern BANK,560,31-Dec-21,26316.5
nothern BANK,561,31-Dec-21,29994.5
nothern BANK,562,31-Dec-21,39486.5
nothern BANK,563,31-Dec-21,30141.3
nothern BANK,565,31-Dec-21,33622
nothern BANK,566,31-Dec-21,47703.3
nothern BANK,567,31-Dec-21,27852.2
nothern BANK,568,31-Dec-21,38835.7
nothern BANK,569,31-Dec-21,35275.6
nothern BANK,570,31-Dec-21,30756.7
nothern BANK,571,31-Dec-21,22018.3
nothern BANK,572,31-Dec-21,69148.8
nothern BANK,573,31-Dec-21,34274.7
nothern BANK,574,31-Dec-21,41370.2
nothern BANK,575,31-Dec-21,17069.9
nothern BANK,576,31-Dec-21,39637.7
nothern BANK,577,31-Dec-21,53961.8
nothern BANK,578,31-Dec-21,39419.4
nothern BANK,580,31-Dec-21,26806.7
nothern BANK,581,31-Dec-21,30381.5
nothern BANK,582,31-Dec-21,21188.1
nothern BANK,584,31-Dec-21,12331.7
nothern BANK,586,31-Dec-21,50642.5
nothern BANK,588,31-Dec-21,18758
nothern BANK,589,31-Dec-21,47986.9
nothern BANK,590,31-Dec-21,42647.1
nothern BANK,592,31-Dec-21,14933.5
nothern BANK,593,31-Dec-21,43491.8
nothern BANK,594,31-Dec-21,24414.5
nothern BANK,595,31-Dec-21,28925.9
nothern BANK,596,31-Dec-21,65158.2
nothern BANK,597,31-Dec-21,24600.5
nothern BANK,598,31-Dec-21,24285.4
nothern BANK,599,31-Dec-21,18885.1
nothern BANK,600,31-Dec-21,56217.2
nothern BANK,601,31-Dec-21,17040.1
nothern BANK,602,31-Dec-21,12537.5
nothern BANK,603,31-Dec-21,59404.9
nothern BANK,604,31-Dec-21,59170.3
nothern BANK,605,31-Dec-21,21025.5
nothern BANK,606,31-Dec-21,59866.3
nothern BANK,607,31-Dec-21,14136.7
nothern BANK,608,31-Dec-21,21187.7
nothern BANK,609,31-Dec-21,27639.4
nothern BANK,610,31-Dec-21,73054.4
nothern BANK,611,31-Dec-21,17500.8
nothern BANK,612,31-Dec-21,15143.5
nothern BANK,613,31-Dec-21,42551.5
nothern BANK,614,31-Dec-21,26433.5
nothern BANK,615,31-Dec-21,22867.7
nothern BANK,616,31-Dec-21,19141.1
nothern BANK,617,31-Dec-21,46820.5
nothern BANK,618,31-Dec-21,46972.8
nothern BANK,619,31-Dec-21,38768.3
nothern BANK,621,31-Dec-21,27200.6
nothern BANK,622,31-Dec-21,33425
nothern BANK,623,31-Dec-21,18568.4
nothern BANK,624,31-Dec-21,68117.4
nothern BANK,625,31-Dec-21,29414.3
nothern BANK,626,31-Dec-21,28110
nothern BANK,627,31-Dec-21,70076.5
nothern BANK,628,31-Dec-21,43831.4
nothern BANK,629,31-Dec-21,22792.2
nothern BANK,630,31-Dec-21,17911.7
nothern BANK,631,31-Dec-21,32941.8
nothern BANK,632,31-Dec-21,20878
nothern BANK,633,31-Dec-21,15762.6
nothern BANK,635,31-Dec-21,42595.3
nothern BANK,636,31-Dec-21,16769.5
nothern BANK,637,31-Dec-21,17624.3
nothern BANK,638,31-Dec-21,16838.4
nothern BANK,639,31-Dec-21,9281.2
nothern BANK,640,31-Dec-21,31993.9
nothern BANK,641,31-Dec-21,48552.3
nothern BANK,643,31-Dec-21,28032.9
nothern BANK,644,31-Dec-21,6239.5
nothern BANK,645,31-Dec-21,49380
nothern BANK,646,31-Dec-21,29011.7
nothern BANK,647,31-Dec-21,39081.8
nothern BANK,648,31-Dec-21,83452.9
nothern BANK,649,31-Dec-21,68947.5
nothern BANK,650,31-Dec-21,30919.6
nothern BANK,651,31-Dec-21,84846.1
nothern BANK,652,31-Dec-21,53234.2
nothern BANK,653,31-Dec-21,38171.8
nothern BANK,654,31-Dec-21,35279.2
nothern BANK,655,31-Dec-21,71829.4
nothern BANK,656,31-Dec-21,59190.1
nothern BANK,657,31-Dec-21,45345.9
nothern BANK,658,31-Dec-21,28747.9
nothern BANK,659,31-Dec-21,38703.5
nothern BANK,660,31-Dec-21,52547.2
nothern BANK,662,31-Dec-21,24579.3
nothern BANK,664,31-Dec-21,29986.8
nothern BANK,665,31-Dec-21,66153
nothern BANK,666,31-Dec-21,62678.4
nothern BANK,669,31-Dec-21,16357.8
nothern BANK,671,31-Dec-21,10505.6
nothern BANK,673,31-Dec-21,23406
nothern BANK,674,31-Dec-21,28443.2
nothern BANK,675,31-Dec-21,48651.9
nothern BANK,676,31-Dec-21,24751.5
nothern BANK,677,31-Dec-21,44235.2
nothern BANK,678,31-Dec-21,14890.3
nothern BANK,679,31-Dec-21,42569
nothern BANK,680,31-Dec-21,46477.8
nothern BANK,682,31-Dec-21,15230.2
nothern BANK,683,31-Dec-21,32400.2
nothern BANK,684,31-Dec-21,13005.8
nothern BANK,685,31-Dec-21,44500.2
nothern BANK,686,31-Dec-21,15350.6
nothern BANK,687,31-Dec-21,14398.1
nothern BANK,688,31-Dec-21,18539.1
nothern BANK,689,31-Dec-21,22433.3
nothern BANK,690,31-Dec-21,44606.4
nothern BANK,691,31-Dec-21,21427.3
nothern BANK,692,31-Dec-21,18553.3
nothern BANK,693,31-Dec-21,22554.9
nothern BANK,694,31-Dec-21,30982.5
nothern BANK,695,31-Dec-21,19289
nothern BANK,697,31-Dec-21,57310.9
nothern BANK,698,31-Dec-21,39851.4
nothern BANK,699,31-Dec-21,37672.4
nothern BANK,700,31-Dec-21,28114.7
nothern BANK,701,31-Dec-21,35452.1
nothern BANK,702,31-Dec-21,15008.9
nothern BANK,704,31-Dec-21,49053.5
nothern BANK,705,31-Dec-21,34303.9
nothern BANK,706,31-Dec-21,31794.5
nothern BANK,709,31-Dec-21,95619.1
nothern BANK,710,31-Dec-21,12984.5
nothern BANK,711,31-Dec-21,45160.7
nothern BANK,712,31-Dec-21,66444.8
nothern BANK,713,31-Dec-21,10649.4
nothern BANK,714,31-Dec-21,13168.8
nothern BANK,715,31-Dec-21,37061.2
nothern BANK,716,31-Dec-21,62513.4
nothern BANK,717,31-Dec-21,46085
nothern BANK,718,31-Dec-21,24875.4
nothern BANK,719,31-Dec-21,41378.2
nothern BANK,720,31-Dec-21,23649.8
nothern BANK,721,31-Dec-21,21062.5
nothern BANK,722,31-Dec-21,43048.6
nothern BANK,725,31-Dec-21,31930.2
nothern BANK,726,31-Dec-21,22902.1
nothern BANK,728,31-Dec-21,19808.6
nothern BANK,729,31-Dec-21,20010.4
nothern BANK,730,31-Dec-21,111121.9
nothern BANK,731,31-Dec-21,13367.3
nothern BANK,732,31-Dec-21,27323.9
nothern BANK,733,31-Dec-21,41168.5
nothern BANK,734,31-Dec-21,16781.9
nothern BANK,736,31-Dec-21,4542
nothern BANK,737,31-Dec-21,20738.8
nothern BANK,738,31-Dec-21,75134
nothern BANK,739,31-Dec-21,66689.7
nothern BANK,740,31-Dec-21,21517.9
nothern BANK,741,31-Dec-21,62290.6
nothern BANK,742,31-Dec-21,22057.1
nothern BANK,743,31-Dec-21,26512
nothern BANK,744,31-Dec-21,36147.3
nothern BANK,745,31-Dec-21,15376.8
nothern BANK,746,31-Dec-21,22353.3
nothern BANK,747,31-Dec-21,23122
nothern BANK,748,31-Dec-21,76828.8
nothern BANK,749,31-Dec-21,27871.5
nothern BANK,750,31-Dec-21,51326.1
nothern BANK,751,31-Dec-21,26514.2
nothern BANK,752,31-Dec-21,9483.3
nothern BANK,753,31-Dec-21,22541.8
nothern BANK,754,31-Dec-21,21051.4
nothern BANK,755,31-Dec-21,50887.2
nothern BANK,756,31-Dec-21,69079.2
nothern BANK,757,31-Dec-21,63561.2
nothern BANK,759,31-Dec-21,79994
nothern BANK,760,31-Dec-21,25204.4
nothern BANK,761,31-Dec-21,59766.2
nothern BANK,762,31-Dec-21,20273.5
nothern BANK,763,31-Dec-21,45209.5
nothern BANK,764,31-Dec-21,20549.9
nothern BANK,765,31-Dec-21,43352.3
nothern BANK,766,31-Dec-21,49803.8
nothern BANK,767,31-Dec-21,37959.2
nothern BANK,768,31-Dec-21,21122.7
nothern BANK,770,31-Dec-21,34736.4
nothern BANK,771,31-Dec-21,33482.8
nothern BANK,772,31-Dec-21,72031.9
nothern BANK,773,31-Dec-21,44709.7
nothern BANK,774,31-Dec-21,31859.4
nothern BANK,775,31-Dec-21,71770.9
nothern BANK,776,31-Dec-21,81700
nothern BANK,779,31-Dec-21,31500.7
nothern BANK,780,31-Dec-21,36092.7
nothern BANK,781,31-Dec-21,17657.9
nothern BANK,782,31-Dec-21,46109.3
nothern BANK,784,31-Dec-21,30239.2
nothern BANK,785,31-Dec-21,63985.4
nothern BANK,786,31-Dec-21,63591.6
nothern BANK,787,31-Dec-21,26887.9
nothern BANK,788,31-Dec-21,22702.7
nothern BANK,789,31-Dec-21,18503.9
nothern BANK,790,31-Dec-21,19694.9
nothern BANK,791,31-Dec-21,17688.9
nothern BANK,792,31-Dec-21,32846.3
nothern BANK,793,31-Dec-21,14935.4
nothern BANK,794,31-Dec-21,13789.6
nothern BANK,795,31-Dec-21,55868.9
nothern BANK,796,31-Dec-21,31505.5
nothern BANK,797,31-Dec-21,39225.5
nothern BANK,798,31-Dec-21,40038.8
nothern BANK,800,31-Dec-21,4869.3
nothern BANK,801,31-Dec-21,22422.3
nothern BANK,802,31-Dec-21,47401.9
nothern BANK,803,31-Dec-21,75649.5
nothern BANK,804,31-Dec-21,41697.9
nothern BANK,805,31-Dec-21,34197.1
nothern BANK,806,31-Dec-21,21020.9
nothern BANK,807,31-Dec-21,35284.5
nothern BANK,808,31-Dec-21,21739.5
nothern BANK,809,31-Dec-21,16994.2
nothern BANK,810,31-Dec-21,17424.2
nothern BANK,811,31-Dec-21,57916.2
nothern BANK,812,31-Dec-21,34996.5
nothern BANK,813,31-Dec-21,40812.9
nothern BANK,814,31-Dec-21,20533.8
nothern BANK,815,31-Dec-21,21167.3
nothern BANK,816,31-Dec-21,77799
nothern BANK,817,31-Dec-21,28409.8
nothern BANK,819,31-Dec-21,59877.1
nothern BANK,820,31-Dec-21,52846
nothern BANK,821,31-Dec-21,20716.3
nothern BANK,822,31-Dec-21,12295.3
nothern BANK,824,31-Dec-21,30857.9
nothern BANK,825,31-Dec-21,39920.2
nothern BANK,826,31-Dec-21,21789.8
nothern BANK,827,31-Dec-21,23287.2
nothern BANK,828,31-Dec-21,47257.2
nothern BANK,829,31-Dec-21,20813
nothern BANK,830,31-Dec-21,56511.8
nothern BANK,831,31-Dec-21,11872.7
nothern BANK,832,31-Dec-21,17508.8
nothern BANK,833,31-Dec-21,14132.5
nothern BANK,834,31-Dec-21,14573.1
nothern BANK,836,31-Dec-21,18798.5
nothern BANK,837,31-Dec-21,43623.8
nothern BANK,838,31-Dec-21,16401.5
nothern BANK,839,31-Dec-21,75096.2
nothern BANK,840,31-Dec-21,58267.2
nothern BANK,841,31-Dec-21,36112.3
nothern BANK,842,31-Dec-21,14253.4
nothern BANK,843,31-Dec-21,28733.4
nothern BANK,844,31-Dec-21,39667
nothern BANK,846,31-Dec-21,86568.9
nothern BANK,847,31-Dec-21,24628.2
nothern BANK,848,31-Dec-21,42674.1
nothern BANK,849,31-Dec-21,29492.1
nothern BANK,850,31-Dec-21,53355.3
nothern BANK,851,31-Dec-21,48204.3
nothern BANK,853,31-Dec-21,44782
nothern BANK,854,31-Dec-21,19938.9
nothern BANK,855,31-Dec-21,69255.5
nothern BANK,856,31-Dec-21,48650.6
nothern BANK,857,31-Dec-21,25173.1
nothern BANK,858,31-Dec-21,37237.5
nothern BANK,859,31-Dec-21,37606.7
nothern BANK,860,31-Dec-21,27673.4
nothern BANK,861,31-Dec-21,22385.7
nothern BANK,862,31-Dec-21,67373.5
nothern BANK,863,31-Dec-21,94646
nothern BANK,864,31-Dec-21,31224.2
nothern BANK,865,31-Dec-21,22001.7
nothern BANK,866,31-Dec-21,38569.5
nothern BANK,867,31-Dec-21,51441
nothern BANK,868,31-Dec-21,15404.4
nothern BANK,870,31-Dec-21,22340.4
nothern BANK,871,31-Dec-21,49790.4
nothern BANK,872,31-Dec-21,35819.5
nothern BANK,873,31-Dec-21,18254.4
nothern BANK,874,31-Dec-21,34764.8
nothern BANK,875,31-Dec-21,29667.3
nothern BANK,876,31-Dec-21,13086.3
nothern BANK,877,31-Dec-21,36136.4
nothern BANK,878,31-Dec-21,31133
nothern BANK,879,31-Dec-21,15469.4
nothern BANK,880,31-Dec-21,48864
nothern BANK,882,31-Dec-21,29660.1
nothern BANK,883,31-Dec-21,33129.6
nothern BANK,884,31-Dec-21,27604.1
nothern BANK,885,31-Dec-21,97390.7
nothern BANK,886,31-Dec-21,78969.5
nothern BANK,887,31-Dec-21,19148.1
nothern BANK,888,31-Dec-21,24347.9
nothern BANK,890,31-Dec-21,19171.9
nothern BANK,891,31-Dec-21,19099.9
nothern BANK,892,31-Dec-21,34584.5
nothern BANK,893,31-Dec-21,71508
nothern BANK,894,31-Dec-21,11693
nothern BANK,895,31-Dec-21,20775.7
nothern BANK,896,31-Dec-21,11625.9
nothern BANK,897,31-Dec-21,50611.3
nothern BANK,898,31-Dec-21,35625
nothern BANK,899,31-Dec-21,15981.3
nothern BANK,900,31-Dec-21,17440.8
nothern BANK,901,31-Dec-21,28556.7
nothern BANK,902,31-Dec-21,21549
nothern BANK,903,31-Dec-21,21178.8
nothern BANK,904,31-Dec-21,63671.5
nothern BANK,905,31-Dec-21,22387.7
nothern BANK,907,31-Dec-21,18305.4
nothern BANK,908,31-Dec-21,76562.1
nothern BANK,909,31-Dec-21,12656.8
nothern BANK,910,31-Dec-21,31727.3
nothern BANK,911,31-Dec-21,54714.1
nothern BANK,912,31-Dec-21,19854.1
nothern BANK,913,31-Dec-21,45654
nothern BANK,914,31-Dec-21,23612
nothern BANK,915,31-Dec-21,85292.2
nothern BANK,916,31-Dec-21,30946.1
nothern BANK,917,31-Dec-21,48554.8
nothern BANK,918,31-Dec-21,20066
nothern BANK,919,31-Dec-21,32319.9
nothern BANK,920,31-Dec-21,14126.5
nothern BANK,921,31-Dec-21,37722.1
nothern BANK,922,31-Dec-21,51466.8
nothern BANK,923,31-Dec-21,23781
nothern BANK,924,31-Dec-21,16925.9
nothern BANK,925,31-Dec-21,40839.3
nothern BANK,926,31-Dec-21,20609.6
nothern BANK,927,31-Dec-21,27718.1
nothern BANK,928,31-Dec-21,61278.5
nothern BANK,929,31-Dec-21,20539.7
nothern BANK,930,31-Dec-21,66797.5
nothern BANK,931,31-Dec-21,25064.6
nothern BANK,932,31-Dec-21,27864.2
nothern BANK,933,31-Dec-21,28519.5
nothern BANK,935,31-Dec-21,17799.8
nothern BANK,936,31-Dec-21,17267.4
nothern BANK,937,31-Dec-21,27302.7
nothern BANK,939,31-Dec-21,19055.1
nothern BANK,940,31-Dec-21,61025.2
nothern BANK,941,31-Dec-21,18920.1
nothern BANK,942,31-Dec-21,58226.1
nothern BANK,943,31-Dec-21,25113.8
nothern BANK,944,31-Dec-21,41323.9
nothern BANK,945,31-Dec-21,36824.6
nothern BANK,946,31-Dec-21,33720.2
nothern BANK,947,31-Dec-21,58244.3
nothern BANK,949,31-Dec-21,58050.1
nothern BANK,950,31-Dec-21,52503.2
nothern BANK,951,31-Dec-21,25832.9
nothern BANK,952,31-Dec-21,19584.3
nothern BANK,953,31-Dec-21,37305.1
nothern BANK,954,31-Dec-21,39327.1
nothern BANK,955,31-Dec-21,27333.5
nothern BANK,956,31-Dec-21,53261.3
nothern BANK,957,31-Dec-21,19594.3
nothern BANK,958,31-Dec-21,33070.8
nothern BANK,959,31-Dec-21,12551.1
nothern BANK,960,31-Dec-21,63039.8
nothern BANK,961,31-Dec-21,31672.1
nothern BANK,962,31-Dec-21,31557.4
nothern BANK,963,31-Dec-21,63537.7
nothern BANK,964,31-Dec-21,47151.2
nothern BANK,965,31-Dec-21,13661.6
nothern BANK,967,31-Dec-21,27977.8
nothern BANK,968,31-Dec-21,38693.4
nothern BANK,969,31-Dec-21,64562.7
nothern BANK,970,31-Dec-21,54883.6
nothern BANK,971,31-Dec-21,44325.5
nothern BANK,972,31-Dec-21,12811
nothern BANK,973,31-Dec-21,29924.2
nothern BANK,974,31-Dec-21,61023.2
nothern BANK,975,31-Dec-21,13901
nothern BANK,976,31-Dec-21,56661
nothern BANK,977,31-Dec-21,91101.6
nothern BANK,978,31-Dec-21,59059.8
nothern BANK,979,31-Dec-21,34534.7
nothern BANK,980,31-Dec-21,48151.7
nothern BANK,981,31-Dec-21,85931.2
nothern BANK,982,31-Dec-21,32046.3
nothern BANK,984,31-Dec-21,29579
nothern BANK,985,31-Dec-21,24125
nothern BANK,986,31-Dec-21,24979.8
nothern BANK,987,31-Dec-21,44017.2
nothern BANK,988,31-Dec-21,42567.2
nothern BANK,989,31-Dec-21,23048.7
nothern BANK,990,31-Dec-21,66123.7
nothern BANK,991,31-Dec-21,53174.2
nothern BANK,992,31-Dec-21,18186.4
nothern BANK,993,31-Dec-21,30125.5
nothern BANK,994,31-Dec-21,50990.4
nothern BANK,995,31-Dec-21,22987.9
nothern BANK,996,31-Dec-21,23967.4
nothern BANK,997,31-Dec-21,29142.9
nothern BANK,998,31-Dec-21,27178
nothern BANK,1000,31-Dec-21,49214.2
nothern BANK,1002,31-Dec-21,13804.3
nothern BANK,1003,31-Dec-21,62387.4
nothern BANK,1004,31-Dec-21,55434.4
nothern BANK,1005,31-Dec-21,86062.6
nothern BANK,1006,31-Dec-21,37303.4
nothern BANK,1007,31-Dec-21,38363.3
nothern BANK,1008,31-Dec-21,28462.4
nothern BANK,1009,31-Dec-21,66975.6
nothern BANK,1010,31-Dec-21,1270.4
nothern BANK,1011,31-Dec-21,71923.7
nothern BANK,1012,31-Dec-21,21459.9
nothern BANK,1013,31-Dec-21,15158.4
nothern BANK,1014,31-Dec-21,17440.7
nothern BANK,1015,31-Dec-21,25025.6
nothern BANK,1016,31-Dec-21,110580
nothern BANK,1017,31-Dec-21,46742.6
nothern BANK,1018,31-Dec-21,13155.9
nothern BANK,1019,31-Dec-21,41166.9
nothern BANK,1020,31-Dec-21,12510.6
nothern BANK,1021,31-Dec-21,16373.5
nothern BANK,1022,31-Dec-21,53825.4
nothern BANK,1023,31-Dec-21,30384.7
nothern BANK,1024,31-Dec-21,18624.3
nothern BANK,1026,31-Dec-21,68288.7
nothern BANK,1027,31-Dec-21,20457.1
nothern BANK,1029,31-Dec-21,49015.3
nothern BANK,1030,31-Dec-21,33825.6
nothern BANK,1031,31-Dec-21,61733.9
nothern BANK,1032,31-Dec-21,62756.2
nothern BANK,1034,31-Dec-21,39835.8
nothern BANK,1035,31-Dec-21,30001.6
nothern BANK,1036,31-Dec-21,61593.5
nothern BANK,1037,31-Dec-21,50786.3
nothern BANK,1038,31-Dec-21,20941.7
nothern BANK,1039,31-Dec-21,59510.6
nothern BANK,1040,31-Dec-21,36974.6
nothern BANK,1042,31-Dec-21,44852.7
nothern BANK,1043,31-Dec-21,81941.3
nothern BANK,1044,31-Dec-21,27720.4
nothern BANK,1045,31-Dec-21,19748.2
nothern BANK,1046,31-Dec-21,23475.5
nothern BANK,1047,31-Dec-21,21377.7
nothern BANK,1048,31-Dec-21,20366.6
nothern BANK,1049,31-Dec-21,4262.7
nothern BANK,1050,31-Dec-21,55122.9
nothern BANK,1051,31-Dec-21,25148.5
nothern BANK,1052,31-Dec-21,19112.7
nothern BANK,1053,31-Dec-21,37637.9
nothern BANK,1054,31-Dec-21,29759.8
nothern BANK,1055,31-Dec-21,19103
nothern BANK,1056,31-Dec-21,13836.5
nothern BANK,1057,31-Dec-21,22933.4
nothern BANK,1058,31-Dec-21,86188.1
nothern BANK,1059,31-Dec-21,19534.3
nothern BANK,1060,31-Dec-21,38513.7
nothern BANK,1061,31-Dec-21,24627.2
nothern BANK,1062,31-Dec-21,57279.5
nothern BANK,1063,31-Dec-21,70391.4
nothern BANK,1065,31-Dec-21,21977.3
nothern BANK,1066,31-Dec-21,60397.1
nothern BANK,1067,31-Dec-21,67316.1
nothern BANK,1068,31-Dec-21,70192.9
nothern BANK,1069,31-Dec-21,26510.3
nothern BANK,1070,31-Dec-21,32016.2
nothern BANK,1071,31-Dec-21,37590.9
nothern BANK,1073,31-Dec-21,75522.2
nothern BANK,1074,31-Dec-21,88989.5
nothern BANK,1075,31-Dec-21,48305.7
nothern BANK,1076,31-Dec-21,60272.5
nothern BANK,1077,31-Dec-21,67212.7
nothern BANK,1078,31-Dec-21,28202.9
nothern BANK,1079,31-Dec-21,46262.5
nothern BANK,1080,31-Dec-21,72299.8
nothern BANK,1081,31-Dec-21,19346.5
nothern BANK,1082,31-Dec-21,11073.9
nothern BANK,1083,31-Dec-21,29071.3
nothern BANK,1085,31-Dec-21,47199.8
nothern BANK,1086,31-Dec-21,20846.8
nothern BANK,1087,31-Dec-21,43791.5
nothern BANK,1088,31-Dec-21,16551.6
nothern BANK,1089,31-Dec-21,30563.1
nothern BANK,1090,31-Dec-21,44035.3
nothern BANK,1091,31-Dec-21,71360.9
nothern BANK,1092,31-Dec-21,23456.2
nothern BANK,1093,31-Dec-21,50694.7
nothern BANK,1094,31-Dec-21,24652
nothern BANK,1095,31-Dec-21,43707.7
nothern BANK,1096,31-Dec-21,25251.1
nothern BANK,1097,31-Dec-21,53304.5
nothern BANK,1098,31-Dec-21,33910
nothern BANK,1100,31-Dec-21,11711.3
nothern BANK,1101,31-Dec-21,41129.5
nothern BANK,1102,31-Dec-21,29112.1
nothern BANK,1103,31-Dec-21,29943
nothern BANK,1104,31-Dec-21,40684.4
nothern BANK,1105,31-Dec-21,30174.9
nothern BANK,1106,31-Dec-21,-6119.8
nothern BANK,1107,31-Dec-21,25208.5
nothern BANK,1108,31-Dec-21,48406.6
nothern BANK,1109,31-Dec-21,46071.2
nothern BANK,1110,31-Dec-21,26105.3
nothern BANK,1111,31-Dec-21,60419
nothern BANK,1112,31-Dec-21,61891.1
nothern BANK,1113,31-Dec-21,41416.3
nothern BANK,1114,31-Dec-21,38988.4
nothern BANK,1115,31-Dec-21,15291.1
nothern BANK,1116,31-Dec-21,47017.6
nothern BANK,1117,31-Dec-21,21191
nothern BANK,1118,31-Dec-21,28184.3
nothern BANK,1120,31-Dec-21,28289.6
nothern BANK,1121,31-Dec-21,42869.9
nothern BANK,1122,31-Dec-21,13678.7
nothern BANK,1123,31-Dec-21,34987.1
nothern BANK,1124,31-Dec-21,52669.4
nothern BANK,1126,31-Dec-21,51150
nothern BANK,1127,31-Dec-21,95298.3
nothern BANK,1128,31-Dec-21,45036.6
nothern BANK,1129,31-Dec-21,47716.2
nothern BANK,1130,31-Dec-21,34850
nothern BANK,1132,31-Dec-21,64584
nothern BANK,1133,31-Dec-21,15337.3
nothern BANK,1134,31-Dec-21,16124.6
nothern BANK,1135,31-Dec-21,34678.6
nothern BANK,1136,31-Dec-21,33021.2
nothern BANK,1137,31-Dec-21,16963.3
nothern BANK,1138,31-Dec-21,25607.3
nothern BANK,1139,31-Dec-21,60540.9
nothern BANK,1140,31-Dec-21,19332.1
nothern BANK,1141,31-Dec-21,16890.1
nothern BANK,1142,31-Dec-21,23935.1
nothern BANK,1144,31-Dec-21,23447
nothern BANK,1145,31-Dec-21,23540.3
nothern BANK,1146,31-Dec-21,87876.7
nothern BANK,1147,31-Dec-21,38596
nothern BANK,1149,31-Dec-21,38007
nothern BANK,1150,31-Dec-21,18611.2
nothern BANK,1151,31-Dec-21,88488.3
nothern BANK,1152,31-Dec-21,15031.7
nothern BANK,1153,31-Dec-21,41674.5
nothern BANK,1154,31-Dec-21,42288.5
nothern BANK,1155,31-Dec-21,31015
nothern BANK,1156,31-Dec-21,30162.9
nothern BANK,1157,31-Dec-21,48173.9
nothern BANK,1158,31-Dec-21,50179.4
nothern BANK,1159,31-Dec-21,46046.2
nothern BANK,1160,31-Dec-21,63097.2
nothern BANK,1161,31-Dec-21,26485.1
nothern BANK,1164,31-Dec-21,59389
nothern BANK,1165,31-Dec-21,15601.9
nothern BANK,1166,31-Dec-21,33216.8
nothern BANK,1168,31-Dec-21,17305.8
nothern BANK,1169,31-Dec-21,65199.7
nothern BANK,1170,31-Dec-21,44128.2
nothern BANK,1172,31-Dec-21,22179.3
nothern BANK,1173,31-Dec-21,16711.4
nothern BANK,1174,31-Dec-21,100592
nothern BANK,1176,31-Dec-21,11610.6
nothern BANK,1178,31-Dec-21,45530.6
nothern BANK,1179,31-Dec-21,21061.5
nothern BANK,1180,31-Dec-21,52942.2
nothern BANK,1181,31-Dec-21,30677.4
nothern BANK,1182,31-Dec-21,22371.2
nothern BANK,1183,31-Dec-21,34390.1
nothern BANK,1184,31-Dec-21,39315.9
nothern BANK,1185,31-Dec-21,14839.4
nothern BANK,1186,31-Dec-21,2003.8
nothern BANK,1187,31-Dec-21,35914.8
nothern BANK,1188,31-Dec-21,32724.3
nothern BANK,1189,31-Dec-21,31101.1
nothern BANK,1190,31-Dec-21,36177.4
nothern BANK,1192,31-Dec-21,47726.5
nothern BANK,1193,31-Dec-21,20667.7
nothern BANK,1194,31-Dec-21,40127.4
nothern BANK,1195,31-Dec-21,33040
nothern BANK,1196,31-Dec-21,105667.1
nothern BANK,1197,31-Dec-21,47187.1
nothern BANK,1198,31-Dec-21,32445.2
nothern BANK,1199,31-Dec-21,25561.6
nothern BANK,1200,31-Dec-21,45014.1
nothern BANK,1201,31-Dec-21,52463.1
nothern BANK,1203,31-Dec-21,69198.1
nothern BANK,1204,31-Dec-21,76313.9
nothern BANK,1205,31-Dec-21,26709.1
nothern BANK,1206,31-Dec-21,13099.4
nothern BANK,1207,31-Dec-21,52221.9
nothern BANK,1208,31-Dec-21,47694.8
nothern BANK,1210,31-Dec-21,48444.6
nothern BANK,1211,31-Dec-21,36001.3
nothern BANK,1212,31-Dec-21,11173
nothern BANK,1213,31-Dec-21,21550.5
nothern BANK,1214,31-Dec-21,46449.2
nothern BANK,1215,31-Dec-21,17639.5
nothern BANK,1216,31-Dec-21,24900.7
nothern BANK,1217,31-Dec-21,21031
nothern BANK,1218,31-Dec-21,90678.1
nothern BANK,1219,31-Dec-21,22474.8
nothern BANK,1220,31-Dec-21,42660.8
nothern BANK,1221,31-Dec-21,20693.8
nothern BANK,1222,31-Dec-21,33383.9
nothern BANK,1223,31-Dec-21,52941.8
nothern BANK,1225,31-Dec-21,58150.6
nothern BANK,1226,31-Dec-21,10916.9
nothern BANK,1227,31-Dec-21,57000.8
nothern BANK,1228,31-Dec-21,43823
nothern BANK,1229,31-Dec-21,23746
nothern BANK,1230,31-Dec-21,47127
nothern BANK,1231,31-Dec-21,19225
nothern BANK,1233,31-Dec-21,13997.8
nothern BANK,1234,31-Dec-21,22225.1
nothern BANK,1235,31-Dec-21,19837.5
nothern BANK,1236,31-Dec-21,18697
nothern BANK,1237,31-Dec-21,55822.7
nothern BANK,1238,31-Dec-21,31280.3
nothern BANK,1239,31-Dec-21,15170.9
nothern BANK,1240,31-Dec-21,33423.5
nothern BANK,1241,31-Dec-21,14131.1
nothern BANK,1242,31-Dec-21,36911.9
nothern BANK,1243,31-Dec-21,50015.9
nothern BANK,1244,31-Dec-21,11098.1
nothern BANK,1245,31-Dec-21,22715.9
nothern BANK,1246,31-Dec-21,32055.7
nothern BANK,1247,31-Dec-21,65923.6
nothern BANK,1248,31-Dec-21,22713.6
nothern BANK,1249,31-Dec-21,43436.7
nothern BANK,1250,31-Dec-21,12739.2
nothern BANK,1251,31-Dec-21,20525
nothern BANK,1252,31-Dec-21,29403
nothern BANK,1253,31-Dec-21,49316.4
nothern BANK,1254,31-Dec-21,26980.9
nothern BANK,1255,31-Dec-21,56189.7
nothern BANK,1256,31-Dec-21,36314
nothern BANK,1257,31-Dec-21,36818.1
nothern BANK,1258,31-Dec-21,20757.7
nothern BANK,1259,31-Dec-21,34972.2
nothern BANK,1260,31-Dec-21,26293.6
nothern BANK,1261,31-Dec-21,66750.3
nothern BANK,1262,31-Dec-21,22975.8
nothern BANK,1263,31-Dec-21,35841.2
nothern BANK,1264,31-Dec-21,35494.3
nothern BANK,1265,31-Dec-21,24326.9
nothern BANK,1266,31-Dec-21,37287.9
nothern BANK,1267,31-Dec-21,32792.1
nothern BANK,1268,31-Dec-21,49747.9
nothern BANK,1269,31-Dec-21,41333.2
nothern BANK,1270,31-Dec-21,25356.2
nothern BANK,1271,31-Dec-21,14101.6
nothern BANK,1272,31-Dec-21,83405.9
nothern BANK,1273,31-Dec-21,71054.7
nothern BANK,1274,31-Dec-21,49482.9
nothern BANK,1275,31-Dec-21,27386.6
nothern BANK,1276,31-Dec-21,33522.7
nothern BANK,1277,31-Dec-21,17409
nothern BANK,1280,31-Dec-21,36265.2
nothern BANK,1281,31-Dec-21,61288.5
nothern BANK,1284,31-Dec-21,55953.8
nothern BANK,1285,31-Dec-21,40534.4
nothern BANK,1286,31-Dec-21,32589.7
nothern BANK,1287,31-Dec-21,49927.5
nothern BANK,1288,31-Dec-21,17312.9
nothern BANK,1289,31-Dec-21,71769.3
nothern BANK,1291,31-Dec-21,16857.7
nothern BANK,1292,31-Dec-21,56878.7
nothern BANK,1293,31-Dec-21,39105.7
nothern BANK,1294,31-Dec-21,41162.2
nothern BANK,1295,31-Dec-21,17206.4
nothern BANK,1296,31-Dec-21,12637.5
nothern BANK,1297,31-Dec-21,74888.1
nothern BANK,1298,31-Dec-21,43603.3
nothern BANK,1299,31-Dec-21,20491.3
nothern BANK,1301,31-Dec-21,14375.5
nothern BANK,1302,31-Dec-21,32764.8
nothern BANK,1303,31-Dec-21,28025.1
nothern BANK,1304,31-Dec-21,63375.5
nothern BANK,1305,31-Dec-21,100642.6
nothern BANK,1306,31-Dec-21,33872.7
nothern BANK,1307,31-Dec-21,15751.2
nothern BANK,1308,31-Dec-21,35250.5
nothern BANK,1309,31-Dec-21,28453.6
nothern BANK,1310,31-Dec-21,26328.6
nothern BANK,1311,31-Dec-21,13597.4
nothern BANK,1312,31-Dec-21,17422
nothern BANK,1313,31-Dec-21,60195.9
nothern BANK,1314,31-Dec-21,60153.8
nothern BANK,1315,31-Dec-21,44808.7
nothern BANK,1316,31-Dec-21,16928.1
nothern BANK,1317,31-Dec-21,34558.4
nothern BANK,1319,31-Dec-21,48234.7
nothern BANK,1320,31-Dec-21,27633.7
nothern BANK,1321,31-Dec-21,22688
nothern BANK,1322,31-Dec-21,27602.3
nothern BANK,1323,31-Dec-21,71704.7
nothern BANK,1324,31-Dec-21,45699.2
nothern BANK,1325,31-Dec-21,19038.1
nothern BANK,1326,31-Dec-21,15420.4
nothern BANK,1327,31-Dec-21,28935.6
nothern BANK,1328,31-Dec-21,30315.5
nothern BANK,1329,31-Dec-21,14996.6
nothern BANK,1330,31-Dec-21,14471.8
nothern BANK,1331,31-Dec-21,18845.8
nothern BANK,1332,31-Dec-21,82355.1
nothern BANK,1333,31-Dec-21,36341.8
nothern BANK,1334,31-Dec-21,26695.5
nothern BANK,1335,31-Dec-21,44965.1
nothern BANK,1336,31-Dec-21,30853
nothern BANK,1337,31-Dec-21,58200.9
nothern BANK,1338,31-Dec-21,28481.7
nothern BANK,1339,31-Dec-21,20721.3
nothern BANK,1340,31-Dec-21,24166.7
nothern BANK,1341,31-Dec-21,19774.6
nothern BANK,1342,31-Dec-21,85495
nothern BANK,1344,31-Dec-21,80025.6
nothern BANK,1345,31-Dec-21,52825.4
nothern BANK,1346,31-Dec-21,23911.8
nothern BANK,1347,31-Dec-21,12129.2
nothern BANK,1348,31-Dec-21,19897.3
nothern BANK,1349,31-Dec-21,11282.4
nothern BANK,1350,31-Dec-21,18576
nothern BANK,1351,31-Dec-21,22060.1
nothern BANK,1352,31-Dec-21,67211.7
nothern BANK,1353,31-Dec-21,39080.5
nothern BANK,1354,31-Dec-21,18224.5
nothern BANK,1355,31-Dec-21,43505.8
nothern BANK,1356,31-Dec-21,29118.5
nothern BANK,1357,31-Dec-21,43693.4
nothern BANK,1358,31-Dec-21,47618.9
nothern BANK,1359,31-Dec-21,39911.3
nothern BANK,1360,31-Dec-21,61457.4
nothern BANK,1361,31-Dec-21,51837.5
nothern BANK,1362,31-Dec-21,17732.5
nothern BANK,1363,31-Dec-21,48571.3
nothern BANK,1365,31-Dec-21,47563.6
nothern BANK,1366,31-Dec-21,29174.1
nothern BANK,1367,31-Dec-21,26695.1
nothern BANK,1368,31-Dec-21,70203.2
nothern BANK,1369,31-Dec-21,50062.9
nothern BANK,1370,31-Dec-21,34197.2
nothern BANK,1371,31-Dec-21,23877.7
nothern BANK,1372,31-Dec-21,48787.5
nothern BANK,1373,31-Dec-21,17613.5
nothern BANK,1374,31-Dec-21,33257.8
nothern BANK,1375,31-Dec-21,42240.6
nothern BANK,1376,31-Dec-21,18505.1
nothern BANK,1377,31-Dec-21,18412.6
nothern BANK,1378,31-Dec-21,102137
nothern BANK,1379,31-Dec-21,33113.6
nothern BANK,1380,31-Dec-21,45702.8
nothern BANK,1381,31-Dec-21,19353
nothern BANK,1382,31-Dec-21,19659.3
nothern BANK,1383,31-Dec-21,41040.1
nothern BANK,1384,31-Dec-21,33555.7
nothern BANK,1385,31-Dec-21,61284
nothern BANK,1387,31-Dec-21,31652.5
nothern BANK,1388,31-Dec-21,21505.5
nothern BANK,1389,31-Dec-21,81311.5
nothern BANK,1390,31-Dec-21,22160.1
nothern BANK,1391,31-Dec-21,29959.9
nothern BANK,1392,31-Dec-21,61831.4
nothern BANK,1393,31-Dec-21,41992.7
nothern BANK,1394,31-Dec-21,46717.5
nothern BANK,1395,31-Dec-21,41292.3
nothern BANK,1396,31-Dec-21,96431.1
nothern BANK,1397,31-Dec-21,34248.1
nothern BANK,1398,31-Dec-21,48270.9
nothern BANK,1399,31-Dec-21,37929.3
nothern BANK,1401,31-Dec-21,46817.7
nothern BANK,1402,31-Dec-21,39311.5
nothern BANK,1403,31-Dec-21,24316.4
nothern BANK,1404,31-Dec-21,66496
nothern BANK,1405,31-Dec-21,40704.4
nothern BANK,1406,31-Dec-21,20875
nothern BANK,1407,31-Dec-21,81751.2
nothern BANK,1408,31-Dec-21,93623.7
nothern BANK,1410,31-Dec-21,78834.9
nothern BANK,1411,31-Dec-21,83271.5
nothern BANK,1412,31-Dec-21,17374.4
nothern BANK,1413,31-Dec-21,26094.3
nothern BANK,1414,31-Dec-21,36906.2
nothern BANK,1416,31-Dec-21,326.5
nothern BANK,1417,31-Dec-21,93858.7
nothern BANK,1418,31-Dec-21,44511.3
nothern BANK,1419,31-Dec-21,15757.5
nothern BANK,1420,31-Dec-21,29218.4
nothern BANK,1421,31-Dec-21,46458.3
nothern BANK,1422,31-Dec-21,32132
nothern BANK,1423,31-Dec-21,13645.4
nothern BANK,1424,31-Dec-21,30053.6
nothern BANK,1425,31-Dec-21,47887.6
nothern BANK,1426,31-Dec-21,24476.1
nothern BANK,1427,31-Dec-21,49020.4
nothern BANK,1429,31-Dec-21,27682.7
nothern BANK,1431,31-Dec-21,13237.5
nothern BANK,1432,31-Dec-21,45821.7
nothern BANK,1434,31-Dec-21,24535.9
nothern BANK,1435,31-Dec-21,29540.3
nothern BANK,1436,31-Dec-21,38113.7
nothern BANK,1437,31-Dec-21,18627.8
nothern BANK,1438,31-Dec-21,72205.9
nothern BANK,1439,31-Dec-21,12908.1
nothern BANK,1440,31-Dec-21,14764.8
nothern BANK,1441,31-Dec-21,23431.6
nothern BANK,1442,31-Dec-21,19548.9
nothern BANK,1443,31-Dec-21,43181.2
nothern BANK,1444,31-Dec-21,33491
nothern BANK,1445,31-Dec-21,27973.1
nothern BANK,1446,31-Dec-21,83730.3
nothern BANK,1447,31-Dec-21,20941.9
nothern BANK,1448,31-Dec-21,19218.3
nothern BANK,1449,31-Dec-21,44590.1
nothern BANK,1450,31-Dec-21,41673.3
nothern BANK,1451,31-Dec-21,17865.5
nothern BANK,1452,31-Dec-21,72381.1
nothern BANK,1453,31-Dec-21,30672.8
nothern BANK,1455,31-Dec-21,17617.4
nothern BANK,1456,31-Dec-21,40024.8
nothern BANK,1458,31-Dec-21,33754.2
nothern BANK,1459,31-Dec-21,12752.8
nothern BANK,1460,31-Dec-21,24602.2
nothern BANK,1461,31-Dec-21,53985.6
nothern BANK,1463,31-Dec-21,32987.4
nothern BANK,1464,31-Dec-21,35848.4
nothern BANK,1465,31-Dec-21,27151
nothern BANK,1466,31-Dec-21,32532.7
nothern BANK,1467,31-Dec-21,69059
nothern BANK,1468,31-Dec-21,23108.2
nothern BANK,1469,31-Dec-21,31352.9
nothern BANK,1470,31-Dec-21,25291.3
nothern BANK,1471,31-Dec-21,16093.4
nothern BANK,1472,31-Dec-21,26263
nothern BANK,1473,31-Dec-21,19784.7
nothern BANK,1474,31-Dec-21,20618.2
nothern BANK,1475,31-Dec-21,33444.4
nothern BANK,1476,31-Dec-21,17313.1
nothern BANK,1477,31-Dec-21,24859.8
nothern BANK,1478,31-Dec-21,55260.6
nothern BANK,1479,31-Dec-21,15853.6
nothern BANK,1480,31-Dec-21,57824.2
nothern BANK,1481,31-Dec-21,23778.8
nothern BANK,1482,31-Dec-21,61792.1
nothern BANK,1483,31-Dec-21,40400.6
nothern BANK,1484,31-Dec-21,25688
nothern BANK,1485,31-Dec-21,99403.9
nothern BANK,1486,31-Dec-21,63498
nothern BANK,1487,31-Dec-21,28837
nothern BANK,1488,31-Dec-21,21157.7
nothern BANK,1490,31-Dec-21,18020.9
nothern BANK,1491,31-Dec-21,55030.3
nothern BANK,1492,31-Dec-21,12241.4
nothern BANK,1493,31-Dec-21,17058.3
nothern BANK,1494,31-Dec-21,73628.8
nothern BANK,1495,31-Dec-21,20733.7
nothern BANK,1496,31-Dec-21,39726.9
nothern BANK,1497,31-Dec-21,26116.4
nothern BANK,1498,31-Dec-21,21053.3
nothern BANK,1499,31-Dec-21,46024.6
nothern BANK,1500,31-Dec-21,58739.9
nothern BANK,1501,31-Dec-21,21349.9
nothern BANK,1502,31-Dec-21,23542.9
nothern BANK,1503,31-Dec-21,21025.9
nothern BANK,1504,31-Dec-21,28310.5
nothern BANK,1505,31-Dec-21,3751.8
nothern BANK,1506,31-Dec-21,21195.4
nothern BANK,1507,31-Dec-21,65026.9
nothern BANK,1508,31-Dec-21,14326.5
nothern BANK,1509,31-Dec-21,16002.3
nothern BANK,1510,31-Dec-21,48761.2
nothern BANK,1511,31-Dec-21,25887.9
nothern BANK,1512,31-Dec-21,50539
nothern BANK,1513,31-Dec-21,62981.2
nothern BANK,1514,31-Dec-21,27828.5
nothern BANK,1515,31-Dec-21,50813.2
nothern BANK,1516,31-Dec-21,31401.5
nothern BANK,1517,31-Dec-21,21796.2
nothern BANK,1518,31-Dec-21,90598.6
nothern BANK,1519,31-Dec-21,78241.5
nothern BANK,1520,31-Dec-21,32810.6
nothern BANK,1521,31-Dec-21,21939.2
nothern BANK,1522,31-Dec-21,33979
nothern BANK,1524,31-Dec-21,17166.5
nothern BANK,1525,31-Dec-21,16663
nothern BANK,1526,31-Dec-21,61019.7
nothern BANK,1527,31-Dec-21,38682.4
nothern BANK,1528,31-Dec-21,30133.4
nothern BANK,1529,31-Dec-21,20788.7
nothern BANK,1530,31-Dec-21,13430
nothern BANK,1532,31-Dec-21,45638.6
nothern BANK,1534,31-Dec-21,50095.8
nothern BANK,1535,31-Dec-21,74730.4
nothern BANK,1536,31-Dec-21,56337.1
nothern BANK,1537,31-Dec-21,50587.6
nothern BANK,1538,31-Dec-21,133602.1
nothern BANK,1539,31-Dec-21,-6683.1
nothern BANK,1540,31-Dec-21,80144.5
nothern BANK,1541,31-Dec-21,23387.3
nothern BANK,1542,31-Dec-21,21000.9
nothern BANK,1543,31-Dec-21,44433.9
nothern BANK,1544,31-Dec-21,36575.2
nothern BANK,1545,31-Dec-21,39653.3
nothern BANK,1546,31-Dec-21,14741.7
nothern BANK,1547,31-Dec-21,22216.1
nothern BANK,1548,31-Dec-21,15395.9
nothern BANK,1549,31-Dec-21,41315.5
nothern BANK,1550,31-Dec-21,19084.5
nothern BANK,1551,31-Dec-21,30765.7
nothern BANK,1552,31-Dec-21,59837.4
nothern BANK,1553,31-Dec-21,25540.9
nothern BANK,1554,31-Dec-21,35529.6
nothern BANK,1555,31-Dec-21,43906
nothern BANK,1556,31-Dec-21,45982.8
nothern BANK,1557,31-Dec-21,30666.1
nothern BANK,1558,31-Dec-21,22739.8
nothern BANK,1559,31-Dec-21,49512.2
nothern BANK,1560,31-Dec-21,32402.9
nothern BANK,1561,31-Dec-21,45089.9
nothern BANK,1562,31-Dec-21,20760.8
nothern BANK,1564,31-Dec-21,28111.8
nothern BANK,1565,31-Dec-21,48213.4
nothern BANK,1566,31-Dec-21,34797.7
nothern BANK,1567,31-Dec-21,54762.8
nothern BANK,1568,31-Dec-21,60741
nothern BANK,1570,31-Dec-21,23320.6
nothern BANK,1571,31-Dec-21,13382.1
nothern BANK,1572,31-Dec-21,33726
nothern BANK,1574,31-Dec-21,21314.1
nothern BANK,1575,31-Dec-21,20789.9
nothern BANK,1576,31-Dec-21,69579.3
nothern BANK,1577,31-Dec-21,23645.8
nothern BANK,1578,31-Dec-21,42268.2
nothern BANK,1579,31-Dec-21,48297.6
nothern BANK,1580,31-Dec-21,49046.6
nothern BANK,1581,31-Dec-21,67766.3
nothern BANK,1582,31-Dec-21,26155.5
nothern BANK,1583,31-Dec-21,36003.1
nothern BANK,1584,31-Dec-21,28127.9
nothern BANK,1585,31-Dec-21,43645.3
nothern BANK,1586,31-Dec-21,48489.3
nothern BANK,1587,31-Dec-21,39191.1
nothern BANK,1588,31-Dec-21,20830.9
nothern BANK,1589,31-Dec-21,19614.3
nothern BANK,1590,31-Dec-21,28977.1
nothern BANK,1591,31-Dec-21,35401.9
nothern BANK,1592,31-Dec-21,70370.5
nothern BANK,1593,31-Dec-21,15805.4
nothern BANK,1594,31-Dec-21,70884.6
nothern BANK,1596,31-Dec-21,16030.9
nothern BANK,1597,31-Dec-21,38882.8
nothern BANK,1598,31-Dec-21,47655.4
nothern BANK,1599,31-Dec-21,61657
nothern BANK,1600,31-Dec-21,12783
nothern BANK,1601,31-Dec-21,23513.4
nothern BANK,1602,31-Dec-21,31119.7
nothern BANK,1603,31-Dec-21,35573.9
nothern BANK,1604,31-Dec-21,34046.1
nothern BANK,1605,31-Dec-21,109624.4
nothern BANK,1606,31-Dec-21,49306.5
nothern BANK,1607,31-Dec-21,31134.3
nothern BANK,1608,31-Dec-21,16075.7
nothern BANK,1609,31-Dec-21,20380.7
nothern BANK,1610,31-Dec-21,82770.4
nothern BANK,1611,31-Dec-21,56744.2
nothern BANK,1612,31-Dec-21,59325.2
nothern BANK,1613,31-Dec-21,26215.2
nothern BANK,1614,31-Dec-21,51397.7
nothern BANK,1616,31-Dec-21,20522.3
nothern BANK,1617,31-Dec-21,13017.2
nothern BANK,1618,31-Dec-21,24599.6
nothern BANK,1619,31-Dec-21,31243.1
nothern BANK,1620,31-Dec-21,38696.8
nothern BANK,1621,31-Dec-21,65762.2
nothern BANK,1622,31-Dec-21,42077.7
nothern BANK,1623,31-Dec-21,30434.4
nothern BANK,1624,31-Dec-21,17898.5
nothern BANK,1625,31-Dec-21,29471.4
nothern BANK,1626,31-Dec-21,41210.7
nothern BANK,1627,31-Dec-21,40165.4
nothern BANK,1628,31-Dec-21,19893
nothern BANK,1629,31-Dec-21,19769.3
nothern BANK,1630,31-Dec-21,19416.6
nothern BANK,1631,31-Dec-21,15880.5
nothern BANK,1632,31-Dec-21,97496.4
nothern BANK,1633,31-Dec-21,38375
nothern BANK,1634,31-Dec-21,68442.9
nothern BANK,1635,31-Dec-21,62476.6
nothern BANK,1636,31-Dec-21,71431.7
nothern BANK,1637,31-Dec-21,30916.9
nothern BANK,1638,31-Dec-21,23131.7
nothern BANK,1640,31-Dec-21,47950.2
nothern BANK,1641,31-Dec-21,10295.8
nothern BANK,1642,31-Dec-21,13886.2
nothern BANK,1644,31-Dec-21,38078.8
nothern BANK,1645,31-Dec-21,42342
nothern BANK,1646,31-Dec-21,40793.9
nothern BANK,1647,31-Dec-21,35947.1
nothern BANK,1648,31-Dec-21,36551.9
nothern BANK,1649,31-Dec-21,15311.5
nothern BANK,1650,31-Dec-21,24805.8
nothern BANK,1651,31-Dec-21,51677.7
nothern BANK,1652,31-Dec-21,19193
nothern BANK,1653,31-Dec-21,90874.2
nothern BANK,1654,31-Dec-21,67983.6
nothern BANK,1655,31-Dec-21,41166.3
nothern BANK,1656,31-Dec-21,42105
nothern BANK,1657,31-Dec-21,6795
nothern BANK,1658,31-Dec-21,21222.4
nothern BANK,1659,31-Dec-21,30391.8
nothern BANK,1660,31-Dec-21,55369.1
nothern BANK,1662,31-Dec-21,76695.5
nothern BANK,1663,31-Dec-21,37562.8
nothern BANK,1664,31-Dec-21,20362.1
nothern BANK,1665,31-Dec-21,17920.2
nothern BANK,1666,31-Dec-21,44706.8
nothern BANK,1667,31-Dec-21,28873.6
nothern BANK,1668,31-Dec-21,19814.3
nothern BANK,1669,31-Dec-21,14715.1
nothern BANK,1670,31-Dec-21,16653.6
nothern BANK,1671,31-Dec-21,25782.9
nothern BANK,1672,31-Dec-21,39687.8
nothern BANK,1673,31-Dec-21,15718.2
nothern BANK,1674,31-Dec-21,45406.4
nothern BANK,1675,31-Dec-21,23728.6
nothern BANK,1677,31-Dec-21,29294.6
nothern BANK,1678,31-Dec-21,31206.1
nothern BANK,1679,31-Dec-21,42250
nothern BANK,1680,31-Dec-21,50251.9
nothern BANK,1681,31-Dec-21,65479.3
nothern BANK,1682,31-Dec-21,40022.6
nothern BANK,1683,31-Dec-21,32367.6
nothern BANK,1684,31-Dec-21,40410
nothern BANK,1685,31-Dec-21,10581.6
nothern BANK,1686,31-Dec-21,45786
nothern BANK,1687,31-Dec-21,16148.2
nothern BANK,1688,31-Dec-21,19349.6
nothern BANK,1689,31-Dec-21,17281.3
nothern BANK,1690,31-Dec-21,17985.9
nothern BANK,1691,31-Dec-21,21897
nothern BANK,1692,31-Dec-21,73052.3
nothern BANK,1693,31-Dec-21,34252.4
nothern BANK,1694,31-Dec-21,30717.5
nothern BANK,1695,31-Dec-21,101776.4
nothern BANK,1696,31-Dec-21,22482.9
nothern BANK,1697,31-Dec-21,19058.3
nothern BANK,1698,31-Dec-21,46497.8
nothern BANK,1699,31-Dec-21,24332.6
nothern BANK,1700,31-Dec-21,71349.8
nothern BANK,1701,31-Dec-21,36593.3
nothern BANK,1702,31-Dec-21,33593.7
nothern BANK,1703,31-Dec-21,12029.6
nothern BANK,1704,31-Dec-21,18567.1
nothern BANK,1705,31-Dec-21,17230.4
nothern BANK,1706,31-Dec-21,63385.6
nothern BANK,1707,31-Dec-21,8304.4
nothern BANK,1708,31-Dec-21,33400.7
nothern BANK,1709,31-Dec-21,57900.6
nothern BANK,1710,31-Dec-21,33507.5
nothern BANK,1711,31-Dec-21,21975.6
nothern BANK,1712,31-Dec-21,34371.8
nothern BANK,1713,31-Dec-21,28714.9
nothern BANK,1714,31-Dec-21,24866.7
nothern BANK,1715,31-Dec-21,29707.7
nothern BANK,1716,31-Dec-21,25452.6
nothern BANK,1717,31-Dec-21,7477
nothern BANK,1718,31-Dec-21,58253.1
nothern BANK,1719,31-Dec-21,25589.7
nothern BANK,1722,31-Dec-21,66528.7
nothern BANK,1723,31-Dec-21,54869.4
nothern BANK,1724,31-Dec-21,30058.1
nothern BANK,1725,31-Dec-21,43511.6
nothern BANK,1726,31-Dec-21,34822.5
nothern BANK,1727,31-Dec-21,61633.5
nothern BANK,1728,31-Dec-21,9266.6
nothern BANK,1729,31-Dec-21,44495.8
nothern BANK,1730,31-Dec-21,51455.7
nothern BANK,1731,31-Dec-21,27046.9
nothern BANK,1732,31-Dec-21,59764.5
nothern BANK,1733,31-Dec-21,72074.7
nothern BANK,1734,31-Dec-21,63097.3
nothern BANK,1736,31-Dec-21,35172
nothern BANK,1737,31-Dec-21,42546.2
nothern BANK,1738,31-Dec-21,14359.8
nothern BANK,1739,31-Dec-21,36236.9
nothern BANK,1740,31-Dec-21,15867.5
nothern BANK,1741,31-Dec-21,27687.9
nothern BANK,1742,31-Dec-21,40069.3
nothern BANK,1743,31-Dec-21,38263.8
nothern BANK,1744,31-Dec-21,29227.8
nothern BANK,1745,31-Dec-21,46379.5
nothern BANK,1746,31-Dec-21,68298
nothern BANK,1749,31-Dec-21,70046.7
nothern BANK,1750,31-Dec-21,61181.2
nothern BANK,1751,31-Dec-21,30420.1
nothern BANK,1752,31-Dec-21,45739.9
nothern BANK,1753,31-Dec-21,39913.7
nothern BANK,1754,31-Dec-21,75727.1
nothern BANK,1756,31-Dec-21,49475.9
nothern BANK,1757,31-Dec-21,48275.8
nothern BANK,1758,31-Dec-21,63854.8
nothern BANK,1759,31-Dec-21,15599
nothern BANK,1760,31-Dec-21,50355.4
nothern BANK,1761,31-Dec-21,31960.1
nothern BANK,1762,31-Dec-21,21626.6
nothern BANK,1763,31-Dec-21,41914.8
nothern BANK,1764,31-Dec-21,49170.4
nothern BANK,1765,31-Dec-21,11608.5
nothern BANK,1766,31-Dec-21,29358.1
nothern BANK,1767,31-Dec-21,49041.4
nothern BANK,1768,31-Dec-21,50546.2
nothern BANK,1769,31-Dec-21,16186.5
nothern BANK,1770,31-Dec-21,70124.5
nothern BANK,1771,31-Dec-21,20682.2
nothern BANK,1772,31-Dec-21,104832.8
nothern BANK,1773,31-Dec-21,16774
nothern BANK,1774,31-Dec-21,19313.8
nothern BANK,1775,31-Dec-21,23545.9
nothern BANK,1776,31-Dec-21,42475.5
nothern BANK,1777,31-Dec-21,77847.7
nothern BANK,1778,31-Dec-21,52684.9
nothern BANK,1779,31-Dec-21,87003.4
nothern BANK,1780,31-Dec-21,78411.1
nothern BANK,1781,31-Dec-21,28667.9
nothern BANK,1782,31-Dec-21,63776.4
nothern BANK,1783,31-Dec-21,31373.2
nothern BANK,1784,31-Dec-21,28112.1
nothern BANK,1785,31-Dec-21,26419
nothern BANK,1786,31-Dec-21,77476
nothern BANK,1787,31-Dec-21,8055.4
nothern BANK,1788,31-Dec-21,16794.7
nothern BANK,1789,31-Dec-21,72009.6
nothern BANK,1790,31-Dec-21,53997.7
nothern BANK,1791,31-Dec-21,49039.7
nothern BANK,1792,31-Dec-21,15527.3
nothern BANK,1793,31-Dec-21,43182.9
nothern BANK,1794,31-Dec-21,29245.9
nothern BANK,1795,31-Dec-21,45637.5
nothern BANK,1796,31-Dec-21,64155.9
nothern BANK,1797,31-Dec-21,56080.6
nothern BANK,1798,31-Dec-21,28747.4
nothern BANK,1799,31-Dec-21,23769.3
nothern BANK,1800,31-Dec-21,43825.3
nothern BANK,1801,31-Dec-21,27195.5
nothern BANK,1802,31-Dec-21,31556.7
nothern BANK,1803,31-Dec-21,52935
nothern BANK,1804,31-Dec-21,87330.1
nothern BANK,1805,31-Dec-21,93303.6
nothern BANK,1806,31-Dec-21,25808.6
nothern BANK,1807,31-Dec-21,35196.3
nothern BANK,1808,31-Dec-21,58419.5
nothern BANK,1809,31-Dec-21,36566.8
nothern BANK,1810,31-Dec-21,46694.1
nothern BANK,1811,31-Dec-21,37586.8
nothern BANK,1812,31-Dec-21,18861.9
nothern BANK,1813,31-Dec-21,85748.8
nothern BANK,1814,31-Dec-21,17786.9
nothern BANK,1815,31-Dec-21,34297.3
nothern BANK,1816,31-Dec-21,21644.1
nothern BANK,1817,31-Dec-21,54909.1
nothern BANK,1818,31-Dec-21,57563.8
nothern BANK,1819,31-Dec-21,18169.5
nothern BANK,1820,31-Dec-21,40559
nothern BANK,1821,31-Dec-21,21112.4
nothern BANK,1822,31-Dec-21,43764
nothern BANK,1823,31-Dec-21,13826.2
nothern BANK,1824,31-Dec-21,54885.4
nothern BANK,1825,31-Dec-21,43034
nothern BANK,1826,31-Dec-21,52763.3
nothern BANK,1827,31-Dec-21,22037.1
nothern BANK,1828,31-Dec-21,33940.8
nothern BANK,1829,31-Dec-21,24167.3
nothern BANK,1830,31-Dec-21,26028.6
nothern BANK,1831,31-Dec-21,23774.3
nothern BANK,1832,31-Dec-21,43227.4
nothern BANK,1834,31-Dec-21,67742.6
nothern BANK,1835,31-Dec-21,50154.9
nothern BANK,1836,31-Dec-21,35790.3
nothern BANK,1837,31-Dec-21,69616.2
nothern BANK,1838,31-Dec-21,18149.7
nothern BANK,1839,31-Dec-21,37051.1
nothern BANK,1840,31-Dec-21,23212
nothern BANK,1841,31-Dec-21,37630.5
nothern BANK,1843,31-Dec-21,51577.5
nothern BANK,1844,31-Dec-21,39271.4
nothern BANK,1845,31-Dec-21,54812.7
nothern BANK,1846,31-Dec-21,18525.2
nothern BANK,1847,31-Dec-21,47355.1
nothern BANK,1848,31-Dec-21,16617.2
nothern BANK,1851,31-Dec-21,53469.9
nothern BANK,1852,31-Dec-21,23822.4
nothern BANK,1853,31-Dec-21,27576.7
nothern BANK,1854,31-Dec-21,45613.2
nothern BANK,1855,31-Dec-21,29681.9
nothern BANK,1856,31-Dec-21,28465
nothern BANK,1857,31-Dec-21,28804.3
nothern BANK,1858,31-Dec-21,24376.9
nothern BANK,1859,31-Dec-21,19417.7
nothern BANK,1860,31-Dec-21,21411.3
nothern BANK,1861,31-Dec-21,65576.5
nothern BANK,1862,31-Dec-21,50220.5
nothern BANK,1863,31-Dec-21,33143.4
nothern BANK,1865,31-Dec-21,37264.4
nothern BANK,1866,31-Dec-21,23355
nothern BANK,1867,31-Dec-21,88070.4
nothern BANK,1869,31-Dec-21,96765.7
nothern BANK,1870,31-Dec-21,70542.7
nothern BANK,1871,31-Dec-21,30522
nothern BANK,1872,31-Dec-21,38725.5
nothern BANK,1874,31-Dec-21,34069.4
nothern BANK,1875,31-Dec-21,15677.4
nothern BANK,1876,31-Dec-21,50826.9
nothern BANK,1877,31-Dec-21,35788
nothern BANK,1878,31-Dec-21,55215.8
nothern BANK,1879,31-Dec-21,14125.1
nothern BANK,1880,31-Dec-21,27791.8
nothern BANK,1881,31-Dec-21,27199.1
nothern BANK,1882,31-Dec-21,14171.6
nothern BANK,1884,31-Dec-21,25915.3
nothern BANK,1885,31-Dec-21,26841.2
nothern BANK,1886,31-Dec-21,36303.7
nothern BANK,1887,31-Dec-21,33134.4
nothern BANK,1888,31-Dec-21,28856
nothern BANK,1889,31-Dec-21,34205.8
nothern BANK,1890,31-Dec-21,53879.1
nothern BANK,1891,31-Dec-21,71424.5
nothern BANK,1892,31-Dec-21,15208.6
nothern BANK,1893,31-Dec-21,90780.4
nothern BANK,1894,31-Dec-21,53961.9
nothern BANK,1895,31-Dec-21,20133.9
nothern BANK,1896,31-Dec-21,67609
nothern BANK,1897,31-Dec-21,38575.2
nothern BANK,1898,31-Dec-21,29414.7
nothern BANK,1899,31-Dec-21,23287.7
nothern BANK,1900,31-Dec-21,55094.2
nothern BANK,1901,31-Dec-21,23178.4
nothern BANK,1902,31-Dec-21,19609
nothern BANK,1903,31-Dec-21,42693.5
nothern BANK,1904,31-Dec-21,40392.9
nothern BANK,1905,31-Dec-21,30251.9
nothern BANK,1906,31-Dec-21,46095.7
nothern BANK,1907,31-Dec-21,38856
nothern BANK,1908,31-Dec-21,15036.2
nothern BANK,1909,31-Dec-21,16861.7
nothern BANK,1910,31-Dec-21,75449
nothern BANK,1911,31-Dec-21,44086.5
nothern BANK,1912,31-Dec-21,25302.5
nothern BANK,1913,31-Dec-21,49455
nothern BANK,1914,31-Dec-21,62696.5
nothern BANK,1915,31-Dec-21,17419.8
nothern BANK,1916,31-Dec-21,29659.5
nothern BANK,1917,31-Dec-21,15084.7
nothern BANK,1918,31-Dec-21,16396.5
nothern BANK,1919,31-Dec-21,82311
nothern BANK,1920,31-Dec-21,47686.9
nothern BANK,1921,31-Dec-21,20174.5
nothern BANK,1922,31-Dec-21,83654.4
nothern BANK,1924,31-Dec-21,43722.5
nothern BANK,1925,31-Dec-21,27648.6
nothern BANK,1926,31-Dec-21,18686.5
nothern BANK,1927,31-Dec-21,27726.1
nothern BANK,1928,31-Dec-21,19094.6
nothern BANK,1929,31-Dec-21,44252
nothern BANK,1930,31-Dec-21,23926.9
nothern BANK,1931,31-Dec-21,19512.7
nothern BANK,1932,31-Dec-21,16392.5
nothern BANK,1933,31-Dec-21,26138.7
nothern BANK,1934,31-Dec-21,76200.6
nothern BANK,1935,31-Dec-21,27496.2
nothern BANK,1936,31-Dec-21,19704.5
nothern BANK,1937,31-Dec-21,22348.9
nothern BANK,1938,31-Dec-21,41831.5
nothern BANK,1939,31-Dec-21,97068.2
nothern BANK,1940,31-Dec-21,19031.3
nothern BANK,1941,31-Dec-21,23655.2
nothern BANK,1943,31-Dec-21,37427.6
nothern BANK,1944,31-Dec-21,41637.8
nothern BANK,1945,31-Dec-21,40839.4
nothern BANK,1946,31-Dec-21,41200.6
nothern BANK,1947,31-Dec-21,41520.2
nothern BANK,1948,31-Dec-21,39706
nothern BANK,1949,31-Dec-21,38094.6
nothern BANK,1950,31-Dec-21,26195.8
nothern BANK,1951,31-Dec-21,78041.4
nothern BANK,1952,31-Dec-21,44529.1
nothern BANK,1953,31-Dec-21,27663.6
nothern BANK,1954,31-Dec-21,16742
nothern BANK,1955,31-Dec-21,13940.7
nothern BANK,1956,31-Dec-21,42014
nothern BANK,1957,31-Dec-21,32005.3
nothern BANK,1958,31-Dec-21,35011.8
nothern BANK,1959,31-Dec-21,38903.5
nothern BANK,1960,31-Dec-21,3937.1
nothern BANK,1961,31-Dec-21,33013.3
nothern BANK,1962,31-Dec-21,50680.8
nothern BANK,1963,31-Dec-21,80846.9
nothern BANK,1964,31-Dec-21,20759.1
nothern BANK,1965,31-Dec-21,50547.1
nothern BANK,1966,31-Dec-21,51155.3
nothern BANK,1967,31-Dec-21,67127.6
nothern BANK,1968,31-Dec-21,47398.4
nothern BANK,1969,31-Dec-21,33503.2
nothern BANK,1970,31-Dec-21,63234.4
nothern BANK,1971,31-Dec-21,56749.6
nothern BANK,1972,31-Dec-21,22238.9
nothern BANK,1973,31-Dec-21,20694.1
nothern BANK,1975,31-Dec-21,33155.2
nothern BANK,1976,31-Dec-21,34658.2
nothern BANK,1977,31-Dec-21,22276.6
nothern BANK,1978,31-Dec-21,51580.6
nothern BANK,1979,31-Dec-21,19018.7
nothern BANK,1980,31-Dec-21,23074.5
nothern BANK,1981,31-Dec-21,27424.7
nothern BANK,1982,31-Dec-21,46917.9
nothern BANK,1984,31-Dec-21,54202.4
nothern BANK,1985,31-Dec-21,13883
nothern BANK,1986,31-Dec-21,17943.8
nothern BANK,1987,31-Dec-21,28367.4
nothern BANK,1988,31-Dec-21,27171.4
nothern BANK,1989,31-Dec-21,29946.2
nothern BANK,1990,31-Dec-21,27299.6
nothern BANK,1991,31-Dec-21,32357.7
nothern BANK,1992,31-Dec-21,27533.7
nothern BANK,1993,31-Dec-21,26127.2
nothern BANK,1994,31-Dec-21,21417.9
nothern BANK,1995,31-Dec-21,24615.8
nothern BANK,1996,31-Dec-21,32022
nothern BANK,1997,31-Dec-21,34732.7
nothern BANK,1998,31-Dec-21,49707.6
nothern BANK,1999,31-Dec-21,49004.5
nothern BANK,2000,31-Dec-21,57924.5
nothern BANK,2001,31-Dec-21,68011.4
nothern BANK,2002,31-Dec-21,32821.4
nothern BANK,2003,31-Dec-21,63905.6
nothern BANK,2004,31-Dec-21,60173.9
nothern BANK,2005,31-Dec-21,27562.2
nothern BANK,2006,31-Dec-21,28535.2
nothern BANK,2007,31-Dec-21,24631.2
nothern BANK,2008,31-Dec-21,87901
nothern BANK,2009,31-Dec-21,58329.4
nothern BANK,2010,31-Dec-21,21078
nothern BANK,2011,31-Dec-21,22638.8
nothern BANK,2012,31-Dec-21,37590.6
nothern BANK,2013,31-Dec-21,15810.4
nothern BANK,2015,31-Dec-21,34825.5
nothern BANK,2016,31-Dec-21,19410
nothern BANK,2017,31-Dec-21,28104.6
nothern BANK,2018,31-Dec-21,9953.8
nothern BANK,2019,31-Dec-21,16365.4
nothern BANK,2020,31-Dec-21,37283.5
nothern BANK,2022,31-Dec-21,37621.2
nothern BANK,2023,31-Dec-21,84319.4
nothern BANK,2024,31-Dec-21,18484.4
nothern BANK,2025,31-Dec-21,17186
nothern BANK,2026,31-Dec-21,48648.9
nothern BANK,2027,31-Dec-21,30264.7
nothern BANK,2028,31-Dec-21,10070.4
nothern BANK,2030,31-Dec-21,57444.2
nothern BANK,2032,31-Dec-21,15021.5
nothern BANK,2033,31-Dec-21,31302
nothern BANK,2034,31-Dec-21,67058.2
nothern BANK,2035,31-Dec-21,66183.9
nothern BANK,2036,31-Dec-21,21903.1
nothern BANK,2037,31-Dec-21,34487.6
nothern BANK,2038,31-Dec-21,33978
nothern BANK,2039,31-Dec-21,43461.4
nothern BANK,2040,31-Dec-21,33773.7
nothern BANK,2041,31-Dec-21,37042.4
nothern BANK,2042,31-Dec-21,13727.2
nothern BANK,2043,31-Dec-21,19400.9
nothern BANK,2044,31-Dec-21,85481.3
nothern BANK,2045,31-Dec-21,29476.2
nothern BANK,2046,31-Dec-21,28607
nothern BANK,2047,31-Dec-21,42332.7
nothern BANK,2048,31-Dec-21,37979.4
nothern BANK,2050,31-Dec-21,46458.6
nothern BANK,2051,31-Dec-21,12941.6
nothern BANK,2052,31-Dec-21,42938.4
nothern BANK,2053,31-Dec-21,26565.3
nothern BANK,2054,31-Dec-21,69335.2
nothern BANK,2055,31-Dec-21,11560.2
nothern BANK,2056,31-Dec-21,51450.7
nothern BANK,2057,31-Dec-21,50552.4
nothern BANK,2058,31-Dec-21,19476.7
nothern BANK,2059,31-Dec-21,32919.3
nothern BANK,2060,31-Dec-21,37697.4
nothern BANK,2061,31-Dec-21,20167.9
nothern BANK,2062,31-Dec-21,37187.2
nothern BANK,2063,31-Dec-21,44145.2
nothern BANK,2064,31-Dec-21,23133
nothern BANK,2065,31-Dec-21,36862.5
nothern BANK,2066,31-Dec-21,22384.2
nothern BANK,2067,31-Dec-21,63423.1
nothern BANK,2068,31-Dec-21,14393.6
nothern BANK,2069,31-Dec-21,55653.7
nothern BANK,2070,31-Dec-21,49830
nothern BANK,2071,31-Dec-21,44412.3
nothern BANK,2072,31-Dec-21,88880.5
nothern BANK,2073,31-Dec-21,47128.8
nothern BANK,2074,31-Dec-21,18040.7
nothern BANK,2075,31-Dec-21,19257
nothern BANK,2076,31-Dec-21,22582.3
nothern BANK,2077,31-Dec-21,35010.4
nothern BANK,2078,31-Dec-21,38748.2
nothern BANK,2079,31-Dec-21,69624.6
nothern BANK,2080,31-Dec-21,54904.9
nothern BANK,2081,31-Dec-21,31448.4
nothern BANK,2082,31-Dec-21,18817.5
nothern BANK,2083,31-Dec-21,24124
nothern BANK,2084,31-Dec-21,72927.6
nothern BANK,2085,31-Dec-21,33969.8
nothern BANK,2086,31-Dec-21,83767
nothern BANK,2087,31-Dec-21,25663.8
nothern BANK,2088,31-Dec-21,19182
nothern BANK,2089,31-Dec-21,21208
nothern BANK,2090,31-Dec-21,32258.2
nothern BANK,2091,31-Dec-21,40117.3
nothern BANK,2092,31-Dec-21,17180
nothern BANK,2093,31-Dec-21,58638
nothern BANK,2094,31-Dec-21,21318.2
nothern BANK,2095,31-Dec-21,77987.9
nothern BANK,2096,31-Dec-21,54078.2
nothern BANK,2097,31-Dec-21,24937.1
nothern BANK,2099,31-Dec-21,85933.6
nothern BANK,2101,31-Dec-21,27709.5
nothern BANK,2102,31-Dec-21,17007.8
nothern BANK,2103,31-Dec-21,12434.7
nothern BANK,2104,31-Dec-21,47584.5
nothern BANK,2105,31-Dec-21,19590.2
nothern BANK,2106,31-Dec-21,23331
nothern BANK,2107,31-Dec-21,28105.5
nothern BANK,2108,31-Dec-21,25164.6
nothern BANK,2109,31-Dec-21,58542.6
nothern BANK,2110,31-Dec-21,20570.6
nothern BANK,2111,31-Dec-21,55644.4
nothern BANK,2112,31-Dec-21,41610.4
nothern BANK,2113,31-Dec-21,25852.4
nothern BANK,2114,31-Dec-21,22816.1
nothern BANK,2115,31-Dec-21,12651.4
nothern BANK,2116,31-Dec-21,38880.3
nothern BANK,2117,31-Dec-21,21191.6
nothern BANK,2118,31-Dec-21,55730.3
nothern BANK,2119,31-Dec-21,27240.9
nothern BANK,2121,31-Dec-21,40037.3
nothern BANK,2122,31-Dec-21,91945.7
nothern BANK,2123,31-Dec-21,15177.1
nothern BANK,2124,31-Dec-21,59617.9
nothern BANK,2125,31-Dec-21,79990.7
nothern BANK,2126,31-Dec-21,70598.8
nothern BANK,2127,31-Dec-21,23530.4
nothern BANK,2128,31-Dec-21,21136.7
nothern BANK,2130,31-Dec-21,65161
nothern BANK,2131,31-Dec-21,42294.6
nothern BANK,2132,31-Dec-21,47251.6
nothern BANK,2133,31-Dec-21,13442.6
nothern BANK,2134,31-Dec-21,33205.2
nothern BANK,2135,31-Dec-21,27702.9
nothern BANK,2136,31-Dec-21,41770.1
nothern BANK,2137,31-Dec-21,48143.6
nothern BANK,2138,31-Dec-21,80053.6
nothern BANK,2139,31-Dec-21,37033.8
nothern BANK,2140,31-Dec-21,23526.6
nothern BANK,2141,31-Dec-21,69695.7
nothern BANK,2142,31-Dec-21,49961.2
nothern BANK,2143,31-Dec-21,38613.9
nothern BANK,2144,31-Dec-21,-842.3
nothern BANK,2146,31-Dec-21,57343
nothern BANK,2147,31-Dec-21,13118.5
nothern BANK,2148,31-Dec-21,14477.8
nothern BANK,2149,31-Dec-21,20883.5
nothern BANK,2150,31-Dec-21,14782.3
nothern BANK,2151,31-Dec-21,24138.2
nothern BANK,2153,31-Dec-21,18308.8
nothern BANK,2154,31-Dec-21,22585.6
nothern BANK,2155,31-Dec-21,19344
nothern BANK,2156,31-Dec-21,57662.8
nothern BANK,2157,31-Dec-21,26295.8
nothern BANK,2158,31-Dec-21,31048.4
nothern BANK,2159,31-Dec-21,32865.4
nothern BANK,2160,31-Dec-21,36371
nothern BANK,2161,31-Dec-21,39131.2
nothern BANK,2162,31-Dec-21,56933.9
nothern BANK,2163,31-Dec-21,48813.5
nothern BANK,2164,31-Dec-21,62522.1
nothern BANK,2165,31-Dec-21,46650.8
nothern BANK,2166,31-Dec-21,27810.4
nothern BANK,2167,31-Dec-21,68860.9
nothern BANK,2169,31-Dec-21,60751
nothern BANK,2170,31-Dec-21,58533
nothern BANK,2172,31-Dec-21,21672.4
nothern BANK,2173,31-Dec-21,28422.5
nothern BANK,2175,31-Dec-21,99900.2
nothern BANK,2176,31-Dec-21,45766.9
nothern BANK,2177,31-Dec-21,17417.4
nothern BANK,2178,31-Dec-21,61357.5
nothern BANK,2179,31-Dec-21,46208.5
nothern BANK,2182,31-Dec-21,31081.2
nothern BANK,2183,31-Dec-21,39709.6
nothern BANK,2184,31-Dec-21,59524.3
nothern BANK,2185,31-Dec-21,39931.6
nothern BANK,2186,31-Dec-21,15765.1
nothern BANK,2187,31-Dec-21,73163.7
nothern BANK,2189,31-Dec-21,48141.2
nothern BANK,2190,31-Dec-21,26323.7
nothern BANK,2191,31-Dec-21,28715.1
nothern BANK,2192,31-Dec-21,55174.6
nothern BANK,2193,31-Dec-21,16364.5
nothern BANK,2194,31-Dec-21,32109.4
nothern BANK,2195,31-Dec-21,79826.4
nothern BANK,2196,31-Dec-21,28128.8
nothern BANK,2197,31-Dec-21,43935.2
nothern BANK,2199,31-Dec-21,20123.6
nothern BANK,2200,31-Dec-21,32537.6
nothern BANK,2201,31-Dec-21,16100.7
nothern BANK,2203,31-Dec-21,24855.1
nothern BANK,2204,31-Dec-21,23346.1
nothern BANK,2205,31-Dec-21,16021.2
nothern BANK,2206,31-Dec-21,41343.3
nothern BANK,2207,31-Dec-21,37023.4
nothern BANK,2208,31-Dec-21,17383.2
nothern BANK,2209,31-Dec-21,50646
nothern BANK,2210,31-Dec-21,37406.9
nothern BANK,2211,31-Dec-21,47414.8
nothern BANK,2212,31-Dec-21,27079.3
nothern BANK,2213,31-Dec-21,33180.9
nothern BANK,2214,31-Dec-21,30187.3
nothern BANK,2216,31-Dec-21,53355.6
nothern BANK,2218,31-Dec-21,58333.1
nothern BANK,2219,31-Dec-21,55232.4
nothern BANK,2220,31-Dec-21,15426.6
nothern BANK,2222,31-Dec-21,61595.6
nothern BANK,2223,31-Dec-21,13772.7
nothern BANK,2224,31-Dec-21,51775.5
nothern BANK,2225,31-Dec-21,12627
nothern BANK,2226,31-Dec-21,36845.2
nothern BANK,2227,31-Dec-21,65007.9
nothern BANK,2228,31-Dec-21,17747.6
nothern BANK,2229,31-Dec-21,35479.4
nothern BANK,2230,31-Dec-21,32300.6
nothern BANK,2231,31-Dec-21,22555.1
nothern BANK,2232,31-Dec-21,42657.7
nothern BANK,2233,31-Dec-21,18105.4
nothern BANK,2234,31-Dec-21,18624.5
nothern BANK,2235,31-Dec-21,19915.8
nothern BANK,2236,31-Dec-21,10912
nothern BANK,2237,31-Dec-21,64629
nothern BANK,2239,31-Dec-21,43054.5
nothern BANK,2240,31-Dec-21,97563
nothern BANK,2241,31-Dec-21,57587.2
nothern BANK,2242,31-Dec-21,100627.2
nothern BANK,2243,31-Dec-21,46276.3
nothern BANK,2244,31-Dec-21,24372.8
nothern BANK,2245,31-Dec-21,35792.4
nothern BANK,2246,31-Dec-21,63475
nothern BANK,2247,31-Dec-21,42256.4
nothern BANK,2250,31-Dec-21,55722.6
nothern BANK,2252,31-Dec-21,19131.7
nothern BANK,2253,31-Dec-21,30067
nothern BANK,2254,31-Dec-21,25152.2
nothern BANK,2255,31-Dec-21,21887.2
nothern BANK,2256,31-Dec-21,21608.8
nothern BANK,2257,31-Dec-21,25627.8
nothern BANK,2258,31-Dec-21,38386.2
nothern BANK,2259,31-Dec-21,22347.1
nothern BANK,2260,31-Dec-21,-5425.5
nothern BANK,2261,31-Dec-21,19278.1
nothern BANK,2262,31-Dec-21,83059.5
nothern BANK,2263,31-Dec-21,63280
nothern BANK,2264,31-Dec-21,29168.8
nothern BANK,2265,31-Dec-21,22377.3
nothern BANK,2266,31-Dec-21,49039.4
nothern BANK,2267,31-Dec-21,74110
nothern BANK,2268,31-Dec-21,39888.1
nothern BANK,2269,31-Dec-21,31651.2
nothern BANK,2270,31-Dec-21,24455
nothern BANK,2271,31-Dec-21,22096.3
nothern BANK,2272,31-Dec-21,25490.7
nothern BANK,2274,31-Dec-21,36567.6
nothern BANK,2275,31-Dec-21,17269.5
nothern BANK,2276,31-Dec-21,46788.8
nothern BANK,2278,31-Dec-21,30605.7
nothern BANK,2279,31-Dec-21,58873.1
nothern BANK,2280,31-Dec-21,62779
nothern BANK,2281,31-Dec-21,24575
nothern BANK,2282,31-Dec-21,58485
nothern BANK,2285,31-Dec-21,50586.2
nothern BANK,2286,31-Dec-21,32151.3
nothern BANK,2287,31-Dec-21,70158.8
nothern BANK,2288,31-Dec-21,79298
nothern BANK,2289,31-Dec-21,27066.5
nothern BANK,2290,31-Dec-21,24201.6
nothern BANK,2291,31-Dec-21,13853.2
nothern BANK,2292,31-Dec-21,28183.7
nothern BANK,2293,31-Dec-21,14394.5
nothern BANK,2294,31-Dec-21,29177.5
nothern BANK,2295,31-Dec-21,29396.9
nothern BANK,2296,31-Dec-21,55256.2
nothern BANK,2297,31-Dec-21,15400.8
nothern BANK,2298,31-Dec-21,62526.4
nothern BANK,2299,31-Dec-21,23663.4
nothern BANK,2301,31-Dec-21,45575.8
nothern BANK,2302,31-Dec-21,30659
nothern BANK,2303,31-Dec-21,42733.5
nothern BANK,2304,31-Dec-21,30106.4
nothern BANK,2305,31-Dec-21,-10935.9
nothern BANK,2306,31-Dec-21,24560.5
nothern BANK,2307,31-Dec-21,24808
nothern BANK,2309,31-Dec-21,29585.8
nothern BANK,2310,31-Dec-21,45404
nothern BANK,2311,31-Dec-21,41761.4
nothern BANK,2313,31-Dec-21,44807.3
nothern BANK,2314,31-Dec-21,35273.5
nothern BANK,2315,31-Dec-21,40892.9
nothern BANK,2316,31-Dec-21,23006.2
nothern BANK,2318,31-Dec-21,35078.8
nothern BANK,2319,31-Dec-21,31953.7
nothern BANK,2321,31-Dec-21,59277.4
nothern BANK,2322,31-Dec-21,109037.7
nothern BANK,2323,31-Dec-21,62084.9
nothern BANK,2324,31-Dec-21,24583.7
nothern BANK,2325,31-Dec-21,28816.3
nothern BANK,2326,31-Dec-21,31530
nothern BANK,2327,31-Dec-21,27092.3
nothern BANK,2328,31-Dec-21,63715.7
nothern BANK,2329,31-Dec-21,24312.5
nothern BANK,2330,31-Dec-21,20667
nothern BANK,2331,31-Dec-21,21648
nothern BANK,2332,31-Dec-21,48787.6
nothern BANK,2333,31-Dec-21,24380.9
nothern BANK,2334,31-Dec-21,29570.3
nothern BANK,2335,31-Dec-21,1223.3
nothern BANK,2336,31-Dec-21,15612
nothern BANK,2337,31-Dec-21,70300.7
nothern BANK,2338,31-Dec-21,25912
nothern BANK,2339,31-Dec-21,12328.8
nothern BANK,2340,31-Dec-21,34510.3
nothern BANK,2341,31-Dec-21,16148.3
nothern BANK,2342,31-Dec-21,26316.7
nothern BANK,2343,31-Dec-21,44334.3
nothern BANK,2344,31-Dec-21,21251
nothern BANK,2345,31-Dec-21,45472.7
nothern BANK,2346,31-Dec-21,3008.2
nothern BANK,2347,31-Dec-21,27540.1
nothern BANK,2348,31-Dec-21,13484
nothern BANK,2349,31-Dec-21,17111.5
nothern BANK,2350,31-Dec-21,50629.8
nothern BANK,2351,31-Dec-21,69058.9
nothern BANK,2352,31-Dec-21,77375.6
nothern BANK,2353,31-Dec-21,66544.1
nothern BANK,2354,31-Dec-21,57267.4
nothern BANK,2355,31-Dec-21,44222.4
nothern BANK,2356,31-Dec-21,24664
nothern BANK,2357,31-Dec-21,29626.2
nothern BANK,2358,31-Dec-21,18761.9
nothern BANK,2359,31-Dec-21,24948.5
nothern BANK,2360,31-Dec-21,44977.6
nothern BANK,2361,31-Dec-21,21382.4
nothern BANK,2362,31-Dec-21,20248.1
nothern BANK,2363,31-Dec-21,34431
nothern BANK,2364,31-Dec-21,24798.1
nothern BANK,2365,31-Dec-21,25808.6
nothern BANK,2366,31-Dec-21,22648.9
nothern BANK,2367,31-Dec-21,35875.1
nothern BANK,2369,31-Dec-21,48255.2
nothern BANK,2370,31-Dec-21,43269.5
nothern BANK,2371,31-Dec-21,42911.1
nothern BANK,2372,31-Dec-21,30522.1
nothern BANK,2373,31-Dec-21,13140
nothern BANK,2374,31-Dec-21,22115.6
nothern BANK,2375,31-Dec-21,57531.3
nothern BANK,2376,31-Dec-21,30863.2
nothern BANK,2377,31-Dec-21,21067.1
nothern BANK,2378,31-Dec-21,18234.7
nothern BANK,2379,31-Dec-21,19553.9
nothern BANK,2380,31-Dec-21,34225.2
nothern BANK,2381,31-Dec-21,43824.2
nothern BANK,2382,31-Dec-21,15009.4
nothern BANK,2383,31-Dec-21,39059.4
nothern BANK,2384,31-Dec-21,60566.5
nothern BANK,2385,31-Dec-21,67699.8
nothern BANK,2386,31-Dec-21,52127.3
nothern BANK,2387,31-Dec-21,17329.6
nothern BANK,2388,31-Dec-21,24882
nothern BANK,2389,31-Dec-21,45366.3
nothern BANK,2390,31-Dec-21,93418.6
nothern BANK,2391,31-Dec-21,29612.3
nothern BANK,2392,31-Dec-21,17222.8
nothern BANK,2393,31-Dec-21,35922.3
nothern BANK,2394,31-Dec-21,36627
nothern BANK,2395,31-Dec-21,38397
nothern BANK,2396,31-Dec-21,23963.4
nothern BANK,2397,31-Dec-21,27142.1
nothern BANK,2398,31-Dec-21,35874.9
nothern BANK,2399,31-Dec-21,46598.6
nothern BANK,2400,31-Dec-21,36465.4
nothern BANK,2401,31-Dec-21,41796.9
nothern BANK,2402,31-Dec-21,14940
nothern BANK,2403,31-Dec-21,27827.1
nothern BANK,2404,31-Dec-21,43530.5
nothern BANK,2405,31-Dec-21,32794.6
nothern BANK,2406,31-Dec-21,15716
nothern BANK,2407,31-Dec-21,26677.5
nothern BANK,2408,31-Dec-21,46592.1
nothern BANK,2409,31-Dec-21,43446.9
nothern BANK,2410,31-Dec-21,65224.5
nothern BANK,2411,31-Dec-21,71248.9
nothern BANK,2413,31-Dec-21,29896.5
nothern BANK,2414,31-Dec-21,13487.5
nothern BANK,2415,31-Dec-21,25478.7
nothern BANK,2416,31-Dec-21,32834
nothern BANK,2417,31-Dec-21,29713.3
nothern BANK,2418,31-Dec-21,46342.9
nothern BANK,2419,31-Dec-21,52627.8
nothern BANK,2420,31-Dec-21,14658.1
nothern BANK,2421,31-Dec-21,44964.5
nothern BANK,2423,31-Dec-21,15599.6
nothern BANK,2424,31-Dec-21,69047.4
nothern BANK,2425,31-Dec-21,25223.1
nothern BANK,2427,31-Dec-21,53703.5
nothern BANK,2428,31-Dec-21,39825.7
nothern BANK,2429,31-Dec-21,63122.6
nothern BANK,2430,31-Dec-21,46274.7
nothern BANK,2431,31-Dec-21,40559.7
nothern BANK,2432,31-Dec-21,31392.7
nothern BANK,2433,31-Dec-21,36165.2
nothern BANK,2434,31-Dec-21,21342.8
nothern BANK,2435,31-Dec-21,27188.1
nothern BANK,2436,31-Dec-21,64501.2
nothern BANK,2437,31-Dec-21,16393.1
nothern BANK,2438,31-Dec-21,19215.2
nothern BANK,2439,31-Dec-21,27557.3
nothern BANK,2441,31-Dec-21,42558.3
nothern BANK,2443,31-Dec-21,35981.1
nothern BANK,2444,31-Dec-21,91383
nothern BANK,2445,31-Dec-21,17319.2
nothern BANK,2446,31-Dec-21,50422.1
nothern BANK,2447,31-Dec-21,42718.8
nothern BANK,2448,31-Dec-21,16108.6
nothern BANK,2450,31-Dec-21,81433
nothern BANK,2451,31-Dec-21,32636.6
nothern BANK,2452,31-Dec-21,21231.6
nothern BANK,2453,31-Dec-21,26730.8
nothern BANK,2454,31-Dec-21,26526.9
nothern BANK,2455,31-Dec-21,30707
nothern BANK,2456,31-Dec-21,39208.6
nothern BANK,2457,31-Dec-21,17571.1
nothern BANK,2458,31-Dec-21,22674.8
nothern BANK,2459,31-Dec-21,20474
nothern BANK,2460,31-Dec-21,49880.5
nothern BANK,2461,31-Dec-21,21559.4
nothern BANK,2463,31-Dec-21,34812.4
nothern BANK,2464,31-Dec-21,52532.9
nothern BANK,2465,31-Dec-21,24036.5
nothern BANK,2466,31-Dec-21,85855.6
nothern BANK,2467,31-Dec-21,86530.3
nothern BANK,2468,31-Dec-21,22183.7
nothern BANK,2469,31-Dec-21,20804.3
nothern BANK,2470,31-Dec-21,42812.9
nothern BANK,2471,31-Dec-21,34144
nothern BANK,2472,31-Dec-21,80687
nothern BANK,2473,31-Dec-21,18582.9
nothern BANK,2474,31-Dec-21,13768.5
nothern BANK,2475,31-Dec-21,32346.3
nothern BANK,2476,31-Dec-21,16782.2
nothern BANK,2477,31-Dec-21,16270.9
nothern BANK,2479,31-Dec-21,22992.3
nothern BANK,2480,31-Dec-21,83476.9
nothern BANK,2482,31-Dec-21,51108.5
nothern BANK,2483,31-Dec-21,46723.2
nothern BANK,2484,31-Dec-21,37447.4
nothern BANK,2486,31-Dec-21,81160
nothern BANK,2487,31-Dec-21,31528.2
nothern BANK,2488,31-Dec-21,30646.9
nothern BANK,2489,31-Dec-21,27764.2
nothern BANK,2490,31-Dec-21,57449.9
nothern BANK,2491,31-Dec-21,29811.2
nothern BANK,2492,31-Dec-21,23268.2
nothern BANK,2493,31-Dec-21,73169.8
nothern BANK,2494,31-Dec-21,83419.3
nothern BANK,2496,31-Dec-21,17795
nothern BANK,2497,31-Dec-21,28134.6
nothern BANK,2498,31-Dec-21,24174
nothern BANK,2499,31-Dec-21,29804.7
nothern BANK,2500,31-Dec-21,29243.2
nothern BANK,2501,31-Dec-21,54610.1
nothern BANK,2502,31-Dec-21,14699.9
nothern BANK,2503,31-Dec-21,31925.5
nothern BANK,2504,31-Dec-21,22557.3
nothern BANK,2505,31-Dec-21,30731.6
nothern BANK,2506,31-Dec-21,26135.3
nothern BANK,2507,31-Dec-21,32266
nothern BANK,2508,31-Dec-21,17724.6
nothern BANK,2509,31-Dec-21,75254.5
nothern BANK,2510,31-Dec-21,48889.4
nothern BANK,2511,31-Dec-21,20441
nothern BANK,2513,31-Dec-21,17218
nothern BANK,2514,31-Dec-21,61548.7
nothern BANK,2515,31-Dec-21,58785.4
nothern BANK,2516,31-Dec-21,65964.1
nothern BANK,2517,31-Dec-21,61363.3
nothern BANK,2519,31-Dec-21,39636.4
nothern BANK,2520,31-Dec-21,19957.7
nothern BANK,2521,31-Dec-21,75244.2
nothern BANK,2522,31-Dec-21,8131.8
nothern BANK,2523,31-Dec-21,17668
nothern BANK,2524,31-Dec-21,16445.2
nothern BANK,2525,31-Dec-21,13055.7
nothern BANK,2526,31-Dec-21,18380
nothern BANK,2527,31-Dec-21,84126.7
nothern BANK,2528,31-Dec-21,24233
nothern BANK,2530,31-Dec-21,27991.5
nothern BANK,2531,31-Dec-21,27886.2
nothern BANK,2532,31-Dec-21,36849.1
nothern BANK,2533,31-Dec-21,34607.9
nothern BANK,2534,31-Dec-21,26710
nothern BANK,2535,31-Dec-21,32628.8
nothern BANK,2536,31-Dec-21,28687.1
nothern BANK,2537,31-Dec-21,90280.9
nothern BANK,2538,31-Dec-21,26625.3
nothern BANK,2539,31-Dec-21,27865.2
nothern BANK,2540,31-Dec-21,46125.3
nothern BANK,2541,31-Dec-21,50692.5
nothern BANK,2542,31-Dec-21,22068.4
nothern BANK,2543,31-Dec-21,67147.7
nothern BANK,2544,31-Dec-21,46277.2
nothern BANK,2545,31-Dec-21,22933.2
nothern BANK,2546,31-Dec-21,26735.7
nothern BANK,2547,31-Dec-21,75912.4
nothern BANK,2548,31-Dec-21,37620.6
nothern BANK,2549,31-Dec-21,47225
nothern BANK,2550,31-Dec-21,69818.1
nothern BANK,2551,31-Dec-21,31276.8
nothern BANK,2552,31-Dec-21,41537.4
nothern BANK,2553,31-Dec-21,20798.3
nothern BANK,2554,31-Dec-21,48173.1
nothern BANK,2555,31-Dec-21,70983.8
nothern BANK,2557,31-Dec-21,19003.4
nothern BANK,2558,31-Dec-21,12622.9
nothern BANK,2559,31-Dec-21,54545.5
nothern BANK,2560,31-Dec-21,28305.1
nothern BANK,2561,31-Dec-21,40081
nothern BANK,2562,31-Dec-21,18953.8
nothern BANK,2563,31-Dec-21,47968.7
nothern BANK,2564,31-Dec-21,28831.9
nothern BANK,2565,31-Dec-21,17934.3
nothern BANK,2567,31-Dec-21,10786.8
nothern BANK,2568,31-Dec-21,38195.2
nothern BANK,2569,31-Dec-21,30340.3
nothern BANK,2570,31-Dec-21,19891.7
nothern BANK,2571,31-Dec-21,69311
nothern BANK,2572,31-Dec-21,61479.9
nothern BANK,2574,31-Dec-21,93089
nothern BANK,2575,31-Dec-21,24039.3
nothern BANK,2576,31-Dec-21,28784.3
nothern BANK,2577,31-Dec-21,31534.9
nothern BANK,2578,31-Dec-21,14527.8
nothern BANK,2579,31-Dec-21,23083.4
nothern BANK,2580,31-Dec-21,66838
nothern BANK,2581,31-Dec-21,61037.9
nothern BANK,2582,31-Dec-21,63063.3
nothern BANK,2583,31-Dec-21,65529.6
nothern BANK,2584,31-Dec-21,20374.2
nothern BANK,2585,31-Dec-21,11474.9
nothern BANK,2586,31-Dec-21,40014.5
nothern BANK,2587,31-Dec-21,28144
nothern BANK,2588,31-Dec-21,40332.9
nothern BANK,2589,31-Dec-21,12948.2
nothern BANK,2590,31-Dec-21,14671.8
nothern BANK,2591,31-Dec-21,25610.2
nothern BANK,2592,31-Dec-21,90074
nothern BANK,2593,31-Dec-21,22649.8
nothern BANK,2594,31-Dec-21,15217.5
nothern BANK,2595,31-Dec-21,25971.2
nothern BANK,2596,31-Dec-21,29076.2
nothern BANK,2597,31-Dec-21,41808.8
nothern BANK,2598,31-Dec-21,4731
nothern BANK,2599,31-Dec-21,17656.1
nothern BANK,2600,31-Dec-21,32385.8
nothern BANK,2602,31-Dec-21,55388.9
nothern BANK,2603,31-Dec-21,27372.9
nothern BANK,2604,31-Dec-21,25714.3
nothern BANK,2605,31-Dec-21,17912
nothern BANK,2606,31-Dec-21,23464.1
nothern BANK,2607,31-Dec-21,34877.7
nothern BANK,2608,31-Dec-21,26182.4
nothern BANK,2609,31-Dec-21,27245.4
nothern BANK,2610,31-Dec-21,17968
nothern BANK,2611,31-Dec-21,66494
nothern BANK,2612,31-Dec-21,24478.1
nothern BANK,2613,31-Dec-21,15536.7
nothern BANK,2614,31-Dec-21,12855.8
nothern BANK,2615,31-Dec-21,41024.7
nothern BANK,2616,31-Dec-21,23669.3
nothern BANK,2617,31-Dec-21,23474.5
nothern BANK,2618,31-Dec-21,15291.4
nothern BANK,2619,31-Dec-21,39094.5
nothern BANK,2620,31-Dec-21,38859.5
nothern BANK,2621,31-Dec-21,14601.3
nothern BANK,2622,31-Dec-21,38849.9
nothern BANK,2623,31-Dec-21,59184.1
nothern BANK,2624,31-Dec-21,63094.3
nothern BANK,2625,31-Dec-21,69755.8
nothern BANK,2627,31-Dec-21,36190.7
nothern BANK,2628,31-Dec-21,94189.4
nothern BANK,2629,31-Dec-21,57090.8
nothern BANK,2630,31-Dec-21,45900.9
nothern BANK,2631,31-Dec-21,25318.7
nothern BANK,2632,31-Dec-21,47559.7
nothern BANK,2633,31-Dec-21,51491.4
nothern BANK,2634,31-Dec-21,38482.5
nothern BANK,2635,31-Dec-21,61527
nothern BANK,2636,31-Dec-21,15500.1
nothern BANK,2637,31-Dec-21,40787
nothern BANK,2638,31-Dec-21,42974.6
nothern BANK,2639,31-Dec-21,46689.1
nothern BANK,2640,31-Dec-21,63926.9
nothern BANK,2641,31-Dec-21,95344.2
nothern BANK,2642,31-Dec-21,29052.5
nothern BANK,2644,31-Dec-21,22818.8
nothern BANK,2645,31-Dec-21,35837.6
nothern BANK,2646,31-Dec-21,42603.6
nothern BANK,2647,31-Dec-21,86060
nothern BANK,2648,31-Dec-21,38312.3
nothern BANK,2649,31-Dec-21,56386.3
nothern BANK,2650,31-Dec-21,51415.5
nothern BANK,2651,31-Dec-21,50044.4
nothern BANK,2652,31-Dec-21,52498
nothern BANK,2653,31-Dec-21,67340.9
nothern BANK,2654,31-Dec-21,17719.5
nothern BANK,2655,31-Dec-21,75584.6
nothern BANK,2656,31-Dec-21,29055.9
nothern BANK,2657,31-Dec-21,31316
nothern BANK,2659,31-Dec-21,39299.1
nothern BANK,2660,31-Dec-21,36181.7
nothern BANK,2661,31-Dec-21,21300.2
nothern BANK,2662,31-Dec-21,27933.6
nothern BANK,2663,31-Dec-21,24946.5
nothern BANK,2664,31-Dec-21,53755.2
nothern BANK,2665,31-Dec-21,37819.3
nothern BANK,2666,31-Dec-21,18387
nothern BANK,2667,31-Dec-21,17118.4
nothern BANK,2668,31-Dec-21,38400
nothern BANK,2670,31-Dec-21,48716.9
nothern BANK,2671,31-Dec-21,29588.2
nothern BANK,2672,31-Dec-21,11683.1
nothern BANK,2673,31-Dec-21,24741
nothern BANK,2674,31-Dec-21,26129.7
nothern BANK,2675,31-Dec-21,16631.5
nothern BANK,2676,31-Dec-21,45158.9
nothern BANK,2677,31-Dec-21,27893.2
nothern BANK,2678,31-Dec-21,53516.3
nothern BANK,2679,31-Dec-21,25828.4
nothern BANK,2680,31-Dec-21,22606
nothern BANK,2681,31-Dec-21,86767.9
nothern BANK,2684,31-Dec-21,28767.4
nothern BANK,2685,31-Dec-21,25024.7
nothern BANK,2686,31-Dec-21,13613.3
nothern BANK,2687,31-Dec-21,21054.9
nothern BANK,2688,31-Dec-21,14750.2
nothern BANK,2689,31-Dec-21,53989.6
nothern BANK,2690,31-Dec-21,34798.4
nothern BANK,2691,31-Dec-21,30897.9
nothern BANK,2692,31-Dec-21,42518
nothern BANK,2693,31-Dec-21,26556.4
nothern BANK,2694,31-Dec-21,65073.5
nothern BANK,2695,31-Dec-21,65049.2
nothern BANK,2696,31-Dec-21,17549
nothern BANK,2697,31-Dec-21,58772.9
nothern BANK,2698,31-Dec-21,34965.5
nothern BANK,2699,31-Dec-21,39473.1
nothern BANK,2700,31-Dec-21,22990.5
nothern BANK,2701,31-Dec-21,57112.3
nothern BANK,2702,31-Dec-21,22456.9
nothern BANK,2705,31-Dec-21,39521.7
nothern BANK,2707,31-Dec-21,91905.5
nothern BANK,2708,31-Dec-21,50250
nothern BANK,2709,31-Dec-21,18631.5
nothern BANK,2710,31-Dec-21,98526
nothern BANK,2711,31-Dec-21,35301.7
nothern BANK,2712,31-Dec-21,22766.8
nothern BANK,2713,31-Dec-21,45973.7
nothern BANK,2714,31-Dec-21,30611.7
nothern BANK,2715,31-Dec-21,10932.5
nothern BANK,2716,31-Dec-21,19188
nothern BANK,2717,31-Dec-21,19819.9
nothern BANK,2718,31-Dec-21,20353.8
nothern BANK,2719,31-Dec-21,19504.3
nothern BANK,2720,31-Dec-21,33218.1
nothern BANK,2721,31-Dec-21,20874.4
nothern BANK,2722,31-Dec-21,26467.7
nothern BANK,2723,31-Dec-21,28155
nothern BANK,2724,31-Dec-21,50619.8
nothern BANK,2725,31-Dec-21,52821.8
nothern BANK,2726,31-Dec-21,82039
nothern BANK,2727,31-Dec-21,42311
nothern BANK,2728,31-Dec-21,65965.6
nothern BANK,2729,31-Dec-21,71037.6
nothern BANK,2730,31-Dec-21,21749.3
nothern BANK,2731,31-Dec-21,44063
nothern BANK,2732,31-Dec-21,54296.3
nothern BANK,2733,31-Dec-21,35545.4
nothern BANK,2734,31-Dec-21,24664.3
nothern BANK,2736,31-Dec-21,11643.9
nothern BANK,2737,31-Dec-21,51528.6
nothern BANK,2738,31-Dec-21,41304.8
nothern BANK,2739,31-Dec-21,18086.4
nothern BANK,2740,31-Dec-21,31979.2
nothern BANK,2741,31-Dec-21,87162.6
nothern BANK,2742,31-Dec-21,49575.4
nothern BANK,2743,31-Dec-21,39614.2
nothern BANK,2744,31-Dec-21,25768
nothern BANK,2745,31-Dec-21,43884
nothern BANK,2746,31-Dec-21,31870.8
nothern BANK,2747,31-Dec-21,18960.4
nothern BANK,2749,31-Dec-21,43243.1
nothern BANK,2750,31-Dec-21,38252.3
nothern BANK,2751,31-Dec-21,35064.5
nothern BANK,2752,31-Dec-21,34339.5
nothern BANK,2753,31-Dec-21,25299.1
nothern BANK,2754,31-Dec-21,35428.7
nothern BANK,2755,31-Dec-21,16739.4
nothern BANK,2756,31-Dec-21,41455
nothern BANK,2757,31-Dec-21,18696.9
nothern BANK,2758,31-Dec-21,53998.1
nothern BANK,2759,31-Dec-21,43695.1
nothern BANK,2760,31-Dec-21,40241.5
nothern BANK,2761,31-Dec-21,26067.2
nothern BANK,2762,31-Dec-21,62245.4
nothern BANK,2763,31-Dec-21,105688.5
nothern BANK,2764,31-Dec-21,53272.2
nothern BANK,2765,31-Dec-21,30326.7
nothern BANK,2766,31-Dec-21,34309.9
nothern BANK,2767,31-Dec-21,41322.3
nothern BANK,2768,31-Dec-21,39686.9
nothern BANK,2770,31-Dec-21,35721
nothern BANK,2771,31-Dec-21,27132
nothern BANK,2772,31-Dec-21,42804.8
nothern BANK,2773,31-Dec-21,30971.8
nothern BANK,2774,31-Dec-21,17789.1
nothern BANK,2778,31-Dec-21,7363.4
nothern BANK,2779,31-Dec-21,76095.9
nothern BANK,2780,31-Dec-21,53693
nothern BANK,2781,31-Dec-21,58031.2
nothern BANK,2782,31-Dec-21,43472
nothern BANK,2783,31-Dec-21,55730.2
nothern BANK,2787,31-Dec-21,30702.7
nothern BANK,2788,31-Dec-21,14296.3
nothern BANK,2789,31-Dec-21,54952.9
nothern BANK,2790,31-Dec-21,72992.1
nothern BANK,2792,31-Dec-21,24951.7
nothern BANK,2793,31-Dec-21,24134.2
nothern BANK,2794,31-Dec-21,30725.3
nothern BANK,2795,31-Dec-21,35544.3
nothern BANK,2796,31-Dec-21,62137.2
nothern BANK,2797,31-Dec-21,31966.2
nothern BANK,2798,31-Dec-21,22624.4
nothern BANK,2799,31-Dec-21,38938.8
nothern BANK,2800,31-Dec-21,56298.2
nothern BANK,2801,31-Dec-21,37354.4
nothern BANK,2802,31-Dec-21,23275.4
nothern BANK,2803,31-Dec-21,23645.3
nothern BANK,2804,31-Dec-21,40755.3
nothern BANK,2805,31-Dec-21,18701.6
nothern BANK,2806,31-Dec-21,33043.9
nothern BANK,2807,31-Dec-21,14068
nothern BANK,2808,31-Dec-21,38770.3
nothern BANK,2809,31-Dec-21,30733.7
nothern BANK,2810,31-Dec-21,29431.2
nothern BANK,2811,31-Dec-21,55247.6
nothern BANK,2812,31-Dec-21,18111.7
nothern BANK,2813,31-Dec-21,27001.7
nothern BANK,2814,31-Dec-21,27221.1
nothern BANK,2816,31-Dec-21,38623.6
nothern BANK,2817,31-Dec-21,59013.7
nothern BANK,2818,31-Dec-21,70991.4
nothern BANK,2819,31-Dec-21,69704.3
nothern BANK,2821,31-Dec-21,18187.6
nothern BANK,2823,31-Dec-21,24450
nothern BANK,2824,31-Dec-21,71208.1
nothern BANK,2825,31-Dec-21,58252.5
nothern BANK,2826,31-Dec-21,37589.6
nothern BANK,2827,31-Dec-21,74734.6
nothern BANK,2829,31-Dec-21,24014.1
nothern BANK,2830,31-Dec-21,37288.2
nothern BANK,2831,31-Dec-21,59450.9
nothern BANK,2833,31-Dec-21,13306.1
nothern BANK,2834,31-Dec-21,71601.7
nothern BANK,2835,31-Dec-21,23221.1
nothern BANK,2836,31-Dec-21,42530.1
nothern BANK,2837,31-Dec-21,25268.2
nothern BANK,2838,31-Dec-21,100824.1
nothern BANK,2839,31-Dec-21,21390.8
nothern BANK,2840,31-Dec-21,124490.8
nothern BANK,2841,31-Dec-21,28200.3
nothern BANK,2842,31-Dec-21,18249.7
nothern BANK,2843,31-Dec-21,29463
nothern BANK,2844,31-Dec-21,80857.3
nothern BANK,2845,31-Dec-21,51147.7
nothern BANK,2847,31-Dec-21,48491.1
nothern BANK,2849,31-Dec-21,22082.8
nothern BANK,2851,31-Dec-21,31164.9
nothern BANK,2853,31-Dec-21,72750.3
nothern BANK,2854,31-Dec-21,56608.7
nothern BANK,2855,31-Dec-21,41470.3
nothern BANK,2856,31-Dec-21,36009.4
nothern BANK,2857,31-Dec-21,47472.2
nothern BANK,2858,31-Dec-21,36707.9
nothern BANK,2859,31-Dec-21,68452.8
nothern BANK,2860,31-Dec-21,43834.2
nothern BANK,2861,31-Dec-21,16269.2
nothern BANK,2862,31-Dec-21,32501.5
nothern BANK,2863,31-Dec-21,47591.2
nothern BANK,2864,31-Dec-21,38194
nothern BANK,2865,31-Dec-21,14940.8
nothern BANK,2866,31-Dec-21,56768.8
nothern BANK,2867,31-Dec-21,72465.4
nothern BANK,2868,31-Dec-21,21385.6
nothern BANK,2869,31-Dec-21,25499.7
nothern BANK,2870,31-Dec-21,55320.8
nothern BANK,2871,31-Dec-21,26081.9
nothern BANK,2872,31-Dec-21,15598.5
nothern BANK,2873,31-Dec-21,36321.5
nothern BANK,2874,31-Dec-21,14630.7
nothern BANK,2875,31-Dec-21,43200.1
nothern BANK,2876,31-Dec-21,26133.3
nothern BANK,2877,31-Dec-21,60897
nothern BANK,2878,31-Dec-21,17198.9
nothern BANK,2879,31-Dec-21,26608.9
nothern BANK,2880,31-Dec-21,37622
nothern BANK,2881,31-Dec-21,54861.8
nothern BANK,2882,31-Dec-21,8137.8
nothern BANK,2883,31-Dec-21,22775.8
nothern BANK,2884,31-Dec-21,82519.6
nothern BANK,2885,31-Dec-21,54054.1
nothern BANK,2886,31-Dec-21,24862.9
nothern BANK,2887,31-Dec-21,65201.8
nothern BANK,2888,31-Dec-21,13901.5
nothern BANK,2889,31-Dec-21,37104.7
nothern BANK,2890,31-Dec-21,30404.4
nothern BANK,2891,31-Dec-21,23692.7
nothern BANK,2893,31-Dec-21,22463.6
nothern BANK,2894,31-Dec-21,53067.7
nothern BANK,2895,31-Dec-21,45920.1
nothern BANK,2896,31-Dec-21,26325
nothern BANK,2897,31-Dec-21,93164.4
nothern BANK,2898,31-Dec-21,47000.7
nothern BANK,2899,31-Dec-21,52109.7
nothern BANK,2900,31-Dec-21,21779.8
nothern BANK,2901,31-Dec-21,33166.4
nothern BANK,2902,31-Dec-21,40586.9
nothern BANK,2903,31-Dec-21,62423.5
nothern BANK,2904,31-Dec-21,59605.8
nothern BANK,2905,31-Dec-21,60911.3
nothern BANK,2906,31-Dec-21,37817
nothern BANK,2907,31-Dec-21,23920.4
nothern BANK,2908,31-Dec-21,78084.1
nothern BANK,2909,31-Dec-21,44201
nothern BANK,2910,31-Dec-21,57293.7
nothern BANK,2911,31-Dec-21,24547.9
nothern BANK,2912,31-Dec-21,41044.7
nothern BANK,2913,31-Dec-21,16996
nothern BANK,2914,31-Dec-21,44441.9
nothern BANK,2915,31-Dec-21,53953.8
nothern BANK,2916,31-Dec-21,32991
nothern BANK,2917,31-Dec-21,35041.7
nothern BANK,2918,31-Dec-21,8016.6
nothern BANK,2919,31-Dec-21,21088.5
nothern BANK,2920,31-Dec-21,26323
nothern BANK,2921,31-Dec-21,32743.4
nothern BANK,2922,31-Dec-21,32435.4
nothern BANK,2923,31-Dec-21,22365.9
nothern BANK,2924,31-Dec-21,37356.5
nothern BANK,2925,31-Dec-21,20698.4
nothern BANK,2926,31-Dec-21,42911.3
nothern BANK,2927,31-Dec-21,28143.6
nothern BANK,2928,31-Dec-21,26723.8
nothern BANK,2929,31-Dec-21,51923.3
nothern BANK,2930,31-Dec-21,72796.1
nothern BANK,2931,31-Dec-21,16072.9
nothern BANK,2932,31-Dec-21,40932.8
nothern BANK,2933,31-Dec-21,25538.2
nothern BANK,2934,31-Dec-21,73659.6
nothern BANK,2935,31-Dec-21,18792.3
nothern BANK,2936,31-Dec-21,30687.7
nothern BANK,2937,31-Dec-21,12380.1
nothern BANK,2938,31-Dec-21,99822.5
nothern BANK,2939,31-Dec-21,22010.5
nothern BANK,2940,31-Dec-21,30844.8
nothern BANK,2942,31-Dec-21,35016
nothern BANK,2944,31-Dec-21,37239.9
nothern BANK,2945,31-Dec-21,15552.1
nothern BANK,2946,31-Dec-21,14795.5
nothern BANK,2947,31-Dec-21,31609.9
nothern BANK,2949,31-Dec-21,32428.6
nothern BANK,2950,31-Dec-21,43346.6
nothern BANK,2951,31-Dec-21,61517.1
nothern BANK,2952,31-Dec-21,21560.6
nothern BANK,2953,31-Dec-21,50831.3
nothern BANK,2954,31-Dec-21,64357
nothern BANK,2955,31-Dec-21,26118
nothern BANK,2956,31-Dec-21,54885.6
nothern BANK,2957,31-Dec-21,49835.4
nothern BANK,2958,31-Dec-21,15462.7
nothern BANK,2959,31-Dec-21,33118.3
nothern BANK,2960,31-Dec-21,27083.1
nothern BANK,2961,31-Dec-21,24391
nothern BANK,2962,31-Dec-21,53934.7
nothern BANK,2963,31-Dec-21,58852.3
nothern BANK,2964,31-Dec-21,26559.9
nothern BANK,2965,31-Dec-21,18016.3
nothern BANK,2966,31-Dec-21,56602.3
nothern BANK,2967,31-Dec-21,18561.5
nothern BANK,2968,31-Dec-21,50340.2
nothern BANK,2970,31-Dec-21,21313.1
nothern BANK,2971,31-Dec-21,89777.9
nothern BANK,2972,31-Dec-21,92419.3
nothern BANK,2973,31-Dec-21,49943
nothern BANK,2974,31-Dec-21,43452.7
nothern BANK,2976,31-Dec-21,28214.4
nothern BANK,2977,31-Dec-21,50570.7
nothern BANK,2978,31-Dec-21,16805
nothern BANK,2980,31-Dec-21,21041.3
nothern BANK,2981,31-Dec-21,25104.8
nothern BANK,2982,31-Dec-21,43141.8
nothern BANK,2983,31-Dec-21,37810.7
nothern BANK,2985,31-Dec-21,23331.2
nothern BANK,2986,31-Dec-21,47904.3
nothern BANK,2987,31-Dec-21,29734.9
nothern BANK,2988,31-Dec-21,26479.3
nothern BANK,2989,31-Dec-21,34469.3
nothern BANK,2990,31-Dec-21,35732.3
nothern BANK,2991,31-Dec-21,24313.1
nothern BANK,2992,31-Dec-21,35705.5
nothern BANK,2993,31-Dec-21,62628.4
nothern BANK,2994,31-Dec-21,55027.8
nothern BANK,2995,31-Dec-21,32941.6
nothern BANK,2996,31-Dec-21,49986.5
nothern BANK,2997,31-Dec-21,26854.1
nothern BANK,2998,31-Dec-21,59152
nothern BANK,2999,31-Dec-21,17993.8
nothern BANK,3000,31-Dec-21,63828.2
nothern BANK,3001,31-Dec-21,42539.6
nothern BANK,3003,31-Dec-21,66470.1
nothern BANK,3004,31-Dec-21,14160
nothern BANK,3006,31-Dec-21,24099.3
nothern BANK,3007,31-Dec-21,32068.4
nothern BANK,3008,31-Dec-21,48113.5
nothern BANK,3009,31-Dec-21,20872.7
nothern BANK,3010,31-Dec-21,43518.6
nothern BANK,3011,31-Dec-21,14441.7
nothern BANK,3012,31-Dec-21,39326.6
nothern BANK,3013,31-Dec-21,5528.6
nothern BANK,3014,31-Dec-21,31580.6
nothern BANK,3015,31-Dec-21,21305.4
nothern BANK,3016,31-Dec-21,41755.3
nothern BANK,3017,31-Dec-21,25240.4
nothern BANK,3018,31-Dec-21,38704.1
nothern BANK,3019,31-Dec-21,33935.3
nothern BANK,3020,31-Dec-21,77956
nothern BANK,3021,31-Dec-21,19502.4
nothern BANK,3022,31-Dec-21,24025.4
nothern BANK,3023,31-Dec-21,19128.8
nothern BANK,3024,31-Dec-21,23703.3
nothern BANK,3026,31-Dec-21,54480.7
nothern BANK,3027,31-Dec-21,18980.4
nothern BANK,3028,31-Dec-21,15832.4
nothern BANK,3029,31-Dec-21,18667.3
nothern BANK,3030,31-Dec-21,21866.6
nothern BANK,3031,31-Dec-21,16871.3
nothern BANK,3032,31-Dec-21,20442.9
nothern BANK,3035,31-Dec-21,63933.1
nothern BANK,3036,31-Dec-21,54844.8
nothern BANK,3037,31-Dec-21,55964.6
nothern BANK,3038,31-Dec-21,63366.9
nothern BANK,3039,31-Dec-21,52781.3
nothern BANK,3040,31-Dec-21,24726.3
nothern BANK,3041,31-Dec-21,18382.8
nothern BANK,3042,31-Dec-21,14657.9
nothern BANK,3043,31-Dec-21,14123.5
nothern BANK,3044,31-Dec-21,25998
nothern BANK,3045,31-Dec-21,20431.6
nothern BANK,3046,31-Dec-21,30693.1
nothern BANK,3047,31-Dec-21,19408.7
nothern BANK,3048,31-Dec-21,24418.8
nothern BANK,3049,31-Dec-21,41176
nothern BANK,3050,31-Dec-21,27320.7
nothern BANK,3051,31-Dec-21,51236
nothern BANK,3052,31-Dec-21,19733.5
nothern BANK,3053,31-Dec-21,64434.8
nothern BANK,3055,31-Dec-21,37098.8
nothern BANK,3056,31-Dec-21,22803.6
nothern BANK,3057,31-Dec-21,46169.1
nothern BANK,3058,31-Dec-21,70896.6
nothern BANK,3059,31-Dec-21,53677.4
nothern BANK,3060,31-Dec-21,62393.2
nothern BANK,3061,31-Dec-21,23071.4
nothern BANK,3063,31-Dec-21,37063.7
nothern BANK,3064,31-Dec-21,53549.9
nothern BANK,3066,31-Dec-21,31857.4
nothern BANK,3067,31-Dec-21,18239.6
nothern BANK,3068,31-Dec-21,23503.2
nothern BANK,3069,31-Dec-21,84244.9
nothern BANK,3070,31-Dec-21,44997.9
nothern BANK,3071,31-Dec-21,64747.8
nothern BANK,3072,31-Dec-21,22845.7
nothern BANK,3074,31-Dec-21,52732.5
nothern BANK,3075,31-Dec-21,27703.7
nothern BANK,3076,31-Dec-21,22019.9
nothern BANK,3077,31-Dec-21,30575.4
nothern BANK,3078,31-Dec-21,13468.8
nothern BANK,3079,31-Dec-21,19032.1
nothern BANK,3080,31-Dec-21,17671.4
nothern BANK,3082,31-Dec-21,18908.6
nothern BANK,3083,31-Dec-21,48674.3
nothern BANK,3084,31-Dec-21,24309
nothern BANK,3085,31-Dec-21,32286.9
nothern BANK,3086,31-Dec-21,75056.9
nothern BANK,3087,31-Dec-21,15235.9
nothern BANK,3088,31-Dec-21,26865.2
nothern BANK,3089,31-Dec-21,79653.8
nothern BANK,3090,31-Dec-21,84153.4
nothern BANK,3091,31-Dec-21,48618.9
nothern BANK,3092,31-Dec-21,17542.9
nothern BANK,3093,31-Dec-21,24086.9
nothern BANK,3094,31-Dec-21,37554.3
nothern BANK,3096,31-Dec-21,40733.1
nothern BANK,3097,31-Dec-21,22908.5
nothern BANK,3098,31-Dec-21,31556.5
nothern BANK,3099,31-Dec-21,22666.1
nothern BANK,3100,31-Dec-21,34380.5
nothern BANK,3101,31-Dec-21,23464.7
nothern BANK,3102,31-Dec-21,23641.6
nothern BANK,3104,31-Dec-21,34421.4
nothern BANK,3106,31-Dec-21,99805.2
nothern BANK,3107,31-Dec-21,72439.3
nothern BANK,3108,31-Dec-21,16361.8
nothern BANK,3109,31-Dec-21,26938.7
nothern BANK,3110,31-Dec-21,25559.9
nothern BANK,3111,31-Dec-21,45719.8
nothern BANK,3112,31-Dec-21,75947.5
nothern BANK,3113,31-Dec-21,49495
nothern BANK,3114,31-Dec-21,88812.3
nothern BANK,3115,31-Dec-21,30442.9
nothern BANK,3116,31-Dec-21,54833.1
nothern BANK,3117,31-Dec-21,23069.3
nothern BANK,3118,31-Dec-21,28841.7
nothern BANK,3119,31-Dec-21,17307.2
nothern BANK,3120,31-Dec-21,29016.8
nothern BANK,3121,31-Dec-21,11499.4
nothern BANK,3122,31-Dec-21,31950
nothern BANK,3124,31-Dec-21,29147.8
nothern BANK,3125,31-Dec-21,30981.7
nothern BANK,3126,31-Dec-21,15133.2
nothern BANK,3127,31-Dec-21,78646.2
nothern BANK,3128,31-Dec-21,47329.1
nothern BANK,3129,31-Dec-21,25731.8
nothern BANK,3130,31-Dec-21,50604
nothern BANK,3131,31-Dec-21,48022.5
nothern BANK,3132,31-Dec-21,14646.4
nothern BANK,3133,31-Dec-21,27309
nothern BANK,3134,31-Dec-21,54309.6
nothern BANK,3135,31-Dec-21,61956.3
nothern BANK,3136,31-Dec-21,65415.1
nothern BANK,3137,31-Dec-21,26807.5
nothern BANK,3138,31-Dec-21,14189.9
nothern BANK,3139,31-Dec-21,11045.4
nothern BANK,3140,31-Dec-21,33146.8
nothern BANK,3141,31-Dec-21,49462.4
nothern BANK,3142,31-Dec-21,16938.9
nothern BANK,3143,31-Dec-21,40172.6
nothern BANK,3144,31-Dec-21,18352.6
nothern BANK,3145,31-Dec-21,40302.7
nothern BANK,3146,31-Dec-21,16197.6
nothern BANK,3147,31-Dec-21,49949.9
nothern BANK,3148,31-Dec-21,13803
nothern BANK,3149,31-Dec-21,42701.2
nothern BANK,3151,31-Dec-21,80577
nothern BANK,3152,31-Dec-21,21495.7
nothern BANK,3153,31-Dec-21,32181
nothern BANK,3154,31-Dec-21,51113.2
nothern BANK,3155,31-Dec-21,18371.4
nothern BANK,3157,31-Dec-21,45484.6
nothern BANK,3158,31-Dec-21,23346.8
nothern BANK,3160,31-Dec-21,56710.2
nothern BANK,3161,31-Dec-21,32043.2
nothern BANK,3162,31-Dec-21,47699.4
nothern BANK,3163,31-Dec-21,26049.1
nothern BANK,3164,31-Dec-21,15465.9
nothern BANK,3166,31-Dec-21,53234.9
nothern BANK,3167,31-Dec-21,55373.2
nothern BANK,3168,31-Dec-21,34408.1
nothern BANK,3170,31-Dec-21,40784.3
nothern BANK,3171,31-Dec-21,24612.4
nothern BANK,3172,31-Dec-21,14213.6
nothern BANK,3173,31-Dec-21,14934.4
nothern BANK,3175,31-Dec-21,18006.3
nothern BANK,3176,31-Dec-21,15621.5
nothern BANK,3177,31-Dec-21,30402.8
nothern BANK,3178,31-Dec-21,17932.1
nothern BANK,3179,31-Dec-21,31422.8
nothern BANK,3180,31-Dec-21,37533.4
nothern BANK,3181,31-Dec-21,55688.5
nothern BANK,3182,31-Dec-21,28603.5
nothern BANK,3183,31-Dec-21,23455.6
nothern BANK,3184,31-Dec-21,31361
nothern BANK,3185,31-Dec-21,47939.3
nothern BANK,3186,31-Dec-21,51829.4
nothern BANK,3188,31-Dec-21,32017.7
nothern BANK,3189,31-Dec-21,31539.4
nothern BANK,3190,31-Dec-21,39709.1
nothern BANK,3191,31-Dec-21,23171.2
nothern BANK,3192,31-Dec-21,38065
nothern BANK,3193,31-Dec-21,26788.8
nothern BANK,3194,31-Dec-21,24226.6
nothern BANK,3195,31-Dec-21,40396.9
nothern BANK,3196,31-Dec-21,49345.8
nothern BANK,3197,31-Dec-21,25123.1
nothern BANK,3199,31-Dec-21,39955.6
nothern BANK,3200,31-Dec-21,87554.4
nothern BANK,3201,31-Dec-21,34140.2
nothern BANK,3202,31-Dec-21,20026.9
nothern BANK,3203,31-Dec-21,20357.6
nothern BANK,3204,31-Dec-21,66583.7
nothern BANK,3205,31-Dec-21,24992
nothern BANK,3206,31-Dec-21,51522.8
nothern BANK,3208,31-Dec-21,75018.4
nothern BANK,3210,31-Dec-21,19177.2
nothern BANK,3211,31-Dec-21,17262.9
nothern BANK,3212,31-Dec-21,67610.7
nothern BANK,3213,31-Dec-21,16285.2
nothern BANK,3214,31-Dec-21,19774
nothern BANK,3216,31-Dec-21,29466.5
nothern BANK,3217,31-Dec-21,22958.2
nothern BANK,3218,31-Dec-21,20654.8
nothern BANK,3219,31-Dec-21,38260.5
nothern BANK,3220,31-Dec-21,50146.2
nothern BANK,3221,31-Dec-21,42536.8
nothern BANK,3222,31-Dec-21,22038.6
nothern BANK,3223,31-Dec-21,7654.6
nothern BANK,3224,31-Dec-21,37121
nothern BANK,3225,31-Dec-21,89283.2
nothern BANK,3226,31-Dec-21,21158.8
nothern BANK,3227,31-Dec-21,60674.2
nothern BANK,3228,31-Dec-21,60721.4
nothern BANK,3229,31-Dec-21,45277.8
nothern BANK,3230,31-Dec-21,44100
nothern BANK,3231,31-Dec-21,27366.6
nothern BANK,3232,31-Dec-21,11543.1
nothern BANK,3233,31-Dec-21,48085.6
nothern BANK,3234,31-Dec-21,16852.5
nothern BANK,3235,31-Dec-21,42261.3
nothern BANK,3236,31-Dec-21,23602.7
nothern BANK,3237,31-Dec-21,54067.7
nothern BANK,3238,31-Dec-21,28427.9
nothern BANK,3239,31-Dec-21,26699.8
nothern BANK,3240,31-Dec-21,3003.5
nothern BANK,3241,31-Dec-21,58753.9
nothern BANK,3242,31-Dec-21,23462.8
nothern BANK,3243,31-Dec-21,16047.9
nothern BANK,3244,31-Dec-21,17674.5
nothern BANK,3245,31-Dec-21,19416.4
nothern BANK,3246,31-Dec-21,18591.3
nothern BANK,3247,31-Dec-21,36312
nothern BANK,3248,31-Dec-21,17704.5
nothern BANK,3249,31-Dec-21,46707.1
nothern BANK,3250,31-Dec-21,12705.8
nothern BANK,3251,31-Dec-21,26846.4
nothern BANK,3252,31-Dec-21,24796.6
nothern BANK,3253,31-Dec-21,8046
nothern BANK,3254,31-Dec-21,22201.1
nothern BANK,3255,31-Dec-21,81533.5
nothern BANK,3256,31-Dec-21,27771.5
nothern BANK,3258,31-Dec-21,78532.1
nothern BANK,3259,31-Dec-21,50987.7
nothern BANK,3260,31-Dec-21,70245
nothern BANK,3261,31-Dec-21,25216.8
nothern BANK,3262,31-Dec-21,52450
nothern BANK,3263,31-Dec-21,35547.6
nothern BANK,3264,31-Dec-21,21899.4
nothern BANK,3265,31-Dec-21,89263
nothern BANK,3266,31-Dec-21,30769.7
nothern BANK,3267,31-Dec-21,39067
nothern BANK,3268,31-Dec-21,17125.6
nothern BANK,3269,31-Dec-21,46603.2
nothern BANK,3270,31-Dec-21,43694.6
nothern BANK,3271,31-Dec-21,15543
nothern BANK,3272,31-Dec-21,29838.7
nothern BANK,3273,31-Dec-21,-3289.3
nothern BANK,3274,31-Dec-21,43790.2
nothern BANK,3275,31-Dec-21,24654.9
nothern BANK,3277,31-Dec-21,34362.7
nothern BANK,3278,31-Dec-21,54200.9
nothern BANK,3279,31-Dec-21,36203.5
nothern BANK,3280,31-Dec-21,24780.1
nothern BANK,3281,31-Dec-21,23637.5
nothern BANK,3282,31-Dec-21,14920.7
nothern BANK,3283,31-Dec-21,17955.9
nothern BANK,3284,31-Dec-21,26565.2
nothern BANK,3285,31-Dec-21,22365.1
nothern BANK,3286,31-Dec-21,24281.4
nothern BANK,3287,31-Dec-21,53329.1
nothern BANK,3288,31-Dec-21,12992.4
nothern BANK,3289,31-Dec-21,43302.8
nothern BANK,3290,31-Dec-21,74520.1
nothern BANK,3291,31-Dec-21,25784
nothern BANK,3292,31-Dec-21,18217.3
nothern BANK,3293,31-Dec-21,41745.5
nothern BANK,3294,31-Dec-21,62109.3
nothern BANK,3296,31-Dec-21,101320.6
nothern BANK,3297,31-Dec-21,53411.4
nothern BANK,3298,31-Dec-21,55878.2
nothern BANK,3299,31-Dec-21,32036.5
nothern BANK,3300,31-Dec-21,50787
nothern BANK,3301,31-Dec-21,17363.7
nothern BANK,3302,31-Dec-21,47903.8
nothern BANK,3303,31-Dec-21,60511.7
nothern BANK,3304,31-Dec-21,31328.7
nothern BANK,3305,31-Dec-21,17656.9
nothern BANK,3306,31-Dec-21,43486.8
nothern BANK,3307,31-Dec-21,63172.8
nothern BANK,3308,31-Dec-21,24071.1
nothern BANK,3309,31-Dec-21,26302.2
nothern BANK,3310,31-Dec-21,13216
nothern BANK,3311,31-Dec-21,55474.6
nothern BANK,3312,31-Dec-21,37212.8
nothern BANK,3314,31-Dec-21,29513.1
nothern BANK,3315,31-Dec-21,67632
nothern BANK,3316,31-Dec-21,27562.2
nothern BANK,3317,31-Dec-21,14697.1
nothern BANK,3318,31-Dec-21,13496
nothern BANK,3319,31-Dec-21,51735.5
nothern BANK,3320,31-Dec-21,20358.8
nothern BANK,3321,31-Dec-21,40626.9
nothern BANK,3322,31-Dec-21,56218.3
nothern BANK,3323,31-Dec-21,50769.5
nothern BANK,3324,31-Dec-21,28450.3
nothern BANK,3325,31-Dec-21,86723.6
nothern BANK,3326,31-Dec-21,507.9
nothern BANK,3327,31-Dec-21,50653.7
nothern BANK,3328,31-Dec-21,25757.5
nothern BANK,3329,31-Dec-21,23834.9
nothern BANK,3330,31-Dec-21,28682.3
nothern BANK,3331,31-Dec-21,30368.8
nothern BANK,3332,31-Dec-21,34823.6
nothern BANK,3333,31-Dec-21,10807.3
nothern BANK,3334,31-Dec-21,26606.8
nothern BANK,3335,31-Dec-21,26323.3
nothern BANK,3336,31-Dec-21,21816.8
nothern BANK,3337,31-Dec-21,46925.5
nothern BANK,3338,31-Dec-21,14964.7
nothern BANK,3339,31-Dec-21,23508.6
nothern BANK,3342,31-Dec-21,53156
nothern BANK,3343,31-Dec-21,79762.9
nothern BANK,3344,31-Dec-21,102855.8
nothern BANK,3345,31-Dec-21,3908.1
nothern BANK,3346,31-Dec-21,41506
nothern BANK,3347,31-Dec-21,16726.7
nothern BANK,3348,31-Dec-21,63161.7
nothern BANK,3349,31-Dec-21,30094.7
nothern BANK,3350,31-Dec-21,21832.1
nothern BANK,3351,31-Dec-21,36418.7
nothern BANK,3352,31-Dec-21,16029.8
nothern BANK,3353,31-Dec-21,59793.7
nothern BANK,3354,31-Dec-21,22114.1
nothern BANK,3355,31-Dec-21,53524.8
nothern BANK,3357,31-Dec-21,26255.3
nothern BANK,3358,31-Dec-21,24143.5
nothern BANK,3359,31-Dec-21,33408.8
nothern BANK,3360,31-Dec-21,22561
nothern BANK,3361,31-Dec-21,63280.8
nothern BANK,3362,31-Dec-21,31558.5
nothern BANK,3363,31-Dec-21,32237
nothern BANK,3364,31-Dec-21,72947.8
nothern BANK,3366,31-Dec-21,43410.7
nothern BANK,3367,31-Dec-21,54767.9
nothern BANK,3368,31-Dec-21,64514
nothern BANK,3369,31-Dec-21,38891.1
nothern BANK,3370,31-Dec-21,31434.1
nothern BANK,3371,31-Dec-21,19823.8
nothern BANK,3372,31-Dec-21,89358.8
nothern BANK,3373,31-Dec-21,24851.3
nothern BANK,3374,31-Dec-21,34348.4
nothern BANK,3375,31-Dec-21,61408.5
nothern BANK,3376,31-Dec-21,19958.6
nothern BANK,3377,31-Dec-21,34559.1
nothern BANK,3378,31-Dec-21,32500.6
nothern BANK,3379,31-Dec-21,37683.4
nothern BANK,3380,31-Dec-21,20881.6
nothern BANK,3381,31-Dec-21,47711.8
nothern BANK,3383,31-Dec-21,30705
nothern BANK,3384,31-Dec-21,41233.5
nothern BANK,3386,31-Dec-21,102853.1
nothern BANK,3387,31-Dec-21,39492
nothern BANK,3389,31-Dec-21,69493.9
nothern BANK,3390,31-Dec-21,47371.4
nothern BANK,3391,31-Dec-21,73297.5
nothern BANK,3392,31-Dec-21,21116.8
nothern BANK,3393,31-Dec-21,20726.5
nothern BANK,3394,31-Dec-21,21601.6
nothern BANK,3395,31-Dec-21,60121.1
nothern BANK,3396,31-Dec-21,22953
nothern BANK,3397,31-Dec-21,31074.6
nothern BANK,3398,31-Dec-21,28612.8
nothern BANK,3399,31-Dec-21,30610.6
nothern BANK,3401,31-Dec-21,35287.6
nothern BANK,3402,31-Dec-21,71705.9
nothern BANK,3403,31-Dec-21,71249.9
nothern BANK,3404,31-Dec-21,48866.9
nothern BANK,3405,31-Dec-21,46383.1
nothern BANK,3406,31-Dec-21,7213.6
nothern BANK,3407,31-Dec-21,9712.2
nothern BANK,3408,31-Dec-21,18523
nothern BANK,3409,31-Dec-21,14361.6
nothern BANK,3410,31-Dec-21,27082.2
nothern BANK,3411,31-Dec-21,63607.6
nothern BANK,3412,31-Dec-21,14315.2
nothern BANK,3413,31-Dec-21,100648.4
nothern BANK,3417,31-Dec-21,14844.8
nothern BANK,3418,31-Dec-21,30164.3
nothern BANK,3419,31-Dec-21,27281.4
nothern BANK,3421,31-Dec-21,70628
nothern BANK,3422,31-Dec-21,44099.2
nothern BANK,3423,31-Dec-21,24516.3
nothern BANK,3424,31-Dec-21,87037.6
nothern BANK,3425,31-Dec-21,46032.4
nothern BANK,3426,31-Dec-21,48300.2
nothern BANK,3427,31-Dec-21,58416.6
nothern BANK,3428,31-Dec-21,47698.1
nothern BANK,3429,31-Dec-21,37220.4
nothern BANK,3430,31-Dec-21,24515.6
nothern BANK,3431,31-Dec-21,32975.1
nothern BANK,3432,31-Dec-21,17123.5
nothern BANK,3433,31-Dec-21,18616.2
nothern BANK,3434,31-Dec-21,18161.7
nothern BANK,3435,31-Dec-21,26026.9
nothern BANK,3436,31-Dec-21,28451.9
nothern BANK,3437,31-Dec-21,87432
nothern BANK,3438,31-Dec-21,21961.6
nothern BANK,3439,31-Dec-21,28772.7
nothern BANK,3440,31-Dec-21,40391.7
nothern BANK,3442,31-Dec-21,19526.5
nothern BANK,3443,31-Dec-21,19492.5
nothern BANK,3444,31-Dec-21,62130.4
nothern BANK,3445,31-Dec-21,47385.4
nothern BANK,3446,31-Dec-21,36984.5
nothern BANK,3448,31-Dec-21,18741.7
nothern BANK,3449,31-Dec-21,54350.7
nothern BANK,3450,31-Dec-21,47032.2
nothern BANK,3451,31-Dec-21,17299.4
nothern BANK,3452,31-Dec-21,25424.1
nothern BANK,3453,31-Dec-21,21614.4
nothern BANK,3454,31-Dec-21,23129.7
nothern BANK,3455,31-Dec-21,74668.8
nothern BANK,3456,31-Dec-21,48669
nothern BANK,3457,31-Dec-21,20857.2
nothern BANK,3458,31-Dec-21,20773.4
nothern BANK,3459,31-Dec-21,40681.3
nothern BANK,3460,31-Dec-21,66096.2
nothern BANK,3462,31-Dec-21,23417.7
nothern BANK,3463,31-Dec-21,33128.8
nothern BANK,3464,31-Dec-21,30551.1
nothern BANK,3465,31-Dec-21,64382.9
nothern BANK,3466,31-Dec-21,87195.5
nothern BANK,3467,31-Dec-21,69311.3
nothern BANK,3468,31-Dec-21,57234.5
nothern BANK,3469,31-Dec-21,32548.3
nothern BANK,3470,31-Dec-21,35980.4
nothern BANK,3471,31-Dec-21,54610.7
nothern BANK,3472,31-Dec-21,53867.3
nothern BANK,3474,31-Dec-21,24274.5
nothern BANK,3476,31-Dec-21,39499.7
nothern BANK,3477,31-Dec-21,17922.1
nothern BANK,3478,31-Dec-21,36707.7
nothern BANK,3479,31-Dec-21,49720
nothern BANK,3480,31-Dec-21,42544.4
nothern BANK,3482,31-Dec-21,15248.2
nothern BANK,3483,31-Dec-21,20231.5
nothern BANK,3484,31-Dec-21,62868.1
nothern BANK,3485,31-Dec-21,37614.8
nothern BANK,3486,31-Dec-21,35709.9
nothern BANK,3487,31-Dec-21,68314.6
nothern BANK,3489,31-Dec-21,38842.1
nothern BANK,3491,31-Dec-21,30202
nothern BANK,3492,31-Dec-21,44468.5
nothern BANK,3493,31-Dec-21,34600.1
nothern BANK,3494,31-Dec-21,27449.8
nothern BANK,3495,31-Dec-21,102512.1
nothern BANK,3496,31-Dec-21,59462.6
nothern BANK,3497,31-Dec-21,47293.1
nothern BANK,3498,31-Dec-21,27137.1
nothern BANK,3499,31-Dec-21,39875.6
nothern BANK,3502,31-Dec-21,52618.3
nothern BANK,3503,31-Dec-21,61737.8
nothern BANK,3504,31-Dec-21,22038.7
nothern BANK,3505,31-Dec-21,88875.3
nothern BANK,3506,31-Dec-21,35928
nothern BANK,3507,31-Dec-21,56313.4
nothern BANK,3508,31-Dec-21,45070.3
nothern BANK,3509,31-Dec-21,43551.1
nothern BANK,3510,31-Dec-21,75824
nothern BANK,3511,31-Dec-21,24660.6
nothern BANK,3513,31-Dec-21,65408.3
nothern BANK,3514,31-Dec-21,27711.4
nothern BANK,3515,31-Dec-21,15917.1
nothern BANK,3517,31-Dec-21,28739.3
nothern BANK,3518,31-Dec-21,26606.9
nothern BANK,3519,31-Dec-21,32006.6
nothern BANK,3520,31-Dec-21,25289
nothern BANK,3521,31-Dec-21,76901.5
nothern BANK,3522,31-Dec-21,12761.6
nothern BANK,3524,31-Dec-21,16099.4
nothern BANK,3525,31-Dec-21,19407.4
nothern BANK,3526,31-Dec-21,47767.2
nothern BANK,3527,31-Dec-21,81570.5
nothern BANK,3528,31-Dec-21,29284.4
nothern BANK,3529,31-Dec-21,63781.1
nothern BANK,3530,31-Dec-21,12360.5
nothern BANK,3531,31-Dec-21,25291.4
nothern BANK,3532,31-Dec-21,42653.3
nothern BANK,3533,31-Dec-21,30411.9
nothern BANK,3534,31-Dec-21,52383.7
nothern BANK,3535,31-Dec-21,19314.2
nothern BANK,3536,31-Dec-21,16551.9
nothern BANK,3537,31-Dec-21,33886
nothern BANK,3538,31-Dec-21,43509.6
nothern BANK,3539,31-Dec-21,34388.1
nothern BANK,3540,31-Dec-21,33131.5
nothern BANK,3541,31-Dec-21,21304.7
nothern BANK,3542,31-Dec-21,29639.5
nothern BANK,3543,31-Dec-21,22051.4
nothern BANK,3544,31-Dec-21,29448.8
nothern BANK,3545,31-Dec-21,35749
nothern BANK,3546,31-Dec-21,71756.3
nothern BANK,3547,31-Dec-21,22853.8
nothern BANK,3548,31-Dec-21,27308.9
nothern BANK,3549,31-Dec-21,18548.6
nothern BANK,3550,31-Dec-21,32263.2
nothern BANK,3551,31-Dec-21,30851.9
nothern BANK,3552,31-Dec-21,68062.1
nothern BANK,3553,31-Dec-21,25171.7
nothern BANK,3554,31-Dec-21,42200.4
nothern BANK,3555,31-Dec-21,25234.8
nothern BANK,3556,31-Dec-21,47186.5
nothern BANK,3557,31-Dec-21,22416.1
nothern BANK,3558,31-Dec-21,60620.2
nothern BANK,3559,31-Dec-21,53962.3
nothern BANK,3560,31-Dec-21,12843.6
nothern BANK,3562,31-Dec-21,62675.7
nothern BANK,3563,31-Dec-21,36751.9
nothern BANK,3564,31-Dec-21,35516.6
nothern BANK,3565,31-Dec-21,27205.9
nothern BANK,3566,31-Dec-21,21233.3
nothern BANK,3567,31-Dec-21,56949.6
nothern BANK,3568,31-Dec-21,14561.4
nothern BANK,3569,31-Dec-21,20901.9
nothern BANK,3570,31-Dec-21,44498.8
nothern BANK,3571,31-Dec-21,26206.6
nothern BANK,3572,31-Dec-21,29646.8
nothern BANK,3573,31-Dec-21,28911.4
nothern BANK,3574,31-Dec-21,26091.7
nothern BANK,3575,31-Dec-21,34060.7
nothern BANK,3576,31-Dec-21,27274.4
nothern BANK,3577,31-Dec-21,36465.9
nothern BANK,3578,31-Dec-21,60161.8
nothern BANK,3579,31-Dec-21,66661.5
nothern BANK,3580,31-Dec-21,65797.5
nothern BANK,3581,31-Dec-21,20127.2
nothern BANK,3582,31-Dec-21,24700.2
nothern BANK,3583,31-Dec-21,22053.6
nothern BANK,3584,31-Dec-21,64559
nothern BANK,3585,31-Dec-21,30306.9
nothern BANK,3586,31-Dec-21,63739.9
nothern BANK,3587,31-Dec-21,20549.9
nothern BANK,3588,31-Dec-21,17814.1
nothern BANK,3589,31-Dec-21,56787.7
nothern BANK,3590,31-Dec-21,29366.2
nothern BANK,3591,31-Dec-21,36738.6
nothern BANK,3592,31-Dec-21,22457.3
nothern BANK,3593,31-Dec-21,26253.7
nothern BANK,3594,31-Dec-21,14610.1
nothern BANK,3595,31-Dec-21,17795.4
nothern BANK,3596,31-Dec-21,58819.6
nothern BANK,3597,31-Dec-21,60186.5
nothern BANK,3598,31-Dec-21,43001.3
nothern BANK,3599,31-Dec-21,30679.2
nothern BANK,3600,31-Dec-21,39254.7
nothern BANK,3601,31-Dec-21,33019.3
nothern BANK,3602,31-Dec-21,48589
nothern BANK,3603,31-Dec-21,50434
nothern BANK,3604,31-Dec-21,30840.5
nothern BANK,3605,31-Dec-21,16406.4
nothern BANK,3606,31-Dec-21,49101.5
nothern BANK,3608,31-Dec-21,102746.8
nothern BANK,3609,31-Dec-21,77408.4
nothern BANK,3612,31-Dec-21,60439.1
nothern BANK,3613,31-Dec-21,22546.1
nothern BANK,3614,31-Dec-21,30772.3
nothern BANK,3615,31-Dec-21,23542.6
nothern BANK,3617,31-Dec-21,71648.6
nothern BANK,3618,31-Dec-21,81845.9
nothern BANK,3620,31-Dec-21,24309.6
nothern BANK,3621,31-Dec-21,25211.2
nothern BANK,3622,31-Dec-21,27371.7
nothern BANK,3623,31-Dec-21,17879.1
nothern BANK,3624,31-Dec-21,9152.8
nothern BANK,3625,31-Dec-21,20340.2
nothern BANK,3626,31-Dec-21,40764.1
nothern BANK,3628,31-Dec-21,56939.8
nothern BANK,3629,31-Dec-21,31660.5
nothern BANK,3631,31-Dec-21,48087.4
nothern BANK,3632,31-Dec-21,13813.7
nothern BANK,3633,31-Dec-21,37232.6
nothern BANK,3634,31-Dec-21,59701.6
nothern BANK,3635,31-Dec-21,20961.7
nothern BANK,3636,31-Dec-21,63666
nothern BANK,3637,31-Dec-21,57668.6
nothern BANK,3638,31-Dec-21,44270
nothern BANK,3639,31-Dec-21,15267.4
nothern BANK,3640,31-Dec-21,20857.9
nothern BANK,3641,31-Dec-21,22136.7
nothern BANK,3644,31-Dec-21,19223.5
nothern BANK,3645,31-Dec-21,34582
nothern BANK,3646,31-Dec-21,85470.2
nothern BANK,3647,31-Dec-21,55316.9
nothern BANK,3648,31-Dec-21,32302.1
nothern BANK,3649,31-Dec-21,39782.6
nothern BANK,3650,31-Dec-21,46283.1
nothern BANK,3651,31-Dec-21,41341.8
nothern BANK,3652,31-Dec-21,22164
nothern BANK,3653,31-Dec-21,46942.1
nothern BANK,3654,31-Dec-21,93409.7
nothern BANK,3655,31-Dec-21,28434
nothern BANK,3656,31-Dec-21,36474.6
nothern BANK,3658,31-Dec-21,37067.1
nothern BANK,3659,31-Dec-21,41477.8
nothern BANK,3660,31-Dec-21,13740.4
nothern BANK,3661,31-Dec-21,18899.6
nothern BANK,3662,31-Dec-21,53228.8
nothern BANK,3663,31-Dec-21,56701.8
nothern BANK,3664,31-Dec-21,96322.3
nothern BANK,3665,31-Dec-21,30625.2
nothern BANK,3667,31-Dec-21,18373.6
nothern BANK,3669,31-Dec-21,23341.6
nothern BANK,3670,31-Dec-21,20433.9
nothern BANK,3672,31-Dec-21,86640.9
nothern BANK,3673,31-Dec-21,29322.1
nothern BANK,3674,31-Dec-21,42500.5
nothern BANK,3675,31-Dec-21,60944.3
nothern BANK,3676,31-Dec-21,15264.2
nothern BANK,3677,31-Dec-21,14645.9
nothern BANK,3678,31-Dec-21,-2963.3
nothern BANK,3679,31-Dec-21,36131.2
nothern BANK,3680,31-Dec-21,31621.2
nothern BANK,3681,31-Dec-21,49609.3
nothern BANK,3682,31-Dec-21,50524.6
nothern BANK,3683,31-Dec-21,62840.1
nothern BANK,3684,31-Dec-21,24369
nothern BANK,3686,31-Dec-21,14575
nothern BANK,3687,31-Dec-21,49085.4
nothern BANK,3688,31-Dec-21,39051.5
nothern BANK,3689,31-Dec-21,8142.7
nothern BANK,3690,31-Dec-21,53108.7
nothern BANK,3691,31-Dec-21,17705.9
nothern BANK,3692,31-Dec-21,23823.3
nothern BANK,3693,31-Dec-21,102104.7
nothern BANK,3694,31-Dec-21,49215.7
nothern BANK,3695,31-Dec-21,28916.2
nothern BANK,3696,31-Dec-21,51503.9
nothern BANK,3697,31-Dec-21,34139.2
nothern BANK,3698,31-Dec-21,19267.8
nothern BANK,3699,31-Dec-21,18296.6
nothern BANK,3700,31-Dec-21,41237.6
nothern BANK,3701,31-Dec-21,42029.3
nothern BANK,3702,31-Dec-21,58638.9
nothern BANK,3703,31-Dec-21,12650.2
nothern BANK,3704,31-Dec-21,38587.7
nothern BANK,3705,31-Dec-21,57533.4
nothern BANK,3706,31-Dec-21,24214.9
nothern BANK,3708,31-Dec-21,70053
nothern BANK,3709,31-Dec-21,42834.9
nothern BANK,3710,31-Dec-21,44120.1
nothern BANK,3711,31-Dec-21,96130.3
nothern BANK,3712,31-Dec-21,16777.9
nothern BANK,3713,31-Dec-21,81548.4
nothern BANK,3714,31-Dec-21,92840.4
nothern BANK,3717,31-Dec-21,20056.4
nothern BANK,3718,31-Dec-21,34079.4
nothern BANK,3719,31-Dec-21,34738.5
nothern BANK,3720,31-Dec-21,53071.4
nothern BANK,3721,31-Dec-21,26045.1
nothern BANK,3722,31-Dec-21,19424.4
nothern BANK,3723,31-Dec-21,56610.6
nothern BANK,3724,31-Dec-21,72939.2
nothern BANK,3725,31-Dec-21,58727.4
nothern BANK,3726,31-Dec-21,22220.2
nothern BANK,3727,31-Dec-21,75999
nothern BANK,3728,31-Dec-21,22570
nothern BANK,3729,31-Dec-21,14875.3
nothern BANK,3730,31-Dec-21,47381
nothern BANK,3731,31-Dec-21,22535.9
nothern BANK,3732,31-Dec-21,24049.6
nothern BANK,3733,31-Dec-21,99643.6
nothern BANK,3734,31-Dec-21,6155.8
nothern BANK,3735,31-Dec-21,87798.3
nothern BANK,3736,31-Dec-21,36628
nothern BANK,3737,31-Dec-21,33900.6
nothern BANK,3738,31-Dec-21,58811.7
nothern BANK,3739,31-Dec-21,37967.4
nothern BANK,3741,31-Dec-21,31042.7
nothern BANK,3742,31-Dec-21,22009.7
nothern BANK,3743,31-Dec-21,66126.4
nothern BANK,3745,31-Dec-21,91425
nothern BANK,3746,31-Dec-21,71672.1
nothern BANK,3747,31-Dec-21,20008.9
nothern BANK,3748,31-Dec-21,19763.8
nothern BANK,3749,31-Dec-21,71697.4
nothern BANK,3750,31-Dec-21,72827.4
nothern BANK,3751,31-Dec-21,27021
nothern BANK,3752,31-Dec-21,55567.3
nothern BANK,3753,31-Dec-21,48523.2
nothern BANK,3754,31-Dec-21,53407.9
nothern BANK,3755,31-Dec-21,82869.5
nothern BANK,3756,31-Dec-21,49702.7
nothern BANK,3757,31-Dec-21,49784.7
nothern BANK,3758,31-Dec-21,52836.5
nothern BANK,3759,31-Dec-21,28734.1
nothern BANK,3760,31-Dec-21,80756.8
nothern BANK,3763,31-Dec-21,36520.4
nothern BANK,3764,31-Dec-21,38714.3
nothern BANK,3765,31-Dec-21,13266.5
nothern BANK,3766,31-Dec-21,44291.8
nothern BANK,3767,31-Dec-21,47303.1
nothern BANK,3768,31-Dec-21,27509.9
nothern BANK,3769,31-Dec-21,28422
nothern BANK,3770,31-Dec-21,59778.3
nothern BANK,3771,31-Dec-21,60752.3
nothern BANK,3772,31-Dec-21,64670.7
nothern BANK,3773,31-Dec-21,26867
nothern BANK,3774,31-Dec-21,33532.9
nothern BANK,3775,31-Dec-21,19556.1
nothern BANK,3776,31-Dec-21,75182.9
nothern BANK,3777,31-Dec-21,26472
nothern BANK,3778,31-Dec-21,94614.6
nothern BANK,3779,31-Dec-21,42715.1
nothern BANK,3780,31-Dec-21,11672.5
nothern BANK,3781,31-Dec-21,66689.6
nothern BANK,3782,31-Dec-21,33571.3
nothern BANK,3783,31-Dec-21,28383.3
nothern BANK,3784,31-Dec-21,20348.6
nothern BANK,3785,31-Dec-21,96696.3
nothern BANK,3786,31-Dec-21,27609.9
nothern BANK,3787,31-Dec-21,55700.2
nothern BANK,3788,31-Dec-21,78457.7
nothern BANK,3789,31-Dec-21,23784
nothern BANK,3790,31-Dec-21,35009.5
nothern BANK,3791,31-Dec-21,42520.3
nothern BANK,3792,31-Dec-21,14478
nothern BANK,3793,31-Dec-21,32389.4
nothern BANK,3794,31-Dec-21,35180.7
nothern BANK,3795,31-Dec-21,63200.2
nothern BANK,3796,31-Dec-21,65345.8
nothern BANK,3797,31-Dec-21,26911.4
nothern BANK,3798,31-Dec-21,39211.1
nothern BANK,3799,31-Dec-21,50882.9
nothern BANK,3800,31-Dec-21,16950.8
nothern BANK,3801,31-Dec-21,38160.3
nothern BANK,3802,31-Dec-21,26207.7
nothern BANK,3803,31-Dec-21,28583.1
nothern BANK,3804,31-Dec-21,37107.6
nothern BANK,3805,31-Dec-21,40661.3
nothern BANK,3806,31-Dec-21,32483
nothern BANK,3807,31-Dec-21,66247.3
nothern BANK,3808,31-Dec-21,40592.1
nothern BANK,3809,31-Dec-21,39320.8
nothern BANK,3810,31-Dec-21,44336.6
nothern BANK,3811,31-Dec-21,32022.5
nothern BANK,3812,31-Dec-21,35495.1
nothern BANK,3813,31-Dec-21,40054.4
nothern BANK,3815,31-Dec-21,92515.9
nothern BANK,3817,31-Dec-21,26044.8
nothern BANK,3818,31-Dec-21,68663.2
nothern BANK,3819,31-Dec-21,27385.5
nothern BANK,3820,31-Dec-21,61608.8
nothern BANK,3821,31-Dec-21,19773.3
nothern BANK,3822,31-Dec-21,30909.8
nothern BANK,3823,31-Dec-21,16146.2
nothern BANK,3824,31-Dec-21,28086.1
nothern BANK,3825,31-Dec-21,14249
nothern BANK,3826,31-Dec-21,41395.9
nothern BANK,3827,31-Dec-21,27245.6
nothern BANK,3830,31-Dec-21,36456.7
nothern BANK,3832,31-Dec-21,27519.8
nothern BANK,3833,31-Dec-21,34757.6
nothern BANK,3834,31-Dec-21,24812.5
nothern BANK,3835,31-Dec-21,37341.2
nothern BANK,3836,31-Dec-21,35183.8
nothern BANK,3837,31-Dec-21,68959.2
nothern BANK,3838,31-Dec-21,27778.4
nothern BANK,3839,31-Dec-21,86473.6
nothern BANK,3840,31-Dec-21,37011.2
nothern BANK,3841,31-Dec-21,36265.2
nothern BANK,3842,31-Dec-21,32173.9
nothern BANK,3843,31-Dec-21,12796.7
nothern BANK,3844,31-Dec-21,20692.6
nothern BANK,3845,31-Dec-21,18836.5
nothern BANK,3846,31-Dec-21,11627.1
nothern BANK,3847,31-Dec-21,41972.8
nothern BANK,3848,31-Dec-21,47806.3
nothern BANK,3849,31-Dec-21,70303
nothern BANK,3850,31-Dec-21,47796
nothern BANK,3851,31-Dec-21,33098.8
nothern BANK,3854,31-Dec-21,21034.3
nothern BANK,3855,31-Dec-21,40047.7
nothern BANK,3856,31-Dec-21,17215.2
nothern BANK,3858,31-Dec-21,22978.4
nothern BANK,3859,31-Dec-21,211.7
nothern BANK,3860,31-Dec-21,22153.4
nothern BANK,3861,31-Dec-21,59386.7
nothern BANK,3862,31-Dec-21,74737.1
nothern BANK,3863,31-Dec-21,26877.1
nothern BANK,3864,31-Dec-21,28654.8
nothern BANK,3865,31-Dec-21,61988.5
nothern BANK,3867,31-Dec-21,35818.4
nothern BANK,3868,31-Dec-21,21935.2
nothern BANK,3869,31-Dec-21,82956.6
nothern BANK,3870,31-Dec-21,19887.8
nothern BANK,3871,31-Dec-21,40219.9
nothern BANK,3872,31-Dec-21,24557.6
nothern BANK,3874,31-Dec-21,31856.1
nothern BANK,3875,31-Dec-21,60157.3
nothern BANK,3876,31-Dec-21,30249.8
nothern BANK,3877,31-Dec-21,60919.5
nothern BANK,3878,31-Dec-21,21377.3
nothern BANK,3880,31-Dec-21,32646.6
nothern BANK,3881,31-Dec-21,26301.9
nothern BANK,3882,31-Dec-21,24870.3
nothern BANK,3883,31-Dec-21,53817.2
nothern BANK,3884,31-Dec-21,10881.4
nothern BANK,3885,31-Dec-21,23357.4
nothern BANK,3886,31-Dec-21,27102.6
nothern BANK,3887,31-Dec-21,47239.1
nothern BANK,3889,31-Dec-21,15876.7
nothern BANK,3890,31-Dec-21,39895.4
nothern BANK,3891,31-Dec-21,54760
nothern BANK,3892,31-Dec-21,6745.7
nothern BANK,3893,31-Dec-21,19858.7
nothern BANK,3894,31-Dec-21,35763
nothern BANK,3895,31-Dec-21,19568.1
nothern BANK,3896,31-Dec-21,72431.3
nothern BANK,3897,31-Dec-21,51490.8
nothern BANK,3898,31-Dec-21,46563.2
nothern BANK,3899,31-Dec-21,72231.5
nothern BANK,3901,31-Dec-21,50932.8
nothern BANK,3902,31-Dec-21,15356.1
nothern BANK,3903,31-Dec-21,45665.8
nothern BANK,3904,31-Dec-21,22959.9
nothern BANK,3905,31-Dec-21,71858.1
nothern BANK,3906,31-Dec-21,88457.5
nothern BANK,3907,31-Dec-21,2829.4
nothern BANK,3908,31-Dec-21,25797.7
nothern BANK,3909,31-Dec-21,54363
nothern BANK,3910,31-Dec-21,12577.5
nothern BANK,3912,31-Dec-21,27801.1
nothern BANK,3913,31-Dec-21,36363.2
nothern BANK,3914,31-Dec-21,63814.2
nothern BANK,3915,31-Dec-21,52308.4
nothern BANK,3916,31-Dec-21,32474.9
nothern BANK,3917,31-Dec-21,45141.4
nothern BANK,3918,31-Dec-21,34055.8
nothern BANK,3919,31-Dec-21,39754.9
nothern BANK,3920,31-Dec-21,37352.4
nothern BANK,3921,31-Dec-21,44376.7
nothern BANK,3923,31-Dec-21,106291.7
nothern BANK,3924,31-Dec-21,20246.4
nothern BANK,3925,31-Dec-21,36553.9
nothern BANK,3926,31-Dec-21,44172
nothern BANK,3927,31-Dec-21,41887.1
nothern BANK,3928,31-Dec-21,44028.5
nothern BANK,3930,31-Dec-21,32119
nothern BANK,3931,31-Dec-21,60066.6
nothern BANK,3932,31-Dec-21,16082.2
nothern BANK,3933,31-Dec-21,70959.6
nothern BANK,3935,31-Dec-21,30488.5
nothern BANK,3936,31-Dec-21,33742.2
nothern BANK,3937,31-Dec-21,26599.4
nothern BANK,3938,31-Dec-21,53596.3
nothern BANK,3939,31-Dec-21,30333.4
nothern BANK,3940,31-Dec-21,30141.8
nothern BANK,3941,31-Dec-21,19104.4
nothern BANK,3942,31-Dec-21,35254.2
nothern BANK,3943,31-Dec-21,22156.8
nothern BANK,3944,31-Dec-21,42738.2
nothern BANK,3945,31-Dec-21,35841.5
nothern BANK,3946,31-Dec-21,23630.8
nothern BANK,3947,31-Dec-21,40654.5
nothern BANK,3948,31-Dec-21,45887.5
nothern BANK,3949,31-Dec-21,29742.6
nothern BANK,3950,31-Dec-21,47032.6
nothern BANK,3951,31-Dec-21,15068.4
nothern BANK,3952,31-Dec-21,23141.8
nothern BANK,3953,31-Dec-21,47249.7
nothern BANK,3954,31-Dec-21,28716.8
nothern BANK,3955,31-Dec-21,49927
nothern BANK,3956,31-Dec-21,50894.7
nothern BANK,3957,31-Dec-21,64905.4
nothern BANK,3959,31-Dec-21,33203.2
nothern BANK,3960,31-Dec-21,21376.5
nothern BANK,3961,31-Dec-21,16551.5
nothern BANK,3963,31-Dec-21,31576.9
nothern BANK,3964,31-Dec-21,13783.9
nothern BANK,3965,31-Dec-21,45576.6
nothern BANK,3966,31-Dec-21,19286.8
nothern BANK,3967,31-Dec-21,70901.8
nothern BANK,3968,31-Dec-21,69102.9
nothern BANK,3969,31-Dec-21,29382.6
nothern BANK,3970,31-Dec-21,61748
nothern BANK,3971,31-Dec-21,77625.4
nothern BANK,3972,31-Dec-21,58511.5
nothern BANK,3973,31-Dec-21,28801.6
nothern BANK,3974,31-Dec-21,39402.9
nothern BANK,3975,31-Dec-21,23159.6
nothern BANK,3976,31-Dec-21,8985.2
nothern BANK,3977,31-Dec-21,17218.9
nothern BANK,3978,31-Dec-21,55743.9
nothern BANK,3979,31-Dec-21,30350.9
nothern BANK,3980,31-Dec-21,67110.8
nothern BANK,3981,31-Dec-21,21542.3
nothern BANK,3982,31-Dec-21,39082
nothern BANK,3983,31-Dec-21,33837.4
nothern BANK,3984,31-Dec-21,19227.4
nothern BANK,3985,31-Dec-21,11676.4
nothern BANK,3986,31-Dec-21,28560.6
nothern BANK,3987,31-Dec-21,37620.6
nothern BANK,3988,31-Dec-21,31026.6
nothern BANK,3989,31-Dec-21,25245.9
nothern BANK,3990,31-Dec-21,69862.6
nothern BANK,3991,31-Dec-21,20529.2
nothern BANK,3993,31-Dec-21,63745.2
nothern BANK,3994,31-Dec-21,56593.3
nothern BANK,3995,31-Dec-21,40193.9
nothern BANK,3996,31-Dec-21,24129.6
nothern BANK,3997,31-Dec-21,23383.8
nothern BANK,3998,31-Dec-21,26446.8
nothern BANK,3999,31-Dec-21,88937
nothern BANK,4000,31-Dec-21,81977.2
nothern BANK,4001,31-Dec-21,21656.7
nothern BANK,4003,31-Dec-21,99214
nothern BANK,4009,31-Dec-21,90284.8
nothern BANK,4010,31-Dec-21,47164.8
nothern BANK,4013,31-Dec-21,39148.9
nothern BANK,4014,31-Dec-21,40329.1
nothern BANK,4026,31-Dec-21,51135.6
nothern BANK,4033,31-Dec-21,33529.3
nothern BANK,4034,31-Dec-21,58918
nothern BANK,4035,31-Dec-21,47613.2
nothern BANK,4047,31-Dec-21,32505.6
nothern BANK,4052,31-Dec-21,51314.5
nothern BANK,4055,31-Dec-21,32171.8
nothern BANK,4059,31-Dec-21,4679.4
nothern BANK,4066,31-Dec-21,42888.2
nothern BANK,4069,31-Dec-21,41141
nothern BANK,4071,31-Dec-21,20934
nothern BANK,4078,31-Dec-21,105238.3
nothern BANK,4079,31-Dec-21,24526.8
nothern BANK,4081,31-Dec-21,11017.4
nothern BANK,4082,31-Dec-21,58563.1
nothern BANK,4086,31-Dec-21,26497.8
nothern BANK,4088,31-Dec-21,43237.9
nothern BANK,4091,31-Dec-21,52561.3
nothern BANK,4092,31-Dec-21,62796.6
nothern BANK,4093,31-Dec-21,15497.3
nothern BANK,4099,31-Dec-21,31549.8
nothern BANK,4102,31-Dec-21,78855
nothern BANK,4103,31-Dec-21,6870.7
nothern BANK,4105,31-Dec-21,36600.4
nothern BANK,4109,31-Dec-21,49759.5
nothern BANK,4116,31-Dec-21,31881.5
nothern BANK,4119,31-Dec-21,46275.7
nothern BANK,4121,31-Dec-21,16624
nothern BANK,4127,31-Dec-21,-2886.4
nothern BANK,4128,31-Dec-21,66053
nothern BANK,4130,31-Dec-21,8795.6
nothern BANK,4131,31-Dec-21,109908.4
nothern BANK,4132,31-Dec-21,27803.7
nothern BANK,4134,31-Dec-21,32386.1
nothern BANK,4140,31-Dec-21,32493
nothern BANK,4143,31-Dec-21,69648.8
nothern BANK,4144,31-Dec-21,27884
nothern BANK,4150,31-Dec-21,66568.9
nothern BANK,4156,31-Dec-21,25414.6
nothern BANK,4158,31-Dec-21,86574.8
nothern BANK,4159,31-Dec-21,51700.3
nothern BANK,4161,31-Dec-21,59026.2
nothern BANK,4171,31-Dec-21,36517.4
nothern BANK,4173,31-Dec-21,28734.7
nothern BANK,4186,31-Dec-21,31566.8
nothern BANK,4190,31-Dec-21,35641.8
nothern BANK,4195,31-Dec-21,114144.1
nothern BANK,4204,31-Dec-21,23043.3
nothern BANK,4208,31-Dec-21,22163.7
nothern BANK,4214,31-Dec-21,77146.8
nothern BANK,4225,31-Dec-21,62274.2
nothern BANK,4237,31-Dec-21,19932.9
nothern BANK,4240,31-Dec-21,8833.4
nothern BANK,4245,31-Dec-21,55992.4
nothern BANK,4253,31-Dec-21,38576.8
nothern BANK,4254,31-Dec-21,15524.4
nothern BANK,4255,31-Dec-21,76617.6
nothern BANK,4258,31-Dec-21,47701.2
nothern BANK,4259,31-Dec-21,39527.4
nothern BANK,4260,31-Dec-21,34810.3
nothern BANK,4263,31-Dec-21,24177.6
nothern BANK,4264,31-Dec-21,63386.2
nothern BANK,4266,31-Dec-21,42185.4
nothern BANK,4268,31-Dec-21,36706.1
nothern BANK,4269,31-Dec-21,54484
nothern BANK,4273,31-Dec-21,36077.5
nothern BANK,4276,31-Dec-21,84226.4
nothern BANK,4283,31-Dec-21,62696.9
nothern BANK,4286,31-Dec-21,14433
nothern BANK,4287,31-Dec-21,24259.3
nothern BANK,4293,31-Dec-21,70009.1
nothern BANK,4296,31-Dec-21,54106.5
nothern BANK,4301,31-Dec-21,38983.3
nothern BANK,4309,31-Dec-21,42965.7
nothern BANK,4318,31-Dec-21,57408.1
nothern BANK,4320,31-Dec-21,18686.9
nothern BANK,4321,31-Dec-21,80623.3
nothern BANK,4328,31-Dec-21,27001.4
nothern BANK,4329,31-Dec-21,14745.7
nothern BANK,4330,31-Dec-21,24964.2
nothern BANK,4336,31-Dec-21,76373.6
nothern BANK,4337,31-Dec-21,58547.1
nothern BANK,4342,31-Dec-21,71064.7
nothern BANK,4343,31-Dec-21,102202.8
nothern BANK,4346,31-Dec-21,27441
nothern BANK,4347,31-Dec-21,18373
nothern BANK,4349,31-Dec-21,46073.5
nothern BANK,4350,31-Dec-21,103512.5
nothern BANK,4352,31-Dec-21,55983
nothern BANK,4354,31-Dec-21,22528.4
nothern BANK,4355,31-Dec-21,31751.6
nothern BANK,4356,31-Dec-21,2443.2
nothern BANK,4358,31-Dec-21,110009.6
nothern BANK,4361,31-Dec-21,92116.9
nothern BANK,4368,31-Dec-21,65843.6
nothern BANK,4375,31-Dec-21,54487.3
nothern BANK,4377,31-Dec-21,28905
nothern BANK,4379,31-Dec-21,11762.5
nothern BANK,4383,31-Dec-21,46467.4
nothern BANK,4385,31-Dec-21,23332.7
nothern BANK,4386,31-Dec-21,11292.5
nothern BANK,4389,31-Dec-21,30494.9
nothern BANK,4405,31-Dec-21,7531.3
nothern BANK,4408,31-Dec-21,71395.2
nothern BANK,4413,31-Dec-21,35953.4
nothern BANK,4414,31-Dec-21,49966
nothern BANK,4415,31-Dec-21,55520.6
nothern BANK,4416,31-Dec-21,68608.6
nothern BANK,4418,31-Dec-21,17924.8
nothern BANK,4423,31-Dec-21,53944
nothern BANK,4424,31-Dec-21,43052.7
nothern BANK,4427,31-Dec-21,11391.2
nothern BANK,4434,31-Dec-21,37405.7
nothern BANK,4437,31-Dec-21,63253.4
nothern BANK,4438,31-Dec-21,35155.2
nothern BANK,4439,31-Dec-21,25193.8
nothern BANK,4442,31-Dec-21,37516.1
nothern BANK,4445,31-Dec-21,46822.6
nothern BANK,4447,31-Dec-21,68886.4
nothern BANK,4448,31-Dec-21,111611.2
nothern BANK,4454,31-Dec-21,58512.3
nothern BANK,4456,31-Dec-21,70744.8
nothern BANK,4458,31-Dec-21,17742.5
nothern BANK,4462,31-Dec-21,4662
nothern BANK,4463,31-Dec-21,44131.7
nothern BANK,4467,31-Dec-21,26727.9
nothern BANK,4470,31-Dec-21,40371.1
nothern BANK,4471,31-Dec-21,56253.3
nothern BANK,4473,31-Dec-21,55224.8
nothern BANK,4475,31-Dec-21,29341.1
nothern BANK,4476,31-Dec-21,24221.7
nothern BANK,4478,31-Dec-21,68189.6
nothern BANK,4480,31-Dec-21,33898.2
nothern BANK,4484,31-Dec-21,47145.2
nothern BANK,4488,31-Dec-21,27220.7
nothern BANK,4493,31-Dec-21,78547.2
nothern BANK,4503,31-Dec-21,22074.5
nothern BANK,4511,31-Dec-21,40330.9
nothern BANK,4514,31-Dec-21,46906.5
nothern BANK,4519,31-Dec-21,45977.3
nothern BANK,4526,31-Dec-21,58761
nothern BANK,4527,31-Dec-21,43231.9
nothern BANK,4533,31-Dec-21,97755.5
nothern BANK,4534,31-Dec-21,28505.3
nothern BANK,4537,31-Dec-21,107811.8
nothern BANK,4538,31-Dec-21,41804
nothern BANK,4543,31-Dec-21,52325.4
nothern BANK,4550,31-Dec-21,25813.2
nothern BANK,4576,31-Dec-21,23393.3
nothern BANK,4580,31-Dec-21,55287.5
nothern BANK,4585,31-Dec-21,34574.7
nothern BANK,4588,31-Dec-21,6355
nothern BANK,4589,31-Dec-21,23378.2
nothern BANK,4596,31-Dec-21,59682.6
nothern BANK,4616,31-Dec-21,89595.1
nothern BANK,4618,31-Dec-21,-440.5
nothern BANK,4626,31-Dec-21,69744.9
nothern BANK,4631,31-Dec-21,52592.1
nothern BANK,4650,31-Dec-21,20872
nothern BANK,4659,31-Dec-21,11079.8
nothern BANK,4660,31-Dec-21,43604.6
nothern BANK,4681,31-Dec-21,31640.7
nothern BANK,4715,31-Dec-21,34648.5
nothern BANK,4725,31-Dec-21,23096.7
nothern BANK,4727,31-Dec-21,37797.5
nothern BANK,4729,31-Dec-21,22052.5
nothern BANK,4743,31-Dec-21,94556
nothern BANK,4746,31-Dec-21,99880.5
nothern BANK,4753,31-Dec-21,35170.4
nothern BANK,4768,31-Dec-21,30661.6
nothern BANK,4774,31-Dec-21,51348
nothern BANK,4784,31-Dec-21,86191.3
nothern BANK,4794,31-Dec-21,15435.2
nothern BANK,4803,31-Dec-21,27549.8
nothern BANK,4825,31-Dec-21,17137.4
nothern BANK,4851,31-Dec-21,60656.9
nothern BANK,4852,31-Dec-21,27797.5
nothern BANK,4858,31-Dec-21,51017.3
nothern BANK,4863,31-Dec-21,79337.9
nothern BANK,4894,31-Dec-21,64282.8
nothern BANK,4907,31-Dec-21,15136.7
nothern BANK,4937,31-Dec-21,22016.1
nothern BANK,4948,31-Dec-21,27870.2
nothern BANK,4949,31-Dec-21,39680.5
nothern BANK,4969,31-Dec-21,29178.4
nothern BANK,4981,31-Dec-21,27724.3
nothern BANK,4994,31-Dec-21,73785.9
nothern BANK,4995,31-Dec-21,35004.7
nothern BANK,4999,31-Dec-21,62284.5
nothern BANK,5001,31-Dec-21,66189.2
nothern BANK,5011,31-Dec-21,52367.3
nothern BANK,5024,31-Dec-21,30297.8
nothern BANK,5033,31-Dec-21,24423.8
nothern BANK,5063,31-Dec-21,19889.5
nothern BANK,5065,31-Dec-21,47852.7
nothern BANK,5066,31-Dec-21,49436.1
nothern BANK,5072,31-Dec-21,56089.2
nothern BANK,5092,31-Dec-21,-14673.4
nothern BANK,5118,31-Dec-21,41388.9
nothern BANK,5120,31-Dec-21,36986.3
nothern BANK,5125,31-Dec-21,46517.4
nothern BANK,5126,31-Dec-21,30307.5
nothern BANK,5129,31-Dec-21,45815
nothern BANK,5133,31-Dec-21,55604.4
nothern BANK,5164,31-Dec-21,26986.9
nothern BANK,5181,31-Dec-21,28901.9
nothern BANK,5194,31-Dec-21,85194.7
nothern BANK,5196,31-Dec-21,30427.7
nothern BANK,5213,31-Dec-21,10674.3
nothern BANK,5215,31-Dec-21,71683.2
nothern BANK,5228,31-Dec-21,44826.3
nothern BANK,5250,31-Dec-21,59415.6
nothern BANK,5256,31-Dec-21,58559.3
nothern BANK,5263,31-Dec-21,43321.2
nothern BANK,5267,31-Dec-21,56662.2
nothern BANK,5269,31-Dec-21,26316.2
nothern BANK,5270,31-Dec-21,36149.2
nothern BANK,5283,31-Dec-21,63986.7
nothern BANK,5290,31-Dec-21,35680.9
nothern BANK,5305,31-Dec-21,10388.7
nothern BANK,5313,31-Dec-21,86677.5
nothern BANK,5317,31-Dec-21,28995.3
nothern BANK,5343,31-Dec-21,-8191.1
nothern BANK,5357,31-Dec-21,71671.1
nothern BANK,5358,31-Dec-21,70410.1
nothern BANK,5362,31-Dec-21,17405.9
nothern BANK,5366,31-Dec-21,71077.9
nothern BANK,5369,31-Dec-21,18553.2
nothern BANK,5372,31-Dec-21,71856.2
nothern BANK,5385,31-Dec-21,27943.5
nothern BANK,5387,31-Dec-21,1695
nothern BANK,5395,31-Dec-21,32501.4
nothern BANK,5422,31-Dec-21,15211.7
nothern BANK,5423,31-Dec-21,81523.1
nothern BANK,5428,31-Dec-21,25839.3
nothern BANK,5429,31-Dec-21,-10248.9
nothern BANK,5442,31-Dec-21,32383.6
nothern BANK,5445,31-Dec-21,36425.2
nothern BANK,5472,31-Dec-21,10105.3
nothern BANK,5477,31-Dec-21,63661.1
nothern BANK,5481,31-Dec-21,55953.6
nothern BANK,5483,31-Dec-21,36829.2
nothern BANK,5505,31-Dec-21,50456.7
nothern BANK,5541,31-Dec-21,46640.1
nothern BANK,5546,31-Dec-21,41054.6
nothern BANK,5572,31-Dec-21,79948.3
nothern BANK,5574,31-Dec-21,49286.3
nothern BANK,5591,31-Dec-21,53196.4
nothern BANK,5593,31-Dec-21,39697.2
nothern BANK,5602,31-Dec-21,20052.8
nothern BANK,5622,31-Dec-21,44958.6
nothern BANK,5628,31-Dec-21,32230
nothern BANK,5632,31-Dec-21,44599.4
nothern BANK,5648,31-Dec-21,56001
nothern BANK,5650,31-Dec-21,44370.6
nothern BANK,5661,31-Dec-21,85560.4
nothern BANK,5692,31-Dec-21,48376.9
nothern BANK,5698,31-Dec-21,58283.2
nothern BANK,5700,31-Dec-21,4500
nothern BANK,5708,31-Dec-21,42276.4
nothern BANK,5724,31-Dec-21,23389.2
nothern BANK,5726,31-Dec-21,24605.1
nothern BANK,5735,31-Dec-21,60340.1
nothern BANK,5740,31-Dec-21,19658.1
nothern BANK,5742,31-Dec-21,53748.8
nothern BANK,5758,31-Dec-21,44276.3
nothern BANK,5767,31-Dec-21,18055
nothern BANK,5774,31-Dec-21,31193.7
nothern BANK,5794,31-Dec-21,34181.1
nothern BANK,5817,31-Dec-21,51743.4
nothern BANK,5837,31-Dec-21,21255.1
nothern BANK,5868,31-Dec-21,39496.8
nothern BANK,5870,31-Dec-21,37055.3
nothern BANK,5878,31-Dec-21,50185.1
nothern BANK,5891,31-Dec-21,77801.3
nothern BANK,5912,31-Dec-21,32382
nothern BANK,5927,31-Dec-21,-2473
nothern BANK,5944,31-Dec-21,60490.4
nothern BANK,5952,31-Dec-21,69366.5
nothern BANK,5984,31-Dec-21,19001.6
nothern BANK,5991,31-Dec-21,21172.8
nothern BANK,6030,31-Dec-21,70590.8
nothern BANK,6034,31-Dec-21,23627.8
nothern BANK,6040,31-Dec-21,26450.2
nothern BANK,6051,31-Dec-21,-154.9
nothern BANK,6061,31-Dec-21,62414.5
nothern BANK,6062,31-Dec-21,25803.6
nothern BANK,6064,31-Dec-21,16848.4
nothern BANK,6075,31-Dec-21,10778.5
nothern BANK,6083,31-Dec-21,97261.1
nothern BANK,6097,31-Dec-21,24678.5
nothern BANK,6118,31-Dec-21,32350.7
nothern BANK,6138,31-Dec-21,14467.4
nothern BANK,6148,31-Dec-21,104892.9
nothern BANK,6157,31-Dec-21,20206.2
nothern BANK,6158,31-Dec-21,22544.4
nothern BANK,6226,31-Dec-21,108160.7
nothern BANK,6265,31-Dec-21,28979.9
nothern BANK,6273,31-Dec-21,67115.7
nothern BANK,6281,31-Dec-21,4326.3
nothern BANK,6289,31-Dec-21,29303
nothern BANK,6306,31-Dec-21,32269.5
nothern BANK,6321,31-Dec-21,49353.7
nothern BANK,6353,31-Dec-21,65871.1
nothern BANK,6358,31-Dec-21,46213.2
nothern BANK,6363,31-Dec-21,77554.5
nothern BANK,6397,31-Dec-21,35967.7
nothern BANK,6400,31-Dec-21,48758.5
nothern BANK,6425,31-Dec-21,26960
nothern BANK,6434,31-Dec-21,24697.1
nothern BANK,6440,31-Dec-21,42063.8
nothern BANK,6453,31-Dec-21,21388.8
nothern BANK,6461,31-Dec-21,52640.7
nothern BANK,6463,31-Dec-21,44444
nothern BANK,6472,31-Dec-21,64420.6
nothern BANK,6473,31-Dec-21,25883.2
nothern BANK,6495,31-Dec-21,31332.3
nothern BANK,6505,31-Dec-21,22996.4
nothern BANK,6510,31-Dec-21,56242.7
nothern BANK,6511,31-Dec-21,80894.1
nothern BANK,6512,31-Dec-21,20782.4
nothern BANK,6555,31-Dec-21,101389.2
nothern BANK,6592,31-Dec-21,70646.2
nothern BANK,6602,31-Dec-21,31339.4
nothern BANK,6609,31-Dec-21,12474.6
nothern BANK,6636,31-Dec-21,90159.9
nothern BANK,6649,31-Dec-21,53660.8
nothern BANK,6678,31-Dec-21,66261.6
nothern BANK,6686,31-Dec-21,24418
nothern BANK,6688,31-Dec-21,43150.9
nothern BANK,6699,31-Dec-21,49946.9
nothern BANK,6701,31-Dec-21,116992.2
nothern BANK,6706,31-Dec-21,50136.5
nothern BANK,6715,31-Dec-21,37794.9
nothern BANK,6738,31-Dec-21,28425.7
nothern BANK,6792,31-Dec-21,45380.4
nothern BANK,6806,31-Dec-21,83779
nothern BANK,6856,31-Dec-21,35771.6
nothern BANK,6866,31-Dec-21,64902.7
nothern BANK,6872,31-Dec-21,11899.5
nothern BANK,6897,31-Dec-21,58473.8
nothern BANK,6902,31-Dec-21,25528.7
nothern BANK,6910,31-Dec-21,96908
nothern BANK,6922,31-Dec-21,58114.8
nothern BANK,6924,31-Dec-21,30599.3
nothern BANK,6927,31-Dec-21,876.9
nothern BANK,6930,31-Dec-21,60372
nothern BANK,6950,31-Dec-21,30261.2
nothern BANK,6985,31-Dec-21,84903.5
nothern BANK,7011,31-Dec-21,75403.3
nothern BANK,7033,31-Dec-21,7012.9
nothern BANK,7045,31-Dec-21,70594.1
nothern BANK,7049,31-Dec-21,35155.1
nothern BANK,7052,31-Dec-21,31838.2
nothern BANK,7082,31-Dec-21,24257.2
nothern BANK,7099,31-Dec-21,32165.6
nothern BANK,7101,31-Dec-21,12707.7
nothern BANK,7123,31-Dec-21,122293.4
nothern BANK,7133,31-Dec-21,11133.1
nothern BANK,7136,31-Dec-21,94985.4
nothern BANK,7156,31-Dec-21,79862.9
nothern BANK,7176,31-Dec-21,58201.1
nothern BANK,7180,31-Dec-21,19818.4
nothern BANK,7181,31-Dec-21,45102.2
nothern BANK,7184,31-Dec-21,18095.7
nothern BANK,7190,31-Dec-21,37168.2
nothern BANK,7203,31-Dec-21,9234.2
nothern BANK,7231,31-Dec-21,56900.8
nothern BANK,7240,31-Dec-21,18423.2
nothern BANK,7262,31-Dec-21,37002.7
nothern BANK,7274,31-Dec-21,60813
nothern BANK,7401,31-Dec-21,49457.8
nothern BANK,7418,31-Dec-21,-9643.1
nothern BANK,7424,31-Dec-21,15632.3
nothern BANK,7437,31-Dec-21,47062.3
nothern BANK,7445,31-Dec-21,24749
nothern BANK,7449,31-Dec-21,39925.8
nothern BANK,7454,31-Dec-21,15863.5
nothern BANK,7465,31-Dec-21,12642.6
nothern BANK,7485,31-Dec-21,31128.9
nothern BANK,7487,31-Dec-21,30032.4
nothern BANK,7520,31-Dec-21,8166.9
nothern BANK,7523,31-Dec-21,24000.6
nothern BANK,7542,31-Dec-21,42780.4
nothern BANK,7546,31-Dec-21,14066.6
nothern BANK,7559,31-Dec-21,30351
nothern BANK,7562,31-Dec-21,70477.7
nothern BANK,7565,31-Dec-21,18709.2
nothern BANK,7594,31-Dec-21,27835.3
nothern BANK,7606,31-Dec-21,46928.1
nothern BANK,7607,31-Dec-21,56402.5
nothern BANK,7614,31-Dec-21,63135.5
nothern BANK,7618,31-Dec-21,18936.3
nothern BANK,7632,31-Dec-21,46150.7
nothern BANK,7636,31-Dec-21,77271
nothern BANK,7637,31-Dec-21,48569.4
nothern BANK,7674,31-Dec-21,98130.7
nothern BANK,7713,31-Dec-21,35158.7
nothern BANK,7721,31-Dec-21,49340.7
nothern BANK,7733,31-Dec-21,74397
nothern BANK,7745,31-Dec-21,25949.9
nothern BANK,7753,31-Dec-21,28969.6
nothern BANK,7765,31-Dec-21,32657.5
nothern BANK,7769,31-Dec-21,52385.5
nothern BANK,7774,31-Dec-21,101457
nothern BANK,7795,31-Dec-21,68221.1
nothern BANK,7815,31-Dec-21,32759
nothern BANK,7819,31-Dec-21,28387.6
nothern BANK,7824,31-Dec-21,35607.3
nothern BANK,7828,31-Dec-21,33502.1
nothern BANK,7844,31-Dec-21,30423.8
nothern BANK,7857,31-Dec-21,50430.4
nothern BANK,7859,31-Dec-21,70560.6
nothern BANK,7861,31-Dec-21,83356.5
nothern BANK,7890,31-Dec-21,24242.3
nothern BANK,7894,31-Dec-21,45733.3
nothern BANK,7907,31-Dec-21,37049.2
nothern BANK,7926,31-Dec-21,103126.3
nothern BANK,7944,31-Dec-21,107324.5
nothern BANK,7957,31-Dec-21,45277.2
nothern BANK,7965,31-Dec-21,41228.7
nothern BANK,7966,31-Dec-21,12359.8
nothern BANK,7990,31-Dec-21,60380.1
nothern BANK,7997,31-Dec-21,30537.8
nothern BANK,8026,31-Dec-21,59042.6
nothern BANK,8027,31-Dec-21,32779.4
nothern BANK,8038,31-Dec-21,74247.4
nothern BANK,8039,31-Dec-21,47888.1
nothern BANK,8041,31-Dec-21,53465.8
nothern BANK,8051,31-Dec-21,38384.4
nothern BANK,8073,31-Dec-21,78817.6
nothern BANK,8085,31-Dec-21,12234.2
nothern BANK,8092,31-Dec-21,13278.2
nothern BANK,8094,31-Dec-21,20674.9
nothern BANK,8114,31-Dec-21,36262.2
nothern BANK,8127,31-Dec-21,57035.3
nothern BANK,8129,31-Dec-21,48578.5
nothern BANK,8132,31-Dec-21,65218.1
nothern BANK,8149,31-Dec-21,78184
nothern BANK,8153,31-Dec-21,58611.1
nothern BANK,8158,31-Dec-21,94987.2
nothern BANK,8159,31-Dec-21,43821.5
nothern BANK,8169,31-Dec-21,22924
nothern BANK,8173,31-Dec-21,39162.3
nothern BANK,8212,31-Dec-21,105184.5
nothern BANK,8225,31-Dec-21,41406.9
nothern BANK,8260,31-Dec-21,83963.7
nothern BANK,8261,31-Dec-21,20691.3
nothern BANK,8268,31-Dec-21,36506.4
nothern BANK,8316,31-Dec-21,49273.5
nothern BANK,8320,31-Dec-21,20975.5
nothern BANK,8321,31-Dec-21,55768.6
nothern BANK,8327,31-Dec-21,31352.6
nothern BANK,8330,31-Dec-21,52407.9
nothern BANK,8341,31-Dec-21,22139.6
nothern BANK,8377,31-Dec-21,36534.4
nothern BANK,8381,31-Dec-21,67366.7
nothern BANK,8405,31-Dec-21,36569.5
nothern BANK,8411,31-Dec-21,30172.3
nothern BANK,8475,31-Dec-21,31425.9
nothern BANK,8489,31-Dec-21,35698.2
nothern BANK,8492,31-Dec-21,59585.4
nothern BANK,8505,31-Dec-21,38138.3
nothern BANK,8519,31-Dec-21,57766.9
nothern BANK,8523,31-Dec-21,48814.8
nothern BANK,8533,31-Dec-21,44745.4
nothern BANK,8547,31-Dec-21,68633.4
nothern BANK,8558,31-Dec-21,41235.1
nothern BANK,8564,31-Dec-21,40458.8
nothern BANK,8566,31-Dec-21,69255.5
nothern BANK,8625,31-Dec-21,46915.2
nothern BANK,8628,31-Dec-21,88439.5
nothern BANK,8639,31-Dec-21,40427.7
nothern BANK,8645,31-Dec-21,33629.4
nothern BANK,8680,31-Dec-21,23590.4
nothern BANK,8688,31-Dec-21,49482.3
nothern BANK,8713,31-Dec-21,30352.4
nothern BANK,8742,31-Dec-21,27742.7
nothern BANK,8759,31-Dec-21,48233.9
nothern BANK,8772,31-Dec-21,16522.6
nothern BANK,8776,31-Dec-21,77477.9
nothern BANK,8784,31-Dec-21,41174.9
nothern BANK,8856,31-Dec-21,108196.3
nothern BANK,8896,31-Dec-21,15692.6
nothern BANK,8899,31-Dec-21,68975.5
nothern BANK,8919,31-Dec-21,20019.1
nothern BANK,8926,31-Dec-21,32917.9
nothern BANK,8931,31-Dec-21,33017
nothern BANK,8934,31-Dec-21,30505.5
nothern BANK,8957,31-Dec-21,56333.8
nothern BANK,8972,31-Dec-21,39858.2
nothern BANK,8982,31-Dec-21,72650.6
nothern BANK,8998,31-Dec-21,-1724
nothern BANK,9006,31-Dec-21,111194.9
nothern BANK,9017,31-Dec-21,8520.2
nothern BANK,9024,31-Dec-21,21894.6
nothern BANK,9030,31-Dec-21,39454.3
nothern BANK,9031,31-Dec-21,78919
nothern BANK,9034,31-Dec-21,38565.6
nothern BANK,9037,31-Dec-21,36234.7
nothern BANK,9041,31-Dec-21,59696.7
nothern BANK,9051,31-Dec-21,8007
nothern BANK,9052,31-Dec-21,38660.7
nothern BANK,9093,31-Dec-21,76421.2
nothern BANK,9104,31-Dec-21,91713.2
nothern BANK,9138,31-Dec-21,7637.7
nothern BANK,9140,31-Dec-21,33918.9
nothern BANK,9153,31-Dec-21,37368.5
nothern BANK,9156,31-Dec-21,44142.3
nothern BANK,9159,31-Dec-21,47893.6
nothern BANK,9167,31-Dec-21,23467.9
nothern BANK,9179,31-Dec-21,38532.3
nothern BANK,9188,31-Dec-21,30087.7
nothern BANK,9192,31-Dec-21,20975.8
nothern BANK,9199,31-Dec-21,6330
nothern BANK,9201,31-Dec-21,45151.4
nothern BANK,9203,31-Dec-21,44874.3
nothern BANK,9208,31-Dec-21,40997
nothern BANK,9225,31-Dec-21,60472
nothern BANK,9227,31-Dec-21,19612.3
nothern BANK,9235,31-Dec-21,31425.8
nothern BANK,9236,31-Dec-21,101379.4
nothern BANK,9241,31-Dec-21,25033
nothern BANK,9242,31-Dec-21,47741.9
nothern BANK,9263,31-Dec-21,31946.9
nothern BANK,9265,31-Dec-21,96137.9
nothern BANK,9307,31-Dec-21,79399.2
nothern BANK,9333,31-Dec-21,-370.3
nothern BANK,9337,31-Dec-21,77345.4
nothern BANK,9353,31-Dec-21,52106.2
nothern BANK,9377,31-Dec-21,87918.9
nothern BANK,9403,31-Dec-21,90942.3
nothern BANK,9422,31-Dec-21,42958.6
nothern BANK,9424,31-Dec-21,22531.7
nothern BANK,9433,31-Dec-21,47128.8
nothern BANK,9455,31-Dec-21,61955.3
nothern BANK,9472,31-Dec-21,97436.1
nothern BANK,9484,31-Dec-21,23566.4
nothern BANK,9491,31-Dec-21,69624.3
nothern BANK,9493,31-Dec-21,39053.2
nothern BANK,9494,31-Dec-21,26162.6
nothern BANK,9504,31-Dec-21,30999.6
nothern BANK,9510,31-Dec-21,34321.9
nothern BANK,9513,31-Dec-21,36979
nothern BANK,9528,31-Dec-21,-1094.4
nothern BANK,9548,31-Dec-21,52141.4
nothern BANK,9549,31-Dec-21,35304.7
nothern BANK,9560,31-Dec-21,28445.4
nothern BANK,9583,31-Dec-21,70530.2
nothern BANK,9591,31-Dec-21,18452.8
nothern BANK,9627,31-Dec-21,37403.8
nothern BANK,9631,31-Dec-21,15868.4
nothern BANK,9633,31-Dec-21,56153.1
nothern BANK,9635,31-Dec-21,8635
nothern BANK,9640,31-Dec-21,57686
nothern BANK,9645,31-Dec-21,45164.7
nothern BANK,9646,31-Dec-21,16828.1
nothern BANK,9656,31-Dec-21,88017.9
nothern BANK,9673,31-Dec-21,43482.3
nothern BANK,9677,31-Dec-21,39010.1
nothern BANK,9703,31-Dec-21,73459.5
nothern BANK,9707,31-Dec-21,75639.6
nothern BANK,9730,31-Dec-21,17143.4
nothern BANK,9731,31-Dec-21,22128.6
nothern BANK,9750,31-Dec-21,52719.4
nothern BANK,9790,31-Dec-21,43000
nothern BANK,9814,31-Dec-21,53447
nothern BANK,9826,31-Dec-21,17703.1
nothern BANK,9828,31-Dec-21,22023.1
nothern BANK,9833,31-Dec-21,49530.3
nothern BANK,9859,31-Dec-21,39557.5
nothern BANK,9869,31-Dec-21,74866.9
nothern BANK,9883,31-Dec-21,23502
nothern BANK,9897,31-Dec-21,28448.6
nothern BANK,9928,31-Dec-21,67590.5
nothern BANK,10001,31-Dec-21,67268
nothern BANK,10005,31-Dec-21,39503.9
nothern BANK,10018,31-Dec-21,39513.6
nothern BANK,10019,31-Dec-21,28151.3
nothern BANK,10022,31-Dec-21,49008.6
nothern BANK,10036,31-Dec-21,38988.9
nothern BANK,10049,31-Dec-21,23110.3
nothern BANK,10063,31-Dec-21,21783.7
nothern BANK,10065,31-Dec-21,49911.3
nothern BANK,10068,31-Dec-21,43379.1
nothern BANK,10079,31-Dec-21,30720.8
nothern BANK,10093,31-Dec-21,38722.8
nothern BANK,10105,31-Dec-21,35109.8
nothern BANK,10131,31-Dec-21,58002.9
nothern BANK,10134,31-Dec-21,58512.6
nothern BANK,10148,31-Dec-21,44589.8
nothern BANK,10152,31-Dec-21,85639.5
nothern BANK,10202,31-Dec-21,33784
nothern BANK,10215,31-Dec-21,61976.7
nothern BANK,10220,31-Dec-21,26743.1
nothern BANK,10227,31-Dec-21,41770.8
nothern BANK,10233,31-Dec-21,24906.8
nothern BANK,10243,31-Dec-21,100861
nothern BANK,10257,31-Dec-21,52962.4
nothern BANK,10266,31-Dec-21,38547.2
nothern BANK,10280,31-Dec-21,53855.6
nothern BANK,10297,31-Dec-21,56101.8
nothern BANK,10320,31-Dec-21,35808.3
nothern BANK,10343,31-Dec-21,15776.7
nothern BANK,10345,31-Dec-21,17215
nothern BANK,10351,31-Dec-21,13570.3
nothern BANK,10361,31-Dec-21,20011.6
nothern BANK,10364,31-Dec-21,66253.4
nothern BANK,10365,31-Dec-21,29576.5
nothern BANK,10404,31-Dec-21,39325.8
nothern BANK,10411,31-Dec-21,96647.9
nothern BANK,10436,31-Dec-21,72547.3
nothern BANK,10439,31-Dec-21,64655.5
nothern BANK,10440,31-Dec-21,57657.8
nothern BANK,10445,31-Dec-21,59304.9
nothern BANK,10451,31-Dec-21,17717.8
nothern BANK,10478,31-Dec-21,14892.7
nothern BANK,10493,31-Dec-21,30413.3
nothern BANK,10520,31-Dec-21,61999.9
nothern BANK,10558,31-Dec-21,23512.9
nothern BANK,10562,31-Dec-21,89913.4
nothern BANK,10607,31-Dec-21,20149.2
nothern BANK,10613,31-Dec-21,72146.5
nothern BANK,10630,31-Dec-21,25681.6
nothern BANK,10644,31-Dec-21,49936.1
nothern BANK,10645,31-Dec-21,43034.4
nothern BANK,10650,31-Dec-21,109319
nothern BANK,10652,31-Dec-21,40714.6
nothern BANK,10656,31-Dec-21,10087.9
nothern BANK,10663,31-Dec-21,35719.4
nothern BANK,10670,31-Dec-21,64727
nothern BANK,10679,31-Dec-21,36825.5
nothern BANK,10694,31-Dec-21,2554.5
nothern BANK,10710,31-Dec-21,11801.8
nothern BANK,10711,31-Dec-21,70350.3
nothern BANK,10728,31-Dec-21,47273.3
nothern BANK,10738,31-Dec-21,50755.4
nothern BANK,10762,31-Dec-21,25754.6
nothern BANK,10774,31-Dec-21,24561.5
nothern BANK,10788,31-Dec-21,24306.5
nothern BANK,10789,31-Dec-21,25288.7
nothern BANK,10799,31-Dec-21,28323
nothern BANK,10807,31-Dec-21,80068
nothern BANK,10812,31-Dec-21,65067.5
nothern BANK,10857,31-Dec-21,12322.7
nothern BANK,10884,31-Dec-21,60272.7
nothern BANK,10904,31-Dec-21,27946
nothern BANK,10905,31-Dec-21,46720.7
nothern BANK,10906,31-Dec-21,58007
nothern BANK,10911,31-Dec-21,61072.6
nothern BANK,10915,31-Dec-21,19523.7
nothern BANK,10940,31-Dec-21,46785.3
nothern BANK,10942,31-Dec-21,103291.8
nothern BANK,10954,31-Dec-21,33458.7
nothern BANK,10963,31-Dec-21,58294.5
nothern BANK,10973,31-Dec-21,29921.9
nothern BANK,11013,31-Dec-21,61324.7
nothern BANK,11021,31-Dec-21,51217.1
nothern BANK,11027,31-Dec-21,33195.5
nothern BANK,11042,31-Dec-21,39312.8
nothern BANK,11053,31-Dec-21,6183
nothern BANK,11054,31-Dec-21,43633.2
nothern BANK,11065,31-Dec-21,20613.3
nothern BANK,11069,31-Dec-21,47191.1
nothern BANK,11079,31-Dec-21,47898.7
nothern BANK,11096,31-Dec-21,26745.8
nothern BANK,11111,31-Dec-21,52334.4
nothern BANK,11123,31-Dec-21,39050.8
nothern BANK,11135,31-Dec-21,48370.9
nothern BANK,11138,31-Dec-21,40933.6
nothern BANK,11141,31-Dec-21,34637.2
nothern BANK,11186,31-Dec-21,77546.7
nothern BANK,11231,31-Dec-21,65809.4
nothern BANK,11244,31-Dec-21,102947
nothern BANK,11265,31-Dec-21,23243.1
nothern BANK,11271,31-Dec-21,21573.7
nothern BANK,11295,31-Dec-21,86234.5
nothern BANK,11317,31-Dec-21,59914.4
nothern BANK,11320,31-Dec-21,47603.6
nothern BANK,11325,31-Dec-21,77620.5
nothern BANK,11327,31-Dec-21,41255.4
nothern BANK,11328,31-Dec-21,41607.3
nothern BANK,11333,31-Dec-21,88974.6
nothern BANK,11349,31-Dec-21,28332
nothern BANK,11359,31-Dec-21,32204.2
nothern BANK,11362,31-Dec-21,27862.8
nothern BANK,11382,31-Dec-21,67529.8
Sky Bank,1,31-Dec-20,18187.6
Sky Bank,2,31-Dec-20,39436.7
Sky Bank,6,31-Dec-20,33819.3
Sky Bank,8,31-Dec-20,47679
Sky Bank,9,31-Dec-20,78753
Sky Bank,11,31-Dec-20,10823.8
Sky Bank,15,31-Dec-20,43166.3
Sky Bank,18,31-Dec-20,33606.9
Sky Bank,19,31-Dec-20,26500
Sky Bank,22,31-Dec-20,39646.3
Sky Bank,23,31-Dec-20,62122.5
Sky Bank,26,31-Dec-20,28288.5
Sky Bank,27,31-Dec-20,29701.8
Sky Bank,29,31-Dec-20,32187.6
Sky Bank,30,31-Dec-20,57666.9
Sky Bank,31,31-Dec-20,67375.1
Sky Bank,32,31-Dec-20,46992.8
Sky Bank,33,31-Dec-20,63877
Sky Bank,34,31-Dec-20,85841.3
Sky Bank,35,31-Dec-20,18339.9
Sky Bank,36,31-Dec-20,44874.4
Sky Bank,39,31-Dec-20,22076.7
Sky Bank,40,31-Dec-20,18231.2
Sky Bank,43,31-Dec-20,78850.8
Sky Bank,44,31-Dec-20,14574.7
Sky Bank,47,31-Dec-20,44382.8
Sky Bank,50,31-Dec-20,38334.2
Sky Bank,53,31-Dec-20,14135.4
Sky Bank,54,31-Dec-20,18405.5
Sky Bank,56,31-Dec-20,28291.5
Sky Bank,57,31-Dec-20,49646
Sky Bank,59,31-Dec-20,47158.1
Sky Bank,61,31-Dec-20,29764.3
Sky Bank,62,31-Dec-20,26262.3
Sky Bank,66,31-Dec-20,60423.1
Sky Bank,67,31-Dec-20,49170.8
Sky Bank,68,31-Dec-20,57996.9
Sky Bank,70,31-Dec-20,23697.3
Sky Bank,71,31-Dec-20,51166.8
Sky Bank,73,31-Dec-20,37631.5
Sky Bank,75,31-Dec-20,34887.9
Sky Bank,78,31-Dec-20,33366.2
Sky Bank,82,31-Dec-20,24119.7
Sky Bank,83,31-Dec-20,31839.7
Sky Bank,86,31-Dec-20,20773
Sky Bank,90,31-Dec-20,58535.3
Sky Bank,95,31-Dec-20,47829.1
Sky Bank,96,31-Dec-20,105599.8
Sky Bank,99,31-Dec-20,33798.2
Sky Bank,100,31-Dec-20,37613.2
Sky Bank,102,31-Dec-20,16349.9
Sky Bank,104,31-Dec-20,23300.9
Sky Bank,106,31-Dec-20,37211.8
Sky Bank,107,31-Dec-20,26053.3
Sky Bank,108,31-Dec-20,53389.1
Sky Bank,112,31-Dec-20,15162.8
Sky Bank,115,31-Dec-20,29982.7
Sky Bank,117,31-Dec-20,27731.2
Sky Bank,119,31-Dec-20,49293.5
Sky Bank,120,31-Dec-20,22785.7
Sky Bank,123,31-Dec-20,15028.6
Sky Bank,126,31-Dec-20,18305
Sky Bank,127,31-Dec-20,15369.9
Sky Bank,128,31-Dec-20,35037.2
Sky Bank,131,31-Dec-20,39030.5
Sky Bank,135,31-Dec-20,41955.5
Sky Bank,142,31-Dec-20,16762.5
Sky Bank,146,31-Dec-20,30303.6
Sky Bank,148,31-Dec-20,21877.3
Sky Bank,150,31-Dec-20,36924.3
Sky Bank,151,31-Dec-20,17053.6
Sky Bank,153,31-Dec-20,26347.6
Sky Bank,154,31-Dec-20,42444.3
Sky Bank,155,31-Dec-20,24289
Sky Bank,158,31-Dec-20,52628.8
Sky Bank,160,31-Dec-20,47664.2
Sky Bank,161,31-Dec-20,16646.3
Sky Bank,162,31-Dec-20,22622.6
Sky Bank,163,31-Dec-20,21921.3
Sky Bank,165,31-Dec-20,31054.1
Sky Bank,168,31-Dec-20,16328.9
Sky Bank,169,31-Dec-20,37905.5
Sky Bank,172,31-Dec-20,49001.8
Sky Bank,173,31-Dec-20,31115.8
Sky Bank,180,31-Dec-20,62623.4
Sky Bank,183,31-Dec-20,36817
Sky Bank,186,31-Dec-20,57875.7
Sky Bank,187,31-Dec-20,17957.7
Sky Bank,188,31-Dec-20,73812.5
Sky Bank,190,31-Dec-20,35116.8
Sky Bank,192,31-Dec-20,34259.9
Sky Bank,196,31-Dec-20,52840.7
Sky Bank,197,31-Dec-20,36774.4
Sky Bank,198,31-Dec-20,22849.8
Sky Bank,200,31-Dec-20,45110.5
Sky Bank,201,31-Dec-20,32345.5
Sky Bank,206,31-Dec-20,26121.9
Sky Bank,207,31-Dec-20,25178.9
Sky Bank,212,31-Dec-20,66271
Sky Bank,213,31-Dec-20,52275.7
Sky Bank,216,31-Dec-20,29026.3
Sky Bank,217,31-Dec-20,27614.8
Sky Bank,219,31-Dec-20,58338.6
Sky Bank,220,31-Dec-20,12765.1
Sky Bank,222,31-Dec-20,45716.5
Sky Bank,223,31-Dec-20,40967.5
Sky Bank,225,31-Dec-20,37028.6
Sky Bank,227,31-Dec-20,56589.5
Sky Bank,228,31-Dec-20,36033.8
Sky Bank,231,31-Dec-20,18850
Sky Bank,234,31-Dec-20,15093.2
Sky Bank,235,31-Dec-20,27323.4
Sky Bank,237,31-Dec-20,13593.7
Sky Bank,238,31-Dec-20,21340.8
Sky Bank,239,31-Dec-20,71062.5
Sky Bank,243,31-Dec-20,51394.2
Sky Bank,244,31-Dec-20,35151.4
Sky Bank,245,31-Dec-20,15695.7
Sky Bank,248,31-Dec-20,42017.2
Sky Bank,253,31-Dec-20,34680.1
Sky Bank,256,31-Dec-20,73186.6
Sky Bank,257,31-Dec-20,98638
Sky Bank,259,31-Dec-20,26640.4
Sky Bank,260,31-Dec-20,25499.8
Sky Bank,266,31-Dec-20,97001.6
Sky Bank,267,31-Dec-20,19731.6
Sky Bank,270,31-Dec-20,51881.3
Sky Bank,273,31-Dec-20,23603.8
Sky Bank,274,31-Dec-20,60575.5
Sky Bank,277,31-Dec-20,26152.3
Sky Bank,279,31-Dec-20,16785.5
Sky Bank,280,31-Dec-20,44322.3
Sky Bank,285,31-Dec-20,75041.3
Sky Bank,287,31-Dec-20,20563
Sky Bank,288,31-Dec-20,22584.7
Sky Bank,289,31-Dec-20,54994.6
Sky Bank,290,31-Dec-20,53716.6
Sky Bank,299,31-Dec-20,60845.3
Sky Bank,300,31-Dec-20,25606
Sky Bank,306,31-Dec-20,21820.7
Sky Bank,317,31-Dec-20,24924.9
Sky Bank,318,31-Dec-20,22986.4
Sky Bank,319,31-Dec-20,78076.8
Sky Bank,321,31-Dec-20,26136.1
Sky Bank,322,31-Dec-20,55634.4
Sky Bank,327,31-Dec-20,43589.5
Sky Bank,331,31-Dec-20,21230.7
Sky Bank,334,31-Dec-20,56935.7
Sky Bank,336,31-Dec-20,34737.6
Sky Bank,337,31-Dec-20,73456.6
Sky Bank,338,31-Dec-20,11800.2
Sky Bank,340,31-Dec-20,18978.4
Sky Bank,343,31-Dec-20,19416.4
Sky Bank,344,31-Dec-20,42270.1
Sky Bank,345,31-Dec-20,52004.8
Sky Bank,346,31-Dec-20,49412.2
Sky Bank,347,31-Dec-20,-713.4
Sky Bank,348,31-Dec-20,28694.4
Sky Bank,352,31-Dec-20,17512.1
Sky Bank,354,31-Dec-20,35104.6
Sky Bank,358,31-Dec-20,10755.1
Sky Bank,359,31-Dec-20,17688.5
Sky Bank,361,31-Dec-20,50637.9
Sky Bank,362,31-Dec-20,33612.1
Sky Bank,363,31-Dec-20,51566
Sky Bank,365,31-Dec-20,28616.6
Sky Bank,368,31-Dec-20,19798.6
Sky Bank,370,31-Dec-20,25707.6
Sky Bank,372,31-Dec-20,71875.3
Sky Bank,374,31-Dec-20,44970
Sky Bank,376,31-Dec-20,38847.4
Sky Bank,377,31-Dec-20,23905.2
Sky Bank,381,31-Dec-20,34662.6
Sky Bank,385,31-Dec-20,26191.2
Sky Bank,388,31-Dec-20,20990
Sky Bank,389,31-Dec-20,23987.5
Sky Bank,391,31-Dec-20,42469.9
Sky Bank,393,31-Dec-20,66493.2
Sky Bank,395,31-Dec-20,40998.4
Sky Bank,396,31-Dec-20,45287.1
Sky Bank,397,31-Dec-20,41287
Sky Bank,400,31-Dec-20,39040.4
Sky Bank,401,31-Dec-20,26820.4
Sky Bank,403,31-Dec-20,38470.7
Sky Bank,404,31-Dec-20,41290.4
Sky Bank,408,31-Dec-20,44927.3
Sky Bank,411,31-Dec-20,58266.6
Sky Bank,415,31-Dec-20,32807.8
Sky Bank,418,31-Dec-20,43475.4
Sky Bank,419,31-Dec-20,32609.3
Sky Bank,420,31-Dec-20,39174.2
Sky Bank,422,31-Dec-20,45541.1
Sky Bank,423,31-Dec-20,18237.5
Sky Bank,425,31-Dec-20,24573.6
Sky Bank,426,31-Dec-20,16526.4
Sky Bank,427,31-Dec-20,41036.8
Sky Bank,428,31-Dec-20,27523.7
Sky Bank,429,31-Dec-20,62001.7
Sky Bank,430,31-Dec-20,26303.5
Sky Bank,432,31-Dec-20,31998.9
Sky Bank,433,31-Dec-20,23114.6
Sky Bank,435,31-Dec-20,29003.4
Sky Bank,437,31-Dec-20,73007.3
Sky Bank,441,31-Dec-20,58961.8
Sky Bank,443,31-Dec-20,23228.3
Sky Bank,445,31-Dec-20,25692.9
Sky Bank,446,31-Dec-20,70111.3
Sky Bank,449,31-Dec-20,18169
Sky Bank,451,31-Dec-20,26800.5
Sky Bank,452,31-Dec-20,42817.3
Sky Bank,454,31-Dec-20,26426.5
Sky Bank,455,31-Dec-20,30124.4
Sky Bank,456,31-Dec-20,71013.6
Sky Bank,458,31-Dec-20,42084.3
Sky Bank,460,31-Dec-20,16144
Sky Bank,461,31-Dec-20,39103.1
Sky Bank,462,31-Dec-20,44091.3
Sky Bank,463,31-Dec-20,73097.2
Sky Bank,465,31-Dec-20,25873
Sky Bank,467,31-Dec-20,28729.6
Sky Bank,470,31-Dec-20,24003.1
Sky Bank,471,31-Dec-20,35195.8
Sky Bank,474,31-Dec-20,4362.1
Sky Bank,477,31-Dec-20,55237.2
Sky Bank,478,31-Dec-20,72562.5
Sky Bank,484,31-Dec-20,25133.3
Sky Bank,485,31-Dec-20,67164
Sky Bank,486,31-Dec-20,14221
Sky Bank,487,31-Dec-20,57195.2
Sky Bank,489,31-Dec-20,49286.3
Sky Bank,490,31-Dec-20,15653.7
Sky Bank,492,31-Dec-20,30679.8
Sky Bank,493,31-Dec-20,58042.1
Sky Bank,494,31-Dec-20,59853.8
Sky Bank,496,31-Dec-20,22682.5
Sky Bank,497,31-Dec-20,73808.8
Sky Bank,498,31-Dec-20,87737.8
Sky Bank,501,31-Dec-20,73597.3
Sky Bank,504,31-Dec-20,25657.5
Sky Bank,510,31-Dec-20,42236.6
Sky Bank,515,31-Dec-20,17371.3
Sky Bank,517,31-Dec-20,29339.6
Sky Bank,518,31-Dec-20,28232
Sky Bank,519,31-Dec-20,28440.5
Sky Bank,520,31-Dec-20,22622.8
Sky Bank,521,31-Dec-20,96810
Sky Bank,523,31-Dec-20,51627.5
Sky Bank,524,31-Dec-20,35410.9
Sky Bank,532,31-Dec-20,31051.7
Sky Bank,533,31-Dec-20,23962.2
Sky Bank,535,31-Dec-20,41005.7
Sky Bank,538,31-Dec-20,15158.2
Sky Bank,539,31-Dec-20,46321.6
Sky Bank,540,31-Dec-20,21028.5
Sky Bank,541,31-Dec-20,38170.9
Sky Bank,542,31-Dec-20,18049.7
Sky Bank,543,31-Dec-20,19791.9
Sky Bank,544,31-Dec-20,33709.3
Sky Bank,545,31-Dec-20,35971.2
Sky Bank,548,31-Dec-20,20980.2
Sky Bank,551,31-Dec-20,17705
Sky Bank,552,31-Dec-20,16891.5
Sky Bank,553,31-Dec-20,31349.9
Sky Bank,555,31-Dec-20,47975.8
Sky Bank,559,31-Dec-20,18912.2
Sky Bank,560,31-Dec-20,35622.7
Sky Bank,562,31-Dec-20,56512.3
Sky Bank,563,31-Dec-20,23839.5
Sky Bank,568,31-Dec-20,40125.5
Sky Bank,572,31-Dec-20,45264.1
Sky Bank,574,31-Dec-20,48287.4
Sky Bank,575,31-Dec-20,25682.3
Sky Bank,576,31-Dec-20,32838
Sky Bank,577,31-Dec-20,29959.8
Sky Bank,582,31-Dec-20,14203.9
Sky Bank,586,31-Dec-20,19607.4
Sky Bank,588,31-Dec-20,28021.3
Sky Bank,594,31-Dec-20,16555.5
Sky Bank,596,31-Dec-20,66708
Sky Bank,597,31-Dec-20,35101.8
Sky Bank,601,31-Dec-20,24973.2
Sky Bank,602,31-Dec-20,22244.8
Sky Bank,604,31-Dec-20,29845.7
Sky Bank,607,31-Dec-20,20227
Sky Bank,608,31-Dec-20,23399.8
Sky Bank,609,31-Dec-20,19923.1
Sky Bank,610,31-Dec-20,70391.7
Sky Bank,616,31-Dec-20,29318
Sky Bank,619,31-Dec-20,46371.4
Sky Bank,623,31-Dec-20,23578.6
Sky Bank,624,31-Dec-20,25730.4
Sky Bank,625,31-Dec-20,39733.1
Sky Bank,626,31-Dec-20,42331.6
Sky Bank,627,31-Dec-20,52857.6
Sky Bank,628,31-Dec-20,35005.7
Sky Bank,629,31-Dec-20,18683.8
Sky Bank,630,31-Dec-20,13212.5
Sky Bank,633,31-Dec-20,5750.6
Sky Bank,635,31-Dec-20,34312.6
Sky Bank,638,31-Dec-20,37525.3
Sky Bank,640,31-Dec-20,23047.6
Sky Bank,648,31-Dec-20,53700.4
Sky Bank,649,31-Dec-20,44970.2
Sky Bank,650,31-Dec-20,25688.9
Sky Bank,651,31-Dec-20,52498.4
Sky Bank,652,31-Dec-20,48916
Sky Bank,654,31-Dec-20,27658.9
Sky Bank,655,31-Dec-20,56071.9
Sky Bank,657,31-Dec-20,31385.9
Sky Bank,662,31-Dec-20,26588.6
Sky Bank,665,31-Dec-20,45746.2
Sky Bank,674,31-Dec-20,19074.6
Sky Bank,675,31-Dec-20,43627.3
Sky Bank,676,31-Dec-20,27697.3
Sky Bank,678,31-Dec-20,18747.2
Sky Bank,685,31-Dec-20,34460.4
Sky Bank,686,31-Dec-20,22861.5
Sky Bank,688,31-Dec-20,27157.4
Sky Bank,693,31-Dec-20,40992.6
Sky Bank,697,31-Dec-20,75927.5
Sky Bank,699,31-Dec-20,59671.8
Sky Bank,700,31-Dec-20,15722.9
Sky Bank,701,31-Dec-20,29464.4
Sky Bank,702,31-Dec-20,10920.5
Sky Bank,704,31-Dec-20,30799.8
Sky Bank,709,31-Dec-20,31762.3
Sky Bank,710,31-Dec-20,22791.7
Sky Bank,711,31-Dec-20,26129.9
Sky Bank,716,31-Dec-20,37271.7
Sky Bank,717,31-Dec-20,58158.2
Sky Bank,719,31-Dec-20,25000.9
Sky Bank,720,31-Dec-20,25836.7
Sky Bank,721,31-Dec-20,26353.5
Sky Bank,726,31-Dec-20,21739.2
Sky Bank,728,31-Dec-20,16518.9
Sky Bank,730,31-Dec-20,21779.7
Sky Bank,731,31-Dec-20,18369.5
Sky Bank,733,31-Dec-20,87533.4
Sky Bank,737,31-Dec-20,18834.9
Sky Bank,738,31-Dec-20,53850.4
Sky Bank,740,31-Dec-20,20249
Sky Bank,741,31-Dec-20,42806.8
Sky Bank,742,31-Dec-20,23569.8
Sky Bank,743,31-Dec-20,24139.2
Sky Bank,744,31-Dec-20,26686.9
Sky Bank,746,31-Dec-20,22337.4
Sky Bank,747,31-Dec-20,16810.8
Sky Bank,748,31-Dec-20,35748
Sky Bank,750,31-Dec-20,63315.6
Sky Bank,751,31-Dec-20,26408.5
Sky Bank,754,31-Dec-20,25205.2
Sky Bank,757,31-Dec-20,42873.1
Sky Bank,759,31-Dec-20,37382.6
Sky Bank,761,31-Dec-20,27315.9
Sky Bank,763,31-Dec-20,25981.5
Sky Bank,764,31-Dec-20,16584.4
Sky Bank,767,31-Dec-20,34980.5
Sky Bank,772,31-Dec-20,86817.4
Sky Bank,773,31-Dec-20,47365.6
Sky Bank,774,31-Dec-20,28585.6
Sky Bank,775,31-Dec-20,48293
Sky Bank,781,31-Dec-20,16221.9
Sky Bank,784,31-Dec-20,55115.7
Sky Bank,786,31-Dec-20,62022.2
Sky Bank,787,31-Dec-20,21195.7
Sky Bank,789,31-Dec-20,19133.8
Sky Bank,790,31-Dec-20,39471.9
Sky Bank,793,31-Dec-20,22215.2
Sky Bank,795,31-Dec-20,27705.6
Sky Bank,799,31-Dec-20,16757
Sky Bank,802,31-Dec-20,28247.3
Sky Bank,803,31-Dec-20,47466.2
Sky Bank,807,31-Dec-20,31074.4
Sky Bank,808,31-Dec-20,20655.8
Sky Bank,810,31-Dec-20,9828.6
Sky Bank,813,31-Dec-20,30098.4
Sky Bank,815,31-Dec-20,20366.6
Sky Bank,816,31-Dec-20,66961.7
Sky Bank,817,31-Dec-20,15321.7
Sky Bank,819,31-Dec-20,43508.7
Sky Bank,820,31-Dec-20,33579.2
Sky Bank,830,31-Dec-20,52033.3
Sky Bank,837,31-Dec-20,37536.5
Sky Bank,839,31-Dec-20,52141.8
Sky Bank,841,31-Dec-20,23573.3
Sky Bank,842,31-Dec-20,21068.7
Sky Bank,844,31-Dec-20,27809.7
Sky Bank,851,31-Dec-20,41769.8
Sky Bank,854,31-Dec-20,15872.9
Sky Bank,855,31-Dec-20,35786.5
Sky Bank,857,31-Dec-20,15647.4
Sky Bank,860,31-Dec-20,36924.4
Sky Bank,861,31-Dec-20,31131.2
Sky Bank,862,31-Dec-20,42165.6
Sky Bank,863,31-Dec-20,40636.7
Sky Bank,866,31-Dec-20,43430.2
Sky Bank,870,31-Dec-20,27297.5
Sky Bank,875,31-Dec-20,22266.2
Sky Bank,882,31-Dec-20,29634.4
Sky Bank,883,31-Dec-20,49373.9
Sky Bank,884,31-Dec-20,21707.2
Sky Bank,885,31-Dec-20,49303.4
Sky Bank,886,31-Dec-20,49771
Sky Bank,887,31-Dec-20,16748.4
Sky Bank,890,31-Dec-20,28258.8
Sky Bank,892,31-Dec-20,30193.2
Sky Bank,893,31-Dec-20,77398.4
Sky Bank,894,31-Dec-20,27013.1
Sky Bank,896,31-Dec-20,27173
Sky Bank,897,31-Dec-20,35936.6
Sky Bank,899,31-Dec-20,31501.9
Sky Bank,900,31-Dec-20,18146
Sky Bank,901,31-Dec-20,28471.5
Sky Bank,902,31-Dec-20,26431.6
Sky Bank,903,31-Dec-20,19758.5
Sky Bank,904,31-Dec-20,68897.2
Sky Bank,907,31-Dec-20,25677.7
Sky Bank,908,31-Dec-20,30713.9
Sky Bank,914,31-Dec-20,13418.6
Sky Bank,915,31-Dec-20,34970.8
Sky Bank,917,31-Dec-20,37115.1
Sky Bank,922,31-Dec-20,27111.3
Sky Bank,924,31-Dec-20,3730
Sky Bank,925,31-Dec-20,25540.2
Sky Bank,928,31-Dec-20,31156.4
Sky Bank,929,31-Dec-20,32864.4
Sky Bank,930,31-Dec-20,39650.8
Sky Bank,931,31-Dec-20,27590.5
Sky Bank,939,31-Dec-20,19125.1
Sky Bank,940,31-Dec-20,79052.8
Sky Bank,941,31-Dec-20,19614.4
Sky Bank,942,31-Dec-20,22401.9
Sky Bank,943,31-Dec-20,19014
Sky Bank,944,31-Dec-20,53114.4
Sky Bank,947,31-Dec-20,15033.6
Sky Bank,950,31-Dec-20,65119.6
Sky Bank,953,31-Dec-20,27126.5
Sky Bank,956,31-Dec-20,38793.2
Sky Bank,960,31-Dec-20,34159.1
Sky Bank,964,31-Dec-20,32189.7
Sky Bank,965,31-Dec-20,17771.6
Sky Bank,968,31-Dec-20,19596.2
Sky Bank,969,31-Dec-20,38594
Sky Bank,973,31-Dec-20,34431.6
Sky Bank,974,31-Dec-20,53785.7
Sky Bank,977,31-Dec-20,37209.8
Sky Bank,978,31-Dec-20,40904
Sky Bank,979,31-Dec-20,54775.5
Sky Bank,981,31-Dec-20,51110.1
Sky Bank,982,31-Dec-20,13801.7
Sky Bank,985,31-Dec-20,17448
Sky Bank,988,31-Dec-20,29877.3
Sky Bank,989,31-Dec-20,18154.3
Sky Bank,990,31-Dec-20,62655.7
Sky Bank,991,31-Dec-20,76589.3
Sky Bank,992,31-Dec-20,34430.4
Sky Bank,994,31-Dec-20,56869.1
Sky Bank,998,31-Dec-20,67232.5
Sky Bank,1000,31-Dec-20,47233.3
Sky Bank,1005,31-Dec-20,23965.3
Sky Bank,1006,31-Dec-20,32892
Sky Bank,1009,31-Dec-20,51460.3
Sky Bank,1010,31-Dec-20,22641.9
Sky Bank,1011,31-Dec-20,30014
Sky Bank,1012,31-Dec-20,27775.1
Sky Bank,1016,31-Dec-20,52456.6
Sky Bank,1017,31-Dec-20,63198.3
Sky Bank,1018,31-Dec-20,13382.2
Sky Bank,1019,31-Dec-20,53450.6
Sky Bank,1022,31-Dec-20,45731.7
Sky Bank,1023,31-Dec-20,60310.2
Sky Bank,1031,31-Dec-20,39518.6
Sky Bank,1032,31-Dec-20,47177.4
Sky Bank,1038,31-Dec-20,14816.5
Sky Bank,1039,31-Dec-20,56868.8
Sky Bank,1042,31-Dec-20,47739.6
Sky Bank,1044,31-Dec-20,22756.1
Sky Bank,1046,31-Dec-20,32631.5
Sky Bank,1047,31-Dec-20,31065.5
Sky Bank,1048,31-Dec-20,23628.7
Sky Bank,1050,31-Dec-20,60814.9
Sky Bank,1051,31-Dec-20,47182.4
Sky Bank,1052,31-Dec-20,22032.7
Sky Bank,1053,31-Dec-20,28006.3
Sky Bank,1054,31-Dec-20,34761.4
Sky Bank,1057,31-Dec-20,15017.8
Sky Bank,1059,31-Dec-20,14517.6
Sky Bank,1062,31-Dec-20,48639.5
Sky Bank,1065,31-Dec-20,39059.1
Sky Bank,1069,31-Dec-20,23176
Sky Bank,1071,31-Dec-20,48169.4
Sky Bank,1073,31-Dec-20,31120.5
Sky Bank,1075,31-Dec-20,22423.1
Sky Bank,1076,31-Dec-20,31854.9
Sky Bank,1077,31-Dec-20,38502.1
Sky Bank,1079,31-Dec-20,41748.1
Sky Bank,1080,31-Dec-20,49563.7
Sky Bank,1088,31-Dec-20,33302.5
Sky Bank,1089,31-Dec-20,31547.9
Sky Bank,1091,31-Dec-20,30730.6
Sky Bank,1092,31-Dec-20,41431.2
Sky Bank,1098,31-Dec-20,23391.1
Sky Bank,1103,31-Dec-20,73820.3
Sky Bank,1105,31-Dec-20,13067.2
Sky Bank,1106,31-Dec-20,35929.1
Sky Bank,1107,31-Dec-20,24006.1
Sky Bank,1108,31-Dec-20,25965.7
Sky Bank,1109,31-Dec-20,47322.9
Sky Bank,1112,31-Dec-20,49763.9
Sky Bank,1114,31-Dec-20,11304.2
Sky Bank,1115,31-Dec-20,19517.5
Sky Bank,1116,31-Dec-20,39951.4
Sky Bank,1118,31-Dec-20,15564.2
Sky Bank,1120,31-Dec-20,14113.3
Sky Bank,1122,31-Dec-20,35030.9
Sky Bank,1123,31-Dec-20,34884.5
Sky Bank,1126,31-Dec-20,37076.1
Sky Bank,1127,31-Dec-20,61628.3
Sky Bank,1128,31-Dec-20,38352.4
Sky Bank,1129,31-Dec-20,46195.5
Sky Bank,1132,31-Dec-20,56232.3
Sky Bank,1133,31-Dec-20,13592.4
Sky Bank,1134,31-Dec-20,23149
Sky Bank,1135,31-Dec-20,19887.5
Sky Bank,1136,31-Dec-20,40469.7
Sky Bank,1142,31-Dec-20,16910.8
Sky Bank,1144,31-Dec-20,17897.7
Sky Bank,1145,31-Dec-20,19635.6
Sky Bank,1146,31-Dec-20,73802
Sky Bank,1147,31-Dec-20,52283.3
Sky Bank,1151,31-Dec-20,56983.9
Sky Bank,1152,31-Dec-20,14140.7
Sky Bank,1153,31-Dec-20,28661.5
Sky Bank,1157,31-Dec-20,22168.3
Sky Bank,1158,31-Dec-20,28600.9
Sky Bank,1159,31-Dec-20,36510
Sky Bank,1161,31-Dec-20,26624.4
Sky Bank,1164,31-Dec-20,33934.6
Sky Bank,1166,31-Dec-20,44635
Sky Bank,1168,31-Dec-20,21528.7
Sky Bank,1169,31-Dec-20,40946.3
Sky Bank,1174,31-Dec-20,46383.9
Sky Bank,1179,31-Dec-20,17833.8
Sky Bank,1180,31-Dec-20,44897
Sky Bank,1183,31-Dec-20,22373.8
Sky Bank,1184,31-Dec-20,49336.4
Sky Bank,1189,31-Dec-20,26321.8
Sky Bank,1193,31-Dec-20,30419.8
Sky Bank,1194,31-Dec-20,72217.7
Sky Bank,1197,31-Dec-20,27272
Sky Bank,1200,31-Dec-20,50574.7
Sky Bank,1201,31-Dec-20,57556.3
Sky Bank,1203,31-Dec-20,69563.4
Sky Bank,1204,31-Dec-20,51683.9
Sky Bank,1205,31-Dec-20,31048.6
Sky Bank,1207,31-Dec-20,44318.6
Sky Bank,1217,31-Dec-20,18214
Sky Bank,1220,31-Dec-20,27036.9
Sky Bank,1222,31-Dec-20,44387.3
Sky Bank,1225,31-Dec-20,74593.1
Sky Bank,1228,31-Dec-20,32169.3
Sky Bank,1231,31-Dec-20,55765.2
Sky Bank,1234,31-Dec-20,23547.8
Sky Bank,1235,31-Dec-20,17682.1
Sky Bank,1236,31-Dec-20,55990.8
Sky Bank,1237,31-Dec-20,78148.5
Sky Bank,1239,31-Dec-20,25558.2
Sky Bank,1246,31-Dec-20,16695.5
Sky Bank,1247,31-Dec-20,45795.4
Sky Bank,1248,31-Dec-20,28185.3
Sky Bank,1249,31-Dec-20,32126.5
Sky Bank,1251,31-Dec-20,51061.2
Sky Bank,1252,31-Dec-20,53154.7
Sky Bank,1254,31-Dec-20,44540.1
Sky Bank,1256,31-Dec-20,34065.6
Sky Bank,1257,31-Dec-20,38792.3
Sky Bank,1261,31-Dec-20,37761.8
Sky Bank,1268,31-Dec-20,18813.7
Sky Bank,1269,31-Dec-20,25971.5
Sky Bank,1272,31-Dec-20,100531.8
Sky Bank,1273,31-Dec-20,44645
Sky Bank,1276,31-Dec-20,31003.6
Sky Bank,1277,31-Dec-20,30344.9
Sky Bank,1280,31-Dec-20,26839.6
Sky Bank,1285,31-Dec-20,30520.8
Sky Bank,1286,31-Dec-20,44145.9
Sky Bank,1287,31-Dec-20,39429.2
Sky Bank,1288,31-Dec-20,17263.4
Sky Bank,1291,31-Dec-20,25844
Sky Bank,1292,31-Dec-20,44204.9
Sky Bank,1294,31-Dec-20,31602.4
Sky Bank,1295,31-Dec-20,19648.9
Sky Bank,1297,31-Dec-20,44501.5
Sky Bank,1299,31-Dec-20,16832.8
Sky Bank,1301,31-Dec-20,40033.4
Sky Bank,1302,31-Dec-20,28078.7
Sky Bank,1305,31-Dec-20,46427
Sky Bank,1306,31-Dec-20,31448.5
Sky Bank,1307,31-Dec-20,28182.6
Sky Bank,1309,31-Dec-20,39313.7
Sky Bank,1312,31-Dec-20,29094
Sky Bank,1314,31-Dec-20,29124.2
Sky Bank,1315,31-Dec-20,32794.6
Sky Bank,1317,31-Dec-20,31119.5
Sky Bank,1322,31-Dec-20,22853.3
Sky Bank,1327,31-Dec-20,28907
Sky Bank,1331,31-Dec-20,31426.5
Sky Bank,1332,31-Dec-20,95402.2
Sky Bank,1333,31-Dec-20,27109.7
Sky Bank,1334,31-Dec-20,27471.8
Sky Bank,1335,31-Dec-20,38719.4
Sky Bank,1337,31-Dec-20,34445
Sky Bank,1338,31-Dec-20,32835.9
Sky Bank,1344,31-Dec-20,58255.2
Sky Bank,1345,31-Dec-20,71819.2
Sky Bank,1352,31-Dec-20,59608.4
Sky Bank,1353,31-Dec-20,55436.2
Sky Bank,1357,31-Dec-20,12955.9
Sky Bank,1359,31-Dec-20,25144.5
Sky Bank,1360,31-Dec-20,33059.5
Sky Bank,1366,31-Dec-20,25352.3
Sky Bank,1371,31-Dec-20,21127.7
Sky Bank,1372,31-Dec-20,38636.5
Sky Bank,1373,31-Dec-20,20634.2
Sky Bank,1375,31-Dec-20,46973.7
Sky Bank,1378,31-Dec-20,56572.3
Sky Bank,1381,31-Dec-20,20216.2
Sky Bank,1382,31-Dec-20,22520.2
Sky Bank,1388,31-Dec-20,47067
Sky Bank,1392,31-Dec-20,51430.5
Sky Bank,1394,31-Dec-20,36476.9
Sky Bank,1395,31-Dec-20,15346.6
Sky Bank,1397,31-Dec-20,62009.5
Sky Bank,1401,31-Dec-20,35337.6
Sky Bank,1402,31-Dec-20,16596.1
Sky Bank,1403,31-Dec-20,42928.5
Sky Bank,1404,31-Dec-20,17326
Sky Bank,1406,31-Dec-20,23180.2
Sky Bank,1410,31-Dec-20,61506.5
Sky Bank,1411,31-Dec-20,56592.5
Sky Bank,1412,31-Dec-20,36424.3
Sky Bank,1413,31-Dec-20,44471.8
Sky Bank,1414,31-Dec-20,26410.2
Sky Bank,1416,31-Dec-20,38824.1
Sky Bank,1417,31-Dec-20,47565
Sky Bank,1419,31-Dec-20,24647.5
Sky Bank,1420,31-Dec-20,26499.4
Sky Bank,1421,31-Dec-20,31368.7
Sky Bank,1422,31-Dec-20,27996.8
Sky Bank,1423,31-Dec-20,29159.5
Sky Bank,1425,31-Dec-20,35199.3
Sky Bank,1427,31-Dec-20,32539.8
Sky Bank,1429,31-Dec-20,25389.6
Sky Bank,1436,31-Dec-20,38264.9
Sky Bank,1437,31-Dec-20,23408.1
Sky Bank,1440,31-Dec-20,29750.7
Sky Bank,1441,31-Dec-20,26903.7
Sky Bank,1442,31-Dec-20,41031.7
Sky Bank,1446,31-Dec-20,43909.8
Sky Bank,1449,31-Dec-20,38075
Sky Bank,1451,31-Dec-20,35057.2
Sky Bank,1452,31-Dec-20,44636.5
Sky Bank,1453,31-Dec-20,26237.6
Sky Bank,1458,31-Dec-20,39456.3
Sky Bank,1465,31-Dec-20,24115
Sky Bank,1467,31-Dec-20,44157.5
Sky Bank,1468,31-Dec-20,15956.6
Sky Bank,1470,31-Dec-20,48242
Sky Bank,1472,31-Dec-20,34237.2
Sky Bank,1475,31-Dec-20,25583.6
Sky Bank,1476,31-Dec-20,15202.4
Sky Bank,1477,31-Dec-20,15755.2
Sky Bank,1479,31-Dec-20,25890.5
Sky Bank,1481,31-Dec-20,24391.8
Sky Bank,1485,31-Dec-20,59131
Sky Bank,1487,31-Dec-20,22332.6
Sky Bank,1493,31-Dec-20,23252.6
Sky Bank,1495,31-Dec-20,63549.2
Sky Bank,1496,31-Dec-20,44477
Sky Bank,1497,31-Dec-20,25301.7
Sky Bank,1499,31-Dec-20,30009.2
Sky Bank,1505,31-Dec-20,37979.3
Sky Bank,1507,31-Dec-20,39626.7
Sky Bank,1509,31-Dec-20,13056.2
Sky Bank,1511,31-Dec-20,40495.3
Sky Bank,1512,31-Dec-20,28809.4
Sky Bank,1513,31-Dec-20,34254
Sky Bank,1515,31-Dec-20,45776.2
Sky Bank,1516,31-Dec-20,23835.1
Sky Bank,1518,31-Dec-20,62944.8
Sky Bank,1519,31-Dec-20,73802.6
Sky Bank,1520,31-Dec-20,23702.5
Sky Bank,1526,31-Dec-20,35081.7
Sky Bank,1527,31-Dec-20,5653.3
Sky Bank,1530,31-Dec-20,26145
Sky Bank,1534,31-Dec-20,36441.7
Sky Bank,1535,31-Dec-20,45416.6
Sky Bank,1536,31-Dec-20,54253.5
Sky Bank,1539,31-Dec-20,12359.5
Sky Bank,1540,31-Dec-20,48126.7
Sky Bank,1544,31-Dec-20,56416.2
Sky Bank,1545,31-Dec-20,39392.2
Sky Bank,1547,31-Dec-20,78834
Sky Bank,1548,31-Dec-20,19214.5
Sky Bank,1552,31-Dec-20,63097.8
Sky Bank,1554,31-Dec-20,55487.6
Sky Bank,1559,31-Dec-20,64434.7
Sky Bank,1561,31-Dec-20,33022.2
Sky Bank,1565,31-Dec-20,39173
Sky Bank,1566,31-Dec-20,27493
Sky Bank,1568,31-Dec-20,51945.5
Sky Bank,1570,31-Dec-20,23922.4
Sky Bank,1575,31-Dec-20,19973
Sky Bank,1578,31-Dec-20,27321.6
Sky Bank,1579,31-Dec-20,50024.1
Sky Bank,1581,31-Dec-20,43092.9
Sky Bank,1583,31-Dec-20,6474.8
Sky Bank,1584,31-Dec-20,21937.4
Sky Bank,1588,31-Dec-20,26236.2
Sky Bank,1589,31-Dec-20,30614.1
Sky Bank,1590,31-Dec-20,40239.3
Sky Bank,1592,31-Dec-20,36892.2
Sky Bank,1597,31-Dec-20,23717.5
Sky Bank,1599,31-Dec-20,33169.8
Sky Bank,1601,31-Dec-20,22808.5
Sky Bank,1602,31-Dec-20,23899
Sky Bank,1603,31-Dec-20,32743.6
Sky Bank,1604,31-Dec-20,53790.2
Sky Bank,1605,31-Dec-20,81647.1
Sky Bank,1610,31-Dec-20,92717.4
Sky Bank,1617,31-Dec-20,24984.7
Sky Bank,1620,31-Dec-20,26058.9
Sky Bank,1621,31-Dec-20,36847.3
Sky Bank,1625,31-Dec-20,29167
Sky Bank,1626,31-Dec-20,73437.6
Sky Bank,1627,31-Dec-20,29713.7
Sky Bank,1628,31-Dec-20,16668.3
Sky Bank,1629,31-Dec-20,11575
Sky Bank,1630,31-Dec-20,19346.3
Sky Bank,1633,31-Dec-20,31691.3
Sky Bank,1634,31-Dec-20,43940.6
Sky Bank,1635,31-Dec-20,35842.2
Sky Bank,1637,31-Dec-20,28397.9
Sky Bank,1640,31-Dec-20,47734.4
Sky Bank,1642,31-Dec-20,19271.1
Sky Bank,1644,31-Dec-20,31325.5
Sky Bank,1649,31-Dec-20,17011.5
Sky Bank,1652,31-Dec-20,26246.4
Sky Bank,1653,31-Dec-20,47154
Sky Bank,1658,31-Dec-20,17842.9
Sky Bank,1660,31-Dec-20,34054.7
Sky Bank,1664,31-Dec-20,51834.1
Sky Bank,1666,31-Dec-20,30685.2
Sky Bank,1671,31-Dec-20,26065.6
Sky Bank,1673,31-Dec-20,17421.2
Sky Bank,1674,31-Dec-20,28370.5
Sky Bank,1675,31-Dec-20,28798.3
Sky Bank,1678,31-Dec-20,81719.4
Sky Bank,1680,31-Dec-20,40410.6
Sky Bank,1684,31-Dec-20,33461.2
Sky Bank,1685,31-Dec-20,25457.8
Sky Bank,1686,31-Dec-20,35707.8
Sky Bank,1688,31-Dec-20,22750.6
Sky Bank,1689,31-Dec-20,16706
Sky Bank,1690,31-Dec-20,20792.6
Sky Bank,1691,31-Dec-20,6224.9
Sky Bank,1692,31-Dec-20,32880.6
Sky Bank,1694,31-Dec-20,88613.3
Sky Bank,1695,31-Dec-20,60312.1
Sky Bank,1696,31-Dec-20,17896.4
Sky Bank,1699,31-Dec-20,16380.2
Sky Bank,1700,31-Dec-20,27570.8
Sky Bank,1701,31-Dec-20,5750.6
Sky Bank,1702,31-Dec-20,24699.6
Sky Bank,1704,31-Dec-20,18896.9
Sky Bank,1705,31-Dec-20,45399.9
Sky Bank,1706,31-Dec-20,31790.3
Sky Bank,1708,31-Dec-20,28366.3
Sky Bank,1713,31-Dec-20,15354.2
Sky Bank,1714,31-Dec-20,18281.3
Sky Bank,1719,31-Dec-20,19363.1
Sky Bank,1725,31-Dec-20,29264.1
Sky Bank,1726,31-Dec-20,29916.4
Sky Bank,1728,31-Dec-20,30336.7
Sky Bank,1730,31-Dec-20,35371.7
Sky Bank,1731,31-Dec-20,26088.6
Sky Bank,1741,31-Dec-20,23423.2
Sky Bank,1742,31-Dec-20,41786.4
Sky Bank,1743,31-Dec-20,30920.6
Sky Bank,1749,31-Dec-20,64827.3
Sky Bank,1750,31-Dec-20,53189.3
Sky Bank,1756,31-Dec-20,38510.1
Sky Bank,1757,31-Dec-20,30474.8
Sky Bank,1761,31-Dec-20,34958.7
Sky Bank,1762,31-Dec-20,49692.3
Sky Bank,1766,31-Dec-20,40675.1
Sky Bank,1767,31-Dec-20,37248.6
Sky Bank,1768,31-Dec-20,40728.2
Sky Bank,1769,31-Dec-20,27201.9
Sky Bank,1770,31-Dec-20,58332.5
Sky Bank,1771,31-Dec-20,29328.4
Sky Bank,1772,31-Dec-20,29037.3
Sky Bank,1773,31-Dec-20,14654.7
Sky Bank,1775,31-Dec-20,24568.8
Sky Bank,1778,31-Dec-20,39212.4
Sky Bank,1779,31-Dec-20,90276.2
Sky Bank,1780,31-Dec-20,63367.6
Sky Bank,1782,31-Dec-20,34662.3
Sky Bank,1784,31-Dec-20,30518.7
Sky Bank,1786,31-Dec-20,50484.5
Sky Bank,1787,31-Dec-20,6838.5
Sky Bank,1788,31-Dec-20,21179.1
Sky Bank,1792,31-Dec-20,23902.4
Sky Bank,1793,31-Dec-20,44231
Sky Bank,1796,31-Dec-20,35635.8
Sky Bank,1797,31-Dec-20,42162.8
Sky Bank,1801,31-Dec-20,25738.2
Sky Bank,1802,31-Dec-20,29800
Sky Bank,1803,31-Dec-20,30150.1
Sky Bank,1804,31-Dec-20,29589.1
Sky Bank,1805,31-Dec-20,78277.4
Sky Bank,1806,31-Dec-20,23563
Sky Bank,1809,31-Dec-20,32948.8
Sky Bank,1810,31-Dec-20,60655
Sky Bank,1811,31-Dec-20,45481.5
Sky Bank,1813,31-Dec-20,42818.2
Sky Bank,1815,31-Dec-20,38503
Sky Bank,1816,31-Dec-20,18104.9
Sky Bank,1820,31-Dec-20,33877.9
Sky Bank,1821,31-Dec-20,44562.9
Sky Bank,1822,31-Dec-20,24430.7
Sky Bank,1824,31-Dec-20,64897.5
Sky Bank,1825,31-Dec-20,13352.7
Sky Bank,1826,31-Dec-20,42523.2
Sky Bank,1827,31-Dec-20,28360.2
Sky Bank,1828,31-Dec-20,57955.9
Sky Bank,1829,31-Dec-20,13591.4
Sky Bank,1830,31-Dec-20,13459.6
Sky Bank,1831,31-Dec-20,31091.9
Sky Bank,1834,31-Dec-20,46155.1
Sky Bank,1835,31-Dec-20,44075.9
Sky Bank,1837,31-Dec-20,71665.9
Sky Bank,1838,31-Dec-20,64249
Sky Bank,1843,31-Dec-20,37042.4
Sky Bank,1844,31-Dec-20,32225.3
Sky Bank,1846,31-Dec-20,12126.7
Sky Bank,1848,31-Dec-20,19310.3
Sky Bank,1851,31-Dec-20,32148.9
Sky Bank,1852,31-Dec-20,13330.2
Sky Bank,1856,31-Dec-20,22420.1
Sky Bank,1858,31-Dec-20,21319.2
Sky Bank,1861,31-Dec-20,57958.9
Sky Bank,1862,31-Dec-20,55602.2
Sky Bank,1865,31-Dec-20,32311.4
Sky Bank,1867,31-Dec-20,28259.4
Sky Bank,1870,31-Dec-20,46026.9
Sky Bank,1871,31-Dec-20,44468.7
Sky Bank,1874,31-Dec-20,31223.1
Sky Bank,1875,31-Dec-20,25344.3
Sky Bank,1877,31-Dec-20,40022.3
Sky Bank,1878,31-Dec-20,11198.7
Sky Bank,1879,31-Dec-20,13668.4
Sky Bank,1880,31-Dec-20,35531.6
Sky Bank,1882,31-Dec-20,15519.1
Sky Bank,1887,31-Dec-20,35347.3
Sky Bank,1889,31-Dec-20,26731.5
Sky Bank,1891,31-Dec-20,41331
Sky Bank,1892,31-Dec-20,23063.2
Sky Bank,1896,31-Dec-20,47900
Sky Bank,1898,31-Dec-20,32421.6
Sky Bank,1901,31-Dec-20,28280.7
Sky Bank,1902,31-Dec-20,41387.8
Sky Bank,1908,31-Dec-20,32525.4
Sky Bank,1909,31-Dec-20,20654.7
Sky Bank,1911,31-Dec-20,42028.1
Sky Bank,1912,31-Dec-20,24573.6
Sky Bank,1914,31-Dec-20,29242
Sky Bank,1918,31-Dec-20,25297.2
Sky Bank,1919,31-Dec-20,57567.5
Sky Bank,1925,31-Dec-20,26902.8
Sky Bank,1926,31-Dec-20,27109.3
Sky Bank,1927,31-Dec-20,17142.2
Sky Bank,1930,31-Dec-20,24815.8
Sky Bank,1931,31-Dec-20,20858.7
Sky Bank,1934,31-Dec-20,31291.4
Sky Bank,1936,31-Dec-20,14461.6
Sky Bank,1937,31-Dec-20,15985.8
Sky Bank,1938,31-Dec-20,48589.6
Sky Bank,1940,31-Dec-20,11983.5
Sky Bank,1941,31-Dec-20,53584.6
Sky Bank,1944,31-Dec-20,35490.5
Sky Bank,1945,31-Dec-20,26921
Sky Bank,1947,31-Dec-20,38095.6
Sky Bank,1949,31-Dec-20,34325.3
Sky Bank,1952,31-Dec-20,20991.6
Sky Bank,1955,31-Dec-20,15118.9
Sky Bank,1958,31-Dec-20,32110.5
Sky Bank,1959,31-Dec-20,13379.6
Sky Bank,1961,31-Dec-20,21967.8
Sky Bank,1965,31-Dec-20,17710
Sky Bank,1966,31-Dec-20,34474.9
Sky Bank,1967,31-Dec-20,7722.3
Sky Bank,1969,31-Dec-20,23892
Sky Bank,1970,31-Dec-20,53887.1
Sky Bank,1971,31-Dec-20,48122.2
Sky Bank,1972,31-Dec-20,23212.4
Sky Bank,1974,31-Dec-20,31264.6
Sky Bank,1975,31-Dec-20,38349.3
Sky Bank,1978,31-Dec-20,38280
Sky Bank,1979,31-Dec-20,22343.6
Sky Bank,1981,31-Dec-20,26300.4
Sky Bank,1984,31-Dec-20,48619.8
Sky Bank,1986,31-Dec-20,30930.1
Sky Bank,1987,31-Dec-20,57189
Sky Bank,1989,31-Dec-20,24861.6
Sky Bank,1990,31-Dec-20,25105.7
Sky Bank,1993,31-Dec-20,15385.4
Sky Bank,1994,31-Dec-20,46168.4
Sky Bank,1998,31-Dec-20,75822.8
Sky Bank,1999,31-Dec-20,33453.4
Sky Bank,2001,31-Dec-20,37618.3
Sky Bank,2002,31-Dec-20,20656.1
Sky Bank,2003,31-Dec-20,47481.9
Sky Bank,2008,31-Dec-20,54665.9
Sky Bank,2009,31-Dec-20,73091.1
Sky Bank,2010,31-Dec-20,19672.9
Sky Bank,2011,31-Dec-20,14719.9
Sky Bank,2015,31-Dec-20,16919.9
Sky Bank,2018,31-Dec-20,19360.2
Sky Bank,2020,31-Dec-20,12033.9
Sky Bank,2022,31-Dec-20,31469.2
Sky Bank,2023,31-Dec-20,38308.7
Sky Bank,2025,31-Dec-20,31866.7
Sky Bank,2027,31-Dec-20,25865.3
Sky Bank,2028,31-Dec-20,25046.7
Sky Bank,2030,31-Dec-20,51650.7
Sky Bank,2037,31-Dec-20,39968
Sky Bank,2038,31-Dec-20,28302
Sky Bank,2039,31-Dec-20,42455.2
Sky Bank,2041,31-Dec-20,39506.6
Sky Bank,2043,31-Dec-20,19538.1
Sky Bank,2044,31-Dec-20,33316.8
Sky Bank,2047,31-Dec-20,26458.8
Sky Bank,2050,31-Dec-20,30075.4
Sky Bank,2052,31-Dec-20,57081.3
Sky Bank,2054,31-Dec-20,36393.7
Sky Bank,2056,31-Dec-20,42810.1
Sky Bank,2059,31-Dec-20,48748.2
Sky Bank,2061,31-Dec-20,25933.4
Sky Bank,2063,31-Dec-20,24778.1
Sky Bank,2067,31-Dec-20,32085.8
Sky Bank,2068,31-Dec-20,17721.1
Sky Bank,2070,31-Dec-20,35006.5
Sky Bank,2072,31-Dec-20,90127.4
Sky Bank,2077,31-Dec-20,30774.7
Sky Bank,2078,31-Dec-20,43886.3
Sky Bank,2082,31-Dec-20,43888.4
Sky Bank,2087,31-Dec-20,30415.3
Sky Bank,2088,31-Dec-20,28161.5
Sky Bank,2092,31-Dec-20,42863.9
Sky Bank,2096,31-Dec-20,34405.5
Sky Bank,2099,31-Dec-20,36595.7
Sky Bank,2110,31-Dec-20,23644.7
Sky Bank,2111,31-Dec-20,59526.5
Sky Bank,2119,31-Dec-20,31697.2
Sky Bank,2121,31-Dec-20,54446.4
Sky Bank,2122,31-Dec-20,27492.6
Sky Bank,2123,31-Dec-20,17007.9
Sky Bank,2124,31-Dec-20,58332.4
Sky Bank,2128,31-Dec-20,19235.5
Sky Bank,2132,31-Dec-20,44818.6
Sky Bank,2137,31-Dec-20,52358.1
Sky Bank,2139,31-Dec-20,77776.3
Sky Bank,2140,31-Dec-20,28874.2
Sky Bank,2144,31-Dec-20,33203.5
Sky Bank,2146,31-Dec-20,33925.7
Sky Bank,2148,31-Dec-20,22649.2
Sky Bank,2150,31-Dec-20,20375
Sky Bank,2151,31-Dec-20,27036.5
Sky Bank,2154,31-Dec-20,21259.4
Sky Bank,2155,31-Dec-20,19369.3
Sky Bank,2157,31-Dec-20,42487
Sky Bank,2161,31-Dec-20,67927.9
Sky Bank,2163,31-Dec-20,51341
Sky Bank,2167,31-Dec-20,39187.9
Sky Bank,2170,31-Dec-20,29117.5
Sky Bank,2175,31-Dec-20,29166.9
Sky Bank,2176,31-Dec-20,4326.9
Sky Bank,2177,31-Dec-20,24991
Sky Bank,2178,31-Dec-20,42838.1
Sky Bank,2179,31-Dec-20,69139.4
Sky Bank,2185,31-Dec-20,29274.8
Sky Bank,2186,31-Dec-20,27348
Sky Bank,2189,31-Dec-20,70533.2
Sky Bank,2195,31-Dec-20,73447.5
Sky Bank,2199,31-Dec-20,30279.6
Sky Bank,2201,31-Dec-20,21358.4
Sky Bank,2203,31-Dec-20,22690.8
Sky Bank,2206,31-Dec-20,35558.4
Sky Bank,2213,31-Dec-20,30397.9
Sky Bank,2216,31-Dec-20,75772.5
Sky Bank,2218,31-Dec-20,49792.8
Sky Bank,2219,31-Dec-20,59281.2
Sky Bank,2220,31-Dec-20,23698.8
Sky Bank,2222,31-Dec-20,50564.5
Sky Bank,2227,31-Dec-20,40901.4
Sky Bank,2228,31-Dec-20,74752.3
Sky Bank,2235,31-Dec-20,27145.1
Sky Bank,2236,31-Dec-20,22537.3
Sky Bank,2239,31-Dec-20,39372.4
Sky Bank,2241,31-Dec-20,39523.7
Sky Bank,2242,31-Dec-20,35784.2
Sky Bank,2244,31-Dec-20,29517.9
Sky Bank,2245,31-Dec-20,67252.5
Sky Bank,2250,31-Dec-20,45741.3
Sky Bank,2253,31-Dec-20,35297
Sky Bank,2256,31-Dec-20,17332.1
Sky Bank,2257,31-Dec-20,13413.3
Sky Bank,2259,31-Dec-20,12524.6
Sky Bank,2260,31-Dec-20,11131.5
Sky Bank,2265,31-Dec-20,70044.9
Sky Bank,2267,31-Dec-20,61544.6
Sky Bank,2268,31-Dec-20,65841.8
Sky Bank,2269,31-Dec-20,33956.3
Sky Bank,2271,31-Dec-20,20146
Sky Bank,2276,31-Dec-20,35957.2
Sky Bank,2280,31-Dec-20,40868.5
Sky Bank,2281,31-Dec-20,49851.4
Sky Bank,2282,31-Dec-20,96639
Sky Bank,2292,31-Dec-20,27475
Sky Bank,2293,31-Dec-20,12737.8
Sky Bank,2297,31-Dec-20,20502.6
Sky Bank,2298,31-Dec-20,54023.7
Sky Bank,2301,31-Dec-20,40256.5
Sky Bank,2302,31-Dec-20,41135.2
Sky Bank,2305,31-Dec-20,19287.3
Sky Bank,2306,31-Dec-20,32754
Sky Bank,2307,31-Dec-20,27685.4
Sky Bank,2309,31-Dec-20,25821.2
Sky Bank,2310,31-Dec-20,27512.9
Sky Bank,2313,31-Dec-20,28341.2
Sky Bank,2315,31-Dec-20,33373.5
Sky Bank,2318,31-Dec-20,51261.8
Sky Bank,2321,31-Dec-20,63597
Sky Bank,2322,31-Dec-20,45976.8
Sky Bank,2323,31-Dec-20,71286.4
Sky Bank,2326,31-Dec-20,20947.8
Sky Bank,2327,31-Dec-20,25702.3
Sky Bank,2328,31-Dec-20,37764.8
Sky Bank,2330,31-Dec-20,21590
Sky Bank,2331,31-Dec-20,15218.6
Sky Bank,2333,31-Dec-20,30783.8
Sky Bank,2336,31-Dec-20,19862.7
Sky Bank,2342,31-Dec-20,23623.9
Sky Bank,2343,31-Dec-20,30772.6
Sky Bank,2345,31-Dec-20,40944.4
Sky Bank,2352,31-Dec-20,47338.9
Sky Bank,2353,31-Dec-20,36626.9
Sky Bank,2355,31-Dec-20,64429.6
Sky Bank,2357,31-Dec-20,27928.5
Sky Bank,2358,31-Dec-20,39223.6
Sky Bank,2361,31-Dec-20,19964.7
Sky Bank,2363,31-Dec-20,28674.5
Sky Bank,2364,31-Dec-20,25227.3
Sky Bank,2365,31-Dec-20,21888.1
Sky Bank,2367,31-Dec-20,33930.3
Sky Bank,2374,31-Dec-20,3708.9
Sky Bank,2375,31-Dec-20,75252.1
Sky Bank,2377,31-Dec-20,25191.3
Sky Bank,2378,31-Dec-20,60246.4
Sky Bank,2379,31-Dec-20,12466.2
Sky Bank,2382,31-Dec-20,34384.1
Sky Bank,2384,31-Dec-20,35865.5
Sky Bank,2388,31-Dec-20,25650.6
Sky Bank,2393,31-Dec-20,35203.8
Sky Bank,2396,31-Dec-20,19413.2
Sky Bank,2399,31-Dec-20,42209.1
Sky Bank,2401,31-Dec-20,31925.5
Sky Bank,2410,31-Dec-20,42051
Sky Bank,2411,31-Dec-20,54774.9
Sky Bank,2414,31-Dec-20,16964.7
Sky Bank,2417,31-Dec-20,7952.1
Sky Bank,2419,31-Dec-20,54908.8
Sky Bank,2421,31-Dec-20,24449.4
Sky Bank,2423,31-Dec-20,15310.9
Sky Bank,2425,31-Dec-20,35678.8
Sky Bank,2427,31-Dec-20,16819.3
Sky Bank,2428,31-Dec-20,45801
Sky Bank,2429,31-Dec-20,46481.5
Sky Bank,2430,31-Dec-20,38250.5
Sky Bank,2431,31-Dec-20,25183.5
Sky Bank,2433,31-Dec-20,39242.2
Sky Bank,2434,31-Dec-20,14030.9
Sky Bank,2435,31-Dec-20,25827.4
Sky Bank,2436,31-Dec-20,43001.4
Sky Bank,2437,31-Dec-20,3499.9
Sky Bank,2446,31-Dec-20,21954
Sky Bank,2453,31-Dec-20,23912.5
Sky Bank,2454,31-Dec-20,25426.8
Sky Bank,2456,31-Dec-20,83553.5
Sky Bank,2457,31-Dec-20,25094.8
Sky Bank,2458,31-Dec-20,20433.1
Sky Bank,2460,31-Dec-20,36113.7
Sky Bank,2463,31-Dec-20,41708.9
Sky Bank,2464,31-Dec-20,16171.9
Sky Bank,2467,31-Dec-20,51412.1
Sky Bank,2470,31-Dec-20,41131
Sky Bank,2471,31-Dec-20,54674.2
Sky Bank,2472,31-Dec-20,56013.1
Sky Bank,2476,31-Dec-20,22855.9
Sky Bank,2479,31-Dec-20,17085.9
Sky Bank,2482,31-Dec-20,21880.3
Sky Bank,2484,31-Dec-20,25132.6
Sky Bank,2486,31-Dec-20,35159.2
Sky Bank,2487,31-Dec-20,20343.1
Sky Bank,2488,31-Dec-20,22604.6
Sky Bank,2489,31-Dec-20,26620
Sky Bank,2490,31-Dec-20,31782.4
Sky Bank,2493,31-Dec-20,46366.1
Sky Bank,2494,31-Dec-20,56360.8
Sky Bank,2496,31-Dec-20,18340
Sky Bank,2497,31-Dec-20,17154.8
Sky Bank,2501,31-Dec-20,50150.5
Sky Bank,2503,31-Dec-20,35609.8
Sky Bank,2504,31-Dec-20,39039
Sky Bank,2508,31-Dec-20,23712.5
Sky Bank,2510,31-Dec-20,44068.3
Sky Bank,2511,31-Dec-20,37903.1
Sky Bank,2513,31-Dec-20,25678.5
Sky Bank,2514,31-Dec-20,39883.2
Sky Bank,2516,31-Dec-20,23983.5
Sky Bank,2519,31-Dec-20,31496
Sky Bank,2520,31-Dec-20,26920.9
Sky Bank,2521,31-Dec-20,51444.3
Sky Bank,2523,31-Dec-20,14334.5
Sky Bank,2524,31-Dec-20,21416.1
Sky Bank,2525,31-Dec-20,28764.6
Sky Bank,2527,31-Dec-20,32150.7
Sky Bank,2528,31-Dec-20,22455
Sky Bank,2533,31-Dec-20,24331.7
Sky Bank,2534,31-Dec-20,28691.8
Sky Bank,2536,31-Dec-20,31580.4
Sky Bank,2538,31-Dec-20,33011.8
Sky Bank,2540,31-Dec-20,24864.6
Sky Bank,2541,31-Dec-20,49467.6
Sky Bank,2542,31-Dec-20,33442.5
Sky Bank,2543,31-Dec-20,38617.1
Sky Bank,2546,31-Dec-20,101548.4
Sky Bank,2547,31-Dec-20,59301
Sky Bank,2549,31-Dec-20,37373
Sky Bank,2550,31-Dec-20,25114.7
Sky Bank,2552,31-Dec-20,44945.9
Sky Bank,2553,31-Dec-20,36700.2
Sky Bank,2554,31-Dec-20,67758.6
Sky Bank,2555,31-Dec-20,60118
Sky Bank,2557,31-Dec-20,19749.9
Sky Bank,2559,31-Dec-20,34478.3
Sky Bank,2563,31-Dec-20,28698
Sky Bank,2565,31-Dec-20,22006.8
Sky Bank,2568,31-Dec-20,44679.9
Sky Bank,2569,31-Dec-20,32781
Sky Bank,2572,31-Dec-20,43844.8
Sky Bank,2574,31-Dec-20,46101.3
Sky Bank,2576,31-Dec-20,25189.6
Sky Bank,2577,31-Dec-20,26493.5
Sky Bank,2580,31-Dec-20,35499.7
Sky Bank,2581,31-Dec-20,46818.7
Sky Bank,2582,31-Dec-20,49606.4
Sky Bank,2583,31-Dec-20,36719
Sky Bank,2584,31-Dec-20,18399.4
Sky Bank,2585,31-Dec-20,30982.9
Sky Bank,2588,31-Dec-20,36980.5
Sky Bank,2592,31-Dec-20,50808.9
Sky Bank,2596,31-Dec-20,20180.6
Sky Bank,2599,31-Dec-20,8952.3
Sky Bank,2606,31-Dec-20,23726.3
Sky Bank,2608,31-Dec-20,34063.9
Sky Bank,2609,31-Dec-20,62610.9
Sky Bank,2613,31-Dec-20,23954.9
Sky Bank,2615,31-Dec-20,30881.8
Sky Bank,2616,31-Dec-20,47033.9
Sky Bank,2617,31-Dec-20,23670
Sky Bank,2618,31-Dec-20,19824.5
Sky Bank,2620,31-Dec-20,21964.3
Sky Bank,2621,31-Dec-20,23846.9
Sky Bank,2623,31-Dec-20,41104.5
Sky Bank,2627,31-Dec-20,21272.7
Sky Bank,2628,31-Dec-20,13214.5
Sky Bank,2632,31-Dec-20,31114.9
Sky Bank,2638,31-Dec-20,49212
Sky Bank,2639,31-Dec-20,33989.1
Sky Bank,2641,31-Dec-20,59718.7
Sky Bank,2642,31-Dec-20,37632.2
Sky Bank,2645,31-Dec-20,41879.2
Sky Bank,2647,31-Dec-20,47249.7
Sky Bank,2648,31-Dec-20,24667.3
Sky Bank,2649,31-Dec-20,41118
Sky Bank,2651,31-Dec-20,67983.9
Sky Bank,2654,31-Dec-20,25502.4
Sky Bank,2660,31-Dec-20,22107.7
Sky Bank,2662,31-Dec-20,29639.8
Sky Bank,2663,31-Dec-20,21099.8
Sky Bank,2664,31-Dec-20,43908.4
Sky Bank,2665,31-Dec-20,27307.3
Sky Bank,2666,31-Dec-20,20261.1
Sky Bank,2667,31-Dec-20,22382.5
Sky Bank,2670,31-Dec-20,31389.1
Sky Bank,2671,31-Dec-20,30467.9
Sky Bank,2673,31-Dec-20,39492.3
Sky Bank,2674,31-Dec-20,23826.8
Sky Bank,2675,31-Dec-20,31929.4
Sky Bank,2676,31-Dec-20,41007.7
Sky Bank,2680,31-Dec-20,31933
Sky Bank,2681,31-Dec-20,51127.6
Sky Bank,2687,31-Dec-20,21530.4
Sky Bank,2688,31-Dec-20,20952.7
Sky Bank,2691,31-Dec-20,21898.2
Sky Bank,2692,31-Dec-20,6830
Sky Bank,2694,31-Dec-20,40945.7
Sky Bank,2695,31-Dec-20,72922.2
Sky Bank,2697,31-Dec-20,27366.6
Sky Bank,2700,31-Dec-20,24203.4
Sky Bank,2701,31-Dec-20,29728.6
Sky Bank,2705,31-Dec-20,40594.9
Sky Bank,2707,31-Dec-20,49477.6
Sky Bank,2711,31-Dec-20,44951.9
Sky Bank,2712,31-Dec-20,35207.7
Sky Bank,2713,31-Dec-20,25983
Sky Bank,2714,31-Dec-20,33333.7
Sky Bank,2718,31-Dec-20,27455.1
Sky Bank,2723,31-Dec-20,31023.8
Sky Bank,2726,31-Dec-20,42218.6
Sky Bank,2727,31-Dec-20,35916.8
Sky Bank,2729,31-Dec-20,36137.3
Sky Bank,2731,31-Dec-20,44655.4
Sky Bank,2732,31-Dec-20,75240
Sky Bank,2733,31-Dec-20,26031.9
Sky Bank,2736,31-Dec-20,14774.8
Sky Bank,2738,31-Dec-20,32199.8
Sky Bank,2739,31-Dec-20,15939.7
Sky Bank,2740,31-Dec-20,41267.6
Sky Bank,2741,31-Dec-20,23788.6
Sky Bank,2742,31-Dec-20,29924.9
Sky Bank,2747,31-Dec-20,32962.8
Sky Bank,2749,31-Dec-20,29061.1
Sky Bank,2750,31-Dec-20,23871.8
Sky Bank,2751,31-Dec-20,32638.2
Sky Bank,2755,31-Dec-20,23500.3
Sky Bank,2758,31-Dec-20,38994.4
Sky Bank,2762,31-Dec-20,5517
Sky Bank,2763,31-Dec-20,62178.4
Sky Bank,2768,31-Dec-20,32122.6
Sky Bank,2770,31-Dec-20,28337.9
Sky Bank,2771,31-Dec-20,45647
Sky Bank,2778,31-Dec-20,19987.1
Sky Bank,2779,31-Dec-20,63577.9
Sky Bank,2781,31-Dec-20,29624.6
Sky Bank,2783,31-Dec-20,13643.3
Sky Bank,2788,31-Dec-20,45661
Sky Bank,2789,31-Dec-20,39201.4
Sky Bank,2790,31-Dec-20,44716.5
Sky Bank,2793,31-Dec-20,20431.5
Sky Bank,2798,31-Dec-20,27798
Sky Bank,2799,31-Dec-20,35413.4
Sky Bank,2802,31-Dec-20,29177.7
Sky Bank,2803,31-Dec-20,44398.1
Sky Bank,2808,31-Dec-20,36796.3
Sky Bank,2809,31-Dec-20,35853.3
Sky Bank,2810,31-Dec-20,27197.1
Sky Bank,2813,31-Dec-20,37485.5
Sky Bank,2814,31-Dec-20,21754.8
Sky Bank,2817,31-Dec-20,55989.7
Sky Bank,2818,31-Dec-20,25561.3
Sky Bank,2819,31-Dec-20,49173.2
Sky Bank,2823,31-Dec-20,17031.4
Sky Bank,2824,31-Dec-20,38016.6
Sky Bank,2830,31-Dec-20,39857.7
Sky Bank,2834,31-Dec-20,39687.3
Sky Bank,2835,31-Dec-20,14855.3
Sky Bank,2836,31-Dec-20,30008.4
Sky Bank,2838,31-Dec-20,61562
Sky Bank,2839,31-Dec-20,37143.8
Sky Bank,2840,31-Dec-20,60652.6
Sky Bank,2841,31-Dec-20,22618.6
Sky Bank,2842,31-Dec-20,21239.8
Sky Bank,2847,31-Dec-20,24804.2
Sky Bank,2849,31-Dec-20,23447.2
Sky Bank,2851,31-Dec-20,51214.7
Sky Bank,2853,31-Dec-20,33442.9
Sky Bank,2856,31-Dec-20,27300.9
Sky Bank,2858,31-Dec-20,33948.8
Sky Bank,2859,31-Dec-20,37795.7
Sky Bank,2861,31-Dec-20,25732.7
Sky Bank,2862,31-Dec-20,44628.9
Sky Bank,2865,31-Dec-20,38768.8
Sky Bank,2866,31-Dec-20,43094.2
Sky Bank,2867,31-Dec-20,52481.1
Sky Bank,2868,31-Dec-20,19806.5
Sky Bank,2876,31-Dec-20,21744.2
Sky Bank,2877,31-Dec-20,66280.9
Sky Bank,2880,31-Dec-20,43594.4
Sky Bank,2881,31-Dec-20,42355.3
Sky Bank,2884,31-Dec-20,46123.9
Sky Bank,2886,31-Dec-20,30942.5
Sky Bank,2894,31-Dec-20,59399.5
Sky Bank,2895,31-Dec-20,31216.4
Sky Bank,2896,31-Dec-20,22966.5
Sky Bank,2902,31-Dec-20,38029.7
Sky Bank,2903,31-Dec-20,42338.2
Sky Bank,2905,31-Dec-20,36722.7
Sky Bank,2907,31-Dec-20,26558.5
Sky Bank,2911,31-Dec-20,20205.9
Sky Bank,2912,31-Dec-20,50455.3
Sky Bank,2913,31-Dec-20,15672.1
Sky Bank,2915,31-Dec-20,26270.8
Sky Bank,2919,31-Dec-20,38073.5
Sky Bank,2922,31-Dec-20,16745
Sky Bank,2923,31-Dec-20,13905.4
Sky Bank,2924,31-Dec-20,53300.6
Sky Bank,2925,31-Dec-20,25650.8
Sky Bank,2926,31-Dec-20,35435.4
Sky Bank,2928,31-Dec-20,21970.8
Sky Bank,2931,31-Dec-20,24215.4
Sky Bank,2932,31-Dec-20,26219
Sky Bank,2933,31-Dec-20,18888.2
Sky Bank,2935,31-Dec-20,14741.5
Sky Bank,2938,31-Dec-20,40379.5
Sky Bank,2940,31-Dec-20,46022.3
Sky Bank,2949,31-Dec-20,16363.1
Sky Bank,2951,31-Dec-20,42501.3
Sky Bank,2957,31-Dec-20,47670.4
Sky Bank,2958,31-Dec-20,26196.8
Sky Bank,2959,31-Dec-20,40813.3
Sky Bank,2960,31-Dec-20,38266.2
Sky Bank,2962,31-Dec-20,93877.6
Sky Bank,2968,31-Dec-20,35664.6
Sky Bank,2970,31-Dec-20,42466.9
Sky Bank,2971,31-Dec-20,17934.1
Sky Bank,2972,31-Dec-20,35727.4
Sky Bank,2974,31-Dec-20,40316.7
Sky Bank,2978,31-Dec-20,18532.7
Sky Bank,2980,31-Dec-20,20881.5
Sky Bank,2985,31-Dec-20,36308.5
Sky Bank,2987,31-Dec-20,64419.6
Sky Bank,2989,31-Dec-20,18854.6
Sky Bank,2991,31-Dec-20,16105.4
Sky Bank,2996,31-Dec-20,42680.3
Sky Bank,3000,31-Dec-20,41213.3
Sky Bank,3001,31-Dec-20,61135.2
Sky Bank,3003,31-Dec-20,37522.7
Sky Bank,3006,31-Dec-20,23824.4
Sky Bank,3007,31-Dec-20,41659
Sky Bank,3008,31-Dec-20,27349.6
Sky Bank,3010,31-Dec-20,28348.1
Sky Bank,3011,31-Dec-20,14243.2
Sky Bank,3014,31-Dec-20,51514
Sky Bank,3017,31-Dec-20,40127.2
Sky Bank,3026,31-Dec-20,46514
Sky Bank,3028,31-Dec-20,18761.5
Sky Bank,3030,31-Dec-20,21975.4
Sky Bank,3032,31-Dec-20,23784.5
Sky Bank,3035,31-Dec-20,94908.8
Sky Bank,3036,31-Dec-20,64244
Sky Bank,3037,31-Dec-20,12406.9
Sky Bank,3039,31-Dec-20,31769.4
Sky Bank,3042,31-Dec-20,35567
Sky Bank,3045,31-Dec-20,28503
Sky Bank,3047,31-Dec-20,22080.4
Sky Bank,3049,31-Dec-20,31184.8
Sky Bank,3050,31-Dec-20,45996.8
Sky Bank,3053,31-Dec-20,51225.5
Sky Bank,3056,31-Dec-20,18929.6
Sky Bank,3058,31-Dec-20,43249.4
Sky Bank,3061,31-Dec-20,6257.1
Sky Bank,3063,31-Dec-20,32712.8
Sky Bank,3064,31-Dec-20,32674
Sky Bank,3068,31-Dec-20,26047
Sky Bank,3069,31-Dec-20,75629.7
Sky Bank,3072,31-Dec-20,29402
Sky Bank,3074,31-Dec-20,74619.2
Sky Bank,3076,31-Dec-20,20061.5
Sky Bank,3078,31-Dec-20,18767.6
Sky Bank,3086,31-Dec-20,56804.3
Sky Bank,3087,31-Dec-20,18748.6
Sky Bank,3091,31-Dec-20,58028.7
Sky Bank,3094,31-Dec-20,60313.5
Sky Bank,3096,31-Dec-20,31035.6
Sky Bank,3099,31-Dec-20,29228.1
Sky Bank,3101,31-Dec-20,18850
Sky Bank,3107,31-Dec-20,40487.2
Sky Bank,3108,31-Dec-20,14267.4
Sky Bank,3109,31-Dec-20,45086.9
Sky Bank,3111,31-Dec-20,50062.9
Sky Bank,3112,31-Dec-20,88390.3
Sky Bank,3113,31-Dec-20,-175.8
Sky Bank,3117,31-Dec-20,16780
Sky Bank,3124,31-Dec-20,28427.3
Sky Bank,3127,31-Dec-20,34095.6
Sky Bank,3128,31-Dec-20,32873.7
Sky Bank,3129,31-Dec-20,22899.6
Sky Bank,3131,31-Dec-20,37172.6
Sky Bank,3132,31-Dec-20,35256.3
Sky Bank,3133,31-Dec-20,41393.3
Sky Bank,3134,31-Dec-20,40728.1
Sky Bank,3135,31-Dec-20,34818.2
Sky Bank,3136,31-Dec-20,39104.2
Sky Bank,3141,31-Dec-20,35223.5
Sky Bank,3142,31-Dec-20,20589.5
Sky Bank,3145,31-Dec-20,29338.1
Sky Bank,3146,31-Dec-20,20359.5
Sky Bank,3147,31-Dec-20,42682
Sky Bank,3148,31-Dec-20,13641.8
Sky Bank,3152,31-Dec-20,25229.6
Sky Bank,3157,31-Dec-20,36413.9
Sky Bank,3160,31-Dec-20,31236.8
Sky Bank,3164,31-Dec-20,13309.2
Sky Bank,3166,31-Dec-20,24411.2
Sky Bank,3167,31-Dec-20,74976.1
Sky Bank,3168,31-Dec-20,29029.1
Sky Bank,3171,31-Dec-20,19012.4
Sky Bank,3173,31-Dec-20,18129.8
Sky Bank,3181,31-Dec-20,67133.2
Sky Bank,3183,31-Dec-20,32237.3
Sky Bank,3184,31-Dec-20,21585.4
Sky Bank,3186,31-Dec-20,44776.8
Sky Bank,3189,31-Dec-20,28871.2
Sky Bank,3195,31-Dec-20,24205.2
Sky Bank,3196,31-Dec-20,40567.2
Sky Bank,3197,31-Dec-20,22878.5
Sky Bank,3200,31-Dec-20,19598.1
Sky Bank,3201,31-Dec-20,22803.2
Sky Bank,3203,31-Dec-20,16257.8
Sky Bank,3210,31-Dec-20,51810.6
Sky Bank,3212,31-Dec-20,35424.6
Sky Bank,3213,31-Dec-20,17810.1
Sky Bank,3216,31-Dec-20,37809.9
Sky Bank,3218,31-Dec-20,20450.5
Sky Bank,3220,31-Dec-20,79601.2
Sky Bank,3221,31-Dec-20,30151.5
Sky Bank,3222,31-Dec-20,20552.9
Sky Bank,3223,31-Dec-20,34343.8
Sky Bank,3225,31-Dec-20,42084.7
Sky Bank,3226,31-Dec-20,27317.6
Sky Bank,3229,31-Dec-20,53361.1
Sky Bank,3230,31-Dec-20,51020.9
Sky Bank,3231,31-Dec-20,26916.8
Sky Bank,3233,31-Dec-20,23447.9
Sky Bank,3234,31-Dec-20,26475.7
Sky Bank,3235,31-Dec-20,32074.8
Sky Bank,3237,31-Dec-20,26956.2
Sky Bank,3241,31-Dec-20,33576.8
Sky Bank,3243,31-Dec-20,25316
Sky Bank,3244,31-Dec-20,22530.4
Sky Bank,3246,31-Dec-20,33838.1
Sky Bank,3250,31-Dec-20,25400
Sky Bank,3251,31-Dec-20,15015
Sky Bank,3252,31-Dec-20,16648.5
Sky Bank,3253,31-Dec-20,100864.9
Sky Bank,3254,31-Dec-20,29169.6
Sky Bank,3258,31-Dec-20,30441.7
Sky Bank,3259,31-Dec-20,30474
Sky Bank,3260,31-Dec-20,88609.4
Sky Bank,3261,31-Dec-20,25665.5
Sky Bank,3264,31-Dec-20,22155.4
Sky Bank,3267,31-Dec-20,23141.4
Sky Bank,3268,31-Dec-20,12442.2
Sky Bank,3269,31-Dec-20,37560.1
Sky Bank,3270,31-Dec-20,61239.1
Sky Bank,3275,31-Dec-20,22514.7
Sky Bank,3277,31-Dec-20,36653.3
Sky Bank,3279,31-Dec-20,87906.1
Sky Bank,3283,31-Dec-20,50556.4
Sky Bank,3284,31-Dec-20,22007.4
Sky Bank,3287,31-Dec-20,58742.6
Sky Bank,3288,31-Dec-20,27115.7
Sky Bank,3289,31-Dec-20,31302.1
Sky Bank,3292,31-Dec-20,20993.6
Sky Bank,3297,31-Dec-20,36287.5
Sky Bank,3298,31-Dec-20,47849.9
Sky Bank,3302,31-Dec-20,36884.5
Sky Bank,3303,31-Dec-20,26260.8
Sky Bank,3305,31-Dec-20,7301.6
Sky Bank,3306,31-Dec-20,39839.7
Sky Bank,3307,31-Dec-20,67748.4
Sky Bank,3309,31-Dec-20,26818
Sky Bank,3310,31-Dec-20,20857.4
Sky Bank,3315,31-Dec-20,37022
Sky Bank,3316,31-Dec-20,37579.2
Sky Bank,3317,31-Dec-20,10388.4
Sky Bank,3319,31-Dec-20,27217
Sky Bank,3320,31-Dec-20,4022.7
Sky Bank,3321,31-Dec-20,33734.1
Sky Bank,3323,31-Dec-20,48888.3
Sky Bank,3326,31-Dec-20,30858.1
Sky Bank,3327,31-Dec-20,30164.4
Sky Bank,3330,31-Dec-20,30171.2
Sky Bank,3336,31-Dec-20,16294.6
Sky Bank,3345,31-Dec-20,10604.3
Sky Bank,3348,31-Dec-20,51964.7
Sky Bank,3352,31-Dec-20,22365
Sky Bank,3354,31-Dec-20,27816.4
Sky Bank,3355,31-Dec-20,37497.6
Sky Bank,3357,31-Dec-20,25731.9
Sky Bank,3361,31-Dec-20,34932.4
Sky Bank,3362,31-Dec-20,34896.5
Sky Bank,3363,31-Dec-20,20818.9
Sky Bank,3364,31-Dec-20,44103.7
Sky Bank,3367,31-Dec-20,71995.8
Sky Bank,3368,31-Dec-20,42305.1
Sky Bank,3369,31-Dec-20,24106.2
Sky Bank,3370,31-Dec-20,59048.9
Sky Bank,3371,31-Dec-20,38015.1
Sky Bank,3372,31-Dec-20,51719.3
Sky Bank,3374,31-Dec-20,-2831.9
Sky Bank,3378,31-Dec-20,48844.5
Sky Bank,3380,31-Dec-20,27426
Sky Bank,3384,31-Dec-20,13572.8
Sky Bank,3386,31-Dec-20,44255.1
Sky Bank,3391,31-Dec-20,42718.7
Sky Bank,3392,31-Dec-20,39894.5
Sky Bank,3402,31-Dec-20,26273.2
Sky Bank,3405,31-Dec-20,39970.2
Sky Bank,3407,31-Dec-20,27399.2
Sky Bank,3408,31-Dec-20,63187.4
Sky Bank,3410,31-Dec-20,40850.9
Sky Bank,3413,31-Dec-20,46896.7
Sky Bank,3417,31-Dec-20,28375.8
Sky Bank,3419,31-Dec-20,22123.1
Sky Bank,3421,31-Dec-20,35579.1
Sky Bank,3424,31-Dec-20,25507.9
Sky Bank,3425,31-Dec-20,28455.1
Sky Bank,3429,31-Dec-20,37743.1
Sky Bank,3435,31-Dec-20,27608
Sky Bank,3436,31-Dec-20,13310.5
Sky Bank,3440,31-Dec-20,46450.2
Sky Bank,3445,31-Dec-20,34597
Sky Bank,3449,31-Dec-20,35592.7
Sky Bank,3453,31-Dec-20,63977.1
Sky Bank,3456,31-Dec-20,13671.7
Sky Bank,3457,31-Dec-20,22529.5
Sky Bank,3458,31-Dec-20,17242.1
Sky Bank,3464,31-Dec-20,29584.3
Sky Bank,3465,31-Dec-20,52162.8
Sky Bank,3466,31-Dec-20,43288.3
Sky Bank,3469,31-Dec-20,35362.1
Sky Bank,3474,31-Dec-20,17096.3
Sky Bank,3477,31-Dec-20,12036.1
Sky Bank,3478,31-Dec-20,22128.7
Sky Bank,3479,31-Dec-20,20821.8
Sky Bank,3480,31-Dec-20,79062.8
Sky Bank,3482,31-Dec-20,17602.4
Sky Bank,3483,31-Dec-20,20331.7
Sky Bank,3484,31-Dec-20,39578.4
Sky Bank,3486,31-Dec-20,13849.3
Sky Bank,3487,31-Dec-20,51868.8
Sky Bank,3489,31-Dec-20,52818.8
Sky Bank,3492,31-Dec-20,46534.6
Sky Bank,3493,31-Dec-20,22937.7
Sky Bank,3497,31-Dec-20,42959.7
Sky Bank,3503,31-Dec-20,42579
Sky Bank,3505,31-Dec-20,39303.2
Sky Bank,3509,31-Dec-20,29296.1
Sky Bank,3510,31-Dec-20,43843.3
Sky Bank,3513,31-Dec-20,55012.2
Sky Bank,3514,31-Dec-20,21180.2
Sky Bank,3520,31-Dec-20,47027.5
Sky Bank,3521,31-Dec-20,56459.8
Sky Bank,3525,31-Dec-20,16263.5
Sky Bank,3528,31-Dec-20,41159.8
Sky Bank,3532,31-Dec-20,33483.7
Sky Bank,3533,31-Dec-20,29874
Sky Bank,3535,31-Dec-20,20089.6
Sky Bank,3536,31-Dec-20,22934.4
Sky Bank,3538,31-Dec-20,55903.6
Sky Bank,3539,31-Dec-20,27416.4
Sky Bank,3542,31-Dec-20,21087.7
Sky Bank,3545,31-Dec-20,55686.2
Sky Bank,3547,31-Dec-20,17031.6
Sky Bank,3548,31-Dec-20,25672.8
Sky Bank,3551,31-Dec-20,28339.5
Sky Bank,3552,31-Dec-20,49025.2
Sky Bank,3553,31-Dec-20,36937.9
Sky Bank,3554,31-Dec-20,23852.7
Sky Bank,3555,31-Dec-20,26701.4
Sky Bank,3558,31-Dec-20,115194.8
Sky Bank,3566,31-Dec-20,26934.3
Sky Bank,3567,31-Dec-20,41921
Sky Bank,3570,31-Dec-20,38314.8
Sky Bank,3571,31-Dec-20,28601.4
Sky Bank,3572,31-Dec-20,13372.4
Sky Bank,3575,31-Dec-20,39314.6
Sky Bank,3576,31-Dec-20,24287.8
Sky Bank,3579,31-Dec-20,54985.7
Sky Bank,3580,31-Dec-20,43804.6
Sky Bank,3583,31-Dec-20,27992.1
Sky Bank,3586,31-Dec-20,33903.3
Sky Bank,3592,31-Dec-20,27471
Sky Bank,3593,31-Dec-20,33283.4
Sky Bank,3594,31-Dec-20,23022.6
Sky Bank,3595,31-Dec-20,24140.9
Sky Bank,3599,31-Dec-20,24579.4
Sky Bank,3600,31-Dec-20,41277.6
Sky Bank,3601,31-Dec-20,31383.8
Sky Bank,3604,31-Dec-20,26391.4
Sky Bank,3608,31-Dec-20,28011.7
Sky Bank,3609,31-Dec-20,48952.3
Sky Bank,3612,31-Dec-20,30221.5
Sky Bank,3613,31-Dec-20,24764.4
Sky Bank,3617,31-Dec-20,62484.7
Sky Bank,3618,31-Dec-20,36031.4
Sky Bank,3621,31-Dec-20,30332.3
Sky Bank,3622,31-Dec-20,63950.3
Sky Bank,3623,31-Dec-20,22570.2
Sky Bank,3624,31-Dec-20,15608.5
Sky Bank,3625,31-Dec-20,18319.5
Sky Bank,3628,31-Dec-20,41548.6
Sky Bank,3629,31-Dec-20,24684.5
Sky Bank,3636,31-Dec-20,38772.9
Sky Bank,3637,31-Dec-20,35959.6
Sky Bank,3640,31-Dec-20,18081.4
Sky Bank,3641,31-Dec-20,21711.8
Sky Bank,3644,31-Dec-20,21030.7
Sky Bank,3646,31-Dec-20,54317.8
Sky Bank,3649,31-Dec-20,34827.5
Sky Bank,3650,31-Dec-20,36786
Sky Bank,3651,31-Dec-20,23145.7
Sky Bank,3653,31-Dec-20,45204
Sky Bank,3654,31-Dec-20,65501
Sky Bank,3656,31-Dec-20,13624.9
Sky Bank,3660,31-Dec-20,25352.9
Sky Bank,3663,31-Dec-20,80350.9
Sky Bank,3667,31-Dec-20,20092.8
Sky Bank,3669,31-Dec-20,16853.3
Sky Bank,3670,31-Dec-20,27148.8
Sky Bank,3674,31-Dec-20,62772.1
Sky Bank,3675,31-Dec-20,81520.1
Sky Bank,3677,31-Dec-20,10717.7
Sky Bank,3678,31-Dec-20,5298.4
Sky Bank,3679,31-Dec-20,46782.1
Sky Bank,3682,31-Dec-20,33411.4
Sky Bank,3683,31-Dec-20,81308.3
Sky Bank,3684,31-Dec-20,25193.2
Sky Bank,3687,31-Dec-20,39278.6
Sky Bank,3688,31-Dec-20,40409.3
Sky Bank,3689,31-Dec-20,37734.3
Sky Bank,3691,31-Dec-20,20551.6
Sky Bank,3693,31-Dec-20,42468.1
Sky Bank,3697,31-Dec-20,21786.1
Sky Bank,3699,31-Dec-20,37761.9
Sky Bank,3701,31-Dec-20,34411.8
Sky Bank,3702,31-Dec-20,36913.8
Sky Bank,3704,31-Dec-20,22752.6
Sky Bank,3710,31-Dec-20,29588.4
Sky Bank,3712,31-Dec-20,29807.3
Sky Bank,3713,31-Dec-20,10391.5
Sky Bank,3714,31-Dec-20,28030.3
Sky Bank,3717,31-Dec-20,21313.5
Sky Bank,3718,31-Dec-20,19565.6
Sky Bank,3720,31-Dec-20,34350.4
Sky Bank,3725,31-Dec-20,26551.3
Sky Bank,3728,31-Dec-20,21121.6
Sky Bank,3729,31-Dec-20,15999.1
Sky Bank,3730,31-Dec-20,30228.8
Sky Bank,3734,31-Dec-20,31349.6
Sky Bank,3735,31-Dec-20,19945.3
Sky Bank,3737,31-Dec-20,28691.8
Sky Bank,3738,31-Dec-20,43451
Sky Bank,3745,31-Dec-20,50637.1
Sky Bank,3747,31-Dec-20,16172.5
Sky Bank,3748,31-Dec-20,17324.1
Sky Bank,3750,31-Dec-20,31995
Sky Bank,3751,31-Dec-20,55040.3
Sky Bank,3752,31-Dec-20,51841.7
Sky Bank,3753,31-Dec-20,27989.7
Sky Bank,3756,31-Dec-20,32755.7
Sky Bank,3758,31-Dec-20,24942.7
Sky Bank,3759,31-Dec-20,11311.1
Sky Bank,3760,31-Dec-20,21782.6
Sky Bank,3763,31-Dec-20,37942.4
Sky Bank,3764,31-Dec-20,21104
Sky Bank,3767,31-Dec-20,21202.3
Sky Bank,3770,31-Dec-20,44934
Sky Bank,3771,31-Dec-20,37946.5
Sky Bank,3772,31-Dec-20,32313
Sky Bank,3775,31-Dec-20,19581.1
Sky Bank,3777,31-Dec-20,17970.7
Sky Bank,3778,31-Dec-20,64264.1
Sky Bank,3779,31-Dec-20,44713.6
Sky Bank,3781,31-Dec-20,83461.3
Sky Bank,3783,31-Dec-20,22521.6
Sky Bank,3785,31-Dec-20,93070.7
Sky Bank,3786,31-Dec-20,55369.1
Sky Bank,3787,31-Dec-20,58527.4
Sky Bank,3788,31-Dec-20,38297.7
Sky Bank,3792,31-Dec-20,17084.8
Sky Bank,3796,31-Dec-20,44028.9
Sky Bank,3797,31-Dec-20,25193
Sky Bank,3804,31-Dec-20,30882.7
Sky Bank,3805,31-Dec-20,36986.5
Sky Bank,3807,31-Dec-20,71998.4
Sky Bank,3808,31-Dec-20,34455.2
Sky Bank,3810,31-Dec-20,21871.1
Sky Bank,3812,31-Dec-20,20519.8
Sky Bank,3817,31-Dec-20,18479.2
Sky Bank,3818,31-Dec-20,37767.3
Sky Bank,3820,31-Dec-20,53191
Sky Bank,3822,31-Dec-20,22595.3
Sky Bank,3823,31-Dec-20,23956.3
Sky Bank,3824,31-Dec-20,39195.2
Sky Bank,3825,31-Dec-20,44552.8
Sky Bank,3826,31-Dec-20,24179.8
Sky Bank,3827,31-Dec-20,33688.7
Sky Bank,3834,31-Dec-20,34294.8
Sky Bank,3835,31-Dec-20,53921.2
Sky Bank,3837,31-Dec-20,40520.8
Sky Bank,3838,31-Dec-20,29143.6
Sky Bank,3839,31-Dec-20,37164.9
Sky Bank,3840,31-Dec-20,29762.5
Sky Bank,3841,31-Dec-20,18329.9
Sky Bank,3844,31-Dec-20,20242.5
Sky Bank,3845,31-Dec-20,30408.8
Sky Bank,3847,31-Dec-20,38079.8
Sky Bank,3849,31-Dec-20,33644.7
Sky Bank,3850,31-Dec-20,45229.7
Sky Bank,3855,31-Dec-20,76258.6
Sky Bank,3860,31-Dec-20,29022.2
Sky Bank,3863,31-Dec-20,35269.9
Sky Bank,3865,31-Dec-20,63949.6
Sky Bank,3868,31-Dec-20,25206.1
Sky Bank,3869,31-Dec-20,89505.6
Sky Bank,3871,31-Dec-20,38907.5
Sky Bank,3874,31-Dec-20,27204.8
Sky Bank,3876,31-Dec-20,20855.8
Sky Bank,3878,31-Dec-20,23405.7
Sky Bank,3882,31-Dec-20,17255.7
Sky Bank,3883,31-Dec-20,57982.5
Sky Bank,3886,31-Dec-20,51240.8
Sky Bank,3891,31-Dec-20,41876.7
Sky Bank,3892,31-Dec-20,11398.2
Sky Bank,3895,31-Dec-20,51184.2
Sky Bank,3896,31-Dec-20,61582.2
Sky Bank,3898,31-Dec-20,24865.7
Sky Bank,3902,31-Dec-20,43621
Sky Bank,3903,31-Dec-20,32795.7
Sky Bank,3909,31-Dec-20,45017
Sky Bank,3912,31-Dec-20,36463.7
Sky Bank,3914,31-Dec-20,71976.6
Sky Bank,3915,31-Dec-20,47577.1
Sky Bank,3918,31-Dec-20,21103.1
Sky Bank,3920,31-Dec-20,57647.8
Sky Bank,3921,31-Dec-20,51756
Sky Bank,3923,31-Dec-20,46412.2
Sky Bank,3925,31-Dec-20,115851.7
Sky Bank,3926,31-Dec-20,41820.2
Sky Bank,3927,31-Dec-20,23950.3
Sky Bank,3930,31-Dec-20,33792.1
Sky Bank,3935,31-Dec-20,31676.6
Sky Bank,3936,31-Dec-20,36336.2
Sky Bank,3938,31-Dec-20,77442.1
Sky Bank,3939,31-Dec-20,28676.3
Sky Bank,3940,31-Dec-20,44142.7
Sky Bank,3944,31-Dec-20,57573.5
Sky Bank,3948,31-Dec-20,35857.5
Sky Bank,3954,31-Dec-20,33836
Sky Bank,3955,31-Dec-20,37394.8
Sky Bank,3960,31-Dec-20,26871.6
Sky Bank,3965,31-Dec-20,15174.6
Sky Bank,3969,31-Dec-20,47578.8
Sky Bank,3970,31-Dec-20,44555.9
Sky Bank,3972,31-Dec-20,44649.2
Sky Bank,3973,31-Dec-20,18330.3
Sky Bank,3975,31-Dec-20,20392.6
Sky Bank,3977,31-Dec-20,17866
Sky Bank,3978,31-Dec-20,35170.7
Sky Bank,3980,31-Dec-20,44192.9
Sky Bank,3981,31-Dec-20,21253.3
Sky Bank,3982,31-Dec-20,25033
Sky Bank,3983,31-Dec-20,30798.5
Sky Bank,3989,31-Dec-20,21328
Sky Bank,3995,31-Dec-20,29521.5
Sky Bank,3997,31-Dec-20,37187.8
Sky Bank,3999,31-Dec-20,51809.5
Sky Bank,4000,31-Dec-20,39572.3
Sky Bank,4001,31-Dec-20,15802.1
Sky Bank,4009,31-Dec-20,57131.2
Sky Bank,4013,31-Dec-20,30362.1
Sky Bank,4014,31-Dec-20,31535.3
Sky Bank,4034,31-Dec-20,35466.6
Sky Bank,4035,31-Dec-20,60938.2
Sky Bank,4047,31-Dec-20,28298.3
Sky Bank,4055,31-Dec-20,59030.4
Sky Bank,4059,31-Dec-20,21222.3
Sky Bank,4066,31-Dec-20,48457.9
Sky Bank,4078,31-Dec-20,55660.4
Sky Bank,4079,31-Dec-20,51903
Sky Bank,4081,31-Dec-20,39266.8
Sky Bank,4082,31-Dec-20,16637.1
Sky Bank,4093,31-Dec-20,36054.5
Sky Bank,4103,31-Dec-20,39232.1
Sky Bank,4105,31-Dec-20,30201.8
Sky Bank,4109,31-Dec-20,28383.1
Sky Bank,4119,31-Dec-20,28874.7
Sky Bank,4121,31-Dec-20,23900.8
Sky Bank,4131,31-Dec-20,64627.1
Sky Bank,4134,31-Dec-20,39213.4
Sky Bank,4159,31-Dec-20,38429.3
Sky Bank,4161,31-Dec-20,36253.2
Sky Bank,4171,31-Dec-20,56729.3
Sky Bank,4173,31-Dec-20,13758.5
Sky Bank,4190,31-Dec-20,42111.4
Sky Bank,4195,31-Dec-20,51329
Sky Bank,4225,31-Dec-20,71548.2
Sky Bank,4237,31-Dec-20,24378.7
Sky Bank,4240,31-Dec-20,46556.6
Sky Bank,4245,31-Dec-20,40717.5
Sky Bank,4254,31-Dec-20,30196.8
Sky Bank,4255,31-Dec-20,50355.1
Sky Bank,4258,31-Dec-20,92073.4
Sky Bank,4259,31-Dec-20,40174.4
Sky Bank,4260,31-Dec-20,30387.1
Sky Bank,4263,31-Dec-20,23522.3
Sky Bank,4264,31-Dec-20,55909.9
Sky Bank,4276,31-Dec-20,23404.3
Sky Bank,4283,31-Dec-20,58327.2
Sky Bank,4287,31-Dec-20,34927.2
Sky Bank,4296,31-Dec-20,57741.6
Sky Bank,4318,31-Dec-20,58275.7
Sky Bank,4321,31-Dec-20,105696.9
Sky Bank,4328,31-Dec-20,30821
Sky Bank,4329,31-Dec-20,21684.2
Sky Bank,4330,31-Dec-20,21180
Sky Bank,4337,31-Dec-20,79662.9
Sky Bank,4343,31-Dec-20,53784.8
Sky Bank,4347,31-Dec-20,25014.5
Sky Bank,4350,31-Dec-20,74141.8
Sky Bank,4352,31-Dec-20,55682.9
Sky Bank,4355,31-Dec-20,19024.7
Sky Bank,4356,31-Dec-20,19365.9
Sky Bank,4368,31-Dec-20,41781.5
Sky Bank,4377,31-Dec-20,112050.1
Sky Bank,4385,31-Dec-20,40105.3
Sky Bank,4408,31-Dec-20,69956.1
Sky Bank,4413,31-Dec-20,59522.9
Sky Bank,4414,31-Dec-20,36489.6
Sky Bank,4415,31-Dec-20,51696.7
Sky Bank,4416,31-Dec-20,42665.9
Sky Bank,4418,31-Dec-20,33322
Sky Bank,4423,31-Dec-20,41527.2
Sky Bank,4427,31-Dec-20,18298.9
Sky Bank,4434,31-Dec-20,61482.4
Sky Bank,4437,31-Dec-20,20360.5
Sky Bank,4448,31-Dec-20,49922.5
Sky Bank,4463,31-Dec-20,36032.4
Sky Bank,4470,31-Dec-20,44118.7
Sky Bank,4473,31-Dec-20,43609
Sky Bank,4476,31-Dec-20,23631.5
Sky Bank,4478,31-Dec-20,73139
Sky Bank,4484,31-Dec-20,36688.8
Sky Bank,4503,31-Dec-20,54883.5
Sky Bank,4511,31-Dec-20,19857.7
Sky Bank,4514,31-Dec-20,110126
Sky Bank,4519,31-Dec-20,37787.1
Sky Bank,4526,31-Dec-20,17940.4
Sky Bank,4543,31-Dec-20,33020.3
Sky Bank,4576,31-Dec-20,25381.2
Sky Bank,4580,31-Dec-20,40845.2
Sky Bank,4589,31-Dec-20,25198.4
Sky Bank,4596,31-Dec-20,29058.4
Sky Bank,4650,31-Dec-20,22698.4
Sky Bank,4659,31-Dec-20,25753.2
Sky Bank,4681,31-Dec-20,65744.2
Sky Bank,4727,31-Dec-20,40465.6
Sky Bank,4743,31-Dec-20,59911.9
Sky Bank,4774,31-Dec-20,56310.5
Sky Bank,4825,31-Dec-20,24360.1
Sky Bank,4852,31-Dec-20,31947.8
Sky Bank,4894,31-Dec-20,64217.7
Sky Bank,4907,31-Dec-20,27184.4
Sky Bank,4937,31-Dec-20,33544.7
Sky Bank,4995,31-Dec-20,38945
Sky Bank,5011,31-Dec-20,12741.8
Sky Bank,5024,31-Dec-20,29548.7
Sky Bank,5033,31-Dec-20,34643.5
Sky Bank,5063,31-Dec-20,63703.1
Sky Bank,5065,31-Dec-20,15361.6
Sky Bank,5066,31-Dec-20,58054.4
Sky Bank,5092,31-Dec-20,26233.9
Sky Bank,5118,31-Dec-20,34196.7
Sky Bank,5120,31-Dec-20,19229.8
Sky Bank,5125,31-Dec-20,66919.6
Sky Bank,5126,31-Dec-20,30184.1
Sky Bank,5129,31-Dec-20,18225.6
Sky Bank,5194,31-Dec-20,96220.7
Sky Bank,5213,31-Dec-20,52171.2
Sky Bank,5215,31-Dec-20,34259.5
Sky Bank,5228,31-Dec-20,57984.8
Sky Bank,5256,31-Dec-20,61561.6
Sky Bank,5263,31-Dec-20,34583.6
Sky Bank,5270,31-Dec-20,39441.1
Sky Bank,5313,31-Dec-20,20036.4
Sky Bank,5343,31-Dec-20,24720.9
Sky Bank,5357,31-Dec-20,36877.3
Sky Bank,5358,31-Dec-20,47162.3
Sky Bank,5366,31-Dec-20,54935.3
Sky Bank,5369,31-Dec-20,29172
Sky Bank,5372,31-Dec-20,74129.5
Sky Bank,5385,31-Dec-20,32694.9
Sky Bank,5387,31-Dec-20,31839.8
Sky Bank,5422,31-Dec-20,43294.9
Sky Bank,5423,31-Dec-20,70162.7
Sky Bank,5428,31-Dec-20,23069.3
Sky Bank,5429,31-Dec-20,31369.1
Sky Bank,5442,31-Dec-20,-3729
Sky Bank,5472,31-Dec-20,21612.7
Sky Bank,5477,31-Dec-20,39997.3
Sky Bank,5481,31-Dec-20,94716.4
Sky Bank,5483,31-Dec-20,48690
Sky Bank,5541,31-Dec-20,25691.4
Sky Bank,5546,31-Dec-20,21063.2
Sky Bank,5574,31-Dec-20,87581.8
Sky Bank,5622,31-Dec-20,67445.9
Sky Bank,5628,31-Dec-20,31422
Sky Bank,5632,31-Dec-20,54390.8
Sky Bank,5650,31-Dec-20,48967
Sky Bank,5661,31-Dec-20,49014.5
Sky Bank,5700,31-Dec-20,30047.2
Sky Bank,5724,31-Dec-20,42808
Sky Bank,5735,31-Dec-20,19592.9
Sky Bank,5740,31-Dec-20,52027.6
Sky Bank,5742,31-Dec-20,30039.3
Sky Bank,5767,31-Dec-20,32212.9
Sky Bank,5774,31-Dec-20,55876.9
Sky Bank,5794,31-Dec-20,52185.3
Sky Bank,5868,31-Dec-20,73985.3
Sky Bank,5891,31-Dec-20,88336
Sky Bank,5927,31-Dec-20,23130.1
Sky Bank,5952,31-Dec-20,69970.6
Sky Bank,5984,31-Dec-20,58451.2
Sky Bank,5991,31-Dec-20,35621.9
Sky Bank,6030,31-Dec-20,38610.3
Sky Bank,6034,31-Dec-20,27309.4
Sky Bank,6040,31-Dec-20,44776.6
Sky Bank,6051,31-Dec-20,17887.5
Sky Bank,6118,31-Dec-20,22310.2
Sky Bank,6148,31-Dec-20,57534.4
Sky Bank,6226,31-Dec-20,52832.1
Sky Bank,6273,31-Dec-20,66908.8
Sky Bank,6281,31-Dec-20,11719.7
Sky Bank,6289,31-Dec-20,56718.5
Sky Bank,6321,31-Dec-20,-2530.1
Sky Bank,6353,31-Dec-20,48192.6
Sky Bank,6358,31-Dec-20,35807.5
Sky Bank,6363,31-Dec-20,40379.2
Sky Bank,6397,31-Dec-20,27638.9
Sky Bank,6400,31-Dec-20,33952.5
Sky Bank,6425,31-Dec-20,29437.8
Sky Bank,6434,31-Dec-20,39417.4
Sky Bank,6463,31-Dec-20,51156.1
Sky Bank,6472,31-Dec-20,58075
Sky Bank,6473,31-Dec-20,46717.9
Sky Bank,6511,31-Dec-20,75355
Sky Bank,6555,31-Dec-20,55543.6
Sky Bank,6609,31-Dec-20,36374.1
Sky Bank,6636,31-Dec-20,78195
Sky Bank,6649,31-Dec-20,61298.1
Sky Bank,6701,31-Dec-20,54299.1
Sky Bank,6715,31-Dec-20,16309.2
Sky Bank,6738,31-Dec-20,41071.2
Sky Bank,6806,31-Dec-20,24386
Sky Bank,6856,31-Dec-20,56884.3
Sky Bank,6872,31-Dec-20,70081.1
Sky Bank,6897,31-Dec-20,89274.3
Sky Bank,6910,31-Dec-20,27595.6
Sky Bank,6924,31-Dec-20,32689.8
Sky Bank,6927,31-Dec-20,42036.3
Sky Bank,6930,31-Dec-20,40776.7
Sky Bank,6985,31-Dec-20,40674.9
Sky Bank,7011,31-Dec-20,44348.6
Sky Bank,7123,31-Dec-20,4041.9
Sky Bank,7133,31-Dec-20,21090.8
Sky Bank,7136,31-Dec-20,81644.3
Sky Bank,7184,31-Dec-20,43368.9
Sky Bank,7190,31-Dec-20,27610.5
Sky Bank,7203,31-Dec-20,60432.4
Sky Bank,7231,31-Dec-20,18310.1
Sky Bank,7401,31-Dec-20,40433.6
Sky Bank,7418,31-Dec-20,34685.3
Sky Bank,7445,31-Dec-20,18139.2
Sky Bank,7449,31-Dec-20,31436.8
Sky Bank,7454,31-Dec-20,15125.8
Sky Bank,7485,31-Dec-20,43275.3
Sky Bank,7487,31-Dec-20,32792.3
Sky Bank,7523,31-Dec-20,36696.4
Sky Bank,7546,31-Dec-20,28020.2
Sky Bank,7562,31-Dec-20,35695.3
Sky Bank,7606,31-Dec-20,94431.3
Sky Bank,7607,31-Dec-20,36347.6
Sky Bank,7614,31-Dec-20,95735.7
Sky Bank,7618,31-Dec-20,26995
Sky Bank,7753,31-Dec-20,45784.4
Sky Bank,7765,31-Dec-20,41395.5
Sky Bank,7769,31-Dec-20,36048.2
Sky Bank,7774,31-Dec-20,33818.5
Sky Bank,7795,31-Dec-20,54256.4
Sky Bank,7815,31-Dec-20,88662.1
Sky Bank,7819,31-Dec-20,28434.1
Sky Bank,7824,31-Dec-20,71487.9
Sky Bank,7844,31-Dec-20,42759.4
Sky Bank,7857,31-Dec-20,52303.8
Sky Bank,7859,31-Dec-20,99129.4
Sky Bank,7861,31-Dec-20,46456
Sky Bank,7944,31-Dec-20,59445.8
Sky Bank,7957,31-Dec-20,78438.4
Sky Bank,7965,31-Dec-20,14472.3
Sky Bank,8027,31-Dec-20,50935.2
Sky Bank,8039,31-Dec-20,27726.1
Sky Bank,8041,31-Dec-20,44350.1
Sky Bank,8051,31-Dec-20,42738.3
Sky Bank,8073,31-Dec-20,19793.1
Sky Bank,8092,31-Dec-20,13895.2
Sky Bank,8114,31-Dec-20,37091.3
Sky Bank,8127,31-Dec-20,87600.3
Sky Bank,8129,31-Dec-20,43732.5
Sky Bank,8132,31-Dec-20,91018.7
Sky Bank,8159,31-Dec-20,20292.5
Sky Bank,8169,31-Dec-20,23030.4
Sky Bank,8173,31-Dec-20,48090.4
Sky Bank,8212,31-Dec-20,12734.9
Sky Bank,8260,31-Dec-20,40944.6
Sky Bank,8261,31-Dec-20,42844.1
Sky Bank,8316,31-Dec-20,34151.4
Sky Bank,8321,31-Dec-20,35296.6
Sky Bank,8327,31-Dec-20,82667.4
Sky Bank,8330,31-Dec-20,43012.3
Sky Bank,8377,31-Dec-20,99679.7
Sky Bank,8405,31-Dec-20,47170
Sky Bank,8411,31-Dec-20,38710.5
Sky Bank,8475,31-Dec-20,37477.6
Sky Bank,8489,31-Dec-20,25342.1
Sky Bank,8492,31-Dec-20,38377.8
Sky Bank,8519,31-Dec-20,53336.1
Sky Bank,8547,31-Dec-20,52750.2
Sky Bank,8558,31-Dec-20,18309.8
Sky Bank,8564,31-Dec-20,82661.3
Sky Bank,8566,31-Dec-20,14413.9
Sky Bank,8625,31-Dec-20,68586.4
Sky Bank,8759,31-Dec-20,102609.6
Sky Bank,8776,31-Dec-20,43397.8
Sky Bank,8856,31-Dec-20,77318.5
Sky Bank,8899,31-Dec-20,35069
Sky Bank,8934,31-Dec-20,7800.6
Sky Bank,8957,31-Dec-20,11824.1
Sky Bank,8982,31-Dec-20,32935
Sky Bank,9006,31-Dec-20,33928.5
Sky Bank,9017,31-Dec-20,21977.3
Sky Bank,9030,31-Dec-20,41817.1
Sky Bank,9034,31-Dec-20,40006.9
Sky Bank,9041,31-Dec-20,45922.1
Sky Bank,9052,31-Dec-20,38301.9
Sky Bank,9093,31-Dec-20,59605.7
Sky Bank,9104,31-Dec-20,35856.2
Sky Bank,9188,31-Dec-20,17880.5
Sky Bank,9192,31-Dec-20,77643.2
Sky Bank,9203,31-Dec-20,52942.3
Sky Bank,9235,31-Dec-20,42704.9
Sky Bank,9236,31-Dec-20,44347.3
Sky Bank,9265,31-Dec-20,90531.1
Sky Bank,9307,31-Dec-20,33525.6
Sky Bank,9337,31-Dec-20,31264.8
Sky Bank,9377,31-Dec-20,45556.9
Sky Bank,9403,31-Dec-20,44623.7
Sky Bank,9472,31-Dec-20,26058.3
Sky Bank,9493,31-Dec-20,45558.9
Sky Bank,9583,31-Dec-20,46630.7
Sky Bank,9591,31-Dec-20,6700.3
Sky Bank,9627,31-Dec-20,39600.5
Sky Bank,9635,31-Dec-20,9815.3
Sky Bank,9640,31-Dec-20,28538.3
Sky Bank,9656,31-Dec-20,83700.5
Sky Bank,9703,31-Dec-20,82270.4
Sky Bank,9707,31-Dec-20,99743.7
Sky Bank,9731,31-Dec-20,24079.4
Sky Bank,9750,31-Dec-20,52869.6
Sky Bank,9790,31-Dec-20,55571.5
Sky Bank,9814,31-Dec-20,93250.1
Sky Bank,9828,31-Dec-20,23978.1
Sky Bank,9833,31-Dec-20,32228.4
Sky Bank,9869,31-Dec-20,71220.6
Sky Bank,9883,31-Dec-20,21543.3
Sky Bank,9897,31-Dec-20,25795.9
Sky Bank,9928,31-Dec-20,35499.7
Sky Bank,10001,31-Dec-20,43463.4
Sky Bank,10018,31-Dec-20,44293.7
Sky Bank,10019,31-Dec-20,61569
Sky Bank,10036,31-Dec-20,-578.8
Sky Bank,10079,31-Dec-20,24736.5
Sky Bank,10093,31-Dec-20,40251.1
Sky Bank,10105,31-Dec-20,58407
Sky Bank,10131,31-Dec-20,11840.3
Sky Bank,10227,31-Dec-20,90717.8
Sky Bank,10266,31-Dec-20,19571.3
Sky Bank,10320,31-Dec-20,30997
Sky Bank,10351,31-Dec-20,19455.7
Sky Bank,10364,31-Dec-20,53693.2
Sky Bank,10365,31-Dec-20,30854.4
Sky Bank,10411,31-Dec-20,85626.9
Sky Bank,10439,31-Dec-20,19426.1
Sky Bank,10440,31-Dec-20,22855.8
Sky Bank,10451,31-Dec-20,27203
Sky Bank,10520,31-Dec-20,87052.1
Sky Bank,10630,31-Dec-20,30209.6
Sky Bank,10656,31-Dec-20,38274.2
Sky Bank,10663,31-Dec-20,51032.6
Sky Bank,10670,31-Dec-20,115806.7
Sky Bank,10728,31-Dec-20,32318.7
Sky Bank,10738,31-Dec-20,64804.3
Sky Bank,10762,31-Dec-20,36095
Sky Bank,10788,31-Dec-20,36712
Sky Bank,10884,31-Dec-20,27551.8
Sky Bank,10904,31-Dec-20,23612.6
Sky Bank,10906,31-Dec-20,34990.9
Sky Bank,10911,31-Dec-20,45405.8
Sky Bank,10940,31-Dec-20,68674.8
Sky Bank,10942,31-Dec-20,63668.5
Sky Bank,10963,31-Dec-20,44786.6
Sky Bank,10973,31-Dec-20,73088.7
Sky Bank,11013,31-Dec-20,93134.9
Sky Bank,11021,31-Dec-20,30163.1
Sky Bank,11042,31-Dec-20,25861.3
Sky Bank,11065,31-Dec-20,54619.3
Sky Bank,11069,31-Dec-20,34523.4
Sky Bank,11079,31-Dec-20,94442.4
Sky Bank,11111,31-Dec-20,98902.4
Sky Bank,11135,31-Dec-20,34521.9
Sky Bank,11138,31-Dec-20,90109.5
Sky Bank,11186,31-Dec-20,35355.6
Sky Bank,11265,31-Dec-20,17071.4
Sky Bank,11271,31-Dec-20,32727.4
Sky Bank,11295,31-Dec-20,61053.4
Sky Bank,11320,31-Dec-20,35398.7
Sky Bank,11333,31-Dec-20,1666.1
Sky Bank,11349,31-Dec-20,36118.2
Sky Bank,11359,31-Dec-20,35462.4
Sky Bank,11362,31-Dec-20,35425.6
Sky Bank,11382,31-Dec-20,57865.7
Kameron bank,1242,12-Dec-22,33584.3
Kameron bank,1244,12-Dec-22,18820.6
Kameron bank,1248,12-Dec-22,19663.9
Kameron bank,1258,12-Dec-22,15354.6
Kameron bank,1270,12-Dec-22,13334.3
Kameron bank,1284,12-Dec-22,36659.9
Kameron bank,1361,12-Dec-22,52548.5
Kameron bank,1408,12-Dec-22,96999.1
Kameron bank,1581,12-Dec-22,68045.3
Kameron bank,1591,12-Dec-22,74703.8
Kameron bank,1638,12-Dec-22,26889
Kameron bank,1675,12-Dec-22,24650
Kameron bank,1726,12-Dec-22,13181.9
Kameron bank,1777,12-Dec-22,77723.6
Kameron bank,1877,12-Dec-22,51111.4
Kameron bank,2150,12-Dec-22,14657.9
Kameron bank,2205,12-Dec-22,28791.5
Kameron bank,2234,12-Dec-22,31406.9
Kameron bank,2239,12-Dec-22,73868.6
Kameron bank,2268,12-Dec-22,79797.5
Kameron bank,2311,12-Dec-22,51004.1
Kameron bank,2342,12-Dec-22,28711.4
Kameron bank,2352,12-Dec-22,69329.3
Kameron bank,2494,12-Dec-22,79176.2
Kameron bank,2516,12-Dec-22,53789.7
Kameron bank,2545,12-Dec-22,21200.1
Kameron bank,2559,12-Dec-22,56025.8
Kameron bank,2580,12-Dec-22,70302
Kameron bank,2699,12-Dec-22,97165.9
Kameron bank,2745,12-Dec-22,40767.9
Kameron bank,2763,12-Dec-22,18430.4
Kameron bank,2833,12-Dec-22,22162.3
Kameron bank,2862,12-Dec-22,16543.2
Kameron bank,2880,12-Dec-22,57357.6
Kameron bank,2945,12-Dec-22,18523.8
Kameron bank,2961,12-Dec-22,33292.6
Kameron bank,2968,12-Dec-22,80360.8
Kameron bank,2982,12-Dec-22,94983.2
Kameron bank,3016,12-Dec-22,46800.6
Kameron bank,3021,12-Dec-22,36956.8
Kameron bank,3056,12-Dec-22,33456.3
Kameron bank,3244,12-Dec-22,14819.4
Kameron bank,3293,12-Dec-22,73925.8
Kameron bank,3353,12-Dec-22,8038.9
Kameron bank,3421,12-Dec-22,67103.6
Kameron bank,3448,12-Dec-22,21719.4
Kameron bank,3491,12-Dec-22,43620.2
Kameron bank,3556,12-Dec-22,43834.6
Kameron bank,3565,12-Dec-22,28115.5
Kameron bank,3571,12-Dec-22,39208.7
Kameron bank,3633,12-Dec-22,52950.3
Kameron bank,3646,12-Dec-22,76674.3
Kameron bank,3721,12-Dec-22,20001.7
Kameron bank,3780,12-Dec-22,20241.2
Kameron bank,3953,12-Dec-22,86968.5
Kameron bank,3967,12-Dec-22,73064.4
Kameron bank,3991,12-Dec-22,35527.7
Kameron bank,4268,12-Dec-22,51062.2
Kameron bank,4342,12-Dec-22,101392.4
Kameron bank,4715,12-Dec-22,67323.6
Kameron bank,4858,12-Dec-22,73057.3
Kameron bank,5317,12-Dec-22,19863.8
Kameron bank,5944,12-Dec-22,66999.7
Kameron bank,6678,12-Dec-22,72204.4
Kameron bank,6688,12-Dec-22,51051.1
Kameron bank,6699,12-Dec-22,69360.7
Kameron bank,7052,12-Dec-22,30681.8
Kameron bank,7099,12-Dec-22,31117.6
Kameron bank,7454,12-Dec-22,17346.9
Kameron bank,7795,12-Dec-22,72902.3
Kameron bank,7990,12-Dec-22,52105.5
Kameron bank,8321,12-Dec-22,60181
Kameron bank,8523,12-Dec-22,91656.9
Kameron bank,8547,12-Dec-22,31182.9
Kameron bank,9201,12-Dec-22,84613.2
Kameron bank,9377,12-Dec-22,50068.5
Kameron bank,9493,12-Dec-22,89358.1
Kameron bank,9677,12-Dec-22,46157.6
Kameron bank,9928,12-Dec-22,71084
Kameron bank,10202,12-Dec-22,25304.3
Kameron bank,10436,12-Dec-22,86952.8
Kameron bank,10440,12-Dec-22,52324.2
Kameron bank,10645,12-Dec-22,42223.3
Kameron bank,10679,12-Dec-22,53546.5
Kameron bank,10915,12-Dec-22,21487.3
Kameron bank,10963,12-Dec-22,68473
Kameron bank,6,12-Dec-22,47924.9
Kameron bank,63,12-Dec-22,34441.4
Kameron bank,176,12-Dec-22,53170.1
Kameron bank,183,12-Dec-22,45434.8
Kameron bank,230,12-Dec-22,17376.3
Kameron bank,276,12-Dec-22,18942.5
Kameron bank,296,12-Dec-22,15460.8
Kameron bank,450,12-Dec-22,18451.1
Kameron bank,524,12-Dec-22,64472.4
Kameron bank,548,12-Dec-22,17620.4
Kameron bank,784,12-Dec-22,18233
Kameron bank,789,12-Dec-22,22711.5
Kameron bank,817,12-Dec-22,50323.6
Kameron bank,836,12-Dec-22,48221.4
Kameron bank,837,12-Dec-22,50672
Kameron bank,886,12-Dec-22,96449.3
Kameron bank,922,12-Dec-22,64152.6
Kameron bank,986,12-Dec-22,23457.5
Kameron bank,1171,12-Dec-22,54823.7
Max bank,10,12-Dec-22,56881.1
Max bank,90,12-Dec-22,8011.4
Max bank,105,12-Dec-22,22827.3
Max bank,121,12-Dec-22,35232.2
Max bank,227,12-Dec-22,84892.2
Max bank,266,12-Dec-22,129990.6
Max bank,303,12-Dec-22,46258.3
Max bank,309,12-Dec-22,39559.8
Max bank,331,12-Dec-22,15013.9
Max bank,354,12-Dec-22,85110.1
Max bank,472,12-Dec-22,46482.1
Max bank,615,12-Dec-22,26969.2
Max bank,647,12-Dec-22,55612.9
Max bank,752,12-Dec-22,24612.4
Max bank,782,12-Dec-22,81306.2
Max bank,802,12-Dec-22,44732.4
Max bank,873,12-Dec-22,7873.7
Max bank,901,12-Dec-22,43385.5
Max bank,907,12-Dec-22,16473.9
Max bank,1118,12-Dec-22,40281.2
Max bank,1252,12-Dec-22,82175.6
Max bank,1294,12-Dec-22,41913.8
Max bank,1302,12-Dec-22,35305.4
Max bank,1407,12-Dec-22,93326.1
Max bank,1580,12-Dec-22,58703.7
Max bank,1628,12-Dec-22,25065
Max bank,1656,12-Dec-22,55884.6
Max bank,1697,12-Dec-22,16873
Max bank,1719,12-Dec-22,24086.6
Max bank,1806,12-Dec-22,22583.8
Max bank,1819,12-Dec-22,69494.9
Max bank,1829,12-Dec-22,26346.3
Max bank,1957,12-Dec-22,26794.2
Max bank,2051,12-Dec-22,62254.7
Max bank,2053,12-Dec-22,12753.4
Max bank,2080,12-Dec-22,92354.4
Max bank,2090,12-Dec-22,29260.5
Max bank,2115,12-Dec-22,13205.9
Max bank,2245,12-Dec-22,80587.7
Max bank,2276,12-Dec-22,53576.2
Max bank,2318,12-Dec-22,48581.5
Max bank,2375,12-Dec-22,93946.5
Max bank,2377,12-Dec-22,18204.5
Max bank,2383,12-Dec-22,63785.8
Max bank,2416,12-Dec-22,6778.6
Max bank,2423,12-Dec-22,22554.6
Max bank,2549,12-Dec-22,57308
Max bank,2578,12-Dec-22,20745
Max bank,2614,12-Dec-22,15085.8
Max bank,2858,12-Dec-22,49078.7
Max bank,2897,12-Dec-22,72124.2
Max bank,2910,12-Dec-22,71962.5
Max bank,2926,12-Dec-22,50607
Max bank,2935,12-Dec-22,20123.6
Max bank,2997,12-Dec-22,28518.1
Max bank,3115,12-Dec-22,54372.8
Max bank,3166,12-Dec-22,101914.1
Max bank,3175,12-Dec-22,23739.1
Max bank,3218,12-Dec-22,18543.3
Max bank,3302,12-Dec-22,61852.2
Max bank,3391,12-Dec-22,71892.1
Max bank,3397,12-Dec-22,52248.4
Max bank,3451,12-Dec-22,39583.2
Max bank,3645,12-Dec-22,27960.8
Max bank,3765,12-Dec-22,19905.2
Max bank,4467,12-Dec-22,22814.2
Max bank,4746,12-Dec-22,57674.4
Max bank,4794,12-Dec-22,17637.6
Max bank,4803,12-Dec-22,37706.4
Max bank,5164,12-Dec-22,12795.4
Max bank,5290,12-Dec-22,21496.7
Max bank,5362,12-Dec-22,37805.9
Max bank,5445,12-Dec-22,47631
Max bank,5477,12-Dec-22,65903.9
Max bank,6138,12-Dec-22,44543
Max bank,6609,12-Dec-22,57783.4
Max bank,6922,12-Dec-22,94449.7
Max bank,6924,12-Dec-22,46775.4
Max bank,7099,12-Dec-22,30881.6
Max bank,7262,12-Dec-22,49606.7
Max bank,7713,12-Dec-22,50351.3
Max bank,7819,12-Dec-22,25674.5
Max bank,8094,12-Dec-22,74159.9
Max bank,8132,12-Dec-22,128406.8
Max bank,8320,12-Dec-22,49049.6
Max bank,8680,12-Dec-22,23101.2
Max bank,8784,12-Dec-22,78219.8
Max bank,9031,12-Dec-22,22174.1
Max bank,9235,12-Dec-22,78539.2
Max bank,9790,12-Dec-22,78251.7
Max bank,10063,12-Dec-22,71883
Max bank,10215,12-Dec-22,87820.5
Max bank,10345,12-Dec-22,20893.4
Max bank,10404,12-Dec-22,53536.1
Max bank,10493,12-Dec-22,79458.5
Max bank,10652,12-Dec-22,52243.4
Max bank,10679,12-Dec-22,61788.3
Max bank,10799,12-Dec-22,57168.6
Max bank,10857,12-Dec-22,-5302.6
Max bank,11186,12-Dec-22,92821.3
Czech export bank,79,12-Dec-22,27474
Czech export bank,273,12-Dec-22,54768.1
Czech export bank,328,12-Dec-22,16964.7
Czech export bank,330,12-Dec-22,56421
Czech export bank,339,12-Dec-22,97612.8
Czech export bank,382,12-Dec-22,27988.7
Czech export bank,415,12-Dec-22,40131.7
Czech export bank,422,12-Dec-22,81581.7
Czech export bank,535,12-Dec-22,44247.7
Czech export bank,611,12-Dec-22,13891.4
Czech export bank,635,12-Dec-22,11695.1
Czech export bank,798,12-Dec-22,49659.9
Czech export bank,848,12-Dec-22,55879.4
Czech export bank,854,12-Dec-22,49846.8
Czech export bank,871,12-Dec-22,50683.4
Czech export bank,875,12-Dec-22,45672.7
Czech export bank,902,12-Dec-22,25667
Czech export bank,935,12-Dec-22,16566.8
Czech export bank,940,12-Dec-22,111122.2
Czech export bank,958,12-Dec-22,18610.1
Czech export bank,1031,12-Dec-22,61364.9
Czech export bank,1036,12-Dec-22,78636.9
Czech export bank,1242,12-Dec-22,33162.3
Czech export bank,1322,12-Dec-22,22866.8
Czech export bank,1459,12-Dec-22,16198.8
Czech export bank,1472,12-Dec-22,29553
Czech export bank,1657,12-Dec-22,22900.2
Czech export bank,1815,12-Dec-22,42533
Czech export bank,1906,12-Dec-22,34576.5
Czech export bank,1948,12-Dec-22,50336.1
Czech export bank,1963,12-Dec-22,111452
Czech export bank,1978,12-Dec-22,92124.5
Czech export bank,2034,12-Dec-22,67534.9
Czech export bank,2142,12-Dec-22,46350.7
Czech export bank,2143,12-Dec-22,12788.7
Czech export bank,2247,12-Dec-22,52528.9
Czech export bank,2279,12-Dec-22,91853.2
Czech export bank,2296,12-Dec-22,42214
Czech export bank,2350,12-Dec-22,33898.1
Czech export bank,2357,12-Dec-22,38943.2
Czech export bank,2379,12-Dec-22,30232.8
Czech export bank,2402,12-Dec-22,45991.7
Czech export bank,2443,12-Dec-22,59942
Czech export bank,2579,12-Dec-22,25472.4
Czech export bank,2594,12-Dec-22,54896.3
Czech export bank,2608,12-Dec-22,27581.8
Czech export bank,2617,12-Dec-22,16861.1
Czech export bank,2625,12-Dec-22,55381.3
Czech export bank,2686,12-Dec-22,16963.3
Czech export bank,2700,12-Dec-22,80327.7
Czech export bank,2728,12-Dec-22,52677.4
Czech export bank,2788,12-Dec-22,35621
Czech export bank,2834,12-Dec-22,66236.5
Czech export bank,2936,12-Dec-22,50751.4
Czech export bank,2992,12-Dec-22,49397.7
Czech export bank,3009,12-Dec-22,24184.3
Czech export bank,3053,12-Dec-22,71378.3
Czech export bank,3099,12-Dec-22,20983.2
Czech export bank,3121,12-Dec-22,15699.8
Czech export bank,3132,12-Dec-22,24710.1
Czech export bank,3140,12-Dec-22,20125.8
Czech export bank,3142,12-Dec-22,28585.9
Czech export bank,3143,12-Dec-22,53673
Czech export bank,3311,12-Dec-22,84649.3
Czech export bank,3355,12-Dec-22,74681.5
Czech export bank,3424,12-Dec-22,82448.5
Czech export bank,3663,12-Dec-22,67375.8
Czech export bank,3694,12-Dec-22,68255.1
Czech export bank,3730,12-Dec-22,56043.7
Czech export bank,3809,12-Dec-22,46360.8
Czech export bank,3818,12-Dec-22,61955.2
Czech export bank,3925,12-Dec-22,25042.8
Czech export bank,4033,12-Dec-22,44072.3
Czech export bank,4131,12-Dec-22,97752.4
Czech export bank,5213,12-Dec-22,91145.7
Czech export bank,5269,12-Dec-22,60668.8
Czech export bank,5362,12-Dec-22,33579.6
Czech export bank,5445,12-Dec-22,43962
Czech export bank,5591,12-Dec-22,74479.3
Czech export bank,5698,12-Dec-22,62516.3
Czech export bank,5774,12-Dec-22,35617.4
Czech export bank,6062,12-Dec-22,82778.8
Czech export bank,6902,12-Dec-22,19324.6
Czech export bank,7542,12-Dec-22,58397.3
Czech export bank,8405,12-Dec-22,56729
Czech export bank,8519,12-Dec-22,86835.6
Czech export bank,8558,12-Dec-22,27799
Czech export bank,8899,12-Dec-22,90180.8
Czech export bank,9093,12-Dec-22,58710.4
Czech export bank,9548,12-Dec-22,91963.6
Czech export bank,9560,12-Dec-22,55747.4
Czech export bank,9750,12-Dec-22,92576.5
Czech export bank,10022,12-Dec-22,65905
Czech export bank,10233,12-Dec-22,56961.1
Czech export bank,10365,12-Dec-22,32125
Fio bank,38,12-Dec-22,52189.2
Fio bank,279,12-Dec-22,31440.8
Fio bank,333,12-Dec-22,21754.2
Fio bank,366,12-Dec-22,68335.2
Fio bank,543,12-Dec-22,16329.7
Fio bank,560,12-Dec-22,35066.1
Fio bank,563,12-Dec-22,23558.9
Fio bank,683,12-Dec-22,45719
Fio bank,692,12-Dec-22,34408
Fio bank,713,12-Dec-22,12524.4
Fio bank,808,12-Dec-22,29888.7
Fio bank,821,12-Dec-22,22244.5
Fio bank,827,12-Dec-22,28839.5
Fio bank,959,12-Dec-22,19593.4
Fio bank,1011,12-Dec-22,69722.9
Fio bank,1128,12-Dec-22,64318.4
Fio bank,1130,12-Dec-22,38247.8
Fio bank,1141,12-Dec-22,16732.7
Fio bank,1146,12-Dec-22,53913.4
Fio bank,1183,12-Dec-22,21407.2
Fio bank,1350,12-Dec-22,76147.9
Fio bank,1353,12-Dec-22,18531.9
Fio bank,1509,12-Dec-22,32357
Fio bank,1528,12-Dec-22,43874.6
Fio bank,1536,12-Dec-22,69418.7
Fio bank,1556,12-Dec-22,55502
Fio bank,1583,12-Dec-22,73675.4
Fio bank,1646,12-Dec-22,70387.4
Fio bank,1727,12-Dec-22,48115.3
Fio bank,1801,12-Dec-22,71338.7
Fio bank,1808,12-Dec-22,51029.3
Fio bank,1832,12-Dec-22,20839.8
Fio bank,1886,12-Dec-22,25460.9
Fio bank,1947,12-Dec-22,61305.4
Fio bank,1957,12-Dec-22,25902.2
Fio bank,1975,12-Dec-22,42798
Fio bank,2019,12-Dec-22,19518.2
Fio bank,2076,12-Dec-22,17512.4
Fio bank,2254,12-Dec-22,33398.6
Fio bank,2297,12-Dec-22,26062.3
Fio bank,2330,12-Dec-22,22370.1
Fio bank,2408,12-Dec-22,70830.4
Fio bank,2652,12-Dec-22,51839.2
Fio bank,2721,12-Dec-22,22616.7
Fio bank,2874,12-Dec-22,14655.1
Fio bank,2942,12-Dec-22,39793.3
Fio bank,2967,12-Dec-22,32459.6
Fio bank,2974,12-Dec-22,50988.1
Fio bank,2987,12-Dec-22,77545.9
Fio bank,3178,12-Dec-22,21304.6
Fio bank,3197,12-Dec-22,28293.9
Fio bank,3199,12-Dec-22,81136.2
Fio bank,3209,12-Dec-22,19252.7
Fio bank,3241,12-Dec-22,74339
Fio bank,3254,12-Dec-22,25623.3
Fio bank,3357,12-Dec-22,38765
Fio bank,3403,12-Dec-22,60649.1
Fio bank,3487,12-Dec-22,56841.7
Fio bank,3565,12-Dec-22,26621.5
Fio bank,3608,12-Dec-22,42001.6
Fio bank,3692,12-Dec-22,32025.8
Fio bank,3722,12-Dec-22,12018.2
Fio bank,3893,12-Dec-22,28199.8
Fio bank,4099,12-Dec-22,55749.1
Fio bank,4144,12-Dec-22,32899.5
Fio bank,4413,12-Dec-22,59539.5
Fio bank,4660,12-Dec-22,44335.3
Fio bank,4863,12-Dec-22,83493.2
Fio bank,4995,12-Dec-22,20399.8
Fio bank,5313,12-Dec-22,29413.1
Fio bank,5445,12-Dec-22,45445
Fio bank,5574,12-Dec-22,79739.3
Fio bank,5628,12-Dec-22,40397.7
Fio bank,6400,12-Dec-22,28028.5
Fio bank,6592,12-Dec-22,78247.3
Fio bank,7437,12-Dec-22,49276.5
Fio bank,7594,12-Dec-22,89304.9
Fio bank,8038,12-Dec-22,48445.6
Fio bank,8092,12-Dec-22,45372.1
Fio bank,8158,12-Dec-22,21516.1
Fio bank,8159,12-Dec-22,61780.3
Fio bank,8377,12-Dec-22,42612.5
Fio bank,8381,12-Dec-22,10945.1
Fio bank,9377,12-Dec-22,54051.5
Fio bank,9646,12-Dec-22,75203.8
Fio bank,9673,12-Dec-22,69523.7
Fio bank,10019,12-Dec-22,21665.5
Fio bank,10650,12-Dec-22,56609.7
Fio bank,10652,12-Dec-22,56053.4
Fio bank,10728,12-Dec-22,59412
Fio bank,10774,12-Dec-22,37486.1
Fio bank,11027,12-Dec-22,22163.5
Fio bank,11069,12-Dec-22,53241.2
Fio bank,11271,12-Dec-22,19591.9
Bank Creditas,2,12-Dec-22,54171.3
Bank Creditas,68,12-Dec-22,112347.8
Bank Creditas,110,12-Dec-22,38458.8
Bank Creditas,119,12-Dec-22,25911.1
Bank Creditas,261,12-Dec-22,22115
Bank Creditas,302,12-Dec-22,18947.5
Bank Creditas,366,12-Dec-22,43947.2
Bank Creditas,372,12-Dec-22,9251.9
Bank Creditas,378,12-Dec-22,47441.5
Bank Creditas,385,12-Dec-22,31259.3
Bank Creditas,525,12-Dec-22,77006
Bank Creditas,856,12-Dec-22,54935.4
Bank Creditas,868,12-Dec-22,25741.5
Bank Creditas,961,12-Dec-22,25137.7
Bank Creditas,1068,12-Dec-22,31786.2
Bank Creditas,1093,12-Dec-22,61721.6
Bank Creditas,1145,12-Dec-22,27636.7
Bank Creditas,1256,12-Dec-22,42677.6
Bank Creditas,1318,12-Dec-22,6574.9
Bank Creditas,1366,12-Dec-22,23502.2
Bank Creditas,1367,12-Dec-22,27297.1
Bank Creditas,1402,12-Dec-22,28480.8
Bank Creditas,1458,12-Dec-22,13890.8
Bank Creditas,1498,12-Dec-22,43029.1
Bank Creditas,1544,12-Dec-22,63137
Bank Creditas,1590,12-Dec-22,40011.8
Bank Creditas,1773,12-Dec-22,12899.9
Bank Creditas,1792,12-Dec-22,33938.2
Bank Creditas,1991,12-Dec-22,90965
Bank Creditas,2094,12-Dec-22,15287.4
Bank Creditas,2178,12-Dec-22,65789.5
Bank Creditas,2269,12-Dec-22,12799.9
Bank Creditas,2318,12-Dec-22,27427.5
Bank Creditas,2325,12-Dec-22,13565.8
Bank Creditas,2341,12-Dec-22,18108.5
Bank Creditas,2349,12-Dec-22,14762.3
Bank Creditas,2408,12-Dec-22,73847.4
Bank Creditas,2445,12-Dec-22,68500.2
Bank Creditas,2490,12-Dec-22,69599.2
Bank Creditas,2545,12-Dec-22,23837.1
Bank Creditas,2572,12-Dec-22,92693.2
Bank Creditas,2720,12-Dec-22,32472.6
Bank Creditas,2724,12-Dec-22,72967.8
Bank Creditas,2764,12-Dec-22,90520
Bank Creditas,2791,12-Dec-22,19562.2
Bank Creditas,2886,12-Dec-22,16763.7
Bank Creditas,2929,12-Dec-22,87043.1
Bank Creditas,2931,12-Dec-22,27352.2
Bank Creditas,3113,12-Dec-22,37433.9
Bank Creditas,3137,12-Dec-22,50557.6
Bank Creditas,3191,12-Dec-22,19811.4
Bank Creditas,3270,12-Dec-22,66576.2
Bank Creditas,3413,12-Dec-22,101233.4
Bank Creditas,3418,12-Dec-22,14316.2
Bank Creditas,3583,12-Dec-22,26223.3
Bank Creditas,3593,12-Dec-22,52784.3
Bank Creditas,3648,12-Dec-22,30899.3
Bank Creditas,3717,12-Dec-22,27586.5
Bank Creditas,3776,12-Dec-22,74542
Bank Creditas,3779,12-Dec-22,71983.7
Bank Creditas,3842,12-Dec-22,50199.4
Bank Creditas,3918,12-Dec-22,41118.3
Bank Creditas,4079,12-Dec-22,24458.6
Bank Creditas,4650,12-Dec-22,45650
Bank Creditas,4681,12-Dec-22,54060.2
Bank Creditas,4969,12-Dec-22,90799.3
Bank Creditas,5591,12-Dec-22,70781.5
Bank Creditas,5632,12-Dec-22,69439.2
Bank Creditas,6158,12-Dec-22,38972.1
Bank Creditas,6686,12-Dec-22,55898.8
Bank Creditas,6902,12-Dec-22,17954.6
Bank Creditas,6985,12-Dec-22,27193.2
Bank Creditas,7136,12-Dec-22,23632.3
Bank Creditas,7180,12-Dec-22,88850.7
Bank Creditas,7401,12-Dec-22,51127.2
Bank Creditas,7824,12-Dec-22,49292.1
Bank Creditas,7997,12-Dec-22,38624.8
Bank Creditas,8085,12-Dec-22,14693.9
Bank Creditas,8092,12-Dec-22,39156.1
Bank Creditas,8225,12-Dec-22,45318.6
Bank Creditas,8268,12-Dec-22,57263
Bank Creditas,8713,12-Dec-22,62765.9
Bank Creditas,9153,12-Dec-22,57216.5
Bank Creditas,9159,12-Dec-22,62355.1
Bank Creditas,9179,12-Dec-22,72069.6
Bank Creditas,9241,12-Dec-22,56297.6
Bank Creditas,9491,12-Dec-22,39937.9
Bank Creditas,10148,12-Dec-22,66305.9
Bank Creditas,10404,12-Dec-22,54419.1
Bank Creditas,10644,12-Dec-22,24548.6
Bank Creditas,10954,12-Dec-22,42984
Moneta Money Bank,26,12-Dec-22,56088.4
Moneta Money Bank,226,12-Dec-22,54283.9
Moneta Money Bank,257,12-Dec-22,8843.6
Moneta Money Bank,311,12-Dec-22,65457.5
Moneta Money Bank,319,12-Dec-22,81654.6
Moneta Money Bank,323,12-Dec-22,20478.2
Moneta Money Bank,325,12-Dec-22,20669.8
Moneta Money Bank,339,12-Dec-22,141113.9
Moneta Money Bank,356,12-Dec-22,75712.8
Moneta Money Bank,379,12-Dec-22,15831
Moneta Money Bank,404,12-Dec-22,75614.1
Moneta Money Bank,440,12-Dec-22,71884.3
Moneta Money Bank,506,12-Dec-22,54789.7
Moneta Money Bank,550,12-Dec-22,18609
Moneta Money Bank,589,12-Dec-22,70856.9
Moneta Money Bank,638,12-Dec-22,35240.1
Moneta Money Bank,762,12-Dec-22,8253.2
Moneta Money Bank,832,12-Dec-22,20320.5
Moneta Money Bank,903,12-Dec-22,20251.6
Moneta Money Bank,938,12-Dec-22,28920.3
Moneta Money Bank,941,12-Dec-22,19598.3
Moneta Money Bank,951,12-Dec-22,23586.1
Moneta Money Bank,1018,12-Dec-22,22447
Moneta Money Bank,1071,12-Dec-22,27506.5
Moneta Money Bank,1235,12-Dec-22,18371.7
Moneta Money Bank,1250,12-Dec-22,42995.9
Moneta Money Bank,1340,12-Dec-22,22432.9
Moneta Money Bank,1352,12-Dec-22,68421.5
Moneta Money Bank,1463,12-Dec-22,36871.6
Moneta Money Bank,1574,12-Dec-22,25747.3
Moneta Money Bank,1613,12-Dec-22,34067.5
Moneta Money Bank,1644,12-Dec-22,44995.2
Moneta Money Bank,1723,12-Dec-22,70097.3
Moneta Money Bank,1928,12-Dec-22,36131.7
Moneta Money Bank,1970,12-Dec-22,68150.3
Moneta Money Bank,1981,12-Dec-22,31034.2
Moneta Money Bank,2037,12-Dec-22,65737.8
Moneta Money Bank,2335,12-Dec-22,7693
Moneta Money Bank,2352,12-Dec-22,70153.3
Moneta Money Bank,2514,12-Dec-22,100467.8
Moneta Money Bank,2530,12-Dec-22,58742.4
Moneta Money Bank,2753,12-Dec-22,45902.3
Moneta Money Bank,2831,12-Dec-22,75121
Moneta Money Bank,2899,12-Dec-22,79063.6
Moneta Money Bank,2912,12-Dec-22,67944.5
Moneta Money Bank,2947,12-Dec-22,35569.3
Moneta Money Bank,3129,12-Dec-22,12574.9
Moneta Money Bank,3572,12-Dec-22,29897.7
Moneta Money Bank,3664,12-Dec-22,93726.6
Moneta Money Bank,3700,12-Dec-22,69971.2
Moneta Money Bank,3808,12-Dec-22,55802
Moneta Money Bank,3864,12-Dec-22,79785.3
Moneta Money Bank,3915,12-Dec-22,66445.5
Moneta Money Bank,4099,12-Dec-22,57047.1
Moneta Money Bank,4127,12-Dec-22,383.4
Moneta Money Bank,4293,12-Dec-22,50710.6
Moneta Money Bank,4585,12-Dec-22,53708.9
Moneta Money Bank,4616,12-Dec-22,63131.7
Moneta Money Bank,4981,12-Dec-22,15704.7
Moneta Money Bank,4999,12-Dec-22,82537.2
Moneta Money Bank,5126,12-Dec-22,21283.8
Moneta Money Bank,5650,12-Dec-22,68821.9
Moneta Money Bank,5742,12-Dec-22,26032.4
Moneta Money Bank,6157,12-Dec-22,28591
Moneta Money Bank,6289,12-Dec-22,102392.3
Moneta Money Bank,6358,12-Dec-22,51548.5
Moneta Money Bank,6397,12-Dec-22,69884.7
Moneta Money Bank,6609,12-Dec-22,61664.4
Moneta Money Bank,6715,12-Dec-22,40682.8
Moneta Money Bank,7049,12-Dec-22,44061.7
Moneta Money Bank,7559,12-Dec-22,52413.8
Moneta Money Bank,7565,12-Dec-22,53337
Moneta Money Bank,7674,12-Dec-22,25184.5
Moneta Money Bank,8026,12-Dec-22,72202.5
Moneta Money Bank,8261,12-Dec-22,35888.5
Moneta Money Bank,8411,12-Dec-22,40558.5
Moneta Money Bank,9024,12-Dec-22,28667.2
Moneta Money Bank,9227,12-Dec-22,16848.6
Moneta Money Bank,10243,12-Dec-22,95434.4
Moneta Money Bank,10351,12-Dec-22,22308.4
Moneta Money Bank,10411,12-Dec-22,35839.3
Moneta Money Bank,10711,12-Dec-22,81781.8
Moneta Money Bank,10789,12-Dec-22,79555.8
Hypotecni bank,126,12-Dec-22,45409.2
Hypotecni bank,314,12-Dec-22,29155.1
Hypotecni bank,441,12-Dec-22,122489.3
Hypotecni bank,555,12-Dec-22,46799.5
Hypotecni bank,655,12-Dec-22,94092
Hypotecni bank,781,12-Dec-22,16030.5
Hypotecni bank,993,12-Dec-22,35312
Hypotecni bank,1011,12-Dec-22,62637.9
Hypotecni bank,1050,12-Dec-22,103354.1
Hypotecni bank,1080,12-Dec-22,105395.3
Hypotecni bank,1270,12-Dec-22,9172.3
Hypotecni bank,1316,12-Dec-22,18771.9
Hypotecni bank,1352,12-Dec-22,64976.5
Hypotecni bank,1374,12-Dec-22,88419.9
Hypotecni bank,1480,12-Dec-22,33625.1
Hypotecni bank,1566,12-Dec-22,27487.6
Hypotecni bank,1772,12-Dec-22,90244.1
Hypotecni bank,1776,12-Dec-22,52878.7
Hypotecni bank,1897,12-Dec-22,29262.8
Hypotecni bank,2083,12-Dec-22,12005.5
Hypotecni bank,2096,12-Dec-22,50382.1
Hypotecni bank,2161,12-Dec-22,10021.1
Hypotecni bank,2237,12-Dec-22,67248.3
Hypotecni bank,2252,12-Dec-22,23673.9
Hypotecni bank,2386,12-Dec-22,82931.3
Hypotecni bank,2400,12-Dec-22,42757.2
Hypotecni bank,2447,12-Dec-22,35418
Hypotecni bank,2458,12-Dec-22,63000.1
Hypotecni bank,2505,12-Dec-22,27128.5
Hypotecni bank,2641,12-Dec-22,111896.9
Hypotecni bank,2645,12-Dec-22,20429.9
Hypotecni bank,2696,12-Dec-22,23670.3
Hypotecni bank,2715,12-Dec-22,20987.5
Hypotecni bank,2754,12-Dec-22,77026.4
Hypotecni bank,2773,12-Dec-22,42969.4
Hypotecni bank,2799,12-Dec-22,32935.3
Hypotecni bank,2811,12-Dec-22,38931.4
Hypotecni bank,2926,12-Dec-22,51306
Hypotecni bank,2935,12-Dec-22,22223.6
Hypotecni bank,2986,12-Dec-22,85764.4
Hypotecni bank,3011,12-Dec-22,23070.1
Hypotecni bank,3179,12-Dec-22,41637.5
Hypotecni bank,3189,12-Dec-22,23453.2
Hypotecni bank,3195,12-Dec-22,58993.7
Hypotecni bank,3319,12-Dec-22,51442.3
Hypotecni bank,3390,12-Dec-22,62953.9
Hypotecni bank,3435,12-Dec-22,28284.4
Hypotecni bank,3558,12-Dec-22,140341.9
Hypotecni bank,3649,12-Dec-22,44540.8
Hypotecni bank,3953,12-Dec-22,105935.2
Hypotecni bank,3979,12-Dec-22,32250
Hypotecni bank,4066,12-Dec-22,67645.8
Hypotecni bank,4079,12-Dec-22,24779.6
Hypotecni bank,4447,12-Dec-22,78375.1
Hypotecni bank,4550,12-Dec-22,30216
Hypotecni bank,4618,12-Dec-22,-5848.2
Hypotecni bank,4949,12-Dec-22,77437.8
Hypotecni bank,5180,12-Dec-22,33981.8
Hypotecni bank,5181,12-Dec-22,41593
Hypotecni bank,5395,12-Dec-22,34254.4
Hypotecni bank,5541,12-Dec-22,54206.7
Hypotecni bank,5724,12-Dec-22,26900.9
Hypotecni bank,5952,12-Dec-22,75724.9
Hypotecni bank,6265,12-Dec-22,42532.4
Hypotecni bank,6505,12-Dec-22,39748.6
Hypotecni bank,6706,12-Dec-22,49548.1
Hypotecni bank,7240,12-Dec-22,13930.3
Hypotecni bank,7274,12-Dec-22,47471.4
Hypotecni bank,7614,12-Dec-22,92288.6
Hypotecni bank,7632,12-Dec-22,27696.8
Hypotecni bank,7745,12-Dec-22,20898.7
Hypotecni bank,7890,12-Dec-22,57212.7
Hypotecni bank,8321,12-Dec-22,53140
Hypotecni bank,8564,12-Dec-22,101340.1
Hypotecni bank,9156,12-Dec-22,6683.6
Hypotecni bank,9208,12-Dec-22,45623.6
Hypotecni bank,9353,12-Dec-22,29112.9
Hypotecni bank,10001,12-Dec-22,81084.2
Hypotecni bank,10005,12-Dec-22,61114
Hypotecni bank,10215,12-Dec-22,85974.5
Hypotecni bank,10297,12-Dec-22,80772.3
Hypotecni bank,11096,12-Dec-22,71386.4
UniCredit Bank,40,12-Dec-22,24606.9
UniCredit Bank,86,12-Dec-22,22067.9
UniCredit Bank,103,12-Dec-22,43399.9
UniCredit Bank,196,12-Dec-22,81110.6
UniCredit Bank,209,12-Dec-22,45817
UniCredit Bank,269,12-Dec-22,42460.2
UniCredit Bank,378,12-Dec-22,55980.5
UniCredit Bank,426,12-Dec-22,44456.9
UniCredit Bank,525,12-Dec-22,72623.3
UniCredit Bank,584,12-Dec-22,15217.1
UniCredit Bank,675,12-Dec-22,55281.8
UniCredit Bank,718,12-Dec-22,33637.4
UniCredit Bank,785,12-Dec-22,58853.5
UniCredit Bank,915,12-Dec-22,83127.5
UniCredit Bank,1043,12-Dec-22,78124.4
UniCredit Bank,1155,12-Dec-22,17828.4
UniCredit Bank,1240,12-Dec-22,23088.9
UniCredit Bank,1318,12-Dec-22,4559.9
UniCredit Bank,1363,12-Dec-22,64522.7
UniCredit Bank,1439,12-Dec-22,19594.1
UniCredit Bank,1450,12-Dec-22,53285.1
UniCredit Bank,1460,12-Dec-22,31495.4
UniCredit Bank,1548,12-Dec-22,22203.9
UniCredit Bank,1738,12-Dec-22,13069.1
UniCredit Bank,1750,12-Dec-22,87774.1
UniCredit Bank,1872,12-Dec-22,60934.9
UniCredit Bank,1895,12-Dec-22,63939.1
UniCredit Bank,2005,12-Dec-22,24567
UniCredit Bank,2069,12-Dec-22,30717.8
UniCredit Bank,2134,12-Dec-22,59360.9
UniCredit Bank,2339,12-Dec-22,20412.6
UniCredit Bank,2372,12-Dec-22,11570.2
UniCredit Bank,2413,12-Dec-22,46805.1
UniCredit Bank,2496,12-Dec-22,25681.7
UniCredit Bank,2534,12-Dec-22,15222
UniCredit Bank,2711,12-Dec-22,67672.8
UniCredit Bank,2759,12-Dec-22,47326.7
UniCredit Bank,2796,12-Dec-22,55548.1
UniCredit Bank,2996,12-Dec-22,71505.7
UniCredit Bank,3056,12-Dec-22,34324.3
UniCredit Bank,3084,12-Dec-22,26525.5
UniCredit Bank,3142,12-Dec-22,26611.9
UniCredit Bank,3212,12-Dec-22,60987
UniCredit Bank,3231,12-Dec-22,26595.4
UniCredit Bank,3358,12-Dec-22,20373.1
UniCredit Bank,3469,12-Dec-22,22285.2
UniCredit Bank,3562,12-Dec-22,59849.4
UniCredit Bank,3614,12-Dec-22,85451.6
UniCredit Bank,3629,12-Dec-22,27011.4
UniCredit Bank,3673,12-Dec-22,13454
UniCredit Bank,3773,12-Dec-22,23223.7
UniCredit Bank,3817,12-Dec-22,33276
UniCredit Bank,3830,12-Dec-22,57483.7
UniCredit Bank,3862,12-Dec-22,42036.2
UniCredit Bank,3893,12-Dec-22,29700.8
UniCredit Bank,3939,12-Dec-22,28782.9
UniCredit Bank,4116,12-Dec-22,43091.8
UniCredit Bank,4354,12-Dec-22,77151.8
UniCredit Bank,4894,12-Dec-22,123767.1
UniCredit Bank,4994,12-Dec-22,44910.9
UniCredit Bank,5133,12-Dec-22,43360.8
UniCredit Bank,5263,12-Dec-22,60765.4
UniCredit Bank,5305,12-Dec-22,59273.5
UniCredit Bank,5358,12-Dec-22,71499.2
UniCredit Bank,5423,12-Dec-22,13950
UniCredit Bank,5735,12-Dec-22,64520.2
UniCredit Bank,6461,12-Dec-22,50333.7
UniCredit Bank,7045,12-Dec-22,98811.2
UniCredit Bank,7190,12-Dec-22,37178.9
UniCredit Bank,7606,12-Dec-22,25456.7
UniCredit Bank,7857,12-Dec-22,93492.2
UniCredit Bank,7966,12-Dec-22,19398.2
UniCredit Bank,8039,12-Dec-22,83042.2
UniCredit Bank,8639,12-Dec-22,46997.2
UniCredit Bank,9140,12-Dec-22,22670.3
UniCredit Bank,9167,12-Dec-22,84031.6
UniCredit Bank,9631,12-Dec-22,27690.1
UniCredit Bank,10478,12-Dec-22,30945.6
UniCredit Bank,10520,12-Dec-22,28099.7
UniCredit Bank,10613,12-Dec-22,46897
UniCredit Bank,11362,12-Dec-22,41247.8
Air Bank,21,12-Dec-22,53008.5
Air Bank,67,12-Dec-22,48886.4
Air Bank,291,12-Dec-22,46895.2
Air Bank,349,12-Dec-22,16615.8
Air Bank,543,12-Dec-22,17415.7
Air Bank,644,12-Dec-22,15716.9
Air Bank,658,12-Dec-22,28681
Air Bank,737,12-Dec-22,22413.8
Air Bank,750,12-Dec-22,49130.9
Air Bank,785,12-Dec-22,63189.4
Air Bank,794,12-Dec-22,15784
Air Bank,936,12-Dec-22,22792
Air Bank,960,12-Dec-22,77207.1
Air Bank,1177,12-Dec-22,39355.8
Air Bank,1235,12-Dec-22,19420.7
Air Bank,1247,12-Dec-22,78997
Air Bank,1276,12-Dec-22,22708.4
Air Bank,1394,12-Dec-22,67265.7
Air Bank,1424,12-Dec-22,24886.4
Air Bank,1447,12-Dec-22,33797.3
Air Bank,1568,12-Dec-22,45893.1
Air Bank,1706,12-Dec-22,53708
Air Bank,1862,12-Dec-22,99649.2
Air Bank,1869,12-Dec-22,92808.2
Air Bank,1895,12-Dec-22,58129.1
Air Bank,1917,12-Dec-22,22171.7
Air Bank,1937,12-Dec-22,22872.1
Air Bank,1967,12-Dec-22,12352
Air Bank,2137,12-Dec-22,68542.2
Air Bank,2218,12-Dec-22,87321.3
Air Bank,2239,12-Dec-22,81223.6
Air Bank,2246,12-Dec-22,34658.9
Air Bank,2258,12-Dec-22,41871.7
Air Bank,2404,12-Dec-22,6398.6
Air Bank,2456,12-Dec-22,33450.2
Air Bank,2590,12-Dec-22,12445
Air Bank,2591,12-Dec-22,28152.4
Air Bank,2622,12-Dec-22,34786.2
Air Bank,2700,12-Dec-22,74198.7
Air Bank,2824,12-Dec-22,97652.4
Air Bank,2858,12-Dec-22,48292.7
Air Bank,2933,12-Dec-22,30914.4
Air Bank,3006,12-Dec-22,11492.1
Air Bank,3011,12-Dec-22,23208.1
Air Bank,3168,12-Dec-22,40219.2
Air Bank,3184,12-Dec-22,28109.6
Air Bank,3230,12-Dec-22,66758.9
Air Bank,3288,12-Dec-22,18162.8
Air Bank,3305,12-Dec-22,11013.4
Air Bank,3540,12-Dec-22,42972.7
Air Bank,3622,12-Dec-22,31532.5
Air Bank,3623,12-Dec-22,18836.6
Air Bank,3640,12-Dec-22,24236.3
Air Bank,3648,12-Dec-22,31539.3
Air Bank,3793,12-Dec-22,25879.4
Air Bank,3894,12-Dec-22,56162.4
Air Bank,3942,12-Dec-22,63371.4
Air Bank,3943,12-Dec-22,16551.2
Air Bank,4503,12-Dec-22,70536.1
Air Bank,4852,12-Dec-22,22510.9
Air Bank,4907,12-Dec-22,46726.7
Air Bank,5196,12-Dec-22,42846.4
Air Bank,5422,12-Dec-22,22798.7
Air Bank,6792,12-Dec-22,26346.4
Air Bank,7082,12-Dec-22,25151.6
Air Bank,7180,12-Dec-22,84694.2
Air Bank,7562,12-Dec-22,80459.1
Air Bank,7594,12-Dec-22,87002.9
Air Bank,7637,12-Dec-22,82324.7
Air Bank,8533,12-Dec-22,49542.4
Air Bank,9006,12-Dec-22,30465.7
Air Bank,9037,12-Dec-22,58979.3
Air Bank,9225,12-Dec-22,84582
Air Bank,9455,12-Dec-22,35703.2
Air Bank,10079,12-Dec-22,22259.2
Air Bank,10451,12-Dec-22,18262.8
Air Bank,10762,12-Dec-22,50717.6
Air Bank,10915,12-Dec-22,32728.2
Air Bank,11328,12-Dec-22,92437.2
Raiffeisen bank,51,12-Dec-22,104129.4
Raiffeisen bank,148,12-Dec-22,23630.4
Raiffeisen bank,181,12-Dec-22,34168.5
Raiffeisen bank,230,12-Dec-22,18903.3
Raiffeisen bank,375,12-Dec-22,16168.9
Raiffeisen bank,378,12-Dec-22,47443.5
Raiffeisen bank,382,12-Dec-22,28015.7
Raiffeisen bank,501,12-Dec-22,77123.3
Raiffeisen bank,717,12-Dec-22,15070.3
Raiffeisen bank,951,12-Dec-22,21215.1
Raiffeisen bank,1004,12-Dec-22,89175.5
Raiffeisen bank,1078,12-Dec-22,29027.6
Raiffeisen bank,1094,12-Dec-22,18190.5
Raiffeisen bank,1136,12-Dec-22,87025.7
Raiffeisen bank,1222,12-Dec-22,28434.2
Raiffeisen bank,1340,12-Dec-22,23552.9
Raiffeisen bank,1478,12-Dec-22,93131.3
Raiffeisen bank,1705,12-Dec-22,53912.3
Raiffeisen bank,1779,12-Dec-22,74253.2
Raiffeisen bank,1950,12-Dec-22,33092
Raiffeisen bank,2000,12-Dec-22,68046.4
Raiffeisen bank,2055,12-Dec-22,11367.6
Raiffeisen bank,2073,12-Dec-22,38495.5
Raiffeisen bank,2075,12-Dec-22,21033.8
Raiffeisen bank,2229,12-Dec-22,34369.5
Raiffeisen bank,2309,12-Dec-22,33456.3
Raiffeisen bank,2401,12-Dec-22,42998.1
Raiffeisen bank,2440,12-Dec-22,35075.3
Raiffeisen bank,2456,12-Dec-22,37637.5
Raiffeisen bank,2530,12-Dec-22,62440.4
Raiffeisen bank,2580,12-Dec-22,75318
Raiffeisen bank,2754,12-Dec-22,84011.8
Raiffeisen bank,2907,12-Dec-22,28675.5
Raiffeisen bank,2981,12-Dec-22,13603.3
Raiffeisen bank,2990,12-Dec-22,45241.1
Raiffeisen bank,3283,12-Dec-22,13417.9
Raiffeisen bank,3306,12-Dec-22,27205.2
Raiffeisen bank,3344,12-Dec-22,58612.4
Raiffeisen bank,3458,12-Dec-22,27052.3
Raiffeisen bank,3513,12-Dec-22,53354.1
Raiffeisen bank,3537,12-Dec-22,23737.5
Raiffeisen bank,3585,12-Dec-22,31626.2
Raiffeisen bank,3589,12-Dec-22,23910.8
Raiffeisen bank,3592,12-Dec-22,21893.1
Raiffeisen bank,3679,12-Dec-22,53903.9
Raiffeisen bank,3687,12-Dec-22,83613.4
Raiffeisen bank,3696,12-Dec-22,52183.7
Raiffeisen bank,3746,12-Dec-22,103698.7
Raiffeisen bank,3864,12-Dec-22,80296.3
Raiffeisen bank,3924,12-Dec-22,24286
Raiffeisen bank,4088,12-Dec-22,7554.3
Raiffeisen bank,4473,12-Dec-22,60456.5
Raiffeisen bank,4631,12-Dec-22,76906
Raiffeisen bank,4725,12-Dec-22,38130.7
Raiffeisen bank,4794,12-Dec-22,7939.6
Raiffeisen bank,4948,12-Dec-22,69252.2
Raiffeisen bank,5283,12-Dec-22,93828.5
Raiffeisen bank,5385,12-Dec-22,44819.6
Raiffeisen bank,5445,12-Dec-22,44586
Raiffeisen bank,5837,12-Dec-22,43507
Raiffeisen bank,5927,12-Dec-22,47942
Raiffeisen bank,6061,12-Dec-22,52142
Raiffeisen bank,6097,12-Dec-22,32637.2
Raiffeisen bank,6226,12-Dec-22,102856.6
Raiffeisen bank,6453,12-Dec-22,26678.5
Raiffeisen bank,7181,12-Dec-22,35749.5
Raiffeisen bank,7565,12-Dec-22,59986
Raiffeisen bank,7636,12-Dec-22,24918.8
Raiffeisen bank,8772,12-Dec-22,23818.6
Raiffeisen bank,8931,12-Dec-22,73652.8
Raiffeisen bank,9433,12-Dec-22,37282.3
Raiffeisen bank,9504,12-Dec-22,57572
Raiffeisen bank,9627,12-Dec-22,69323.8
Raiffeisen bank,9928,12-Dec-22,76100
Raiffeisen bank,10320,12-Dec-22,51484.8
Raiffeisen bank,10905,12-Dec-22,70201.7
Raiffeisen bank,11054,12-Dec-22,64342.8
Raiffeisen bank,11244,12-Dec-22,31101.2
Raiffeisen bank,11349,12-Dec-22,60530.9
J&T Bank,55,12-Dec-22,21302.8
J&T Bank,63,12-Dec-22,32204.4
J&T Bank,287,12-Dec-22,15282.4
J&T Bank,344,12-Dec-22,56377.8
J&T Bank,413,12-Dec-22,17433.3
J&T Bank,428,12-Dec-22,56325.3
J&T Bank,516,12-Dec-22,30484.2
J&T Bank,793,12-Dec-22,19917.5
J&T Bank,1037,12-Dec-22,63693.3
J&T Bank,1097,12-Dec-22,69255.4
J&T Bank,1165,12-Dec-22,8414.6
J&T Bank,1242,12-Dec-22,27806.6
J&T Bank,1368,12-Dec-22,12534.5
J&T Bank,1411,12-Dec-22,99391.8
J&T Bank,1579,12-Dec-22,61925.8
J&T Bank,1598,12-Dec-22,55040.8
J&T Bank,1604,12-Dec-22,38221.2
J&T Bank,1698,12-Dec-22,57011.2
J&T Bank,1718,12-Dec-22,46125.3
J&T Bank,1766,12-Dec-22,18549.4
J&T Bank,2121,12-Dec-22,48016.7
J&T Bank,2161,12-Dec-22,7251.1
J&T Bank,2165,12-Dec-22,12985.8
J&T Bank,2228,12-Dec-22,24873.1
J&T Bank,2262,12-Dec-22,47954.9
J&T Bank,2286,12-Dec-22,11312.5
J&T Bank,2427,12-Dec-22,31962.4
J&T Bank,2487,12-Dec-22,39691
J&T Bank,2520,12-Dec-22,17593.6
J&T Bank,2570,12-Dec-22,18660.2
J&T Bank,2709,12-Dec-22,18585.1
J&T Bank,2888,12-Dec-22,13076.8
J&T Bank,2911,12-Dec-22,69985.7
J&T Bank,3005,12-Dec-22,15903.4
J&T Bank,3007,12-Dec-22,45691.3
J&T Bank,3096,12-Dec-22,38761.5
J&T Bank,3113,12-Dec-22,29432.9
J&T Bank,3116,12-Dec-22,71923
J&T Bank,3161,12-Dec-22,93469
J&T Bank,3205,12-Dec-22,33140
J&T Bank,3219,12-Dec-22,12272.7
J&T Bank,3228,12-Dec-22,41791.8
J&T Bank,3281,12-Dec-22,20795
J&T Bank,3293,12-Dec-22,73704.8
J&T Bank,3368,12-Dec-22,100448.5
J&T Bank,3425,12-Dec-22,62988.4
J&T Bank,3474,12-Dec-22,22441.3
J&T Bank,3520,12-Dec-22,47168.3
J&T Bank,3678,12-Dec-22,-5637.8
J&T Bank,3711,12-Dec-22,-2382
J&T Bank,3907,12-Dec-22,56374.6
J&T Bank,3989,12-Dec-22,23295.7
J&T Bank,4533,12-Dec-22,83689.6
J&T Bank,4784,12-Dec-22,80607.9
J&T Bank,5118,12-Dec-22,37023.3
J&T Bank,5794,12-Dec-22,66722.3
J&T Bank,5891,12-Dec-22,159892
J&T Bank,5912,12-Dec-22,40804.2
J&T Bank,6353,12-Dec-22,67865.9
J&T Bank,6649,12-Dec-22,59325.6
J&T Bank,6856,12-Dec-22,30026.9
J&T Bank,7133,12-Dec-22,18236.8
J&T Bank,7176,12-Dec-22,57155.6
J&T Bank,7542,12-Dec-22,48550.3
J&T Bank,7894,12-Dec-22,45637.6
J&T Bank,8645,12-Dec-22,15798.8
J&T Bank,8776,12-Dec-22,86280.6
J&T Bank,8899,12-Dec-22,93893.8
J&T Bank,8926,12-Dec-22,51820.9
J&T Bank,8972,12-Dec-22,40243.6
J&T Bank,9179,12-Dec-22,47485.9
J&T Bank,9869,12-Dec-22,69662.4
J&T Bank,10065,12-Dec-22,96242.4
J&T Bank,10351,12-Dec-22,17898.4
J&T Bank,11317,12-Dec-22,97272.4
J&T Bank,11327,12-Dec-22,48097
Trinity Bank,49,12-Dec-22,15249.4
Trinity Bank,224,12-Dec-22,20624.7
Trinity Bank,261,12-Dec-22,22486
Trinity Bank,362,12-Dec-22,47018.7
Trinity Bank,442,12-Dec-22,5063.4
Trinity Bank,615,12-Dec-22,27278.2
Trinity Bank,775,12-Dec-22,84804.6
Trinity Bank,794,12-Dec-22,16691
Trinity Bank,898,12-Dec-22,48605.5
Trinity Bank,997,12-Dec-22,23893.8
Trinity Bank,1083,12-Dec-22,28807
Trinity Bank,1105,12-Dec-22,50161.4
Trinity Bank,1200,12-Dec-22,59755.5
Trinity Bank,1241,12-Dec-22,16874.5
Trinity Bank,1316,12-Dec-22,19390.9
Trinity Bank,1319,12-Dec-22,39873.8
Trinity Bank,1321,12-Dec-22,26038.3
Trinity Bank,1459,12-Dec-22,16780.8
Trinity Bank,1493,12-Dec-22,12458.2
Trinity Bank,1509,12-Dec-22,27414
Trinity Bank,1534,12-Dec-22,33871.1
Trinity Bank,1557,12-Dec-22,48325.1
Trinity Bank,1618,12-Dec-22,45195.2
Trinity Bank,1727,12-Dec-22,47022.3
Trinity Bank,1774,12-Dec-22,19006.5
Trinity Bank,1811,12-Dec-22,43420.3
Trinity Bank,1827,12-Dec-22,27526.9
Trinity Bank,1876,12-Dec-22,60506.8
Trinity Bank,1915,12-Dec-22,23143.4
Trinity Bank,1970,12-Dec-22,66376.3
Trinity Bank,1994,12-Dec-22,35176.4
Trinity Bank,2064,12-Dec-22,40789.6
Trinity Bank,2194,12-Dec-22,42633.8
Trinity Bank,2221,12-Dec-22,16600.4
Trinity Bank,2293,12-Dec-22,43575.6
Trinity Bank,2622,12-Dec-22,41853.2
Trinity Bank,2651,12-Dec-22,75042.7
Trinity Bank,2703,12-Dec-22,20294.7
Trinity Bank,2802,12-Dec-22,36178.1
Trinity Bank,2872,12-Dec-22,16969
Trinity Bank,2906,12-Dec-22,16121.1
Trinity Bank,3206,12-Dec-22,58186.5
Trinity Bank,3305,12-Dec-22,10991.4
Trinity Bank,3533,12-Dec-22,30046.5
Trinity Bank,3584,12-Dec-22,66091.1
Trinity Bank,3636,12-Dec-22,77822.6
Trinity Bank,3674,12-Dec-22,83192.3
Trinity Bank,3757,12-Dec-22,65494.8
Trinity Bank,3775,12-Dec-22,19668
Trinity Bank,3916,12-Dec-22,17411.4
Trinity Bank,4260,12-Dec-22,54482.8
Trinity Bank,4476,12-Dec-22,30714.2
Trinity Bank,4550,12-Dec-22,31238
Trinity Bank,4774,12-Dec-22,88266.3
Trinity Bank,5602,12-Dec-22,52671.1
Trinity Bank,6138,12-Dec-22,41725.7
Trinity Bank,6453,12-Dec-22,25833.5
Trinity Bank,6495,12-Dec-22,27960.6
Trinity Bank,6510,12-Dec-22,47706.8
Trinity Bank,6688,12-Dec-22,52804.1
Trinity Bank,7565,12-Dec-22,50139.2
Trinity Bank,7733,12-Dec-22,49372.8
Trinity Bank,8114,12-Dec-22,49483.4
Trinity Bank,8330,12-Dec-22,77475.2
Trinity Bank,8475,12-Dec-22,42460.5
Trinity Bank,8492,12-Dec-22,82979.8
Trinity Bank,9265,12-Dec-22,44137.5
Trinity Bank,9424,12-Dec-22,40162.5
Trinity Bank,9510,12-Dec-22,39092.4
Trinity Bank,9645,12-Dec-22,35997.5
Trinity Bank,9859,12-Dec-22,78973
Trinity Bank,10134,12-Dec-22,88298.7
Trinity Bank,10280,12-Dec-22,44664.4
Trinity Bank,10445,12-Dec-22,99742.7
PPF Bank,11,12-Dec-22,25225
PPF Bank,54,12-Dec-22,29435.6
PPF Bank,80,12-Dec-22,24669
PPF Bank,107,12-Dec-22,47637.6
PPF Bank,127,12-Dec-22,20285.5
PPF Bank,398,12-Dec-22,14751.9
PPF Bank,506,12-Dec-22,57800.7
PPF Bank,735,12-Dec-22,24809.8
PPF Bank,772,12-Dec-22,58805
PPF Bank,776,12-Dec-22,90670.1
PPF Bank,842,12-Dec-22,17811.8
PPF Bank,859,12-Dec-22,48931.2
PPF Bank,1054,12-Dec-22,25932.2
PPF Bank,1197,12-Dec-22,46815.5
PPF Bank,1288,12-Dec-22,24842
PPF Bank,1338,12-Dec-22,86181.8
PPF Bank,1389,12-Dec-22,47503
PPF Bank,1401,12-Dec-22,41489.6
PPF Bank,1484,12-Dec-22,35220.3
PPF Bank,1523,12-Dec-22,43852.1
PPF Bank,1558,12-Dec-22,28181.3
PPF Bank,1655,12-Dec-22,54470.8
PPF Bank,1656,12-Dec-22,51930.3
PPF Bank,1767,12-Dec-22,76050.4
PPF Bank,1772,12-Dec-22,78250.1
PPF Bank,1792,12-Dec-22,32226.2
PPF Bank,1816,12-Dec-22,19462.4
PPF Bank,1822,12-Dec-22,41813
PPF Bank,1887,12-Dec-22,24694.8
PPF Bank,2167,12-Dec-22,81525.8
PPF Bank,2199,12-Dec-22,16730
PPF Bank,2334,12-Dec-22,45646.6
PPF Bank,2389,12-Dec-22,72639.4
PPF Bank,2431,12-Dec-22,57545.6
PPF Bank,2497,12-Dec-22,41693.9
PPF Bank,2513,12-Dec-22,19144.1
PPF Bank,2616,12-Dec-22,52678.1
PPF Bank,2666,12-Dec-22,17808.7
PPF Bank,2773,12-Dec-22,43005.4
PPF Bank,2973,12-Dec-22,33266.9
PPF Bank,3112,12-Dec-22,79083.6
PPF Bank,3247,12-Dec-22,29677.5
PPF Bank,3460,12-Dec-22,9835.9
PPF Bank,3487,12-Dec-22,56517.7
PPF Bank,3612,12-Dec-22,81295
PPF Bank,3763,12-Dec-22,29004.6
PPF Bank,3792,12-Dec-22,17329.1
PPF Bank,3803,12-Dec-22,12801.1
PPF Bank,3832,12-Dec-22,11595.3
PPF Bank,3875,12-Dec-22,57661.7
PPF Bank,4052,12-Dec-22,83585.3
PPF Bank,4158,12-Dec-22,55704.9
PPF Bank,4268,12-Dec-22,54561.2
PPF Bank,4293,12-Dec-22,55271.6
PPF Bank,4456,12-Dec-22,73602.5
PPF Bank,4907,12-Dec-22,50664.7
PPF Bank,5072,12-Dec-22,49349.1
PPF Bank,5572,12-Dec-22,57313.3
PPF Bank,6950,12-Dec-22,67943.4
PPF Bank,7133,12-Dec-22,18121.8
PPF Bank,7594,12-Dec-22,92022.9
PPF Bank,7721,12-Dec-22,64686.2
PPF Bank,8169,12-Dec-22,16199.2
PPF Bank,8327,12-Dec-22,34257.7
PPF Bank,8381,12-Dec-22,18984.1
PPF Bank,8919,12-Dec-22,24844.8
PPF Bank,9017,12-Dec-22,21263.5
PPF Bank,9159,12-Dec-22,63805.1
PPF Bank,10257,12-Dec-22,47391.4
PPF Bank,10812,12-Dec-22,7610.9
PPF Bank,10884,12-Dec-22,59751.4
PPF Bank,10942,12-Dec-22,37494.1
ADB BANK,2,31-Dec-18,27855.2
ADB BANK,9,31-Dec-18,25493
ADB BANK,15,31-Dec-18,58066.1
ADB BANK,23,31-Dec-18,45925.8
ADB BANK,26,31-Dec-18,81993
ADB BANK,27,31-Dec-18,29496
ADB BANK,33,31-Dec-18,53249.9
ADB BANK,34,31-Dec-18,56167.7
ADB BANK,35,31-Dec-18,25525.2
ADB BANK,36,31-Dec-18,46999.9
ADB BANK,40,31-Dec-18,23243.3
ADB BANK,44,31-Dec-18,18691
ADB BANK,47,31-Dec-18,36100.5
ADB BANK,62,31-Dec-18,26506
ADB BANK,66,31-Dec-18,67678.6
ADB BANK,73,31-Dec-18,49096
ADB BANK,78,31-Dec-18,54452.5
ADB BANK,83,31-Dec-18,22208.4
ADB BANK,86,31-Dec-18,20082.3
ADB BANK,96,31-Dec-18,45982.6
ADB BANK,104,31-Dec-18,16850
ADB BANK,107,31-Dec-18,28808.9
ADB BANK,112,31-Dec-18,34335.1
ADB BANK,115,31-Dec-18,31281.9
ADB BANK,117,31-Dec-18,20604.6
ADB BANK,119,31-Dec-18,42810.2
ADB BANK,123,31-Dec-18,20117.4
ADB BANK,126,31-Dec-18,27920.8
ADB BANK,128,31-Dec-18,24540.6
ADB BANK,135,31-Dec-18,27077.2
ADB BANK,142,31-Dec-18,23340.3
ADB BANK,146,31-Dec-18,25785.9
ADB BANK,148,31-Dec-18,18279
ADB BANK,151,31-Dec-18,34425.3
ADB BANK,153,31-Dec-18,38428.4
ADB BANK,160,31-Dec-18,52075.8
ADB BANK,163,31-Dec-18,30135.7
ADB BANK,165,31-Dec-18,29093.7
ADB BANK,168,31-Dec-18,15042.4
ADB BANK,172,31-Dec-18,51110.5
ADB BANK,173,31-Dec-18,24189.5
ADB BANK,186,31-Dec-18,27775.9
ADB BANK,187,31-Dec-18,22732.8
ADB BANK,188,31-Dec-18,37977.6
ADB BANK,192,31-Dec-18,27942.9
ADB BANK,196,31-Dec-18,22362
ADB BANK,197,31-Dec-18,41172
ADB BANK,207,31-Dec-18,30221
ADB BANK,212,31-Dec-18,54271.5
ADB BANK,220,31-Dec-18,24192.9
ADB BANK,222,31-Dec-18,40984.4
ADB BANK,225,31-Dec-18,29140.5
ADB BANK,228,31-Dec-18,47063.6
ADB BANK,234,31-Dec-18,26375
ADB BANK,235,31-Dec-18,11021.4
ADB BANK,239,31-Dec-18,23105.9
ADB BANK,244,31-Dec-18,25896.5
ADB BANK,273,31-Dec-18,22250.8
ADB BANK,274,31-Dec-18,46265.9
ADB BANK,279,31-Dec-18,16322.8
ADB BANK,280,31-Dec-18,28492.1
ADB BANK,299,31-Dec-18,27819.1
ADB BANK,300,31-Dec-18,25530.2
ADB BANK,306,31-Dec-18,25713
ADB BANK,317,31-Dec-18,32349.6
ADB BANK,322,31-Dec-18,38640
ADB BANK,327,31-Dec-18,38940.3
ADB BANK,334,31-Dec-18,43576.5
ADB BANK,340,31-Dec-18,12592.2
ADB BANK,344,31-Dec-18,24797.7
ADB BANK,345,31-Dec-18,23383.7
ADB BANK,346,31-Dec-18,29858.2
ADB BANK,347,31-Dec-18,24992.8
ADB BANK,354,31-Dec-18,30166.5
ADB BANK,358,31-Dec-18,3709.4
ADB BANK,361,31-Dec-18,50351.2
ADB BANK,362,31-Dec-18,25313.7
ADB BANK,368,31-Dec-18,40238.7
ADB BANK,374,31-Dec-18,19421.2
ADB BANK,381,31-Dec-18,39994.2
ADB BANK,385,31-Dec-18,20349.9
ADB BANK,389,31-Dec-18,31510.4
ADB BANK,391,31-Dec-18,2505.3
ADB BANK,395,31-Dec-18,31901.8
ADB BANK,396,31-Dec-18,69708.2
ADB BANK,397,31-Dec-18,51523
ADB BANK,400,31-Dec-18,37652.5
ADB BANK,401,31-Dec-18,30862
ADB BANK,403,31-Dec-18,25522.1
ADB BANK,408,31-Dec-18,39156.4
ADB BANK,411,31-Dec-18,51828.4
ADB BANK,415,31-Dec-18,28452.9
ADB BANK,419,31-Dec-18,23078.4
ADB BANK,423,31-Dec-18,15704.5
ADB BANK,425,31-Dec-18,19016.1
ADB BANK,426,31-Dec-18,20220.2
ADB BANK,428,31-Dec-18,26759.5
ADB BANK,432,31-Dec-18,28752.8
ADB BANK,433,31-Dec-18,44645
ADB BANK,435,31-Dec-18,21522.6
ADB BANK,437,31-Dec-18,33267.2
ADB BANK,443,31-Dec-18,20086.3
ADB BANK,445,31-Dec-18,41518.8
ADB BANK,446,31-Dec-18,40687.2
ADB BANK,456,31-Dec-18,39189.8
ADB BANK,461,31-Dec-18,28930
ADB BANK,462,31-Dec-18,28847.5
ADB BANK,465,31-Dec-18,25669.3
ADB BANK,467,31-Dec-18,30691.5
ADB BANK,477,31-Dec-18,40790.2
ADB BANK,485,31-Dec-18,64852.2
ADB BANK,489,31-Dec-18,38226.9
ADB BANK,492,31-Dec-18,34047.9
ADB BANK,494,31-Dec-18,42933.9
ADB BANK,496,31-Dec-18,19800.2
ADB BANK,497,31-Dec-18,70309.1
ADB BANK,498,31-Dec-18,30698.3
ADB BANK,504,31-Dec-18,19651.7
ADB BANK,510,31-Dec-18,61650.6
ADB BANK,517,31-Dec-18,47846.3
ADB BANK,520,31-Dec-18,8027.2
ADB BANK,523,31-Dec-18,34449.2
ADB BANK,540,31-Dec-18,58054.8
ADB BANK,541,31-Dec-18,45275.3
ADB BANK,542,31-Dec-18,9189.1
ADB BANK,545,31-Dec-18,22993.7
ADB BANK,551,31-Dec-18,20121.6
ADB BANK,555,31-Dec-18,43940.5
ADB BANK,559,31-Dec-18,27144.7
ADB BANK,562,31-Dec-18,32167.2
ADB BANK,563,31-Dec-18,31930.4
ADB BANK,574,31-Dec-18,48068.4
ADB BANK,576,31-Dec-18,23657.8
ADB BANK,588,31-Dec-18,35719.6
ADB BANK,601,31-Dec-18,14718.3
ADB BANK,604,31-Dec-18,21135
ADB BANK,623,31-Dec-18,17424
ADB BANK,624,31-Dec-18,29725.1
ADB BANK,626,31-Dec-18,14629.7
ADB BANK,627,31-Dec-18,68097.5
ADB BANK,630,31-Dec-18,25406.7
ADB BANK,640,31-Dec-18,16371.1
ADB BANK,648,31-Dec-18,28331.3
ADB BANK,651,31-Dec-18,26095.5
ADB BANK,652,31-Dec-18,38573.1
ADB BANK,655,31-Dec-18,46466.2
ADB BANK,657,31-Dec-18,32001.8
ADB BANK,678,31-Dec-18,24093.9
ADB BANK,686,31-Dec-18,34582.1
ADB BANK,688,31-Dec-18,16079.1
ADB BANK,697,31-Dec-18,39582.5
ADB BANK,699,31-Dec-18,28368.9
ADB BANK,701,31-Dec-18,19461.8
ADB BANK,702,31-Dec-18,18233.1
ADB BANK,704,31-Dec-18,43942.9
ADB BANK,717,31-Dec-18,40299.4
ADB BANK,730,31-Dec-18,39577.2
ADB BANK,737,31-Dec-18,5211
ADB BANK,738,31-Dec-18,48869.1
ADB BANK,743,31-Dec-18,9417.7
ADB BANK,744,31-Dec-18,26716
ADB BANK,747,31-Dec-18,33763.2
ADB BANK,748,31-Dec-18,27991.6
ADB BANK,750,31-Dec-18,59381.6
ADB BANK,751,31-Dec-18,18969.5
ADB BANK,757,31-Dec-18,33317.2
ADB BANK,759,31-Dec-18,26540.5
ADB BANK,764,31-Dec-18,34893.5
ADB BANK,772,31-Dec-18,49135.4
ADB BANK,773,31-Dec-18,39385
ADB BANK,774,31-Dec-18,40423.3
ADB BANK,787,31-Dec-18,19009.9
ADB BANK,790,31-Dec-18,43081.5
ADB BANK,793,31-Dec-18,19833.1
ADB BANK,813,31-Dec-18,21451.2
ADB BANK,816,31-Dec-18,47571.7
ADB BANK,830,31-Dec-18,63373.9
ADB BANK,837,31-Dec-18,44129.7
ADB BANK,841,31-Dec-18,12393.3
ADB BANK,854,31-Dec-18,31040.1
ADB BANK,860,31-Dec-18,27203.6
ADB BANK,861,31-Dec-18,62811.8
ADB BANK,862,31-Dec-18,56601.2
ADB BANK,863,31-Dec-18,81003.8
ADB BANK,866,31-Dec-18,40616
ADB BANK,882,31-Dec-18,43549.2
ADB BANK,884,31-Dec-18,3900.4
ADB BANK,885,31-Dec-18,47152.5
ADB BANK,886,31-Dec-18,38557.1
ADB BANK,887,31-Dec-18,23396.5
ADB BANK,890,31-Dec-18,29946.4
ADB BANK,892,31-Dec-18,23974.8
ADB BANK,897,31-Dec-18,19213.1
ADB BANK,899,31-Dec-18,43015.5
ADB BANK,902,31-Dec-18,31923
ADB BANK,903,31-Dec-18,4985.7
ADB BANK,907,31-Dec-18,25062.1
ADB BANK,925,31-Dec-18,40723.7
ADB BANK,928,31-Dec-18,24917.8
ADB BANK,929,31-Dec-18,27073
ADB BANK,930,31-Dec-18,48789.2
ADB BANK,931,31-Dec-18,25337.3
ADB BANK,942,31-Dec-18,25361.5
ADB BANK,943,31-Dec-18,18941
ADB BANK,944,31-Dec-18,52957.6
ADB BANK,947,31-Dec-18,23248.4
ADB BANK,950,31-Dec-18,48688.8
ADB BANK,956,31-Dec-18,1503.6
ADB BANK,965,31-Dec-18,27462.5
ADB BANK,977,31-Dec-18,34479.2
ADB BANK,979,31-Dec-18,35168.1
ADB BANK,982,31-Dec-18,24663.3
ADB BANK,991,31-Dec-18,32176
ADB BANK,998,31-Dec-18,42039.7
ADB BANK,1000,31-Dec-18,46836.2
ADB BANK,1005,31-Dec-18,51221.5
ADB BANK,1006,31-Dec-18,27864.3
ADB BANK,1016,31-Dec-18,45873.8
ADB BANK,1018,31-Dec-18,26484.9
ADB BANK,1019,31-Dec-18,30979.9
ADB BANK,1023,31-Dec-18,46853.8
ADB BANK,1032,31-Dec-18,29079.2
ADB BANK,1039,31-Dec-18,42099.5
ADB BANK,1048,31-Dec-18,26959.2
ADB BANK,1050,31-Dec-18,37970.6
ADB BANK,1051,31-Dec-18,32960.3
ADB BANK,1052,31-Dec-18,41621.6
ADB BANK,1054,31-Dec-18,27754.8
ADB BANK,1062,31-Dec-18,45575.9
ADB BANK,1065,31-Dec-18,34936.5
ADB BANK,1069,31-Dec-18,18893
ADB BANK,1071,31-Dec-18,15193.6
ADB BANK,1077,31-Dec-18,28729.1
ADB BANK,1079,31-Dec-18,52257.3
ADB BANK,1106,31-Dec-18,28730.2
ADB BANK,1107,31-Dec-18,26469.8
ADB BANK,1114,31-Dec-18,92927.2
ADB BANK,1115,31-Dec-18,19376.1
ADB BANK,1116,31-Dec-18,30398.5
ADB BANK,1118,31-Dec-18,33823.8
ADB BANK,1123,31-Dec-18,47368.8
ADB BANK,1126,31-Dec-18,23602.4
ADB BANK,1127,31-Dec-18,47871.1
ADB BANK,1132,31-Dec-18,43403.5
ADB BANK,1133,31-Dec-18,9935
ADB BANK,1134,31-Dec-18,28686.5
ADB BANK,1136,31-Dec-18,85632.1
ADB BANK,1144,31-Dec-18,14479.7
ADB BANK,1145,31-Dec-18,16306.4
ADB BANK,1146,31-Dec-18,44800.1
ADB BANK,1147,31-Dec-18,80670
ADB BANK,1152,31-Dec-18,18191.8
ADB BANK,1157,31-Dec-18,26960.5
ADB BANK,1161,31-Dec-18,24503.5
ADB BANK,1166,31-Dec-18,37102.1
ADB BANK,1179,31-Dec-18,14709.1
ADB BANK,1180,31-Dec-18,40879
ADB BANK,1189,31-Dec-18,19313.4
ADB BANK,1197,31-Dec-18,27752.3
ADB BANK,1200,31-Dec-18,64752.1
ADB BANK,1201,31-Dec-18,41234.8
ADB BANK,1204,31-Dec-18,36358.5
ADB BANK,1207,31-Dec-18,52095.2
ADB BANK,1222,31-Dec-18,27414.1
ADB BANK,1234,31-Dec-18,26772.3
ADB BANK,1236,31-Dec-18,41995.2
ADB BANK,1239,31-Dec-18,23691.1
ADB BANK,1268,31-Dec-18,23701.9
ADB BANK,1272,31-Dec-18,35354.5
ADB BANK,1276,31-Dec-18,29803.6
ADB BANK,1277,31-Dec-18,24437.6
ADB BANK,1285,31-Dec-18,58624.5
ADB BANK,1286,31-Dec-18,33258.1
ADB BANK,1297,31-Dec-18,47660.2
ADB BANK,1299,31-Dec-18,23455.1
ADB BANK,1305,31-Dec-18,36539.4
ADB BANK,1314,31-Dec-18,25688.9
ADB BANK,1322,31-Dec-18,20189.7
ADB BANK,1332,31-Dec-18,39473.1
ADB BANK,1334,31-Dec-18,24559.9
ADB BANK,1337,31-Dec-18,27001.2
ADB BANK,1338,31-Dec-18,37653.7
ADB BANK,1345,31-Dec-18,42637.8
ADB BANK,1366,31-Dec-18,28401.3
ADB BANK,1372,31-Dec-18,26865.6
ADB BANK,1373,31-Dec-18,15178.6
ADB BANK,1378,31-Dec-18,49348.4
ADB BANK,1381,31-Dec-18,9154.6
ADB BANK,1382,31-Dec-18,15262.6
ADB BANK,1392,31-Dec-18,44224.1
ADB BANK,1397,31-Dec-18,33614.6
ADB BANK,1401,31-Dec-18,24666.6
ADB BANK,1402,31-Dec-18,29148.3
ADB BANK,1404,31-Dec-18,26838.3
ADB BANK,1410,31-Dec-18,72163.6
ADB BANK,1411,31-Dec-18,28483.4
ADB BANK,1412,31-Dec-18,38508.5
ADB BANK,1416,31-Dec-18,29045.9
ADB BANK,1422,31-Dec-18,23426.1
ADB BANK,1425,31-Dec-18,28620.1
ADB BANK,1429,31-Dec-18,15246.7
ADB BANK,1440,31-Dec-18,27292
ADB BANK,1442,31-Dec-18,39290.4
ADB BANK,1449,31-Dec-18,28974.3
ADB BANK,1451,31-Dec-18,29482.7
ADB BANK,1453,31-Dec-18,34748.9
ADB BANK,1475,31-Dec-18,33173.8
ADB BANK,1476,31-Dec-18,20680
ADB BANK,1477,31-Dec-18,20605
ADB BANK,1481,31-Dec-18,16252.2
ADB BANK,1485,31-Dec-18,73231.2
ADB BANK,1487,31-Dec-18,14389.5
ADB BANK,1493,31-Dec-18,25149
ADB BANK,1495,31-Dec-18,63526.4
ADB BANK,1497,31-Dec-18,27016.3
ADB BANK,1499,31-Dec-18,18560
ADB BANK,1505,31-Dec-18,31317
ADB BANK,1507,31-Dec-18,58315.9
ADB BANK,1513,31-Dec-18,41134.4
ADB BANK,1515,31-Dec-18,48090.2
ADB BANK,1518,31-Dec-18,44836.1
ADB BANK,1527,31-Dec-18,93208.6
ADB BANK,1534,31-Dec-18,36721.6
ADB BANK,1535,31-Dec-18,23020.3
ADB BANK,1536,31-Dec-18,46493.7
ADB BANK,1539,31-Dec-18,8377.2
ADB BANK,1544,31-Dec-18,38231.1
ADB BANK,1545,31-Dec-18,21193.3
ADB BANK,1547,31-Dec-18,46480.9
ADB BANK,1565,31-Dec-18,23380.2
ADB BANK,1566,31-Dec-18,52893.1
ADB BANK,1575,31-Dec-18,25935.8
ADB BANK,1584,31-Dec-18,14675.4
ADB BANK,1601,31-Dec-18,20210.8
ADB BANK,1603,31-Dec-18,25435.6
ADB BANK,1605,31-Dec-18,41478
ADB BANK,1610,31-Dec-18,45816.3
ADB BANK,1617,31-Dec-18,30942
ADB BANK,1621,31-Dec-18,25612.1
ADB BANK,1628,31-Dec-18,20049
ADB BANK,1630,31-Dec-18,23632.5
ADB BANK,1637,31-Dec-18,26444.9
ADB BANK,1644,31-Dec-18,51911.9
ADB BANK,1649,31-Dec-18,25577.8
ADB BANK,1652,31-Dec-18,23718
ADB BANK,1658,31-Dec-18,15354.2
ADB BANK,1664,31-Dec-18,27753.3
ADB BANK,1671,31-Dec-18,30744.5
ADB BANK,1675,31-Dec-18,24556.9
ADB BANK,1678,31-Dec-18,47722.2
ADB BANK,1680,31-Dec-18,29503.2
ADB BANK,1684,31-Dec-18,61528.9
ADB BANK,1686,31-Dec-18,14531.3
ADB BANK,1688,31-Dec-18,28227.9
ADB BANK,1694,31-Dec-18,60391.2
ADB BANK,1695,31-Dec-18,23843.9
ADB BANK,1699,31-Dec-18,21802.9
ADB BANK,1701,31-Dec-18,16367.2
ADB BANK,1705,31-Dec-18,37427.4
ADB BANK,1713,31-Dec-18,31427.5
ADB BANK,1719,31-Dec-18,17283.2
ADB BANK,1726,31-Dec-18,36599.1
ADB BANK,1730,31-Dec-18,28459.1
ADB BANK,1731,31-Dec-18,16125.2
ADB BANK,1743,31-Dec-18,22165.6
ADB BANK,1750,31-Dec-18,44841.4
ADB BANK,1761,31-Dec-18,35787.5
ADB BANK,1767,31-Dec-18,37067.8
ADB BANK,1771,31-Dec-18,23800.4
ADB BANK,1773,31-Dec-18,24292.4
ADB BANK,1775,31-Dec-18,25800.8
ADB BANK,1779,31-Dec-18,53875
ADB BANK,1780,31-Dec-18,49880.3
ADB BANK,1782,31-Dec-18,27374.1
ADB BANK,1784,31-Dec-18,32399
ADB BANK,1786,31-Dec-18,37372.7
ADB BANK,1787,31-Dec-18,24574.8
ADB BANK,1801,31-Dec-18,42217
ADB BANK,1804,31-Dec-18,40818.7
ADB BANK,1805,31-Dec-18,26537.5
ADB BANK,1806,31-Dec-18,26600.2
ADB BANK,1809,31-Dec-18,29160.2
ADB BANK,1811,31-Dec-18,49511.8
ADB BANK,1815,31-Dec-18,40375.7
ADB BANK,1816,31-Dec-18,13765.7
ADB BANK,1822,31-Dec-18,29672.2
ADB BANK,1827,31-Dec-18,19489.3
ADB BANK,1829,31-Dec-18,26689.5
ADB BANK,1830,31-Dec-18,20222.9
ADB BANK,1834,31-Dec-18,66062.5
ADB BANK,1837,31-Dec-18,47462
ADB BANK,1843,31-Dec-18,23110.6
ADB BANK,1844,31-Dec-18,18631
ADB BANK,1851,31-Dec-18,20825.1
ADB BANK,1852,31-Dec-18,25792.4
ADB BANK,1861,31-Dec-18,38657.6
ADB BANK,1874,31-Dec-18,19548.6
ADB BANK,1887,31-Dec-18,33930.2
ADB BANK,1891,31-Dec-18,28114.9
ADB BANK,1892,31-Dec-18,19419.9
ADB BANK,1896,31-Dec-18,77616.6
ADB BANK,1898,31-Dec-18,37830.5
ADB BANK,1902,31-Dec-18,28426.8
ADB BANK,1909,31-Dec-18,19365
ADB BANK,1925,31-Dec-18,23648
ADB BANK,1926,31-Dec-18,25905.3
ADB BANK,1930,31-Dec-18,25419.7
ADB BANK,1931,31-Dec-18,18024.3
ADB BANK,1937,31-Dec-18,25041
ADB BANK,1941,31-Dec-18,22529.9
ADB BANK,1944,31-Dec-18,49644.3
ADB BANK,1952,31-Dec-18,24483.2
ADB BANK,1965,31-Dec-18,64281.3
ADB BANK,1966,31-Dec-18,65766.7
ADB BANK,1970,31-Dec-18,34642.1
ADB BANK,1972,31-Dec-18,29629.4
ADB BANK,1978,31-Dec-18,54365.3
ADB BANK,1979,31-Dec-18,19415.8
ADB BANK,1984,31-Dec-18,40636.5
ADB BANK,1990,31-Dec-18,18991.5
ADB BANK,1998,31-Dec-18,51620.3
ADB BANK,1999,31-Dec-18,69708.1
ADB BANK,2002,31-Dec-18,28450.7
ADB BANK,2008,31-Dec-18,29508.7
ADB BANK,2011,31-Dec-18,15250.3
ADB BANK,2020,31-Dec-18,22321.9
ADB BANK,2022,31-Dec-18,24762
ADB BANK,2023,31-Dec-18,42302.6
ADB BANK,2037,31-Dec-18,38742.8
ADB BANK,2038,31-Dec-18,35240
ADB BANK,2039,31-Dec-18,30864.1
ADB BANK,2050,31-Dec-18,33963.1
ADB BANK,2052,31-Dec-18,31041.4
ADB BANK,2056,31-Dec-18,23949.6
ADB BANK,2061,31-Dec-18,26816.9
ADB BANK,2063,31-Dec-18,6605.4
ADB BANK,2068,31-Dec-18,26434.6
ADB BANK,2070,31-Dec-18,28182.4
ADB BANK,2072,31-Dec-18,42562.4
ADB BANK,2078,31-Dec-18,58866.4
ADB BANK,2082,31-Dec-18,72273.1
ADB BANK,2087,31-Dec-18,75668.1
ADB BANK,2088,31-Dec-18,26607.7
ADB BANK,2099,31-Dec-18,42675.9
ADB BANK,2110,31-Dec-18,17619.6
ADB BANK,2122,31-Dec-18,83223.6
ADB BANK,2123,31-Dec-18,16583.3
ADB BANK,2124,31-Dec-18,38154.8
ADB BANK,2128,31-Dec-18,5940
ADB BANK,2132,31-Dec-18,68207.2
ADB BANK,2137,31-Dec-18,46416.9
ADB BANK,2140,31-Dec-18,20738.2
ADB BANK,2146,31-Dec-18,57299.7
ADB BANK,2150,31-Dec-18,14488.2
ADB BANK,2167,31-Dec-18,50775.5
ADB BANK,2175,31-Dec-18,39612.3
ADB BANK,2176,31-Dec-18,27128.8
ADB BANK,2177,31-Dec-18,25962.3
ADB BANK,2186,31-Dec-18,27761.8
ADB BANK,2189,31-Dec-18,43589.8
ADB BANK,2199,31-Dec-18,28829
ADB BANK,2201,31-Dec-18,9769
ADB BANK,2213,31-Dec-18,20959.7
ADB BANK,2216,31-Dec-18,73116.8
ADB BANK,2219,31-Dec-18,38948.8
ADB BANK,2220,31-Dec-18,23443.3
ADB BANK,2222,31-Dec-18,44584
ADB BANK,2241,31-Dec-18,31603
ADB BANK,2242,31-Dec-18,46297.5
ADB BANK,2245,31-Dec-18,38167.9
ADB BANK,2250,31-Dec-18,57419.2
ADB BANK,2253,31-Dec-18,27265.8
ADB BANK,2256,31-Dec-18,20027.2
ADB BANK,2269,31-Dec-18,33538.4
ADB BANK,2282,31-Dec-18,60459.2
ADB BANK,2293,31-Dec-18,34599.1
ADB BANK,2298,31-Dec-18,49509.9
ADB BANK,2302,31-Dec-18,50897.8
ADB BANK,2313,31-Dec-18,18435.4
ADB BANK,2318,31-Dec-18,58681.4
ADB BANK,2321,31-Dec-18,69612.6
ADB BANK,2327,31-Dec-18,30236
ADB BANK,2330,31-Dec-18,17705.9
ADB BANK,2336,31-Dec-18,30675.6
ADB BANK,2342,31-Dec-18,18979.7
ADB BANK,2345,31-Dec-18,35445.4
ADB BANK,2357,31-Dec-18,24177.6
ADB BANK,2378,31-Dec-18,62056.6
ADB BANK,2379,31-Dec-18,28211.9
ADB BANK,2388,31-Dec-18,16126.8
ADB BANK,2393,31-Dec-18,39601.9
ADB BANK,2396,31-Dec-18,22270.5
ADB BANK,2410,31-Dec-18,31885.2
ADB BANK,2411,31-Dec-18,46633.1
ADB BANK,2417,31-Dec-18,30170.7
ADB BANK,2419,31-Dec-18,34207.8
ADB BANK,2423,31-Dec-18,28483.5
ADB BANK,2425,31-Dec-18,23851.4
ADB BANK,2428,31-Dec-18,59489.5
ADB BANK,2429,31-Dec-18,42565.3
ADB BANK,2433,31-Dec-18,25392.2
ADB BANK,2434,31-Dec-18,20218.4
ADB BANK,2435,31-Dec-18,22035.4
ADB BANK,2436,31-Dec-18,29834.5
ADB BANK,2453,31-Dec-18,19461.8
ADB BANK,2457,31-Dec-18,18580.3
ADB BANK,2458,31-Dec-18,86597.2
ADB BANK,2460,31-Dec-18,19011.5
ADB BANK,2464,31-Dec-18,43791
ADB BANK,2467,31-Dec-18,41861.5
ADB BANK,2479,31-Dec-18,30872.1
ADB BANK,2484,31-Dec-18,33293.5
ADB BANK,2486,31-Dec-18,78670.8
ADB BANK,2488,31-Dec-18,15392.8
ADB BANK,2489,31-Dec-18,25752.3
ADB BANK,2493,31-Dec-18,28973.8
ADB BANK,2497,31-Dec-18,18724.5
ADB BANK,2503,31-Dec-18,27890.1
ADB BANK,2504,31-Dec-18,35449.6
ADB BANK,2508,31-Dec-18,21593.7
ADB BANK,2510,31-Dec-18,47160.4
ADB BANK,2513,31-Dec-18,25917.1
ADB BANK,2519,31-Dec-18,28119.3
ADB BANK,2523,31-Dec-18,24987
ADB BANK,2527,31-Dec-18,89088.1
ADB BANK,2528,31-Dec-18,22995.9
ADB BANK,2534,31-Dec-18,25367.3
ADB BANK,2542,31-Dec-18,32637.7
ADB BANK,2543,31-Dec-18,34158.8
ADB BANK,2549,31-Dec-18,12891.4
ADB BANK,2552,31-Dec-18,37033.3
ADB BANK,2554,31-Dec-18,46199.5
ADB BANK,2555,31-Dec-18,54410
ADB BANK,2557,31-Dec-18,13340.8
ADB BANK,2574,31-Dec-18,32942.4
ADB BANK,2576,31-Dec-18,57674.1
ADB BANK,2581,31-Dec-18,61662
ADB BANK,2582,31-Dec-18,58789
ADB BANK,2584,31-Dec-18,22812.9
ADB BANK,2585,31-Dec-18,59008
ADB BANK,2588,31-Dec-18,26592.7
ADB BANK,2592,31-Dec-18,38383.6
ADB BANK,2609,31-Dec-18,46784
ADB BANK,2613,31-Dec-18,15314.7
ADB BANK,2616,31-Dec-18,49990.7
ADB BANK,2618,31-Dec-18,27932.8
ADB BANK,2620,31-Dec-18,30641.2
ADB BANK,2623,31-Dec-18,25130.3
ADB BANK,2632,31-Dec-18,38726.9
ADB BANK,2639,31-Dec-18,46903.7
ADB BANK,2641,31-Dec-18,45904
ADB BANK,2645,31-Dec-18,33241.2
ADB BANK,2647,31-Dec-18,36563.9
ADB BANK,2648,31-Dec-18,24594.1
ADB BANK,2649,31-Dec-18,43046.8
ADB BANK,2651,31-Dec-18,29697.2
ADB BANK,2665,31-Dec-18,36323.8
ADB BANK,2666,31-Dec-18,18796.6
ADB BANK,2670,31-Dec-18,44670.3
ADB BANK,2671,31-Dec-18,25944.1
ADB BANK,2676,31-Dec-18,37131.3
ADB BANK,2687,31-Dec-18,25599.2
ADB BANK,2694,31-Dec-18,43190.4
ADB BANK,2695,31-Dec-18,43657.6
ADB BANK,2697,31-Dec-18,25045.8
ADB BANK,2700,31-Dec-18,34924.3
ADB BANK,2701,31-Dec-18,33783.3
ADB BANK,2705,31-Dec-18,23969.1
ADB BANK,2711,31-Dec-18,40244
ADB BANK,2712,31-Dec-18,31071.8
ADB BANK,2714,31-Dec-18,31239.1
ADB BANK,2732,31-Dec-18,65027.1
ADB BANK,2736,31-Dec-18,32366
ADB BANK,2738,31-Dec-18,24159.8
ADB BANK,2739,31-Dec-18,17928.7
ADB BANK,2741,31-Dec-18,82515.6
ADB BANK,2758,31-Dec-18,27331.5
ADB BANK,2762,31-Dec-18,79839.5
ADB BANK,2763,31-Dec-18,11258.7
ADB BANK,2771,31-Dec-18,45116.5
ADB BANK,2779,31-Dec-18,44100.2
ADB BANK,2802,31-Dec-18,25263.7
ADB BANK,2814,31-Dec-18,23436.8
ADB BANK,2817,31-Dec-18,55370.8
ADB BANK,2818,31-Dec-18,52023.1
ADB BANK,2823,31-Dec-18,18014.7
ADB BANK,2824,31-Dec-18,34853.2
ADB BANK,2838,31-Dec-18,83203.6
ADB BANK,2841,31-Dec-18,31455.6
ADB BANK,2859,31-Dec-18,24428.8
ADB BANK,2861,31-Dec-18,22502.9
ADB BANK,2862,31-Dec-18,70423.5
ADB BANK,2867,31-Dec-18,56222.1
ADB BANK,2876,31-Dec-18,40563
ADB BANK,2880,31-Dec-18,35022.8
ADB BANK,2881,31-Dec-18,27845.3
ADB BANK,2884,31-Dec-18,28738.3
ADB BANK,2894,31-Dec-18,56142.7
ADB BANK,2895,31-Dec-18,53384.8
ADB BANK,2896,31-Dec-18,15085.6
ADB BANK,2902,31-Dec-18,39724.8
ADB BANK,2907,31-Dec-18,20840
ADB BANK,2915,31-Dec-18,56290.7
ADB BANK,2925,31-Dec-18,28098.2
ADB BANK,2926,31-Dec-18,30528.6
ADB BANK,2932,31-Dec-18,43957
ADB BANK,2933,31-Dec-18,53864.4
ADB BANK,2938,31-Dec-18,21704.3
ADB BANK,2940,31-Dec-18,41122.4
ADB BANK,2951,31-Dec-18,47469.5
ADB BANK,2962,31-Dec-18,59559.1
ADB BANK,2970,31-Dec-18,36206.7
ADB BANK,2972,31-Dec-18,69054
ADB BANK,2974,31-Dec-18,32617.8
ADB BANK,2985,31-Dec-18,26993.9
ADB BANK,2987,31-Dec-18,47160.9
ADB BANK,2991,31-Dec-18,36297.3
ADB BANK,3000,31-Dec-18,28016
ADB BANK,3001,31-Dec-18,28669.9
ADB BANK,3007,31-Dec-18,44129.3
ADB BANK,3008,31-Dec-18,27099.9
ADB BANK,3011,31-Dec-18,13539.6
ADB BANK,3026,31-Dec-18,36375
ADB BANK,3032,31-Dec-18,27163.9
ADB BANK,3035,31-Dec-18,58922.9
ADB BANK,3042,31-Dec-18,41324.9
ADB BANK,3047,31-Dec-18,19829
ADB BANK,3050,31-Dec-18,57796.4
ADB BANK,3053,31-Dec-18,40233.8
ADB BANK,3063,31-Dec-18,17725
ADB BANK,3064,31-Dec-18,30146.8
ADB BANK,3068,31-Dec-18,24408.7
ADB BANK,3069,31-Dec-18,44916.8
ADB BANK,3072,31-Dec-18,68116.1
ADB BANK,3076,31-Dec-18,23133.9
ADB BANK,3078,31-Dec-18,16600
ADB BANK,3086,31-Dec-18,54761.5
ADB BANK,3087,31-Dec-18,3508.9
ADB BANK,3091,31-Dec-18,24119.9
ADB BANK,3096,31-Dec-18,43784.6
ADB BANK,3099,31-Dec-18,26083.9
ADB BANK,3108,31-Dec-18,18320.2
ADB BANK,3113,31-Dec-18,27611.3
ADB BANK,3117,31-Dec-18,22050.9
ADB BANK,3127,31-Dec-18,27748.6
ADB BANK,3129,31-Dec-18,6943.8
ADB BANK,3133,31-Dec-18,58117.4
ADB BANK,3136,31-Dec-18,51103.5
ADB BANK,3145,31-Dec-18,5929.3
ADB BANK,3146,31-Dec-18,19645.1
ADB BANK,3152,31-Dec-18,29273
ADB BANK,3157,31-Dec-18,25593.9
ADB BANK,3166,31-Dec-18,37729.1
ADB BANK,3168,31-Dec-18,25881.6
ADB BANK,3173,31-Dec-18,20151.3
ADB BANK,3181,31-Dec-18,26341.4
ADB BANK,3195,31-Dec-18,31535.4
ADB BANK,3210,31-Dec-18,69612.4
ADB BANK,3212,31-Dec-18,30004.9
ADB BANK,3213,31-Dec-18,16210.3
ADB BANK,3220,31-Dec-18,45877
ADB BANK,3221,31-Dec-18,22070.3
ADB BANK,3222,31-Dec-18,15230.9
ADB BANK,3223,31-Dec-18,26338.6
ADB BANK,3225,31-Dec-18,54257.7
ADB BANK,3237,31-Dec-18,55836.2
ADB BANK,3241,31-Dec-18,25374.2
ADB BANK,3246,31-Dec-18,26017.5
ADB BANK,3258,31-Dec-18,27490.9
ADB BANK,3260,31-Dec-18,49449.1
ADB BANK,3261,31-Dec-18,32920.2
ADB BANK,3267,31-Dec-18,32249.3
ADB BANK,3277,31-Dec-18,59958.8
ADB BANK,3283,31-Dec-18,35485.7
ADB BANK,3284,31-Dec-18,26871.9
ADB BANK,3287,31-Dec-18,51889
ADB BANK,3298,31-Dec-18,39168.9
ADB BANK,3302,31-Dec-18,27395.8
ADB BANK,3306,31-Dec-18,36533
ADB BANK,3309,31-Dec-18,23491.8
ADB BANK,3316,31-Dec-18,44417
ADB BANK,3319,31-Dec-18,27389.6
ADB BANK,3323,31-Dec-18,75590.1
ADB BANK,3327,31-Dec-18,31497.9
ADB BANK,3352,31-Dec-18,21301.8
ADB BANK,3354,31-Dec-18,32731.3
ADB BANK,3361,31-Dec-18,35353.7
ADB BANK,3367,31-Dec-18,46944
ADB BANK,3370,31-Dec-18,29148.5
ADB BANK,3371,31-Dec-18,60191.3
ADB BANK,3374,31-Dec-18,22404.5
ADB BANK,3380,31-Dec-18,10376.6
ADB BANK,3391,31-Dec-18,41836.6
ADB BANK,3407,31-Dec-18,30675.2
ADB BANK,3408,31-Dec-18,43548.2
ADB BANK,3413,31-Dec-18,31211
ADB BANK,3424,31-Dec-18,76566.8
ADB BANK,3435,31-Dec-18,21441.1
ADB BANK,3456,31-Dec-18,26175
ADB BANK,3465,31-Dec-18,33045.6
ADB BANK,3469,31-Dec-18,25281.5
ADB BANK,3480,31-Dec-18,49421.6
ADB BANK,3487,31-Dec-18,44810.6
ADB BANK,3493,31-Dec-18,15040
ADB BANK,3505,31-Dec-18,47297.6
ADB BANK,3510,31-Dec-18,25688.6
ADB BANK,3513,31-Dec-18,43472
ADB BANK,3514,31-Dec-18,18331.8
ADB BANK,3521,31-Dec-18,47893.9
ADB BANK,3535,31-Dec-18,10739.5
ADB BANK,3538,31-Dec-18,51483.8
ADB BANK,3542,31-Dec-18,18755.8
ADB BANK,3545,31-Dec-18,43119.9
ADB BANK,3547,31-Dec-18,17214.9
ADB BANK,3551,31-Dec-18,23284.9
ADB BANK,3554,31-Dec-18,21721.7
ADB BANK,3558,31-Dec-18,55539.2
ADB BANK,3566,31-Dec-18,30352.1
ADB BANK,3570,31-Dec-18,18739.5
ADB BANK,3571,31-Dec-18,16277.5
ADB BANK,3575,31-Dec-18,40492.9
ADB BANK,3580,31-Dec-18,39733.8
ADB BANK,3586,31-Dec-18,43194.5
ADB BANK,3592,31-Dec-18,20336.8
ADB BANK,3593,31-Dec-18,38749.9
ADB BANK,3600,31-Dec-18,24555.1
ADB BANK,3609,31-Dec-18,69538
ADB BANK,3613,31-Dec-18,33379.3
ADB BANK,3617,31-Dec-18,23759.7
ADB BANK,3618,31-Dec-18,37715.5
ADB BANK,3629,31-Dec-18,38486.2
ADB BANK,3640,31-Dec-18,13254
ADB BANK,3644,31-Dec-18,21057.8
ADB BANK,3649,31-Dec-18,45712.8
ADB BANK,3651,31-Dec-18,28026.3
ADB BANK,3654,31-Dec-18,42022.3
ADB BANK,3656,31-Dec-18,23418.8
ADB BANK,3660,31-Dec-18,12633.9
ADB BANK,3670,31-Dec-18,19158.1
ADB BANK,3674,31-Dec-18,10873.6
ADB BANK,3675,31-Dec-18,55208.7
ADB BANK,3678,31-Dec-18,22365.2
ADB BANK,3682,31-Dec-18,30003.8
ADB BANK,3683,31-Dec-18,51584.9
ADB BANK,3687,31-Dec-18,37418.2
ADB BANK,3688,31-Dec-18,44625.9
ADB BANK,3691,31-Dec-18,26396
ADB BANK,3693,31-Dec-18,32870.3
ADB BANK,3697,31-Dec-18,36985.3
ADB BANK,3699,31-Dec-18,56765.6
ADB BANK,3704,31-Dec-18,29787.3
ADB BANK,3713,31-Dec-18,51162.3
ADB BANK,3720,31-Dec-18,24894.9
ADB BANK,3734,31-Dec-18,31702.2
ADB BANK,3738,31-Dec-18,49433.7
ADB BANK,3745,31-Dec-18,68827.5
ADB BANK,3748,31-Dec-18,16692.3
ADB BANK,3751,31-Dec-18,46035.3
ADB BANK,3760,31-Dec-18,24033
ADB BANK,3771,31-Dec-18,33364.4
ADB BANK,3775,31-Dec-18,28049.7
ADB BANK,3778,31-Dec-18,71554.7
ADB BANK,3781,31-Dec-18,46134.2
ADB BANK,3785,31-Dec-18,48231.3
ADB BANK,3786,31-Dec-18,51800.1
ADB BANK,3787,31-Dec-18,45761.8
ADB BANK,3788,31-Dec-18,29418.4
ADB BANK,3792,31-Dec-18,25747.8
ADB BANK,3796,31-Dec-18,35918.3
ADB BANK,3808,31-Dec-18,61509.9
ADB BANK,3818,31-Dec-18,37758.2
ADB BANK,3820,31-Dec-18,21373.6
ADB BANK,3822,31-Dec-18,43398.5
ADB BANK,3834,31-Dec-18,27771.4
ADB BANK,3835,31-Dec-18,42508.4
ADB BANK,3837,31-Dec-18,39586.3
ADB BANK,3844,31-Dec-18,18354.9
ADB BANK,3850,31-Dec-18,68261.3
ADB BANK,3863,31-Dec-18,36926.6
ADB BANK,3871,31-Dec-18,30252.8
ADB BANK,3882,31-Dec-18,25901.3
ADB BANK,3883,31-Dec-18,37493.5
ADB BANK,3891,31-Dec-18,42890.5
ADB BANK,3909,31-Dec-18,67734.5
ADB BANK,3915,31-Dec-18,42885.4
ADB BANK,3918,31-Dec-18,14662.3
ADB BANK,3920,31-Dec-18,31740.1
ADB BANK,3923,31-Dec-18,38367.5
ADB BANK,3927,31-Dec-18,23159.2
ADB BANK,3935,31-Dec-18,25197.2
ADB BANK,3938,31-Dec-18,29811
ADB BANK,3939,31-Dec-18,31980.3
ADB BANK,3948,31-Dec-18,25408.4
ADB BANK,3954,31-Dec-18,24149.1
ADB BANK,3955,31-Dec-18,28170.9
ADB BANK,3960,31-Dec-18,24132.5
ADB BANK,3965,31-Dec-18,20009
ADB BANK,3969,31-Dec-18,40199.3
ADB BANK,3972,31-Dec-18,37264.2
ADB BANK,3980,31-Dec-18,30577.6
ADB BANK,3982,31-Dec-18,13636.5
ADB BANK,3983,31-Dec-18,59267.4
ADB BANK,3999,31-Dec-18,37777.3
ADB BANK,4000,31-Dec-18,29564.2
ADB BANK,4013,31-Dec-18,26997.8
ADB BANK,4034,31-Dec-18,25879.6
ADB BANK,4035,31-Dec-18,57845.8
ADB BANK,4055,31-Dec-18,50651.5
ADB BANK,4078,31-Dec-18,53873.6
ADB BANK,4079,31-Dec-18,67927.9
ADB BANK,4093,31-Dec-18,25774.9
ADB BANK,4119,31-Dec-18,17591.8
ADB BANK,4134,31-Dec-18,28653.1
ADB BANK,4159,31-Dec-18,33422.1
ADB BANK,4171,31-Dec-18,27209.3
ADB BANK,4173,31-Dec-18,21484.1
ADB BANK,4225,31-Dec-18,50080.2
ADB BANK,4237,31-Dec-18,30096.1
ADB BANK,4240,31-Dec-18,92841.6
ADB BANK,4254,31-Dec-18,35600.3
ADB BANK,4255,31-Dec-18,81015.5
ADB BANK,4260,31-Dec-18,46057.8
ADB BANK,4264,31-Dec-18,32554.7
ADB BANK,4287,31-Dec-18,26062.1
ADB BANK,4296,31-Dec-18,43622.1
ADB BANK,4318,31-Dec-18,54112.3
ADB BANK,4321,31-Dec-18,44897.1
ADB BANK,4337,31-Dec-18,20419.8
ADB BANK,4343,31-Dec-18,26643.8
ADB BANK,4347,31-Dec-18,28597.7
ADB BANK,4350,31-Dec-18,43307.4
ADB BANK,4352,31-Dec-18,80396.3
ADB BANK,4355,31-Dec-18,27589.2
ADB BANK,4377,31-Dec-18,25186.6
ADB BANK,4385,31-Dec-18,12915.6
ADB BANK,4414,31-Dec-18,31820.1
ADB BANK,4427,31-Dec-18,29540.6
ADB BANK,4437,31-Dec-18,25287.4
ADB BANK,4448,31-Dec-18,46983.8
ADB BANK,4463,31-Dec-18,40187.9
ADB BANK,4470,31-Dec-18,95307.4
ADB BANK,4478,31-Dec-18,55855.9
ADB BANK,4484,31-Dec-18,55428
ADB BANK,4511,31-Dec-18,29313.9
ADB BANK,4526,31-Dec-18,22719.2
ADB BANK,4543,31-Dec-18,28042.3
ADB BANK,4576,31-Dec-18,41906.9
ADB BANK,4596,31-Dec-18,44178.7
ADB BANK,4659,31-Dec-18,64550.9
ADB BANK,4743,31-Dec-18,78337.7
ADB BANK,4894,31-Dec-18,45999
ADB BANK,4937,31-Dec-18,35888.7
ADB BANK,5011,31-Dec-18,40961.8
ADB BANK,5065,31-Dec-18,66212.9
ADB BANK,5120,31-Dec-18,87483.1
ADB BANK,5129,31-Dec-18,82654.4
ADB BANK,5215,31-Dec-18,37000.5
ADB BANK,5228,31-Dec-18,55223
ADB BANK,5270,31-Dec-18,74638.6
ADB BANK,5313,31-Dec-18,16864.9
ADB BANK,5343,31-Dec-18,48188.4
ADB BANK,5366,31-Dec-18,113276.5
ADB BANK,5369,31-Dec-18,31650.2
ADB BANK,5372,31-Dec-18,38185.6
ADB BANK,5385,31-Dec-18,23995.4
ADB BANK,5387,31-Dec-18,40351.8
ADB BANK,5423,31-Dec-18,23637.3
ADB BANK,5428,31-Dec-18,62007.1
ADB BANK,5442,31-Dec-18,22314.2
ADB BANK,5472,31-Dec-18,26483.2
ADB BANK,5481,31-Dec-18,38667.8
ADB BANK,5483,31-Dec-18,40123
ADB BANK,5546,31-Dec-18,36889.9
ADB BANK,5622,31-Dec-18,77645.9
ADB BANK,5700,31-Dec-18,32948
ADB BANK,5740,31-Dec-18,43702.6
ADB BANK,5767,31-Dec-18,32019.9
ADB BANK,5868,31-Dec-18,24346.3
ADB BANK,5891,31-Dec-18,52144.5
ADB BANK,5927,31-Dec-18,20789.5
ADB BANK,5952,31-Dec-18,107784.1
ADB BANK,5984,31-Dec-18,44676.2
ADB BANK,5991,31-Dec-18,25109.1
ADB BANK,6030,31-Dec-18,46537.4
ADB BANK,6034,31-Dec-18,78936
ADB BANK,6040,31-Dec-18,42669.1
ADB BANK,6051,31-Dec-18,26926.5
ADB BANK,6226,31-Dec-18,45248.4
ADB BANK,6273,31-Dec-18,28360.5
ADB BANK,6281,31-Dec-18,33679.7
ADB BANK,6353,31-Dec-18,30158.8
ADB BANK,6363,31-Dec-18,40113.9
ADB BANK,6425,31-Dec-18,24065.2
ADB BANK,6473,31-Dec-18,48982.8
ADB BANK,6555,31-Dec-18,47558
ADB BANK,6701,31-Dec-18,18214.6
ADB BANK,6715,31-Dec-18,38869.4
ADB BANK,6806,31-Dec-18,31259.2
ADB BANK,6897,31-Dec-18,101509.9
ADB BANK,6930,31-Dec-18,80155.2
ADB BANK,7011,31-Dec-18,87633.4
ADB BANK,7123,31-Dec-18,71529.1
ADB BANK,7133,31-Dec-18,29137.4
ADB BANK,7190,31-Dec-18,39041.8
ADB BANK,7203,31-Dec-18,23664.7
ADB BANK,7231,31-Dec-18,87033.7
ADB BANK,7401,31-Dec-18,28763.7
ADB BANK,7445,31-Dec-18,44801.2
ADB BANK,7449,31-Dec-18,15911
ADB BANK,7454,31-Dec-18,23382.9
ADB BANK,7485,31-Dec-18,40929.2
ADB BANK,7607,31-Dec-18,56122.8
ADB BANK,7753,31-Dec-18,64682.7
ADB BANK,7769,31-Dec-18,56805
ADB BANK,7774,31-Dec-18,82845.5
ADB BANK,7819,31-Dec-18,31936
ADB BANK,7844,31-Dec-18,36435.3
ADB BANK,7857,31-Dec-18,68588
ADB BANK,8027,31-Dec-18,42665.9
ADB BANK,8041,31-Dec-18,31139
ADB BANK,8051,31-Dec-18,61210.6
ADB BANK,8073,31-Dec-18,79068.2
ADB BANK,8129,31-Dec-18,44773.2
ADB BANK,8132,31-Dec-18,21655.3
ADB BANK,8173,31-Dec-18,69137.6
ADB BANK,8212,31-Dec-18,45624.8
ADB BANK,8260,31-Dec-18,56678.8
ADB BANK,8261,31-Dec-18,39282.1
ADB BANK,8321,31-Dec-18,36428.7
ADB BANK,8330,31-Dec-18,46393.2
ADB BANK,8475,31-Dec-18,26975
ADB BANK,8489,31-Dec-18,42078.7
ADB BANK,8519,31-Dec-18,53542.7
ADB BANK,8564,31-Dec-18,104311.8
ADB BANK,8566,31-Dec-18,34974.9
ADB BANK,8625,31-Dec-18,59565.2
ADB BANK,8759,31-Dec-18,68479.5
ADB BANK,8934,31-Dec-18,52889.3
ADB BANK,8957,31-Dec-18,66883.6
ADB BANK,8982,31-Dec-18,42626.7
ADB BANK,9034,31-Dec-18,30386.5
ADB BANK,9041,31-Dec-18,44375.8
ADB BANK,9093,31-Dec-18,35877
ADB BANK,9188,31-Dec-18,31253.6
ADB BANK,9203,31-Dec-18,19683.1
ADB BANK,9236,31-Dec-18,37468.7
ADB BANK,9265,31-Dec-18,21460.4
ADB BANK,9307,31-Dec-18,19850.8
ADB BANK,9337,31-Dec-18,54785.2
ADB BANK,9403,31-Dec-18,29402.2
ADB BANK,9472,31-Dec-18,23534.8
ADB BANK,9591,31-Dec-18,21599.7
ADB BANK,9635,31-Dec-18,11209
ADB BANK,9640,31-Dec-18,44694.3
ADB BANK,9656,31-Dec-18,23395.6
ADB BANK,9703,31-Dec-18,63438.6
ADB BANK,9707,31-Dec-18,36555
ADB BANK,9828,31-Dec-18,49816.1
ADB BANK,9833,31-Dec-18,29422.3
ADB BANK,9869,31-Dec-18,49103.2
ADB BANK,9883,31-Dec-18,23402.7
ADB BANK,10079,31-Dec-18,65543.8
ADB BANK,10105,31-Dec-18,50830
ADB BANK,10131,31-Dec-18,39404.6
ADB BANK,10227,31-Dec-18,41589.3
ADB BANK,10266,31-Dec-18,34216.8
ADB BANK,10320,31-Dec-18,61789.6
ADB BANK,10364,31-Dec-18,34582.7
ADB BANK,10439,31-Dec-18,40594.9
ADB BANK,10440,31-Dec-18,31529.7
ADB BANK,10451,31-Dec-18,42217.4
ADB BANK,10656,31-Dec-18,68535.6
ADB BANK,10670,31-Dec-18,70017.1
ADB BANK,10738,31-Dec-18,30964.4
ADB BANK,10788,31-Dec-18,21517.8
ADB BANK,10904,31-Dec-18,15555
ADB BANK,10906,31-Dec-18,56281.3
ADB BANK,10911,31-Dec-18,39872.6
ADB BANK,10940,31-Dec-18,49502.4
ADB BANK,10973,31-Dec-18,122097.7
ADB BANK,11013,31-Dec-18,41836.2
ADB BANK,11021,31-Dec-18,32696.9
ADB BANK,11065,31-Dec-18,37628.2
ADB BANK,11111,31-Dec-18,26171.9
ADB BANK,11135,31-Dec-18,36777
ADB BANK,11265,31-Dec-18,20145.5
ADB BANK,11295,31-Dec-18,36047.6
ADB BANK,11320,31-Dec-18,42017.8
PPF Bank,68,14-Dec-22,111161.8
PPF Bank,163,14-Dec-22,40023.5
PPF Bank,187,14-Dec-22,26124.7
PPF Bank,366,14-Dec-22,41505.2
PPF Bank,465,14-Dec-22,20515.7
PPF Bank,496,14-Dec-22,36661.8
PPF Bank,715,14-Dec-22,35110.2
PPF Bank,745,14-Dec-22,25319.4
PPF Bank,788,14-Dec-22,31287.9
PPF Bank,841,14-Dec-22,43007.7
PPF Bank,845,14-Dec-22,76981.6
PPF Bank,854,14-Dec-22,47003.8
PPF Bank,930,14-Dec-22,53404.8
PPF Bank,937,14-Dec-22,31714.8
PPF Bank,995,14-Dec-22,30252.4
PPF Bank,1213,14-Dec-22,27085.6
PPF Bank,1241,14-Dec-22,14673.5
PPF Bank,1384,14-Dec-22,114021.4
PPF Bank,1402,14-Dec-22,25788.8
PPF Bank,1440,14-Dec-22,21545
PPF Bank,1487,14-Dec-22,28917.1
PPF Bank,1495,14-Dec-22,24163.3
PPF Bank,1540,14-Dec-22,100836.5
PPF Bank,1611,14-Dec-22,65114.4
PPF Bank,1708,14-Dec-22,29713.6
PPF Bank,1794,14-Dec-22,20482.7
PPF Bank,1821,14-Dec-22,30529.7
PPF Bank,1876,14-Dec-22,58177.8
PPF Bank,1937,14-Dec-22,19939.1
PPF Bank,2106,14-Dec-22,27739.8
PPF Bank,2220,14-Dec-22,16267.8
PPF Bank,2237,14-Dec-22,61672.3
PPF Bank,2350,14-Dec-22,28635.1
PPF Bank,2353,14-Dec-22,74737.5
PPF Bank,2466,14-Dec-22,76292.5
PPF Bank,2747,14-Dec-22,36933.6
PPF Bank,2816,14-Dec-22,57157.7
PPF Bank,2885,14-Dec-22,96398.3
PPF Bank,2906,14-Dec-22,13667.1
PPF Bank,2977,14-Dec-22,83863.3
PPF Bank,3059,14-Dec-22,48078.9
PPF Bank,3079,14-Dec-22,22610.7
PPF Bank,3094,14-Dec-22,46799.4
PPF Bank,3160,14-Dec-22,96704.4
PPF Bank,3227,14-Dec-22,94306.8
PPF Bank,3252,14-Dec-22,29882.5
PPF Bank,3316,14-Dec-22,38816.2
PPF Bank,3317,14-Dec-22,20020.5
PPF Bank,3336,14-Dec-22,16933.9
PPF Bank,3389,14-Dec-22,81935.9
PPF Bank,3390,14-Dec-22,51138.9
PPF Bank,3467,14-Dec-22,73905
PPF Bank,3522,14-Dec-22,23165.8
PPF Bank,3575,14-Dec-22,30441.3
PPF Bank,3579,14-Dec-22,78955.5
PPF Bank,3714,14-Dec-22,71538.9
PPF Bank,3720,14-Dec-22,64738.2
PPF Bank,3752,14-Dec-22,90687.7
PPF Bank,3855,14-Dec-22,43378.9
PPF Bank,3956,14-Dec-22,68583.8
PPF Bank,4099,14-Dec-22,55346.1
PPF Bank,5270,14-Dec-22,124982
PPF Bank,5283,14-Dec-22,141461.5
PPF Bank,8039,14-Dec-22,76111.2
PPF Bank,8073,14-Dec-22,89767.7
PPF Bank,8261,14-Dec-22,68180.5
PPF Bank,9494,14-Dec-22,37534.1
PPF Bank,11013,14-Dec-22,92338.6
Trinity Bank,20,14-Dec-22,19623.4
Trinity Bank,72,14-Dec-22,42669.2
Trinity Bank,213,14-Dec-22,37248.7
Trinity Bank,279,14-Dec-22,30816.8
Trinity Bank,401,14-Dec-22,37608.2
Trinity Bank,407,14-Dec-22,38778.2
Trinity Bank,497,14-Dec-22,46429.8
Trinity Bank,702,14-Dec-22,17050.8
Trinity Bank,810,14-Dec-22,31041.5
Trinity Bank,887,14-Dec-22,17928.1
Trinity Bank,913,14-Dec-22,47274.1
Trinity Bank,928,14-Dec-22,73670.7
Trinity Bank,1161,14-Dec-22,49282.6
Trinity Bank,1166,14-Dec-22,42481.8
Trinity Bank,1214,14-Dec-22,52133.7
Trinity Bank,1287,14-Dec-22,61507.8
Trinity Bank,1296,14-Dec-22,35637.5
Trinity Bank,1465,14-Dec-22,34532.8
Trinity Bank,1608,14-Dec-22,21756.5
Trinity Bank,1812,14-Dec-22,18271.4
Trinity Bank,1836,14-Dec-22,49881.7
Trinity Bank,2062,14-Dec-22,97552.6
Trinity Bank,2190,14-Dec-22,81158.6
Trinity Bank,2201,14-Dec-22,17185.8
Trinity Bank,2322,14-Dec-22,16941.3
Trinity Bank,2332,14-Dec-22,66415.9
Trinity Bank,2456,14-Dec-22,71136.2
Trinity Bank,2465,14-Dec-22,16520.4
Trinity Bank,2524,14-Dec-22,25662.1
Trinity Bank,2582,14-Dec-22,71336
Trinity Bank,2687,14-Dec-22,29938.1
Trinity Bank,2866,14-Dec-22,36524.8
Trinity Bank,2920,14-Dec-22,36444.1
Trinity Bank,3049,14-Dec-22,66786.8
Trinity Bank,3107,14-Dec-22,100634
Trinity Bank,3157,14-Dec-22,45916.9
Trinity Bank,3212,14-Dec-22,62359
Trinity Bank,3486,14-Dec-22,46784.8
Trinity Bank,3568,14-Dec-22,16693.8
Trinity Bank,3572,14-Dec-22,36110.7
Trinity Bank,3582,14-Dec-22,17749.3
Trinity Bank,3730,14-Dec-22,61195.7
Trinity Bank,3736,14-Dec-22,33316.3
Trinity Bank,3782,14-Dec-22,84650.6
Trinity Bank,3906,14-Dec-22,98482.2
Trinity Bank,3944,14-Dec-22,58312.8
Trinity Bank,4467,14-Dec-22,44364.2
Trinity Bank,5033,14-Dec-22,45918
Trinity Bank,5072,14-Dec-22,77555.1
Trinity Bank,5164,14-Dec-22,18122.4
Trinity Bank,5622,14-Dec-22,72877.7
Trinity Bank,7546,14-Dec-22,17022
Trinity Bank,8742,14-Dec-22,30604.9
Trinity Bank,9263,14-Dec-22,43250.4
Trinity Bank,9422,14-Dec-22,92252.6
Trinity Bank,11054,14-Dec-22,52836.8
Trinity Bank,11244,14-Dec-22,18947.2
UniCredit Bank,258,14-Dec-22,28282.9
UniCredit Bank,372,14-Dec-22,40697.9
UniCredit Bank,569,14-Dec-22,21313.1
UniCredit Bank,640,14-Dec-22,36017.9
UniCredit Bank,729,14-Dec-22,24991
UniCredit Bank,786,14-Dec-22,83140.8
UniCredit Bank,914,14-Dec-22,27452.9
UniCredit Bank,953,14-Dec-22,26188.1
UniCredit Bank,981,14-Dec-22,107124.1
UniCredit Bank,1005,14-Dec-22,114761.8
UniCredit Bank,1485,14-Dec-22,113389.4
UniCredit Bank,1486,14-Dec-22,65123.2
UniCredit Bank,1847,14-Dec-22,57135.2
UniCredit Bank,1860,14-Dec-22,20916.3
UniCredit Bank,2022,14-Dec-22,46282.9
UniCredit Bank,2172,14-Dec-22,28668.7
UniCredit Bank,2185,14-Dec-22,30103.8
UniCredit Bank,2216,14-Dec-22,90206.4
UniCredit Bank,2276,14-Dec-22,51961.2
UniCredit Bank,2292,14-Dec-22,20024.6
UniCredit Bank,2325,14-Dec-22,35745.8
UniCredit Bank,2352,14-Dec-22,63748.3
UniCredit Bank,2550,14-Dec-22,95800.8
UniCredit Bank,2654,14-Dec-22,18086.9
UniCredit Bank,2701,14-Dec-22,54600.6
UniCredit Bank,2715,14-Dec-22,24316.5
UniCredit Bank,2719,14-Dec-22,17998.1
UniCredit Bank,2842,14-Dec-22,24996.5
UniCredit Bank,2965,14-Dec-22,26135.6
UniCredit Bank,3046,14-Dec-22,13462.4
UniCredit Bank,3076,14-Dec-22,28248.8
UniCredit Bank,3085,14-Dec-22,35464.1
UniCredit Bank,3349,14-Dec-22,39195.7
UniCredit Bank,3836,14-Dec-22,72706.7
UniCredit Bank,3890,14-Dec-22,50372.1
UniCredit Bank,3935,14-Dec-22,50490.6
UniCredit Bank,4794,14-Dec-22,6017.6
UniCredit Bank,4999,14-Dec-22,76210.2
UniCredit Bank,7465,14-Dec-22,15913.9
UniCredit Bank,8926,14-Dec-22,41193.9
UniCredit Bank,10652,14-Dec-22,50953.4
UniCredit Bank,11359,14-Dec-22,78817.8
Air Bank,127,14-Dec-22,18043.5
Air Bank,143,14-Dec-22,23331.1
Air Bank,148,14-Dec-22,27098.4
Air Bank,619,14-Dec-22,38200
Air Bank,628,14-Dec-22,33235.7
Air Bank,746,14-Dec-22,35760.3
Air Bank,826,14-Dec-22,29830.5
Air Bank,874,14-Dec-22,41885.2
Air Bank,921,14-Dec-22,25160.7
Air Bank,968,14-Dec-22,33995.5
Air Bank,972,14-Dec-22,20320.1
Air Bank,973,14-Dec-22,26921.7
Air Bank,990,14-Dec-22,89967
Air Bank,1031,14-Dec-22,53800.9
Air Bank,1083,14-Dec-22,23621
Air Bank,1123,14-Dec-22,31962.5
Air Bank,1135,14-Dec-22,46710.6
Air Bank,1136,14-Dec-22,80776.7
Air Bank,1173,14-Dec-22,9578.7
Air Bank,1181,14-Dec-22,17177.1
Air Bank,1183,14-Dec-22,19525.2
Air Bank,1270,14-Dec-22,27868.3
Air Bank,1306,14-Dec-22,39180.5
Air Bank,1319,14-Dec-22,38989.8
Air Bank,1342,14-Dec-22,36984.1
Air Bank,1399,14-Dec-22,37051
Air Bank,1444,14-Dec-22,59155.8
Air Bank,1560,14-Dec-22,45744
Air Bank,1803,14-Dec-22,75813.8
Air Bank,1959,14-Dec-22,32129
Air Bank,2281,14-Dec-22,30465.2
Air Bank,2353,14-Dec-22,82469.5
Air Bank,2489,14-Dec-22,31995.6
Air Bank,2627,14-Dec-22,23660.9
Air Bank,2689,14-Dec-22,70931.6
Air Bank,2789,14-Dec-22,88613.8
Air Bank,2967,14-Dec-22,31417.6
Air Bank,2968,14-Dec-22,78076.8
Air Bank,3023,14-Dec-22,30389.4
Air Bank,3039,14-Dec-22,77919.6
Air Bank,3068,14-Dec-22,38230.5
Air Bank,3203,14-Dec-22,12973.5
Air Bank,3236,14-Dec-22,20056.6
Air Bank,3373,14-Dec-22,41530.4
Air Bank,3471,14-Dec-22,85472.5
Air Bank,3491,14-Dec-22,42078.2
Air Bank,3847,14-Dec-22,67469.6
Air Bank,3947,14-Dec-22,28051.2
Air Bank,3995,14-Dec-22,64530.9
Air Bank,5283,14-Dec-22,79812.5
Air Bank,5385,14-Dec-22,36065.6
Air Bank,5724,14-Dec-22,70505.9
Air Bank,5952,14-Dec-22,72040.9
Air Bank,6856,14-Dec-22,29232.9
Air Bank,8158,14-Dec-22,81192.1
Air Bank,9030,14-Dec-22,57828.1
Air Bank,9236,14-Dec-22,108501.1
Air Bank,10663,14-Dec-22,37802.7
Bank Creditas,88,14-Dec-22,24598.5
Bank Creditas,160,14-Dec-22,50565.1
Bank Creditas,229,14-Dec-22,24116.1
Bank Creditas,230,14-Dec-22,11761.3
Bank Creditas,397,14-Dec-22,129547.9
Bank Creditas,443,14-Dec-22,24090.3
Bank Creditas,494,14-Dec-22,53882.9
Bank Creditas,623,14-Dec-22,16598.6
Bank Creditas,665,14-Dec-22,94372
Bank Creditas,801,14-Dec-22,20409.9
Bank Creditas,861,14-Dec-22,42349.3
Bank Creditas,894,14-Dec-22,20625.6
Bank Creditas,959,14-Dec-22,24296.4
Bank Creditas,1020,14-Dec-22,19672.7
Bank Creditas,1108,14-Dec-22,57392.7
Bank Creditas,1161,14-Dec-22,45335.6
Bank Creditas,1189,14-Dec-22,31890.9
Bank Creditas,1268,14-Dec-22,35123.2
Bank Creditas,1394,14-Dec-22,66619.7
Bank Creditas,1407,14-Dec-22,95243.1
Bank Creditas,1453,14-Dec-22,39790
Bank Creditas,1587,14-Dec-22,49446.8
Bank Creditas,1615,14-Dec-22,18289.9
Bank Creditas,1672,14-Dec-22,52169.8
Bank Creditas,1727,14-Dec-22,43299.3
Bank Creditas,1767,14-Dec-22,73784.4
Bank Creditas,1784,14-Dec-22,35023.1
Bank Creditas,1791,14-Dec-22,35325.5
Bank Creditas,1810,14-Dec-22,42494.6
Bank Creditas,2186,14-Dec-22,29173.3
Bank Creditas,2201,14-Dec-22,17533.8
Bank Creditas,2442,14-Dec-22,17273.2
Bank Creditas,2507,14-Dec-22,28653.3
Bank Creditas,2541,14-Dec-22,71130.5
Bank Creditas,2613,14-Dec-22,21300.9
Bank Creditas,2645,14-Dec-22,36265.9
Bank Creditas,2654,14-Dec-22,21947.9
Bank Creditas,2663,14-Dec-22,33870
Bank Creditas,2743,14-Dec-22,23313.5
Bank Creditas,2890,14-Dec-22,44015.5
Bank Creditas,2891,14-Dec-22,30971.4
Bank Creditas,2985,14-Dec-22,20878.4
Bank Creditas,3027,14-Dec-22,24110.6
Bank Creditas,3069,14-Dec-22,108329.2
Bank Creditas,3105,14-Dec-22,21825.7
Bank Creditas,3132,14-Dec-22,31064.1
Bank Creditas,3147,14-Dec-22,72025.6
Bank Creditas,3148,14-Dec-22,29284.4
Bank Creditas,3300,14-Dec-22,103300.9
Bank Creditas,3324,14-Dec-22,57007.1
Bank Creditas,3412,14-Dec-22,18213.6
Bank Creditas,3452,14-Dec-22,27265.4
Bank Creditas,3653,14-Dec-22,81263.2
Bank Creditas,3692,14-Dec-22,28762.8
Bank Creditas,3732,14-Dec-22,28910.8
Bank Creditas,3856,14-Dec-22,17739.4
Bank Creditas,3993,14-Dec-22,81815.7
Bank Creditas,6706,14-Dec-22,45966.1
Bank Creditas,8919,14-Dec-22,22174.8
Bank Creditas,8926,14-Dec-22,42335.9
Czech export bank,124,14-Dec-22,14349.3
Czech export bank,152,14-Dec-22,18562.4
Czech export bank,249,14-Dec-22,39789.3
Czech export bank,324,14-Dec-22,38602.5
Czech export bank,370,14-Dec-22,20754.3
Czech export bank,403,14-Dec-22,78730.6
Czech export bank,461,14-Dec-22,75414.3
Czech export bank,559,14-Dec-22,26682.2
Czech export bank,615,14-Dec-22,25182.2
Czech export bank,679,14-Dec-22,61978.5
Czech export bank,686,14-Dec-22,26635.9
Czech export bank,703,14-Dec-22,35145.3
Czech export bank,865,14-Dec-22,20996.2
Czech export bank,934,14-Dec-22,34624.2
Czech export bank,1097,14-Dec-22,96930.4
Czech export bank,1253,14-Dec-22,70847.5
Czech export bank,1724,14-Dec-22,21212.9
Czech export bank,1889,14-Dec-22,41957
Czech export bank,1991,14-Dec-22,90624
Czech export bank,1997,14-Dec-22,24476.7
Czech export bank,2019,14-Dec-22,17681.2
Czech export bank,2075,14-Dec-22,20041.8
Czech export bank,2076,14-Dec-22,17130.4
Czech export bank,2110,14-Dec-22,19138.7
Czech export bank,2133,14-Dec-22,19315.4
Czech export bank,2355,14-Dec-22,101884.9
Czech export bank,2371,14-Dec-22,31264.6
Czech export bank,2417,14-Dec-22,20511.8
Czech export bank,2523,14-Dec-22,27889.5
Czech export bank,2595,14-Dec-22,34040
Czech export bank,2767,14-Dec-22,80486.8
Czech export bank,2778,14-Dec-22,27626.3
Czech export bank,2946,14-Dec-22,15655.9
Czech export bank,2998,14-Dec-22,47170.9
Czech export bank,3035,14-Dec-22,92925.6
Czech export bank,3082,14-Dec-22,22602.3
Czech export bank,3117,14-Dec-22,19831.1
Czech export bank,3244,14-Dec-22,17935.4
Czech export bank,3296,14-Dec-22,119399
Czech export bank,3360,14-Dec-22,59569.2
Czech export bank,3363,14-Dec-22,23292.1
Czech export bank,3372,14-Dec-22,90928.1
Czech export bank,3894,14-Dec-22,53417.4
Czech export bank,3922,14-Dec-22,15858.2
Czech export bank,3941,14-Dec-22,20783.6
Czech export bank,4255,14-Dec-22,118231.4
Czech export bank,4330,14-Dec-22,84138.1
Czech export bank,4361,14-Dec-22,150627.4
Czech export bank,4386,14-Dec-22,37612.8
Czech export bank,4434,14-Dec-22,68868.5
Czech export bank,4514,14-Dec-22,104537.1
Czech export bank,4863,14-Dec-22,80193.2
Czech export bank,5001,14-Dec-22,15931.8
Czech export bank,5066,14-Dec-22,11233.7
Czech export bank,6400,14-Dec-22,13312.5
Czech export bank,6688,14-Dec-22,49769.1
Czech export bank,7181,14-Dec-22,35235.5
Czech export bank,8158,14-Dec-22,79044.1
Czech export bank,10884,14-Dec-22,88137.4
Kameron bank,1209,14-Dec-22,20495.3
Kameron bank,1218,14-Dec-22,74448.8
Kameron bank,1437,14-Dec-22,23184.4
Kameron bank,1513,14-Dec-22,82528.2
Kameron bank,1616,14-Dec-22,27408.6
Kameron bank,1796,14-Dec-22,53381.4
Kameron bank,1803,14-Dec-22,76642.8
Kameron bank,1988,14-Dec-22,31124.3
Kameron bank,2159,14-Dec-22,73662.3
Kameron bank,2317,14-Dec-22,25170.2
Kameron bank,2475,14-Dec-22,23814.7
Kameron bank,2479,14-Dec-22,15777.2
Kameron bank,2498,14-Dec-22,43315.8
Kameron bank,2520,14-Dec-22,21126.6
Kameron bank,2589,14-Dec-22,14621.2
Kameron bank,2649,14-Dec-22,68126.7
Kameron bank,2687,14-Dec-22,33768.1
Kameron bank,2755,14-Dec-22,16646.9
Kameron bank,2768,14-Dec-22,44802.6
Kameron bank,2964,14-Dec-22,27155.8
Kameron bank,3075,14-Dec-22,28094.3
Kameron bank,3192,14-Dec-22,61026
Kameron bank,3260,14-Dec-22,39811.1
Kameron bank,3320,14-Dec-22,21899.6
Kameron bank,3330,14-Dec-22,93302.8
Kameron bank,3493,14-Dec-22,40725.2
Kameron bank,3544,14-Dec-22,26701.8
Kameron bank,3608,14-Dec-22,38877.6
Kameron bank,3867,14-Dec-22,32721.4
Kameron bank,3916,14-Dec-22,14841.4
Kameron bank,3946,14-Dec-22,39254.9
Kameron bank,4099,14-Dec-22,53420.1
Kameron bank,6872,14-Dec-22,59709.3
Kameron bank,9034,14-Dec-22,54412.5
Kameron bank,9790,14-Dec-22,77258.7
Kameron bank,10905,14-Dec-22,67262.7
Max bank,47,14-Dec-22,86866.1
Max bank,156,14-Dec-22,16549.1
Max bank,171,14-Dec-22,17766.7
Max bank,329,14-Dec-22,79476.2
Max bank,475,14-Dec-22,12348.2
Max bank,510,14-Dec-22,31903.1
Max bank,517,14-Dec-22,88040.7
Max bank,721,14-Dec-22,23835.9
Max bank,749,14-Dec-22,32790.4
Max bank,829,14-Dec-22,31549
Max bank,1029,14-Dec-22,69115.1
Max bank,1096,14-Dec-22,26502
Max bank,1198,14-Dec-22,56335.9
Max bank,1229,14-Dec-22,44865.4
Max bank,1325,14-Dec-22,22393.1
Max bank,1560,14-Dec-22,49076
Max bank,1681,14-Dec-22,60559.8
Max bank,1785,14-Dec-22,38018.5
Max bank,1811,14-Dec-22,72593.3
Max bank,1908,14-Dec-22,19113.2
Max bank,2015,14-Dec-22,28371.6
Max bank,2112,14-Dec-22,52039.6
Max bank,2146,14-Dec-22,54129.5
Max bank,2233,14-Dec-22,44378.3
Max bank,2282,14-Dec-22,156039.9
Max bank,2337,14-Dec-22,57033.6
Max bank,2346,14-Dec-22,-2237.9
Max bank,2374,14-Dec-22,31416
Max bank,2431,14-Dec-22,57309.6
Max bank,2457,14-Dec-22,19485
Max bank,2485,14-Dec-22,26438.9
Max bank,2528,14-Dec-22,25540.5
Max bank,2750,14-Dec-22,43537.4
Max bank,2904,14-Dec-22,68994.3
Max bank,2913,14-Dec-22,18311.9
Max bank,2957,14-Dec-22,56552.7
Max bank,3222,14-Dec-22,21130.1
Max bank,3285,14-Dec-22,27184.2
Max bank,3385,14-Dec-22,44232.7
Max bank,3429,14-Dec-22,46321.9
Max bank,3446,14-Dec-22,60265
Max bank,3657,14-Dec-22,36053.7
Max bank,3782,14-Dec-22,84097.6
Max bank,3820,14-Dec-22,85017
Max bank,3832,14-Dec-22,19089.3
Max bank,3932,14-Dec-22,17471.4
Max bank,3943,14-Dec-22,19464.2
Max bank,4727,14-Dec-22,78548.4
Max bank,5313,14-Dec-22,22455.1
Max bank,8564,14-Dec-22,94170.1
Max bank,10630,14-Dec-22,37309.5
Max bank,11231,14-Dec-22,86157.1
Moneta Money Bank,189,14-Dec-22,70987
Moneta Money Bank,243,14-Dec-22,15153.4
Moneta Money Bank,318,14-Dec-22,36443.1
Moneta Money Bank,328,14-Dec-22,15819.7
Moneta Money Bank,355,14-Dec-22,42241.2
Moneta Money Bank,395,14-Dec-22,23188
Moneta Money Bank,477,14-Dec-22,43611.8
Moneta Money Bank,487,14-Dec-22,72334.7
Moneta Money Bank,621,14-Dec-22,51190.2
Moneta Money Bank,635,14-Dec-22,7441.1
Moneta Money Bank,732,14-Dec-22,37652
Moneta Money Bank,817,14-Dec-22,45718.6
Moneta Money Bank,1120,14-Dec-22,29346.9
Moneta Money Bank,1233,14-Dec-22,13080.4
Moneta Money Bank,1437,14-Dec-22,23155.4
Moneta Money Bank,1513,14-Dec-22,84160.2
Moneta Money Bank,1602,14-Dec-22,36120.7
Moneta Money Bank,1607,14-Dec-22,21845.1
Moneta Money Bank,1871,14-Dec-22,59688.1
Moneta Money Bank,1951,14-Dec-22,70112
Moneta Money Bank,1975,14-Dec-22,41318
Moneta Money Bank,2230,14-Dec-22,31676.2
Moneta Money Bank,2313,14-Dec-22,36054.2
Moneta Money Bank,2331,14-Dec-22,13801.4
Moneta Money Bank,2372,14-Dec-22,15008.2
Moneta Money Bank,2414,14-Dec-22,19979.9
Moneta Money Bank,2459,14-Dec-22,25709.3
Moneta Money Bank,2484,14-Dec-22,43493.3
Moneta Money Bank,2496,14-Dec-22,20699.7
Moneta Money Bank,2607,14-Dec-22,23869.6
Moneta Money Bank,2613,14-Dec-22,19146.9
Moneta Money Bank,2697,14-Dec-22,77570.4
Moneta Money Bank,2990,14-Dec-22,42537.1
Moneta Money Bank,3087,14-Dec-22,25561.7
Moneta Money Bank,3218,14-Dec-22,21718.3
Moneta Money Bank,3251,14-Dec-22,34934.9
Moneta Money Bank,3285,14-Dec-22,29284.2
Moneta Money Bank,3384,14-Dec-22,46955.9
Moneta Money Bank,3436,14-Dec-22,28058.8
Moneta Money Bank,3628,14-Dec-22,64885.9
Moneta Money Bank,3636,14-Dec-22,76051.6
Moneta Money Bank,3759,14-Dec-22,44997.4
Moneta Money Bank,3784,14-Dec-22,40647.6
Moneta Money Bank,3812,14-Dec-22,46134.7
Moneta Money Bank,3966,14-Dec-22,27633.8
Moneta Money Bank,3985,14-Dec-22,17579.7
Moneta Money Bank,6040,14-Dec-22,45488.8
Moneta Money Bank,7733,14-Dec-22,113558.8
Moneta Money Bank,9034,14-Dec-22,63527.5
Moneta Money Bank,9491,14-Dec-22,103430.9
Moneta Money Bank,10365,14-Dec-22,74572
Moneta Money Bank,10644,14-Dec-22,80983.6
Raiffeisen bank,56,14-Dec-22,70676.8
Raiffeisen bank,173,14-Dec-22,67933.9
Raiffeisen bank,246,14-Dec-22,18102.8
Raiffeisen bank,258,14-Dec-22,24545.9
Raiffeisen bank,271,14-Dec-22,62742.8
Raiffeisen bank,319,14-Dec-22,78401.6
Raiffeisen bank,565,14-Dec-22,43539.9
Raiffeisen bank,578,14-Dec-22,36314.6
Raiffeisen bank,973,14-Dec-22,24012.7
Raiffeisen bank,979,14-Dec-22,44186.4
Raiffeisen bank,1008,14-Dec-22,22014.1
Raiffeisen bank,1190,14-Dec-22,24601.3
Raiffeisen bank,1410,14-Dec-22,89685
Raiffeisen bank,1492,14-Dec-22,29952.8
Raiffeisen bank,1588,14-Dec-22,15488.2
Raiffeisen bank,1707,14-Dec-22,22972.3
Raiffeisen bank,1812,14-Dec-22,19404.4
Raiffeisen bank,1909,14-Dec-22,15835.3
Raiffeisen bank,1943,14-Dec-22,58283
Raiffeisen bank,1961,14-Dec-22,22962.7
Raiffeisen bank,1973,14-Dec-22,23868.7
Raiffeisen bank,1978,14-Dec-22,71068.5
Raiffeisen bank,1990,14-Dec-22,33032.9
Raiffeisen bank,2011,14-Dec-22,23134.6
Raiffeisen bank,2038,14-Dec-22,40913.9
Raiffeisen bank,2050,14-Dec-22,67053.5
Raiffeisen bank,2160,14-Dec-22,40120.6
Raiffeisen bank,2163,14-Dec-22,54113.8
Raiffeisen bank,2170,14-Dec-22,67442
Raiffeisen bank,2367,14-Dec-22,60962.3
Raiffeisen bank,2372,14-Dec-22,14900.2
Raiffeisen bank,2446,14-Dec-22,56674.9
Raiffeisen bank,2511,14-Dec-22,46037.8
Raiffeisen bank,2584,14-Dec-22,28637.3
Raiffeisen bank,2596,14-Dec-22,27362.5
Raiffeisen bank,2887,14-Dec-22,64544.1
Raiffeisen bank,3025,14-Dec-22,20459.7
Raiffeisen bank,3252,14-Dec-22,30365.5
Raiffeisen bank,3286,14-Dec-22,41456.3
Raiffeisen bank,3317,14-Dec-22,17854.5
Raiffeisen bank,3358,14-Dec-22,23652.1
Raiffeisen bank,3443,14-Dec-22,20206.6
Raiffeisen bank,3497,14-Dec-22,86246.9
Raiffeisen bank,3522,14-Dec-22,25588.8
Raiffeisen bank,3673,14-Dec-22,16363
Raiffeisen bank,3725,14-Dec-22,80468.2
Raiffeisen bank,3851,14-Dec-22,34498
Raiffeisen bank,3937,14-Dec-22,27912.2
Raiffeisen bank,3971,14-Dec-22,13347.2
Raiffeisen bank,3981,14-Dec-22,13722
Raiffeisen bank,4650,14-Dec-22,42822
Raiffeisen bank,11027,14-Dec-22,49601.5
Raiffeisen bank,11317,14-Dec-22,93423.4
Fio bank,96,14-Dec-22,93088.3
Fio bank,166,14-Dec-22,21564.1
Fio bank,176,14-Dec-22,49533.1
Fio bank,193,14-Dec-22,25094.5
Fio bank,365,14-Dec-22,36660.4
Fio bank,445,14-Dec-22,32857.9
Fio bank,450,14-Dec-22,16047.1
Fio bank,453,14-Dec-22,86278.9
Fio bank,745,14-Dec-22,27284.4
Fio bank,794,14-Dec-22,18806
Fio bank,843,14-Dec-22,16688.1
Fio bank,850,14-Dec-22,54618.5
Fio bank,883,14-Dec-22,44816.6
Fio bank,1045,14-Dec-22,17500.6
Fio bank,1215,14-Dec-22,32778.4
Fio bank,1244,14-Dec-22,18766.6
Fio bank,1265,14-Dec-22,43266.9
Fio bank,1315,14-Dec-22,23906.4
Fio bank,1335,14-Dec-22,47604.8
Fio bank,1363,14-Dec-22,33876.7
Fio bank,1377,14-Dec-22,14962.3
Fio bank,1385,14-Dec-22,69194
Fio bank,1417,14-Dec-22,104053.9
Fio bank,1525,14-Dec-22,18673.3
Fio bank,1574,14-Dec-22,29805.3
Fio bank,1615,14-Dec-22,13065.9
Fio bank,1633,14-Dec-22,19597.8
Fio bank,1731,14-Dec-22,29273.7
Fio bank,1845,14-Dec-22,29324.2
Fio bank,1879,14-Dec-22,18013.6
Fio bank,1924,14-Dec-22,69624.3
Fio bank,2043,14-Dec-22,15713.8
Fio bank,2124,14-Dec-22,103042.5
Fio bank,2133,14-Dec-22,17172.4
Fio bank,2135,14-Dec-22,27416.7
Fio bank,2286,14-Dec-22,26740.5
Fio bank,2345,14-Dec-22,46602.1
Fio bank,2366,14-Dec-22,15270.9
Fio bank,2380,14-Dec-22,36487.4
Fio bank,2474,14-Dec-22,15205
Fio bank,2610,14-Dec-22,44049.8
Fio bank,2671,14-Dec-22,36552
Fio bank,2733,14-Dec-22,35435.5
Fio bank,2925,14-Dec-22,34160.7
Fio bank,3108,14-Dec-22,16095
Fio bank,3126,14-Dec-22,24598.8
Fio bank,3129,14-Dec-22,19301.9
Fio bank,3195,14-Dec-22,57740.7
Fio bank,3216,14-Dec-22,40844.5
Fio bank,3267,14-Dec-22,56611.6
Fio bank,3280,14-Dec-22,33818.7
Fio bank,3305,14-Dec-22,17675.4
Fio bank,3328,14-Dec-22,24154.6
Fio bank,3358,14-Dec-22,23206.1
Fio bank,3409,14-Dec-22,15685.6
Fio bank,3655,14-Dec-22,38963.1
Fio bank,3748,14-Dec-22,17213.8
Fio bank,3765,14-Dec-22,18597.2
Fio bank,3854,14-Dec-22,27715.3
Fio bank,4907,14-Dec-22,69683.7
Fio bank,5133,14-Dec-22,39447.8
Fio bank,9167,14-Dec-22,70981.6
Hypotecni bank,106,14-Dec-22,64688.3
Hypotecni bank,161,14-Dec-22,14769.2
Hypotecni bank,250,14-Dec-22,49245.3
Hypotecni bank,312,14-Dec-22,60032.9
Hypotecni bank,385,14-Dec-22,29099.3
Hypotecni bank,719,14-Dec-22,59149.1
Hypotecni bank,736,14-Dec-22,22981
Hypotecni bank,843,14-Dec-22,16560.1
Hypotecni bank,967,14-Dec-22,41287.6
Hypotecni bank,1082,14-Dec-22,17202.9
Hypotecni bank,1105,14-Dec-22,44146.4
Hypotecni bank,1169,14-Dec-22,98163.1
Hypotecni bank,1223,14-Dec-22,62039.8
Hypotecni bank,1234,14-Dec-22,26043.4
Hypotecni bank,1423,14-Dec-22,15878.6
Hypotecni bank,1504,14-Dec-22,21126.6
Hypotecni bank,1530,14-Dec-22,19144.7
Hypotecni bank,1568,14-Dec-22,62390.1
Hypotecni bank,1828,14-Dec-22,31922.9
Hypotecni bank,1855,14-Dec-22,28132.6
Hypotecni bank,2018,14-Dec-22,21543.3
Hypotecni bank,2035,14-Dec-22,78100.8
Hypotecni bank,2068,14-Dec-22,14274.8
Hypotecni bank,2156,14-Dec-22,50369.9
Hypotecni bank,2189,14-Dec-22,84483.8
Hypotecni bank,2264,14-Dec-22,35911
Hypotecni bank,2394,14-Dec-22,30997.1
Hypotecni bank,2466,14-Dec-22,76255.5
Hypotecni bank,2725,14-Dec-22,83485.5
Hypotecni bank,2737,14-Dec-22,77465.7
Hypotecni bank,2870,14-Dec-22,44731.1
Hypotecni bank,2994,14-Dec-22,59357.9
Hypotecni bank,3051,14-Dec-22,74153.3
Hypotecni bank,3079,14-Dec-22,20545.7
Hypotecni bank,3142,14-Dec-22,25357.9
Hypotecni bank,3171,14-Dec-22,28477.2
Hypotecni bank,3224,14-Dec-22,24702.2
Hypotecni bank,3293,14-Dec-22,73079.8
Hypotecni bank,3320,14-Dec-22,23974.6
Hypotecni bank,3394,14-Dec-22,24760.1
Hypotecni bank,3399,14-Dec-22,39704.5
Hypotecni bank,3493,14-Dec-22,38448.2
Hypotecni bank,3528,14-Dec-22,47909.1
Hypotecni bank,3609,14-Dec-22,108310.7
Hypotecni bank,3718,14-Dec-22,40129.5
Hypotecni bank,3795,14-Dec-22,64144.8
Hypotecni bank,3941,14-Dec-22,20184.6
Hypotecni bank,4088,14-Dec-22,7551.3
Hypotecni bank,8475,14-Dec-22,38627.5
Hypotecni bank,8926,14-Dec-22,46247.9
Hypotecni bank,8931,14-Dec-22,71903.8
Hypotecni bank,9513,14-Dec-22,39961.6
Hypotecni bank,9730,14-Dec-22,38859.6
Hypotecni bank,10280,14-Dec-22,96885.4
J&T Bank,39,14-Dec-22,16252.3
J&T Bank,65,14-Dec-22,77977.2
J&T Bank,97,14-Dec-22,64877.1
J&T Bank,208,14-Dec-22,23783.6
J&T Bank,442,14-Dec-22,-542.6
J&T Bank,471,14-Dec-22,51865.8
J&T Bank,477,14-Dec-22,43865.8
J&T Bank,549,14-Dec-22,44983
J&T Bank,594,14-Dec-22,24378.7
J&T Bank,605,14-Dec-22,25353.4
J&T Bank,695,14-Dec-22,18176.6
J&T Bank,982,14-Dec-22,21066.6
J&T Bank,988,14-Dec-22,33544
J&T Bank,989,14-Dec-22,18064.7
J&T Bank,1035,14-Dec-22,58390.6
J&T Bank,1059,14-Dec-22,14020.4
J&T Bank,1226,14-Dec-22,16872.9
J&T Bank,1420,14-Dec-22,42136.7
J&T Bank,1461,14-Dec-22,105187.8
J&T Bank,1594,14-Dec-22,49150.3
J&T Bank,1773,14-Dec-22,17215.9
J&T Bank,1817,14-Dec-22,65764.9
J&T Bank,1918,14-Dec-22,21797.5
J&T Bank,1931,14-Dec-22,21400.4
J&T Bank,2023,14-Dec-22,97552.4
J&T Bank,2317,14-Dec-22,27656.2
J&T Bank,2344,14-Dec-22,27916.2
J&T Bank,2434,14-Dec-22,19477.7
J&T Bank,2472,14-Dec-22,104393.6
J&T Bank,2503,14-Dec-22,66916.8
J&T Bank,2543,14-Dec-22,85161.5
J&T Bank,2653,14-Dec-22,73682.2
J&T Bank,2670,14-Dec-22,44042.2
J&T Bank,2725,14-Dec-22,80288.5
J&T Bank,2765,14-Dec-22,10790.8
J&T Bank,3136,14-Dec-22,69705.3
J&T Bank,3272,14-Dec-22,53268.2
J&T Bank,3398,14-Dec-22,25690.4
J&T Bank,3402,14-Dec-22,132024.8
J&T Bank,3452,14-Dec-22,24136.4
J&T Bank,3936,14-Dec-22,19918.5
J&T Bank,3984,14-Dec-22,16798.4
J&T Bank,9635,14-Dec-22,6883.7
Kameron bank,20,14-Dec-22,17620.4
Kameron bank,80,14-Dec-22,28047
Kameron bank,208,14-Dec-22,19635.6
Kameron bank,284,14-Dec-22,61657.7
Kameron bank,304,14-Dec-22,23242.6
Kameron bank,336,14-Dec-22,55823
Kameron bank,340,14-Dec-22,43289.2
Kameron bank,552,14-Dec-22,16238.7
Kameron bank,588,14-Dec-22,24664.8
Kameron bank,607,14-Dec-22,14698.8
Kameron bank,657,14-Dec-22,62048
Kameron bank,792,14-Dec-22,19587.9
Kameron bank,805,14-Dec-22,23364.7
Kameron bank,821,14-Dec-22,21593.5
Kameron bank,857,14-Dec-22,22451.1
Kameron bank,909,14-Dec-22,21334.1
Kameron bank,927,14-Dec-22,24664.6
Kameron bank,1062,14-Dec-22,29884.6
Trinity Bank,61,13-Dec-22,18342.7
Trinity Bank,112,13-Dec-22,52752.3
Trinity Bank,146,13-Dec-22,38659.5
Trinity Bank,228,13-Dec-22,66869.8
Trinity Bank,357,13-Dec-22,22576.5
Trinity Bank,446,13-Dec-22,51936.4
Trinity Bank,474,13-Dec-22,35029.2
Trinity Bank,481,13-Dec-22,60762.8
Trinity Bank,513,13-Dec-22,67641.2
Trinity Bank,609,13-Dec-22,26031.7
Trinity Bank,674,13-Dec-22,20494.8
Trinity Bank,687,13-Dec-22,14532.8
Trinity Bank,738,13-Dec-22,87326.6
Trinity Bank,857,13-Dec-22,25470.1
Trinity Bank,905,13-Dec-22,21739.5
Trinity Bank,1086,13-Dec-22,25713.3
Trinity Bank,1203,13-Dec-22,91246.6
Trinity Bank,1352,13-Dec-22,64763.5
Trinity Bank,1668,13-Dec-22,14609.6
Trinity Bank,1761,13-Dec-22,36055.3
Trinity Bank,1784,13-Dec-22,28337.1
Trinity Bank,1927,13-Dec-22,24521.6
Trinity Bank,2045,13-Dec-22,16836
Trinity Bank,2094,13-Dec-22,18720.4
Trinity Bank,2123,13-Dec-22,14471.6
Trinity Bank,2131,13-Dec-22,49789.4
Trinity Bank,2232,13-Dec-22,63841.4
Trinity Bank,2253,13-Dec-22,26554.8
Trinity Bank,2307,13-Dec-22,22827
Trinity Bank,2335,13-Dec-22,6624
Trinity Bank,2544,13-Dec-22,73193.9
Trinity Bank,2617,13-Dec-22,19911.1
Trinity Bank,2623,13-Dec-22,63860.1
Trinity Bank,2840,13-Dec-22,65299.4
Trinity Bank,2966,13-Dec-22,88817.7
Trinity Bank,2982,13-Dec-22,94819.2
Trinity Bank,2996,13-Dec-22,71103.7
Trinity Bank,3055,13-Dec-22,41328.2
Trinity Bank,3092,13-Dec-22,18059
Trinity Bank,3173,13-Dec-22,24415.2
Trinity Bank,3180,13-Dec-22,50872.4
Trinity Bank,3293,13-Dec-22,73137.8
Trinity Bank,3309,13-Dec-22,31943.2
Trinity Bank,3444,13-Dec-22,104548.3
Trinity Bank,3518,13-Dec-22,18061.6
Trinity Bank,3765,13-Dec-22,19214.2
Trinity Bank,3787,13-Dec-22,84097.4
Trinity Bank,3955,13-Dec-22,64466.5
Trinity Bank,5422,13-Dec-22,19043.7
Trinity Bank,6358,13-Dec-22,38472.5
Trinity Bank,6400,13-Dec-22,20632.5
Trinity Bank,8972,13-Dec-22,35524.6
Trinity Bank,9833,13-Dec-22,37572.2
Trinity Bank,10644,13-Dec-22,92036.6
UniCredit Bank,29,13-Dec-22,37408.5
UniCredit Bank,35,13-Dec-22,21294.4
UniCredit Bank,114,13-Dec-22,25995.1
UniCredit Bank,171,13-Dec-22,22152.7
UniCredit Bank,189,13-Dec-22,75231
UniCredit Bank,234,13-Dec-22,16540.1
UniCredit Bank,235,13-Dec-22,16264.8
UniCredit Bank,418,13-Dec-22,35824.9
UniCredit Bank,508,13-Dec-22,22674.3
UniCredit Bank,526,13-Dec-22,12291.7
UniCredit Bank,557,13-Dec-22,19415.8
UniCredit Bank,840,13-Dec-22,28804.6
UniCredit Bank,912,13-Dec-22,22288
UniCredit Bank,1031,13-Dec-22,60617.9
UniCredit Bank,1153,13-Dec-22,39453.4
UniCredit Bank,1168,13-Dec-22,20405.3
UniCredit Bank,1249,13-Dec-22,59170
UniCredit Bank,1259,13-Dec-22,25871.3
UniCredit Bank,1308,13-Dec-22,32036.7
UniCredit Bank,1315,13-Dec-22,24205.4
UniCredit Bank,1425,13-Dec-22,53374.1
UniCredit Bank,1933,13-Dec-22,23574
UniCredit Bank,1989,13-Dec-22,30023.2
UniCredit Bank,2143,13-Dec-22,34993.7
UniCredit Bank,2149,13-Dec-22,20603.6
UniCredit Bank,2165,13-Dec-22,42459.8
UniCredit Bank,2212,13-Dec-22,32878.9
UniCredit Bank,2364,13-Dec-22,21021.6
UniCredit Bank,2490,13-Dec-22,68950.2
UniCredit Bank,2679,13-Dec-22,30210.1
UniCredit Bank,2751,13-Dec-22,55944.4
UniCredit Bank,2755,13-Dec-22,19909.9
UniCredit Bank,2768,13-Dec-22,40953.6
UniCredit Bank,2883,13-Dec-22,18994
UniCredit Bank,2991,13-Dec-22,61266.9
UniCredit Bank,3104,13-Dec-22,23972.4
UniCredit Bank,3312,13-Dec-22,24813.9
UniCredit Bank,3343,13-Dec-22,31433.1
UniCredit Bank,3429,13-Dec-22,39657.9
UniCredit Bank,3442,13-Dec-22,24706.4
UniCredit Bank,3598,13-Dec-22,36090.5
UniCredit Bank,3650,13-Dec-22,40270.6
UniCredit Bank,3701,13-Dec-22,48793.2
UniCredit Bank,3726,13-Dec-22,5235.8
UniCredit Bank,3887,13-Dec-22,45215.8
UniCredit Bank,3904,13-Dec-22,23057.7
UniCredit Bank,3971,13-Dec-22,22857.2
UniCredit Bank,4190,13-Dec-22,29043.1
UniCredit Bank,5313,13-Dec-22,23622.1
UniCredit Bank,6453,13-Dec-22,24319.5
UniCredit Bank,7156,13-Dec-22,82684.4
UniCredit Bank,7861,13-Dec-22,63692
UniCredit Bank,10233,13-Dec-22,52701.1
Air Bank,142,13-Dec-22,23007.3
Air Bank,163,13-Dec-22,43751.5
Air Bank,264,13-Dec-22,30218.3
Air Bank,352,13-Dec-22,22819.1
Air Bank,421,13-Dec-22,20659.3
Air Bank,569,13-Dec-22,18202.1
Air Bank,678,13-Dec-22,16338.4
Air Bank,700,13-Dec-22,51475.9
Air Bank,1061,13-Dec-22,13337.4
Air Bank,1117,13-Dec-22,21378.9
Air Bank,1227,13-Dec-22,32221.8
Air Bank,1309,13-Dec-22,37112.1
Air Bank,1596,13-Dec-22,31134.9
Air Bank,1690,13-Dec-22,32728
Air Bank,1717,13-Dec-22,24372.3
Air Bank,1836,13-Dec-22,51566.7
Air Bank,1888,13-Dec-22,6330.2
Air Bank,1903,13-Dec-22,62538.6
Air Bank,1906,13-Dec-22,34418.5
Air Bank,1994,13-Dec-22,31214.4
Air Bank,2069,13-Dec-22,53199.8
Air Bank,2118,13-Dec-22,51659.7
Air Bank,2151,13-Dec-22,39218.6
Air Bank,2196,13-Dec-22,23631.1
Air Bank,2197,13-Dec-22,58911.8
Air Bank,2335,13-Dec-22,4588
Air Bank,2359,13-Dec-22,15192.3
Air Bank,2371,13-Dec-22,32351.6
Air Bank,2417,13-Dec-22,22354.8
Air Bank,2513,13-Dec-22,16489.1
Air Bank,2688,13-Dec-22,14906.8
Air Bank,2911,13-Dec-22,67448.7
Air Bank,3004,13-Dec-22,21505.6
Air Bank,3206,13-Dec-22,57509.5
Air Bank,3240,13-Dec-22,5463.7
Air Bank,3249,13-Dec-22,63963.7
Air Bank,3339,13-Dec-22,42159.7
Air Bank,3434,13-Dec-22,13513.6
Air Bank,3474,13-Dec-22,22201.3
Air Bank,3477,13-Dec-22,14667.5
Air Bank,3625,13-Dec-22,17790.5
Air Bank,3704,13-Dec-22,46690.3
Air Bank,3756,13-Dec-22,100543.2
Air Bank,3770,13-Dec-22,76194.5
Air Bank,3780,13-Dec-22,19871.2
Air Bank,3834,13-Dec-22,35888.2
Air Bank,3948,13-Dec-22,75891.2
Air Bank,3996,13-Dec-22,42285.4
Air Bank,7133,13-Dec-22,18077.8
Air Bank,8625,13-Dec-22,29611.4
Air Bank,9897,13-Dec-22,54841.8
Air Bank,11013,13-Dec-22,109937.6
Bank Creditas,11,13-Dec-22,23093
Bank Creditas,120,13-Dec-22,27519.5
Bank Creditas,276,13-Dec-22,59176.5
Bank Creditas,358,13-Dec-22,20463.6
Bank Creditas,404,13-Dec-22,124186.1
Bank Creditas,618,13-Dec-22,55852.2
Bank Creditas,637,13-Dec-22,15770.2
Bank Creditas,639,13-Dec-22,24546.4
Bank Creditas,852,13-Dec-22,19878.5
Bank Creditas,1107,13-Dec-22,34509.1
Bank Creditas,1207,13-Dec-22,34919.6
Bank Creditas,1326,13-Dec-22,17856.9
Bank Creditas,1345,13-Dec-22,19532.4
Bank Creditas,1550,13-Dec-22,36223.7
Bank Creditas,1631,13-Dec-22,23796.9
Bank Creditas,1679,13-Dec-22,62773.8
Bank Creditas,1716,13-Dec-22,32263.5
Bank Creditas,1718,13-Dec-22,112017.3
Bank Creditas,1743,13-Dec-22,51485
Bank Creditas,1790,13-Dec-22,51160.7
Bank Creditas,1802,13-Dec-22,23801
Bank Creditas,1825,13-Dec-22,58022.1
Bank Creditas,1933,13-Dec-22,19770
Bank Creditas,2005,13-Dec-22,22643
Bank Creditas,2016,13-Dec-22,17674.4
Bank Creditas,2054,13-Dec-22,56296.1
Bank Creditas,2155,13-Dec-22,15296
Bank Creditas,2228,13-Dec-22,20248.1
Bank Creditas,2268,13-Dec-22,74055.5
Bank Creditas,2322,13-Dec-22,17960.3
Bank Creditas,2437,13-Dec-22,18571.3
Bank Creditas,2464,13-Dec-22,73062
Bank Creditas,2485,13-Dec-22,28382.9
Bank Creditas,2499,13-Dec-22,41427.8
Bank Creditas,2538,13-Dec-22,36878.9
Bank Creditas,2595,13-Dec-22,27212
Bank Creditas,2810,13-Dec-22,34905.7
Bank Creditas,3221,13-Dec-22,46850.9
Bank Creditas,3222,13-Dec-22,21804.1
Bank Creditas,3363,13-Dec-22,25755.1
Bank Creditas,3438,13-Dec-22,21106.5
Bank Creditas,3454,13-Dec-22,18435
Bank Creditas,3467,13-Dec-22,77422
Bank Creditas,3469,13-Dec-22,28107.2
Bank Creditas,3902,13-Dec-22,22209.9
Bank Creditas,3912,13-Dec-22,42216.9
Bank Creditas,3923,13-Dec-22,115533.3
Bank Creditas,3956,13-Dec-22,69475.8
Bank Creditas,4550,13-Dec-22,29792
Bank Creditas,6950,13-Dec-22,59382.4
Bank Creditas,7133,13-Dec-22,18021.8
Bank Creditas,7546,13-Dec-22,24483
Bank Creditas,9034,13-Dec-22,33421.5
Bank Creditas,9138,13-Dec-22,12622.5
Czech export bank,172,13-Dec-22,70202.3
Czech export bank,201,13-Dec-22,43817.6
Czech export bank,425,13-Dec-22,49771.4
Czech export bank,470,13-Dec-22,42691.7
Czech export bank,576,13-Dec-22,36803.5
Czech export bank,725,13-Dec-22,36553.2
Czech export bank,731,13-Dec-22,17068.7
Czech export bank,921,13-Dec-22,25696.7
Czech export bank,931,13-Dec-22,12917.9
Czech export bank,995,13-Dec-22,26807.4
Czech export bank,1073,13-Dec-22,99381.6
Czech export bank,1129,13-Dec-22,62144.5
Czech export bank,1146,13-Dec-22,50476.4
Czech export bank,1248,13-Dec-22,26035.9
Czech export bank,1258,13-Dec-22,18254.6
Czech export bank,1289,13-Dec-22,50616.2
Czech export bank,1451,13-Dec-22,22087.4
Czech export bank,1491,13-Dec-22,34249
Czech export bank,1501,13-Dec-22,26256.9
Czech export bank,1513,13-Dec-22,84849.2
Czech export bank,1647,13-Dec-22,41704.6
Czech export bank,1728,13-Dec-22,46394.1
Czech export bank,1803,13-Dec-22,78116.8
Czech export bank,1891,13-Dec-22,89564.8
Czech export bank,2006,13-Dec-22,25872.3
Czech export bank,2023,13-Dec-22,99239.4
Czech export bank,2025,13-Dec-22,21472.7
Czech export bank,2050,13-Dec-22,67454.5
Czech export bank,2057,13-Dec-22,52018.4
Czech export bank,2101,13-Dec-22,27102.4
Czech export bank,2253,13-Dec-22,23610.8
Czech export bank,2341,13-Dec-22,21179.5
Czech export bank,2358,13-Dec-22,22123.5
Czech export bank,2453,13-Dec-22,29206.1
Czech export bank,2475,13-Dec-22,27293.7
Czech export bank,2519,13-Dec-22,50704.8
Czech export bank,2800,13-Dec-22,56416
Czech export bank,2814,13-Dec-22,30242
Czech export bank,2818,13-Dec-22,95442.6
Czech export bank,2819,13-Dec-22,75325.8
Czech export bank,2982,13-Dec-22,94593.2
Czech export bank,3026,13-Dec-22,70541.8
Czech export bank,3178,13-Dec-22,21017.6
Czech export bank,3194,13-Dec-22,28025.8
Czech export bank,3266,13-Dec-22,36367.8
Czech export bank,3437,13-Dec-22,52264.9
Czech export bank,3541,13-Dec-22,33048.8
Czech export bank,3556,13-Dec-22,39594.6
Czech export bank,3584,13-Dec-22,65993.1
Czech export bank,3600,13-Dec-22,50658.1
Czech export bank,3623,13-Dec-22,16346.6
Czech export bank,3625,13-Dec-22,18257.5
Czech export bank,3648,13-Dec-22,34603.3
Czech export bank,3743,13-Dec-22,62991
Czech export bank,3854,13-Dec-22,29005.3
Czech export bank,3878,13-Dec-22,25987.1
Czech export bank,4415,13-Dec-22,46307.4
Czech export bank,4937,13-Dec-22,75372.5
Czech export bank,7465,13-Dec-22,18440.9
Czech export bank,8261,13-Dec-22,35242.5
Kameron bank,1246,13-Dec-22,38877.4
Kameron bank,1378,13-Dec-22,100552
Kameron bank,1470,13-Dec-22,57850.7
Kameron bank,1481,13-Dec-22,19292.7
Kameron bank,1493,13-Dec-22,17467.2
Kameron bank,1565,13-Dec-22,32271.3
Kameron bank,1671,13-Dec-22,20643.3
Kameron bank,1681,13-Dec-22,69109.8
Kameron bank,1881,13-Dec-22,14665.2
Kameron bank,2146,13-Dec-22,56529.5
Kameron bank,2169,13-Dec-22,52579
Kameron bank,2256,13-Dec-22,16601.7
Kameron bank,2288,13-Dec-22,68591.5
Kameron bank,2377,13-Dec-22,22597.5
Kameron bank,2474,13-Dec-22,15326
Kameron bank,2506,13-Dec-22,74238.5
Kameron bank,2782,13-Dec-22,90997.8
Kameron bank,2937,13-Dec-22,12202.9
Kameron bank,3005,13-Dec-22,8207.4
Kameron bank,3175,13-Dec-22,20459.1
Kameron bank,3185,13-Dec-22,51766.5
Kameron bank,3287,13-Dec-22,26161.5
Kameron bank,3409,13-Dec-22,18852.6
Kameron bank,3536,13-Dec-22,17571.7
Kameron bank,3547,13-Dec-22,27416.5
Kameron bank,3777,13-Dec-22,27168.1
Kameron bank,3782,13-Dec-22,41867.6
Kameron bank,3870,13-Dec-22,16564.7
Kameron bank,3981,13-Dec-22,10325
Kameron bank,4969,13-Dec-22,90189.3
Kameron bank,9031,13-Dec-22,17946.1
Kameron bank,9307,13-Dec-22,92201.9
Kameron bank,9455,13-Dec-22,91915.2
Kameron bank,10493,13-Dec-22,78616.5
Max bank,4,13-Dec-22,33585
Max bank,67,13-Dec-22,48441.4
Max bank,139,13-Dec-22,67704.8
Max bank,163,13-Dec-22,40635.5
Max bank,208,13-Dec-22,25550.6
Max bank,283,13-Dec-22,28707.3
Max bank,368,13-Dec-22,20243.8
Max bank,410,13-Dec-22,19176.2
Max bank,464,13-Dec-22,21456.6
Max bank,635,13-Dec-22,10148.1
Max bank,759,13-Dec-22,108456.6
Max bank,781,13-Dec-22,13466.5
Max bank,848,13-Dec-22,54854.4
Max bank,988,13-Dec-22,26712
Max bank,1024,13-Dec-22,21040.5
Max bank,1251,13-Dec-22,26033.3
Max bank,1348,13-Dec-22,54829.7
Max bank,1404,13-Dec-22,66152
Max bank,1460,13-Dec-22,28078.4
Max bank,1504,13-Dec-22,52713.6
Max bank,1540,13-Dec-22,70358.5
Max bank,1570,13-Dec-22,20631.6
Max bank,1637,13-Dec-22,35529.4
Max bank,1640,13-Dec-22,58864.2
Max bank,1734,13-Dec-22,74027.9
Max bank,1796,13-Dec-22,54609.4
Max bank,1907,13-Dec-22,67101.6
Max bank,1928,13-Dec-22,56989.7
Max bank,1962,13-Dec-22,120301.9
Max bank,2048,13-Dec-22,52477.4
Max bank,2054,13-Dec-22,53494.1
Max bank,2085,13-Dec-22,26153.8
Max bank,2166,13-Dec-22,29886.1
Max bank,2210,13-Dec-22,50472.2
Max bank,2247,13-Dec-22,48456.9
Max bank,2488,13-Dec-22,36726.8
Max bank,2523,13-Dec-22,29708.5
Max bank,2713,13-Dec-22,58141.4
Max bank,2745,13-Dec-22,66978.4
Max bank,2762,13-Dec-22,47060
Max bank,2979,13-Dec-22,18552.9
Max bank,3319,13-Dec-22,48238.3
Max bank,3525,13-Dec-22,25006.4
Max bank,3557,13-Dec-22,26018.9
Max bank,3615,13-Dec-22,30539.7
Max bank,3670,13-Dec-22,24261
Max bank,3742,13-Dec-22,20349.1
Max bank,3747,13-Dec-22,22304.5
Max bank,3750,13-Dec-22,59765.2
Max bank,3785,13-Dec-22,67535.9
Max bank,3856,13-Dec-22,12801.4
Max bank,4273,13-Dec-22,646.2
Max bank,5591,13-Dec-22,67909.5
Max bank,9030,13-Dec-22,58659.1
Max bank,9640,13-Dec-22,114034.2
Moneta Money Bank,198,13-Dec-22,23263.9
Moneta Money Bank,207,13-Dec-22,25992
Moneta Money Bank,329,13-Dec-22,82586.2
Moneta Money Bank,396,13-Dec-22,53836.4
Moneta Money Bank,431,13-Dec-22,10198.6
Moneta Money Bank,522,13-Dec-22,26474.6
Moneta Money Bank,676,13-Dec-22,43425.7
Moneta Money Bank,734,13-Dec-22,18607.9
Moneta Money Bank,744,13-Dec-22,40471
Moneta Money Bank,754,13-Dec-22,22993
Moneta Money Bank,814,13-Dec-22,18334.3
Moneta Money Bank,815,13-Dec-22,16148.7
Moneta Money Bank,947,13-Dec-22,53647.3
Moneta Money Bank,966,13-Dec-22,23260.8
Moneta Money Bank,1027,13-Dec-22,21596.9
Moneta Money Bank,1081,13-Dec-22,28611
Moneta Money Bank,1144,13-Dec-22,25429.5
Moneta Money Bank,1152,13-Dec-22,21031.9
Moneta Money Bank,1174,13-Dec-22,51338.4
Moneta Money Bank,1205,13-Dec-22,34400.7
Moneta Money Bank,1228,13-Dec-22,39440.4
Moneta Money Bank,1358,13-Dec-22,41398.2
Moneta Money Bank,1413,13-Dec-22,33051.1
Moneta Money Bank,1482,13-Dec-22,79973.6
Moneta Money Bank,1597,13-Dec-22,37630.5
Moneta Money Bank,1625,13-Dec-22,26204.2
Moneta Money Bank,1652,13-Dec-22,23123.5
Moneta Money Bank,1760,13-Dec-22,52593.8
Moneta Money Bank,1827,13-Dec-22,32279.9
Moneta Money Bank,1837,13-Dec-22,105254.4
Moneta Money Bank,1886,13-Dec-22,66074.9
Moneta Money Bank,1946,13-Dec-22,46708.3
Moneta Money Bank,2005,13-Dec-22,22434
Moneta Money Bank,2019,13-Dec-22,18096.2
Moneta Money Bank,2325,13-Dec-22,38015.8
Moneta Money Bank,2345,13-Dec-22,50214.1
Moneta Money Bank,2403,13-Dec-22,23542.6
Moneta Money Bank,2492,13-Dec-22,16641.7
Moneta Money Bank,2550,13-Dec-22,96203.8
Moneta Money Bank,2649,13-Dec-22,68781.7
Moneta Money Bank,2700,13-Dec-22,21054.7
Moneta Money Bank,2784,13-Dec-22,36904.1
Moneta Money Bank,2801,13-Dec-22,46205.3
Moneta Money Bank,2861,13-Dec-22,21011.5
Moneta Money Bank,2864,13-Dec-22,56835.7
Moneta Money Bank,2936,13-Dec-22,46504.4
Moneta Money Bank,3006,13-Dec-22,17908.1
Moneta Money Bank,3011,13-Dec-22,21028.1
Moneta Money Bank,3092,13-Dec-22,20370
Moneta Money Bank,3318,13-Dec-22,14751.9
Moneta Money Bank,3440,13-Dec-22,83712.4
Moneta Money Bank,3462,13-Dec-22,49706.1
Moneta Money Bank,3498,13-Dec-22,23812
Moneta Money Bank,3534,13-Dec-22,41340.8
Moneta Money Bank,3552,13-Dec-22,78633.8
Moneta Money Bank,3609,13-Dec-22,81068.2
Moneta Money Bank,3735,13-Dec-22,15316.5
Moneta Money Bank,3742,13-Dec-22,23318.1
Moneta Money Bank,3952,13-Dec-22,20346.5
Moneta Money Bank,5591,13-Dec-22,67586.5
Moneta Money Bank,10215,13-Dec-22,81852.5
Moneta Money Bank,10915,13-Dec-22,21097.3
PPF Bank,196,13-Dec-22,80725.6
PPF Bank,327,13-Dec-22,67431.8
PPF Bank,375,13-Dec-22,21904.9
PPF Bank,623,13-Dec-22,17017.6
PPF Bank,633,13-Dec-22,19019.4
PPF Bank,659,13-Dec-22,24506.1
PPF Bank,694,13-Dec-22,41999.3
PPF Bank,759,13-Dec-22,110408.6
PPF Bank,814,13-Dec-22,19932.3
PPF Bank,891,13-Dec-22,46293
PPF Bank,1019,13-Dec-22,59240.9
PPF Bank,1174,13-Dec-22,48156.4
PPF Bank,1245,13-Dec-22,51509.6
PPF Bank,1250,13-Dec-22,17526.9
PPF Bank,1306,13-Dec-22,44203.5
PPF Bank,1382,13-Dec-22,25242.9
PPF Bank,1515,13-Dec-22,53650.1
PPF Bank,1538,13-Dec-22,9568.1
PPF Bank,1650,13-Dec-22,41940.4
PPF Bank,1934,13-Dec-22,84289.7
PPF Bank,1938,13-Dec-22,69883.4
PPF Bank,2032,13-Dec-22,19430.3
PPF Bank,2042,13-Dec-22,18844.1
PPF Bank,2103,13-Dec-22,21487.2
PPF Bank,2223,13-Dec-22,17026.8
PPF Bank,2318,13-Dec-22,22236.5
PPF Bank,2642,13-Dec-22,19072.9
PPF Bank,2676,13-Dec-22,57917.4
PPF Bank,2928,13-Dec-22,27199.3
PPF Bank,2958,13-Dec-22,16203.2
PPF Bank,2976,13-Dec-22,34394.2
PPF Bank,3133,13-Dec-22,52320.1
PPF Bank,3433,13-Dec-22,22621.6
PPF Bank,3509,13-Dec-22,48717.9
PPF Bank,3536,13-Dec-22,20160.7
PPF Bank,3636,13-Dec-22,76091.6
PPF Bank,3882,13-Dec-22,34427.3
PPF Bank,5442,13-Dec-22,66785.1
PPF Bank,5445,13-Dec-22,42523
PPF Bank,9227,13-Dec-22,15064.6
Raiffeisen bank,5,13-Dec-22,32036.2
Raiffeisen bank,47,13-Dec-22,86875.1
Raiffeisen bank,151,13-Dec-22,26478.6
Raiffeisen bank,280,13-Dec-22,65263.8
Raiffeisen bank,367,13-Dec-22,54076.3
Raiffeisen bank,580,13-Dec-22,29737.7
Raiffeisen bank,669,13-Dec-22,21951.9
Raiffeisen bank,919,13-Dec-22,49341.7
Raiffeisen bank,972,13-Dec-22,21461.1
Raiffeisen bank,1076,13-Dec-22,83300.8
Raiffeisen bank,1083,13-Dec-22,27972
Raiffeisen bank,1095,13-Dec-22,45190.7
Raiffeisen bank,1159,13-Dec-22,45456.4
Raiffeisen bank,1234,13-Dec-22,28279.4
Raiffeisen bank,1559,13-Dec-22,83247
Raiffeisen bank,1711,13-Dec-22,26104.8
Raiffeisen bank,1809,13-Dec-22,70744.5
Raiffeisen bank,1811,13-Dec-22,36675.3
Raiffeisen bank,1831,13-Dec-22,28504
Raiffeisen bank,1833,13-Dec-22,35833.2
Raiffeisen bank,1848,13-Dec-22,28075.4
Raiffeisen bank,1900,13-Dec-22,73215.9
Raiffeisen bank,1997,13-Dec-22,25837.7
Raiffeisen bank,2046,13-Dec-22,31907.4
Raiffeisen bank,2048,13-Dec-22,51011.4
Raiffeisen bank,2303,13-Dec-22,37740.7
Raiffeisen bank,2306,13-Dec-22,53202.2
Raiffeisen bank,2482,13-Dec-22,36626.3
Raiffeisen bank,2505,13-Dec-22,31559.5
Raiffeisen bank,2592,13-Dec-22,90214.5
Raiffeisen bank,2722,13-Dec-22,29181.6
Raiffeisen bank,2816,13-Dec-22,61090.7
Raiffeisen bank,2843,13-Dec-22,30220.4
Raiffeisen bank,2909,13-Dec-22,44168.5
Raiffeisen bank,2932,13-Dec-22,20442.2
Raiffeisen bank,3112,13-Dec-22,77499.6
Raiffeisen bank,3152,13-Dec-22,44357.3
Raiffeisen bank,3212,13-Dec-22,58875
Raiffeisen bank,3337,13-Dec-22,95474.7
Raiffeisen bank,3367,13-Dec-22,65797.2
Raiffeisen bank,3390,13-Dec-22,52548.9
Raiffeisen bank,3486,13-Dec-22,48868.8
Raiffeisen bank,3802,13-Dec-22,16645.3
Raiffeisen bank,3880,13-Dec-22,44404.3
Raiffeisen bank,3889,13-Dec-22,16301.3
Raiffeisen bank,6062,13-Dec-22,72170.8
Raiffeisen bank,7485,13-Dec-22,49262.3
Raiffeisen bank,7859,13-Dec-22,146957.6
Raiffeisen bank,8320,13-Dec-22,39944.6
Raiffeisen bank,9455,13-Dec-22,89126.2
Raiffeisen bank,9859,13-Dec-22,78208
Fio bank,81,13-Dec-22,36981.1
Fio bank,151,13-Dec-22,29146.6
Fio bank,209,13-Dec-22,45334
Fio bank,220,13-Dec-22,32310.6
Fio bank,293,13-Dec-22,26482.5
Fio bank,515,13-Dec-22,20748.7
Fio bank,651,13-Dec-22,118208.8
Fio bank,682,13-Dec-22,21325
Fio bank,896,13-Dec-22,61966.1
Fio bank,960,13-Dec-22,137223.1
Fio bank,1057,13-Dec-22,28395
Fio bank,1137,13-Dec-22,21140.9
Fio bank,1249,13-Dec-22,57809
Fio bank,1351,13-Dec-22,30719
Fio bank,1515,13-Dec-22,50743.1
Fio bank,1843,13-Dec-22,35541.9
Fio bank,2169,13-Dec-22,58814
Fio bank,2212,13-Dec-22,29672.9
Fio bank,2328,13-Dec-22,64872.3
Fio bank,2346,13-Dec-22,-1903.9
Fio bank,2406,13-Dec-22,30701.4
Fio bank,2535,13-Dec-22,24623
Fio bank,2655,13-Dec-22,33364
Fio bank,2700,13-Dec-22,26275.7
Fio bank,2716,13-Dec-22,39949.1
Fio bank,2929,13-Dec-22,75254.1
Fio bank,2947,13-Dec-22,33341.3
Fio bank,2951,13-Dec-22,28370.7
Fio bank,2955,13-Dec-22,23580.7
Fio bank,2964,13-Dec-22,22757.8
Fio bank,3008,13-Dec-22,68317.8
Fio bank,3059,13-Dec-22,49836.9
Fio bank,3196,13-Dec-22,45427.5
Fio bank,3291,13-Dec-22,19658
Fio bank,3292,13-Dec-22,24796
Fio bank,3318,13-Dec-22,15262.9
Fio bank,3394,13-Dec-22,26458.1
Fio bank,3458,13-Dec-22,25899.3
Fio bank,3555,13-Dec-22,47452.4
Fio bank,3587,13-Dec-22,18048.6
Fio bank,3847,13-Dec-22,72969.6
Fio bank,3944,13-Dec-22,61650.8
Fio bank,4079,13-Dec-22,24240.6
Fio bank,4190,13-Dec-22,26142.1
Fio bank,4727,13-Dec-22,80409.4
Fio bank,5698,13-Dec-22,52396.3
Fio bank,7099,13-Dec-22,19115.6
Fio bank,9491,13-Dec-22,105675.9
Fio bank,10451,13-Dec-22,13609.8
Fio bank,11096,13-Dec-22,64725.4
Hypotecni bank,231,13-Dec-22,17077
Hypotecni bank,311,13-Dec-22,65086.5
Hypotecni bank,558,13-Dec-22,46874.7
Hypotecni bank,641,13-Dec-22,80112
Hypotecni bank,669,13-Dec-22,20004.9
Hypotecni bank,678,13-Dec-22,12442.4
Hypotecni bank,725,13-Dec-22,39165.2
Hypotecni bank,735,13-Dec-22,30857.8
Hypotecni bank,762,13-Dec-22,14237.2
Hypotecni bank,1057,13-Dec-22,31485
Hypotecni bank,1075,13-Dec-22,55029.7
Hypotecni bank,1088,13-Dec-22,28066.8
Hypotecni bank,1123,13-Dec-22,34406.5
Hypotecni bank,1346,13-Dec-22,14130.7
Hypotecni bank,1365,13-Dec-22,71627.6
Hypotecni bank,1389,13-Dec-22,41127
Hypotecni bank,1524,13-Dec-22,19339.1
Hypotecni bank,1561,13-Dec-22,46215.3
Hypotecni bank,1594,13-Dec-22,49204.3
Hypotecni bank,1696,13-Dec-22,23708.5
Hypotecni bank,1799,13-Dec-22,27845.2
Hypotecni bank,1856,13-Dec-22,31048.9
Hypotecni bank,1879,13-Dec-22,14974.6
Hypotecni bank,1925,13-Dec-22,29871.3
Hypotecni bank,1973,13-Dec-22,24715.7
Hypotecni bank,2110,13-Dec-22,21188.7
Hypotecni bank,2150,13-Dec-22,18038.9
Hypotecni bank,2272,13-Dec-22,15706.8
Hypotecni bank,2310,13-Dec-22,65594.1
Hypotecni bank,2346,13-Dec-22,35.1
Hypotecni bank,2409,13-Dec-22,72722.8
Hypotecni bank,2452,13-Dec-22,22689.7
Hypotecni bank,2605,13-Dec-22,38691.5
Hypotecni bank,2658,13-Dec-22,22125.3
Hypotecni bank,2789,13-Dec-22,88842.8
Hypotecni bank,2914,13-Dec-22,44657.8
Hypotecni bank,3015,13-Dec-22,26470.6
Hypotecni bank,3087,13-Dec-22,26254.7
Hypotecni bank,3164,13-Dec-22,39224.7
Hypotecni bank,3276,13-Dec-22,42550.3
Hypotecni bank,3310,13-Dec-22,18617.6
Hypotecni bank,3542,13-Dec-22,34160.1
Hypotecni bank,3684,13-Dec-22,27528.1
Hypotecni bank,3902,13-Dec-22,27628.9
Hypotecni bank,5422,13-Dec-22,20478.7
Hypotecni bank,6097,13-Dec-22,29482.2
Hypotecni bank,7190,13-Dec-22,31784.9
Hypotecni bank,9677,13-Dec-22,37213.6
Hypotecni bank,9883,13-Dec-22,16347.4
Hypotecni bank,10711,13-Dec-22,81696.8
Kameron bank,1,13-Dec-22,13413.9
Kameron bank,83,13-Dec-22,34229.8
Kameron bank,157,13-Dec-22,35584.5
Kameron bank,179,13-Dec-22,44047.2
Kameron bank,331,13-Dec-22,21695.9
Kameron bank,378,13-Dec-22,46257.5
Kameron bank,426,13-Dec-22,36959.9
Kameron bank,458,13-Dec-22,64026.6
Kameron bank,674,13-Dec-22,22552.8
Kameron bank,760,13-Dec-22,31621.6
Kameron bank,897,13-Dec-22,68765
Kameron bank,978,13-Dec-22,93284.2
Kameron bank,997,13-Dec-22,23193.8
Kameron bank,1069,13-Dec-22,25568.9
Kameron bank,1098,13-Dec-22,60959.3
Kameron bank,1173,13-Dec-22,10528.7
J&T Bank,12,13-Dec-22,26008.7
J&T Bank,42,13-Dec-22,28435.8
J&T Bank,73,13-Dec-22,61668.8
J&T Bank,79,13-Dec-22,24686
J&T Bank,98,13-Dec-22,14685.1
J&T Bank,173,13-Dec-22,69361.9
J&T Bank,178,13-Dec-22,18008.8
J&T Bank,221,13-Dec-22,58305
J&T Bank,252,13-Dec-22,50263.3
J&T Bank,353,13-Dec-22,70254.1
J&T Bank,379,13-Dec-22,14270
J&T Bank,388,13-Dec-22,99535.5
J&T Bank,427,13-Dec-22,86518.7
J&T Bank,437,13-Dec-22,83164.6
J&T Bank,557,13-Dec-22,21465.8
J&T Bank,579,13-Dec-22,31064.5
J&T Bank,678,13-Dec-22,14371.4
J&T Bank,791,13-Dec-22,24530.1
J&T Bank,792,13-Dec-22,20072.9
J&T Bank,834,13-Dec-22,19194.2
J&T Bank,873,13-Dec-22,17411.7
J&T Bank,895,13-Dec-22,18875.8
J&T Bank,960,13-Dec-22,99683.1
J&T Bank,1055,13-Dec-22,19473
J&T Bank,1139,13-Dec-22,95910.9
J&T Bank,1261,13-Dec-22,91900.3
J&T Bank,1269,13-Dec-22,50857.3
J&T Bank,1471,13-Dec-22,59168.9
J&T Bank,1592,13-Dec-22,85822.9
J&T Bank,1633,13-Dec-22,14444.8
J&T Bank,1794,13-Dec-22,20529.7
J&T Bank,1832,13-Dec-22,51921.8
J&T Bank,1902,13-Dec-22,66258.2
J&T Bank,2030,13-Dec-22,78857.7
J&T Bank,2082,13-Dec-22,19439.9
J&T Bank,2153,13-Dec-22,68284.5
J&T Bank,2173,13-Dec-22,34441.5
J&T Bank,2312,13-Dec-22,10149.5
J&T Bank,2631,13-Dec-22,35024.2
J&T Bank,2656,13-Dec-22,31770.2
J&T Bank,2658,13-Dec-22,21708.3
J&T Bank,2731,13-Dec-22,67939.2
J&T Bank,2762,13-Dec-22,46327
J&T Bank,2830,13-Dec-22,46641.7
J&T Bank,2839,13-Dec-22,56866.9
J&T Bank,2977,13-Dec-22,134018.3
J&T Bank,3117,13-Dec-22,23401.1
J&T Bank,3211,13-Dec-22,21921
J&T Bank,3226,13-Dec-22,27205.6
J&T Bank,3426,13-Dec-22,66903
J&T Bank,3601,13-Dec-22,44743.2
J&T Bank,3644,13-Dec-22,21237
J&T Bank,3712,13-Dec-22,18665.6
J&T Bank,3737,13-Dec-22,40963.6
J&T Bank,3749,13-Dec-22,62774.2
J&T Bank,3874,13-Dec-22,62232.8
J&T Bank,3903,13-Dec-22,27865.8
J&T Bank,3908,13-Dec-22,18010.6
J&T Bank,3917,13-Dec-22,64255.4
J&T Bank,4259,13-Dec-22,124466.1
J&T Bank,4330,13-Dec-22,85924.1
J&T Bank,4375,13-Dec-22,107138.9
J&T Bank,4442,13-Dec-22,29973.5
J&T Bank,5033,13-Dec-22,48114
J&T Bank,5072,13-Dec-22,47486.1
J&T Bank,5196,13-Dec-22,34941.4
J&T Bank,8772,13-Dec-22,16461.6
J&T Bank,9140,13-Dec-22,13406.3
J&T Bank,9883,13-Dec-22,14567.4
Hypotecni bank,86,10-Dec-22,19984.9
Hypotecni bank,190,10-Dec-22,50895.4
Hypotecni bank,242,10-Dec-22,52909.4
Hypotecni bank,344,10-Dec-22,58060.8
Hypotecni bank,522,10-Dec-22,31404.6
Hypotecni bank,572,10-Dec-22,51167.5
Hypotecni bank,594,10-Dec-22,26432.7
Hypotecni bank,616,10-Dec-22,32533.9
Hypotecni bank,626,10-Dec-22,35383
Hypotecni bank,632,10-Dec-22,22292.8
Hypotecni bank,650,10-Dec-22,30748.5
Hypotecni bank,660,10-Dec-22,59210.2
Hypotecni bank,689,10-Dec-22,29097.7
Hypotecni bank,772,10-Dec-22,63030
Hypotecni bank,821,10-Dec-22,24220.5
Hypotecni bank,879,10-Dec-22,15918
Hypotecni bank,903,10-Dec-22,22831.6
Hypotecni bank,936,10-Dec-22,23016
Hypotecni bank,1019,10-Dec-22,59848.9
Hypotecni bank,1020,10-Dec-22,19777.7
Hypotecni bank,1127,10-Dec-22,52234.2
Hypotecni bank,1187,10-Dec-22,30646.9
Hypotecni bank,1399,10-Dec-22,24342
Hypotecni bank,1488,10-Dec-22,31515.9
Hypotecni bank,1629,10-Dec-22,30328.4
Hypotecni bank,1708,10-Dec-22,34232.6
Hypotecni bank,1759,10-Dec-22,47482.8
Hypotecni bank,1990,10-Dec-22,30459.9
Hypotecni bank,2006,10-Dec-22,20611.3
Hypotecni bank,2016,10-Dec-22,18900.4
Hypotecni bank,2066,10-Dec-22,14077.9
Hypotecni bank,2108,10-Dec-22,59033.1
Hypotecni bank,2173,10-Dec-22,28525.5
Hypotecni bank,2315,10-Dec-22,39118.7
Hypotecni bank,2347,10-Dec-22,15131.9
Hypotecni bank,2383,10-Dec-22,47288.3
Hypotecni bank,2536,10-Dec-22,29195.1
Hypotecni bank,2655,10-Dec-22,37603
Hypotecni bank,2798,10-Dec-22,53935.1
Hypotecni bank,2864,10-Dec-22,58138.7
Hypotecni bank,2879,10-Dec-22,20755.2
Hypotecni bank,2896,10-Dec-22,21050.2
Hypotecni bank,2916,10-Dec-22,40328.5
Hypotecni bank,3042,10-Dec-22,50253.5
Hypotecni bank,3057,10-Dec-22,33422.5
Hypotecni bank,3061,10-Dec-22,21171.2
Hypotecni bank,3113,10-Dec-22,37800.9
Hypotecni bank,3134,10-Dec-22,73871.8
Hypotecni bank,3140,10-Dec-22,12703.8
Hypotecni bank,3199,10-Dec-22,82707.2
Hypotecni bank,3261,10-Dec-22,22239.2
Hypotecni bank,3353,10-Dec-22,14183.1
Hypotecni bank,3365,10-Dec-22,26294.5
Hypotecni bank,3393,10-Dec-22,22042.6
Hypotecni bank,3471,10-Dec-22,102818.5
Hypotecni bank,3621,10-Dec-22,10045.9
Hypotecni bank,3659,10-Dec-22,72598.8
Hypotecni bank,3699,10-Dec-22,9533.9
Hypotecni bank,3810,10-Dec-22,55453.1
Hypotecni bank,3963,10-Dec-22,49027.1
Hypotecni bank,3971,10-Dec-22,23259.2
Hypotecni bank,4948,10-Dec-22,27774.3
Hypotecni bank,5305,10-Dec-22,69236.6
Hypotecni bank,6138,10-Dec-22,19187
Hypotecni bank,7721,10-Dec-22,74457.5
Hypotecni bank,9493,10-Dec-22,95988.9
Hypotecni bank,10093,10-Dec-22,69168.8
Trinity Bank,55,10-Dec-22,16673.8
Trinity Bank,209,10-Dec-22,42336
Trinity Bank,214,10-Dec-22,15420.7
Trinity Bank,241,10-Dec-22,37409.3
Trinity Bank,287,10-Dec-22,16054.4
Trinity Bank,323,10-Dec-22,23503.2
Trinity Bank,370,10-Dec-22,17641.3
Trinity Bank,547,10-Dec-22,17551.4
Trinity Bank,597,10-Dec-22,19855.9
Trinity Bank,640,10-Dec-22,38908.9
Trinity Bank,866,10-Dec-22,42557.9
Trinity Bank,890,10-Dec-22,36431.7
Trinity Bank,915,10-Dec-22,89576.5
Trinity Bank,922,10-Dec-22,58993.6
Trinity Bank,1006,10-Dec-22,50488.5
Trinity Bank,1259,10-Dec-22,30603.3
Trinity Bank,1469,10-Dec-22,32998.8
Trinity Bank,1567,10-Dec-22,75108.9
Trinity Bank,1635,10-Dec-22,26239.6
Trinity Bank,1644,10-Dec-22,45012.2
Trinity Bank,1657,10-Dec-22,25056.2
Trinity Bank,1722,10-Dec-22,38417.7
Trinity Bank,1828,10-Dec-22,32075.9
Trinity Bank,1999,10-Dec-22,44705.6
Trinity Bank,2024,10-Dec-22,24457.3
Trinity Bank,2074,10-Dec-22,66501.6
Trinity Bank,2290,10-Dec-22,18404.3
Trinity Bank,2301,10-Dec-22,69629.4
Trinity Bank,2352,10-Dec-22,39809.3
Trinity Bank,2366,10-Dec-22,16531.9
Trinity Bank,2369,10-Dec-22,60899.3
Trinity Bank,2471,10-Dec-22,55394.7
Trinity Bank,2632,10-Dec-22,63811.4
Trinity Bank,2726,10-Dec-22,108881.1
Trinity Bank,2728,10-Dec-22,55284.4
Trinity Bank,2873,10-Dec-22,77187.4
Trinity Bank,2958,10-Dec-22,10938.2
Trinity Bank,2998,10-Dec-22,54040.9
Trinity Bank,3256,10-Dec-22,19572.5
Trinity Bank,3290,10-Dec-22,123730.4
Trinity Bank,3347,10-Dec-22,17348.3
Trinity Bank,3530,10-Dec-22,15564.7
Trinity Bank,3655,10-Dec-22,20070.1
Trinity Bank,3695,10-Dec-22,32877.1
Trinity Bank,3813,10-Dec-22,33305.4
Trinity Bank,3881,10-Dec-22,24376.7
Trinity Bank,3911,10-Dec-22,17419.5
Trinity Bank,3963,10-Dec-22,48957.1
Trinity Bank,3981,10-Dec-22,11708
Trinity Bank,4352,10-Dec-22,29116.4
Trinity Bank,7184,10-Dec-22,67386.9
Trinity Bank,9560,10-Dec-22,60110.1
UniCredit Bank,161,10-Dec-22,21361.2
UniCredit Bank,191,10-Dec-22,126097.1
UniCredit Bank,198,10-Dec-22,18964.9
UniCredit Bank,241,10-Dec-22,38019.3
UniCredit Bank,244,10-Dec-22,52374.2
UniCredit Bank,265,10-Dec-22,21774
UniCredit Bank,520,10-Dec-22,30755
UniCredit Bank,592,10-Dec-22,18462.1
UniCredit Bank,622,10-Dec-22,27302.1
UniCredit Bank,776,10-Dec-22,90840.1
UniCredit Bank,836,10-Dec-22,48346.4
UniCredit Bank,920,10-Dec-22,18207.5
UniCredit Bank,991,10-Dec-22,54386.2
UniCredit Bank,1079,10-Dec-22,89805.2
UniCredit Bank,1095,10-Dec-22,50750.7
UniCredit Bank,1227,10-Dec-22,34666.8
UniCredit Bank,1298,10-Dec-22,27642
UniCredit Bank,1317,10-Dec-22,21696.2
UniCredit Bank,1350,10-Dec-22,79640.9
UniCredit Bank,1412,10-Dec-22,34308.4
UniCredit Bank,1471,10-Dec-22,66991.9
UniCredit Bank,1484,10-Dec-22,36014.3
UniCredit Bank,1593,10-Dec-22,24846.4
UniCredit Bank,1641,10-Dec-22,24126.6
UniCredit Bank,1689,10-Dec-22,13312.1
UniCredit Bank,1714,10-Dec-22,30779
UniCredit Bank,1762,10-Dec-22,38121.8
UniCredit Bank,1819,10-Dec-22,70161.8
UniCredit Bank,1859,10-Dec-22,20070.8
UniCredit Bank,1958,10-Dec-22,46920.7
UniCredit Bank,1962,10-Dec-22,50591.9
UniCredit Bank,2009,10-Dec-22,52066.6
UniCredit Bank,2139,10-Dec-22,72674.4
UniCredit Bank,2191,10-Dec-22,26725.2
UniCredit Bank,2313,10-Dec-22,37795.2
UniCredit Bank,2532,10-Dec-22,100652
UniCredit Bank,2539,10-Dec-22,29143.7
UniCredit Bank,2590,10-Dec-22,13745
UniCredit Bank,2639,10-Dec-22,25836.7
UniCredit Bank,2754,10-Dec-22,21143.8
UniCredit Bank,3044,10-Dec-22,19320.9
UniCredit Bank,3224,10-Dec-22,26077.2
UniCredit Bank,3426,10-Dec-22,29193
UniCredit Bank,3592,10-Dec-22,25253.1
UniCredit Bank,3709,10-Dec-22,62063.7
UniCredit Bank,3717,10-Dec-22,4213.5
UniCredit Bank,3753,10-Dec-22,48202.9
UniCredit Bank,3941,10-Dec-22,17619.6
UniCredit Bank,4033,10-Dec-22,28512.3
UniCredit Bank,4415,10-Dec-22,59482.4
UniCredit Bank,5724,10-Dec-22,33246.9
UniCredit Bank,9673,10-Dec-22,75657.8
UniCredit Bank,10022,10-Dec-22,70447.7
UniCredit Bank,10645,10-Dec-22,70310.3
UniCredit Bank,10711,10-Dec-22,86664.8
Air Bank,57,10-Dec-22,64844.1
Air Bank,81,10-Dec-22,38746.1
Air Bank,90,10-Dec-22,13160.4
Air Bank,190,10-Dec-22,49579.4
Air Bank,246,10-Dec-22,13616.8
Air Bank,343,10-Dec-22,18381.5
Air Bank,368,10-Dec-22,20512.8
Air Bank,437,10-Dec-22,113734.6
Air Bank,544,10-Dec-22,110817.6
Air Bank,546,10-Dec-22,14661.8
Air Bank,630,10-Dec-22,32320.7
Air Bank,766,10-Dec-22,61104.7
Air Bank,889,10-Dec-22,27814.9
Air Bank,917,10-Dec-22,45969
Air Bank,945,10-Dec-22,26867.1
Air Bank,966,10-Dec-22,25389.8
Air Bank,1000,10-Dec-22,94890
Air Bank,1140,10-Dec-22,40502.5
Air Bank,1206,10-Dec-22,21502.2
Air Bank,1326,10-Dec-22,24103.9
Air Bank,1331,10-Dec-22,60793.1
Air Bank,1340,10-Dec-22,24370.9
Air Bank,1351,10-Dec-22,32946
Air Bank,1371,10-Dec-22,28666.9
Air Bank,1471,10-Dec-22,67167.9
Air Bank,1516,10-Dec-22,38446
Air Bank,1557,10-Dec-22,50578.1
Air Bank,1710,10-Dec-22,50243.3
Air Bank,1740,10-Dec-22,14607.4
Air Bank,1798,10-Dec-22,50806.1
Air Bank,2042,10-Dec-22,20242.1
Air Bank,2063,10-Dec-22,42869.3
Air Bank,2084,10-Dec-22,57406.2
Air Bank,2170,10-Dec-22,72280
Air Bank,2210,10-Dec-22,47495.2
Air Bank,2286,10-Dec-22,13421.5
Air Bank,2292,10-Dec-22,18571.6
Air Bank,2544,10-Dec-22,76702.9
Air Bank,2553,10-Dec-22,44011.8
Air Bank,2562,10-Dec-22,22090.9
Air Bank,2821,10-Dec-22,24120.5
Air Bank,2871,10-Dec-22,28235.3
Air Bank,2952,10-Dec-22,16179.1
Air Bank,2985,10-Dec-22,16359.4
Air Bank,3033,10-Dec-22,20846.4
Air Bank,3212,10-Dec-22,61055
Air Bank,3352,10-Dec-22,12398.6
Air Bank,3476,10-Dec-22,51626.1
Air Bank,3531,10-Dec-22,41635.9
Air Bank,3809,10-Dec-22,56644.8
Air Bank,3839,10-Dec-22,86678.6
Air Bank,3878,10-Dec-22,26203.1
Air Bank,3884,10-Dec-22,21222.5
Air Bank,3927,10-Dec-22,35381.7
Air Bank,5120,10-Dec-22,91309.3
Air Bank,8972,10-Dec-22,41181.6
Air Bank,9034,10-Dec-22,34042.5
Air Bank,9493,10-Dec-22,102791.9
Air Bank,10440,10-Dec-22,55274.2
Air Bank,11317,10-Dec-22,102563.2
Air Bank,11362,10-Dec-22,46639.8
Bank Creditas,22,10-Dec-22,11809
Bank Creditas,97,10-Dec-22,40396.1
Bank Creditas,237,10-Dec-22,14610
Bank Creditas,274,10-Dec-22,11991.9
Bank Creditas,286,10-Dec-22,56133
Bank Creditas,361,10-Dec-22,73519
Bank Creditas,632,10-Dec-22,21200.8
Bank Creditas,697,10-Dec-22,68409.2
Bank Creditas,800,10-Dec-22,33864.3
Bank Creditas,1013,10-Dec-22,24770.9
Bank Creditas,1090,10-Dec-22,49495.6
Bank Creditas,1116,10-Dec-22,51289.6
Bank Creditas,1185,10-Dec-22,22086.6
Bank Creditas,1197,10-Dec-22,46942.5
Bank Creditas,1437,10-Dec-22,23563.4
Bank Creditas,1440,10-Dec-22,18347
Bank Creditas,1584,10-Dec-22,31142.1
Bank Creditas,1761,10-Dec-22,42510.3
Bank Creditas,1794,10-Dec-22,20727.7
Bank Creditas,1822,10-Dec-22,43809
Bank Creditas,1858,10-Dec-22,25836
Bank Creditas,2058,10-Dec-22,9437.1
Bank Creditas,2062,10-Dec-22,46710.6
Bank Creditas,2230,10-Dec-22,34288.2
Bank Creditas,2234,10-Dec-22,31465.9
Bank Creditas,2475,10-Dec-22,8834.2
Bank Creditas,2544,10-Dec-22,73782.9
Bank Creditas,2640,10-Dec-22,86409.5
Bank Creditas,2902,10-Dec-22,43978.8
Bank Creditas,3056,10-Dec-22,29972.3
Bank Creditas,3133,10-Dec-22,26120.1
Bank Creditas,3172,10-Dec-22,18659
Bank Creditas,3637,10-Dec-22,88704.7
Bank Creditas,3757,10-Dec-22,67284.8
Bank Creditas,3841,10-Dec-22,36776.3
Bank Creditas,3857,10-Dec-22,20948.1
Bank Creditas,3882,10-Dec-22,31281.3
Bank Creditas,3936,10-Dec-22,16722.5
Bank Creditas,3976,10-Dec-22,36141.8
Bank Creditas,3992,10-Dec-22,38690.3
Bank Creditas,6472,10-Dec-22,91949.6
Bank Creditas,7890,10-Dec-22,54865.7
Bank Creditas,9422,10-Dec-22,41410.6
Czech export bank,19,10-Dec-22,30904.6
Czech export bank,222,10-Dec-22,75939.8
Czech export bank,268,10-Dec-22,61852.8
Czech export bank,283,10-Dec-22,23868.3
Czech export bank,287,10-Dec-22,17626.4
Czech export bank,327,10-Dec-22,71236.8
Czech export bank,531,10-Dec-22,33884.9
Czech export bank,760,10-Dec-22,32530.6
Czech export bank,822,10-Dec-22,34148.3
Czech export bank,926,10-Dec-22,28057.8
Czech export bank,1211,10-Dec-22,25563.1
Czech export bank,1437,10-Dec-22,23249.4
Czech export bank,1782,10-Dec-22,84136.5
Czech export bank,1882,10-Dec-22,14442.8
Czech export bank,1973,10-Dec-22,25865.7
Czech export bank,2437,10-Dec-22,16918.3
Czech export bank,2441,10-Dec-22,55664.4
Czech export bank,2567,10-Dec-22,20019.3
Czech export bank,2604,10-Dec-22,25972.8
Czech export bank,2646,10-Dec-22,45806.6
Czech export bank,2656,10-Dec-22,26724.2
Czech export bank,2676,10-Dec-22,36361.9
Czech export bank,2889,10-Dec-22,72938
Czech export bank,3024,10-Dec-22,20360.2
Czech export bank,3031,10-Dec-22,25119.5
Czech export bank,3032,10-Dec-22,51587.4
Czech export bank,3163,10-Dec-22,82103.8
Czech export bank,3173,10-Dec-22,26604.2
Czech export bank,3304,10-Dec-22,14236.7
Czech export bank,3485,10-Dec-22,45352.9
Czech export bank,3552,10-Dec-22,88447.8
Czech export bank,3588,10-Dec-22,38630.2
Czech export bank,3614,10-Dec-22,86665.6
Czech export bank,3661,10-Dec-22,29410.6
Czech export bank,3748,10-Dec-22,17911.8
Czech export bank,3917,10-Dec-22,66617.4
Czech export bank,4260,10-Dec-22,58558.3
Czech export bank,6353,10-Dec-22,36263.4
Czech export bank,7418,10-Dec-22,36881.5
Czech export bank,7861,10-Dec-22,63823
Kameron bank,1217,10-Dec-22,27096.1
Kameron bank,1318,10-Dec-22,20405.9
Kameron bank,1345,10-Dec-22,22826.4
Kameron bank,1390,10-Dec-22,33009.8
Kameron bank,1414,10-Dec-22,37435.5
Kameron bank,1468,10-Dec-22,27120.8
Kameron bank,1496,10-Dec-22,34575.6
Kameron bank,1824,10-Dec-22,92597.6
Kameron bank,1833,10-Dec-22,41007.2
Kameron bank,1891,10-Dec-22,91303.8
Kameron bank,1917,10-Dec-22,25114.7
Kameron bank,2008,10-Dec-22,101102.2
Kameron bank,2049,10-Dec-22,15925.5
Kameron bank,2057,10-Dec-22,76160.4
Kameron bank,2189,10-Dec-22,54014.8
Kameron bank,2231,10-Dec-22,17172
Kameron bank,2382,10-Dec-22,16818.8
Kameron bank,2455,10-Dec-22,30697.4
Kameron bank,2571,10-Dec-22,134736.2
Kameron bank,2575,10-Dec-22,26127.3
Kameron bank,2613,10-Dec-22,22241.9
Kameron bank,2624,10-Dec-22,65025.5
Kameron bank,2650,10-Dec-22,65046
Kameron bank,2796,10-Dec-22,120739.1
Kameron bank,3017,10-Dec-22,35351.9
Kameron bank,3218,10-Dec-22,19600.3
Kameron bank,3301,10-Dec-22,33737.7
Kameron bank,3351,10-Dec-22,30055.4
Kameron bank,3380,10-Dec-22,28555.7
Kameron bank,3550,10-Dec-22,19723.7
Kameron bank,3691,10-Dec-22,26116.9
Kameron bank,3763,10-Dec-22,17203.6
Kameron bank,3896,10-Dec-22,77668.2
Kameron bank,3914,10-Dec-22,102424.2
Kameron bank,3984,10-Dec-22,12757.4
Kameron bank,3986,10-Dec-22,38227.9
Kameron bank,4415,10-Dec-22,54881.4
Kameron bank,5422,10-Dec-22,28946.7
Kameron bank,9167,10-Dec-22,105668.9
Kameron bank,9227,10-Dec-22,22441.6
Kameron bank,9730,10-Dec-22,42011.6
Kameron bank,11231,10-Dec-22,19422.1
Max bank,29,10-Dec-22,38237.5
Max bank,53,10-Dec-22,21284.1
Max bank,275,10-Dec-22,16488.8
Max bank,280,10-Dec-22,51653.3
Max bank,290,10-Dec-22,40330.1
Max bank,680,10-Dec-22,32152.2
Max bank,710,10-Dec-22,25146.5
Max bank,714,10-Dec-22,14320.1
Max bank,780,10-Dec-22,36541.8
Max bank,885,10-Dec-22,112545
Max bank,1139,10-Dec-22,97101.9
Max bank,1142,10-Dec-22,26608.7
Max bank,1203,10-Dec-22,79977.6
Max bank,1401,10-Dec-22,43952.6
Max bank,1432,10-Dec-22,55088.5
Max bank,1519,10-Dec-22,69284.4
Max bank,1623,10-Dec-22,44845
Max bank,1658,10-Dec-22,24931.5
Max bank,1669,10-Dec-22,11037.6
Max bank,1733,10-Dec-22,21360
Max bank,1846,10-Dec-22,26260.2
Max bank,1932,10-Dec-22,21009.8
Max bank,1936,10-Dec-22,24125.4
Max bank,1956,10-Dec-22,53242.6
Max bank,1978,10-Dec-22,99125.5
Max bank,2075,10-Dec-22,21622.8
Max bank,2125,10-Dec-22,76446.7
Max bank,2162,10-Dec-22,92987
Max bank,2271,10-Dec-22,26187.8
Max bank,2542,10-Dec-22,23734.9
Max bank,2666,10-Dec-22,16584.7
Max bank,2757,10-Dec-22,21186.8
Max bank,2773,10-Dec-22,43064.4
Max bank,2850,10-Dec-22,19695.1
Max bank,2877,10-Dec-22,132660
Max bank,3007,10-Dec-22,47774.3
Max bank,3033,10-Dec-22,19709.4
Max bank,3070,10-Dec-22,38845.5
Max bank,3293,10-Dec-22,102752.5
Max bank,3323,10-Dec-22,59967.3
Max bank,3368,10-Dec-22,108180.5
Max bank,3501,10-Dec-22,8641.6
Max bank,3629,10-Dec-22,6214.9
Max bank,3745,10-Dec-22,83979.7
Max bank,3871,10-Dec-22,59997.1
Max bank,3916,10-Dec-22,20105
Moneta Money Bank,65,10-Dec-22,81292.2
Moneta Money Bank,98,10-Dec-22,16254.1
Moneta Money Bank,227,10-Dec-22,17854.2
Moneta Money Bank,260,10-Dec-22,49227.8
Moneta Money Bank,313,10-Dec-22,25681.3
Moneta Money Bank,844,10-Dec-22,80175.6
Moneta Money Bank,965,10-Dec-22,19616.4
Moneta Money Bank,987,10-Dec-22,48605.9
Moneta Money Bank,1012,10-Dec-22,71930.4
Moneta Money Bank,1044,10-Dec-22,35205.2
Moneta Money Bank,1045,10-Dec-22,11167.6
Moneta Money Bank,1166,10-Dec-22,52878.8
Moneta Money Bank,1168,10-Dec-22,25553.3
Moneta Money Bank,1325,10-Dec-22,24521.1
Moneta Money Bank,1446,10-Dec-22,94304.7
Moneta Money Bank,1500,10-Dec-22,86273.7
Moneta Money Bank,1647,10-Dec-22,44116.6
Moneta Money Bank,1877,10-Dec-22,52309.4
Moneta Money Bank,1920,10-Dec-22,55692.1
Moneta Money Bank,2000,10-Dec-22,72893.4
Moneta Money Bank,2035,10-Dec-22,83091.9
Moneta Money Bank,2203,10-Dec-22,24176.7
Moneta Money Bank,2315,10-Dec-22,40791.7
Moneta Money Bank,2347,10-Dec-22,18608.9
Moneta Money Bank,2468,10-Dec-22,31837.8
Moneta Money Bank,2508,10-Dec-22,18874
Moneta Money Bank,2525,10-Dec-22,6776.2
Moneta Money Bank,2526,10-Dec-22,16947.2
Moneta Money Bank,2661,10-Dec-22,12944.3
Moneta Money Bank,2707,10-Dec-22,48255.8
Moneta Money Bank,2823,10-Dec-22,18834.3
Moneta Money Bank,2980,10-Dec-22,17402.9
Moneta Money Bank,3193,10-Dec-22,35173.7
Moneta Money Bank,3213,10-Dec-22,17852.3
Moneta Money Bank,3233,10-Dec-22,80172.3
Moneta Money Bank,3236,10-Dec-22,15642.6
Moneta Money Bank,3366,10-Dec-22,50169.1
Moneta Money Bank,3390,10-Dec-22,68343.4
Moneta Money Bank,3394,10-Dec-22,19936.1
Moneta Money Bank,3617,10-Dec-22,112079.2
Moneta Money Bank,3667,10-Dec-22,20067.4
Moneta Money Bank,3846,10-Dec-22,14862.3
Moneta Money Bank,4408,10-Dec-22,71071.4
Moneta Money Bank,4784,10-Dec-22,85179.9
Moneta Money Bank,8073,10-Dec-22,88259.7
Moneta Money Bank,9640,10-Dec-22,67575.2
Moneta Money Bank,11349,10-Dec-22,70982.9
PPF Bank,25,10-Dec-22,89702
PPF Bank,75,10-Dec-22,27634
PPF Bank,130,10-Dec-22,22240.5
PPF Bank,290,10-Dec-22,37056.1
PPF Bank,301,10-Dec-22,23038.1
PPF Bank,324,10-Dec-22,40671.5
PPF Bank,689,10-Dec-22,29081.7
PPF Bank,784,10-Dec-22,19043
PPF Bank,791,10-Dec-22,27584.1
PPF Bank,800,10-Dec-22,36067.3
PPF Bank,851,10-Dec-22,4452.7
PPF Bank,867,10-Dec-22,22545.1
PPF Bank,889,10-Dec-22,25849.9
PPF Bank,920,10-Dec-22,20644.5
PPF Bank,982,10-Dec-22,21214.6
PPF Bank,1011,10-Dec-22,73123.4
PPF Bank,1017,10-Dec-22,46959.8
PPF Bank,1024,10-Dec-22,17928.5
PPF Bank,1030,10-Dec-22,46992.1
PPF Bank,1199,10-Dec-22,44850.1
PPF Bank,1259,10-Dec-22,27979.3
PPF Bank,1319,10-Dec-22,41235.8
PPF Bank,1785,10-Dec-22,33126.5
PPF Bank,2012,10-Dec-22,21857.6
PPF Bank,2196,10-Dec-22,18106.1
PPF Bank,2316,10-Dec-22,28429.4
PPF Bank,2451,10-Dec-22,40349.6
PPF Bank,2465,10-Dec-22,10517.4
PPF Bank,2541,10-Dec-22,53133.5
PPF Bank,2560,10-Dec-22,26464.1
PPF Bank,2651,10-Dec-22,21148.7
PPF Bank,2805,10-Dec-22,16499.2
PPF Bank,2878,10-Dec-22,14597.2
PPF Bank,3060,10-Dec-22,14672.7
PPF Bank,3064,10-Dec-22,48340.4
PPF Bank,3346,10-Dec-22,60044.7
PPF Bank,3387,10-Dec-22,79315.9
PPF Bank,3515,10-Dec-22,18061.9
PPF Bank,3591,10-Dec-22,52493.7
PPF Bank,3610,10-Dec-22,22398.5
PPF Bank,3635,10-Dec-22,18311.1
PPF Bank,3963,10-Dec-22,49122.1
PPF Bank,4349,10-Dec-22,84959
PPF Bank,4475,10-Dec-22,51579.4
PPF Bank,7424,10-Dec-22,82851.6
PPF Bank,7487,10-Dec-22,67012.5
PPF Bank,9031,10-Dec-22,24262.1
Raiffeisen bank,38,10-Dec-22,54496
Raiffeisen bank,70,10-Dec-22,42247.8
Raiffeisen bank,123,10-Dec-22,24136.9
Raiffeisen bank,267,10-Dec-22,17570.2
Raiffeisen bank,294,10-Dec-22,78858.3
Raiffeisen bank,314,10-Dec-22,63740.1
Raiffeisen bank,324,10-Dec-22,40387.5
Raiffeisen bank,342,10-Dec-22,19846.1
Raiffeisen bank,352,10-Dec-22,18468.1
Raiffeisen bank,471,10-Dec-22,40687.8
Raiffeisen bank,582,10-Dec-22,21169.7
Raiffeisen bank,603,10-Dec-22,53480.2
Raiffeisen bank,705,10-Dec-22,9506.4
Raiffeisen bank,768,10-Dec-22,33341.1
Raiffeisen bank,852,10-Dec-22,16755.5
Raiffeisen bank,996,10-Dec-22,25471.4
Raiffeisen bank,1206,10-Dec-22,18223.2
Raiffeisen bank,1316,10-Dec-22,19623.9
Raiffeisen bank,1373,10-Dec-22,20330
Raiffeisen bank,1399,10-Dec-22,23997
Raiffeisen bank,1622,10-Dec-22,40581.2
Raiffeisen bank,1666,10-Dec-22,50698.8
Raiffeisen bank,1790,10-Dec-22,53095.7
Raiffeisen bank,1800,10-Dec-22,60644.2
Raiffeisen bank,1847,10-Dec-22,58950.2
Raiffeisen bank,1875,10-Dec-22,23871
Raiffeisen bank,2172,10-Dec-22,24048.7
Raiffeisen bank,2241,10-Dec-22,63727.2
Raiffeisen bank,2316,10-Dec-22,28436.4
Raiffeisen bank,2344,10-Dec-22,30335.2
Raiffeisen bank,2384,10-Dec-22,131555.9
Raiffeisen bank,2464,10-Dec-22,64400
Raiffeisen bank,2546,10-Dec-22,12071.2
Raiffeisen bank,2547,10-Dec-22,54730.7
Raiffeisen bank,2663,10-Dec-22,27508
Raiffeisen bank,2742,10-Dec-22,50493.8
Raiffeisen bank,3041,10-Dec-22,11940.5
Raiffeisen bank,3061,10-Dec-22,23149.2
Raiffeisen bank,3062,10-Dec-22,21327.7
Raiffeisen bank,3078,10-Dec-22,17685.8
Raiffeisen bank,3354,10-Dec-22,33650.3
Raiffeisen bank,3436,10-Dec-22,30301.8
Raiffeisen bank,3635,10-Dec-22,16266.1
Raiffeisen bank,3672,10-Dec-22,70050.8
Raiffeisen bank,3810,10-Dec-22,52591.1
Raiffeisen bank,3919,10-Dec-22,74955.5
Raiffeisen bank,3999,10-Dec-22,88388.4
Raiffeisen bank,4413,10-Dec-22,64149.5
Raiffeisen bank,7437,10-Dec-22,51583.4
Raiffeisen bank,8261,10-Dec-22,37803.5
Raiffeisen bank,8411,10-Dec-22,53235.8
Raiffeisen bank,11265,10-Dec-22,27282.4
Fio bank,24,10-Dec-22,28401.6
Fio bank,241,10-Dec-22,38651.3
Fio bank,248,10-Dec-22,62902.2
Fio bank,411,10-Dec-22,42498
Fio bank,629,10-Dec-22,27802.6
Fio bank,689,10-Dec-22,26693.7
Fio bank,694,10-Dec-22,36581.3
Fio bank,749,10-Dec-22,38942.4
Fio bank,872,10-Dec-22,39934.8
Fio bank,873,10-Dec-22,10848.7
Fio bank,937,10-Dec-22,33465.8
Fio bank,1089,10-Dec-22,42303.5
Fio bank,1312,10-Dec-22,33523.7
Fio bank,1326,10-Dec-22,24199.9
Fio bank,1349,10-Dec-22,20072.5
Fio bank,1376,10-Dec-22,24518.5
Fio bank,1391,10-Dec-22,56238.3
Fio bank,1467,10-Dec-22,80039
Fio bank,1479,10-Dec-22,16420.5
Fio bank,1529,10-Dec-22,20731.1
Fio bank,1638,10-Dec-22,29565
Fio bank,1670,10-Dec-22,25665.9
Fio bank,1706,10-Dec-22,50861
Fio bank,1725,10-Dec-22,104149.7
Fio bank,2068,10-Dec-22,16726.8
Fio bank,2128,10-Dec-22,19344.8
Fio bank,2468,10-Dec-22,29743.8
Fio bank,2502,10-Dec-22,29150
Fio bank,2510,10-Dec-22,48646.4
Fio bank,2657,10-Dec-22,29082.5
Fio bank,2705,10-Dec-22,63100.4
Fio bank,2743,10-Dec-22,9944.5
Fio bank,2746,10-Dec-22,36302.5
Fio bank,2757,10-Dec-22,19109.8
Fio bank,2906,10-Dec-22,16462.1
Fio bank,2950,10-Dec-22,59116.4
Fio bank,3017,10-Dec-22,32332.9
Fio bank,3043,10-Dec-22,18081.5
Fio bank,3245,10-Dec-22,20411
Fio bank,3343,10-Dec-22,33645.1
Fio bank,3468,10-Dec-22,67669.6
Fio bank,3491,10-Dec-22,48573.2
Fio bank,3547,10-Dec-22,30100.5
Fio bank,3552,10-Dec-22,88799.8
Fio bank,3629,10-Dec-22,5846.9
Fio bank,3764,10-Dec-22,35544.8
Fio bank,3772,10-Dec-22,45966.3
Fio bank,3917,10-Dec-22,66889.4
Fio bank,3926,10-Dec-22,50078.9
Fio bank,5215,10-Dec-22,69809.8
Fio bank,7184,10-Dec-22,66695.9
Fio bank,7857,10-Dec-22,119871.2
Fio bank,8784,10-Dec-22,81317.8
Fio bank,10884,10-Dec-22,62905.4
Fio bank,11382,10-Dec-22,87362.4
J&T Bank,49,10-Dec-22,10595.4
J&T Bank,124,10-Dec-22,14924.3
J&T Bank,133,10-Dec-22,47850
J&T Bank,317,10-Dec-22,39987.4
J&T Bank,436,10-Dec-22,21794.6
J&T Bank,609,10-Dec-22,23075.7
J&T Bank,655,10-Dec-22,96128
J&T Bank,757,10-Dec-22,79999.8
J&T Bank,798,10-Dec-22,46386.9
J&T Bank,997,10-Dec-22,24939.8
J&T Bank,1102,10-Dec-22,41614.9
J&T Bank,1158,10-Dec-22,35857.7
J&T Bank,1336,10-Dec-22,36016.2
J&T Bank,1406,10-Dec-22,17012.8
J&T Bank,1551,10-Dec-22,25918.4
J&T Bank,1575,10-Dec-22,35251.5
J&T Bank,1582,10-Dec-22,19230.7
J&T Bank,1659,10-Dec-22,43154.4
J&T Bank,1711,10-Dec-22,26287.8
J&T Bank,1881,10-Dec-22,16711.2
J&T Bank,1890,10-Dec-22,63517.2
J&T Bank,1930,10-Dec-22,36528.5
J&T Bank,1954,10-Dec-22,19698
J&T Bank,2159,10-Dec-22,81263.3
J&T Bank,2179,10-Dec-22,58638.7
J&T Bank,2192,10-Dec-22,25194.6
J&T Bank,2235,10-Dec-22,54726.6
J&T Bank,2394,10-Dec-22,41116.1
J&T Bank,2517,10-Dec-22,66189.9
J&T Bank,2554,10-Dec-22,80090.8
J&T Bank,2561,10-Dec-22,48813.9
J&T Bank,2644,10-Dec-22,31081.5
J&T Bank,2738,10-Dec-22,55576.2
J&T Bank,2842,10-Dec-22,25624.5
J&T Bank,2915,10-Dec-22,128999.3
J&T Bank,2981,10-Dec-22,10570.3
J&T Bank,2986,10-Dec-22,86797.4
J&T Bank,3100,10-Dec-22,15771.7
J&T Bank,3172,10-Dec-22,20558
J&T Bank,3214,10-Dec-22,20578.5
J&T Bank,3302,10-Dec-22,62424.2
J&T Bank,3369,10-Dec-22,52342.4
J&T Bank,3443,10-Dec-22,24321.6
J&T Bank,3535,10-Dec-22,27093.6
J&T Bank,3585,10-Dec-22,25384.2
J&T Bank,3669,10-Dec-22,18538.9
J&T Bank,3804,10-Dec-22,76415.8
J&T Bank,3850,10-Dec-22,74450.9
J&T Bank,4066,10-Dec-22,74891.8
J&T Bank,4354,10-Dec-22,82613.1
J&T Bank,4660,10-Dec-22,53749.3
J&T Bank,10202,10-Dec-22,31667.6
J&T Bank,10738,10-Dec-22,97329.4
J&T Bank,11013,10-Dec-22,50871.6
Kameron bank,319,10-Dec-22,87804.1
Kameron bank,456,10-Dec-22,120464.7
Kameron bank,470,10-Dec-22,43769.7
Kameron bank,638,10-Dec-22,12629.1
Kameron bank,804,10-Dec-22,73710.5
Kameron bank,854,10-Dec-22,51663.8
Kameron bank,924,10-Dec-22,22189.4
Kameron bank,954,10-Dec-22,26923.5
Kameron bank,1030,10-Dec-22,48356.1
Kameron bank,1176,10-Dec-22,12866.5
Trinity Bank,17,08-Dec-22,54840.6
Trinity Bank,62,08-Dec-22,18460.9
Trinity Bank,485,08-Dec-22,59280.1
Trinity Bank,571,08-Dec-22,25468.2
Trinity Bank,584,08-Dec-22,17519.1
Trinity Bank,602,08-Dec-22,18501
Trinity Bank,606,08-Dec-22,72169.4
Trinity Bank,659,08-Dec-22,21702.1
Trinity Bank,827,08-Dec-22,31309.5
Trinity Bank,843,08-Dec-22,13718.1
Trinity Bank,1002,08-Dec-22,23284.8
Trinity Bank,1013,08-Dec-22,26851.9
Trinity Bank,1034,08-Dec-22,16214.2
Trinity Bank,1037,08-Dec-22,82117.3
Trinity Bank,1104,08-Dec-22,67678.5
Trinity Bank,1262,08-Dec-22,30844.2
Trinity Bank,1320,08-Dec-22,18142
Trinity Bank,1331,08-Dec-22,44608.1
Trinity Bank,1461,08-Dec-22,47331.8
Trinity Bank,1485,08-Dec-22,113725.4
Trinity Bank,1726,08-Dec-22,17619.9
Trinity Bank,1862,08-Dec-22,106250.9
Trinity Bank,2002,08-Dec-22,38964.2
Trinity Bank,2035,08-Dec-22,92412.9
Trinity Bank,2206,08-Dec-22,47022.1
Trinity Bank,2526,08-Dec-22,10890.2
Trinity Bank,2538,08-Dec-22,30499.9
Trinity Bank,2578,08-Dec-22,16476
Trinity Bank,2662,08-Dec-22,30277.9
Trinity Bank,2845,08-Dec-22,79196.6
Trinity Bank,3101,08-Dec-22,18749.2
Trinity Bank,3178,08-Dec-22,18375.6
Trinity Bank,3222,08-Dec-22,19478.1
Trinity Bank,3580,08-Dec-22,73383
Trinity Bank,3680,08-Dec-22,30367.4
Trinity Bank,3732,08-Dec-22,30578.8
Trinity Bank,3830,08-Dec-22,23913.7
Trinity Bank,3841,08-Dec-22,37216.3
Trinity Bank,3948,08-Dec-22,69425.2
Trinity Bank,4013,08-Dec-22,60867
Trinity Bank,4240,08-Dec-22,45077.3
Trinity Bank,5442,08-Dec-22,38435.1
Trinity Bank,6434,08-Dec-22,81672.2
Trinity Bank,6738,08-Dec-22,56443.2
Trinity Bank,7099,08-Dec-22,60228.1
Trinity Bank,7262,08-Dec-22,32048.2
Trinity Bank,8564,08-Dec-22,43786.1
Trinity Bank,10884,08-Dec-22,67313.4
UniCredit Bank,528,08-Dec-22,23450.9
UniCredit Bank,617,08-Dec-22,31690.6
UniCredit Bank,815,08-Dec-22,13224.7
UniCredit Bank,878,08-Dec-22,68587.7
UniCredit Bank,879,08-Dec-22,14157
UniCredit Bank,880,08-Dec-22,59636.6
UniCredit Bank,1044,08-Dec-22,35393.2
UniCredit Bank,1085,08-Dec-22,41271.7
UniCredit Bank,1266,08-Dec-22,39867.6
UniCredit Bank,1341,08-Dec-22,14367.9
UniCredit Bank,1373,08-Dec-22,17368
UniCredit Bank,1376,08-Dec-22,27249.5
UniCredit Bank,1529,08-Dec-22,21867.1
UniCredit Bank,1552,08-Dec-22,39232.8
UniCredit Bank,1614,08-Dec-22,109424.5
UniCredit Bank,1799,08-Dec-22,23794.2
UniCredit Bank,1816,08-Dec-22,15226.4
UniCredit Bank,2047,08-Dec-22,45817.1
UniCredit Bank,2101,08-Dec-22,24360.4
UniCredit Bank,2147,08-Dec-22,27262.5
UniCredit Bank,2252,08-Dec-22,25779.9
UniCredit Bank,2278,08-Dec-22,51417.3
UniCredit Bank,2294,08-Dec-22,32277.9
UniCredit Bank,2328,08-Dec-22,58107.3
UniCredit Bank,2397,08-Dec-22,31926.8
UniCredit Bank,2421,08-Dec-22,49919.5
UniCredit Bank,2476,08-Dec-22,18586
UniCredit Bank,2588,08-Dec-22,60153.2
UniCredit Bank,2593,08-Dec-22,44906.2
UniCredit Bank,2673,08-Dec-22,42225.2
UniCredit Bank,2982,08-Dec-22,106564.2
UniCredit Bank,3094,08-Dec-22,23763.4
UniCredit Bank,3260,08-Dec-22,41965.1
UniCredit Bank,3582,08-Dec-22,14807.3
UniCredit Bank,3631,08-Dec-22,56576.7
UniCredit Bank,3844,08-Dec-22,20801.7
UniCredit Bank,3875,08-Dec-22,105175.4
UniCredit Bank,3922,08-Dec-22,10185.2
UniCredit Bank,3934,08-Dec-22,21949.3
UniCredit Bank,3981,08-Dec-22,12044
UniCredit Bank,4266,08-Dec-22,29380.5
UniCredit Bank,5442,08-Dec-22,60345.1
UniCredit Bank,5952,08-Dec-22,59891.9
UniCredit Bank,8260,08-Dec-22,148084.4
UniCredit Bank,10365,08-Dec-22,39365
Air Bank,38,08-Dec-22,54727
Air Bank,42,08-Dec-22,19015.8
Air Bank,473,08-Dec-22,41553.7
Air Bank,508,08-Dec-22,21799.3
Air Bank,555,08-Dec-22,20086.5
Air Bank,612,08-Dec-22,18660.8
Air Bank,726,08-Dec-22,20287
Air Bank,728,08-Dec-22,9329.4
Air Bank,734,08-Dec-22,15677.9
Air Bank,772,08-Dec-22,63310
Air Bank,862,08-Dec-22,119641.1
Air Bank,866,08-Dec-22,46399.9
Air Bank,873,08-Dec-22,12388.7
Air Bank,989,08-Dec-22,21473.7
Air Bank,1076,08-Dec-22,67974.8
Air Bank,1086,08-Dec-22,26273.3
Air Bank,1160,08-Dec-22,95022.8
Air Bank,1267,08-Dec-22,13947.3
Air Bank,1317,08-Dec-22,14964.2
Air Bank,1414,08-Dec-22,42875.5
Air Bank,1437,08-Dec-22,25316.4
Air Bank,1483,08-Dec-22,56022.2
Air Bank,1517,08-Dec-22,16554.3
Air Bank,1647,08-Dec-22,45315.6
Air Bank,1656,08-Dec-22,20295.6
Air Bank,1681,08-Dec-22,35185.8
Air Bank,1686,08-Dec-22,44034.2
Air Bank,1778,08-Dec-22,50895.7
Air Bank,2000,08-Dec-22,72941.4
Air Bank,2011,08-Dec-22,23766.6
Air Bank,2023,08-Dec-22,66689.4
Air Bank,2026,08-Dec-22,55346.6
Air Bank,2107,08-Dec-22,47235.3
Air Bank,2131,08-Dec-22,44659.4
Air Bank,2179,08-Dec-22,64752.7
Air Bank,2225,08-Dec-22,18743.6
Air Bank,2349,08-Dec-22,20194.3
Air Bank,2542,08-Dec-22,32206.9
Air Bank,2690,08-Dec-22,23750.5
Air Bank,2770,08-Dec-22,41976.2
Air Bank,2838,08-Dec-22,68814.3
Air Bank,2908,08-Dec-22,57365.8
Air Bank,3169,08-Dec-22,35676.3
Air Bank,3199,08-Dec-22,84871.2
Air Bank,3229,08-Dec-22,20640.4
Air Bank,3325,08-Dec-22,92152.2
Air Bank,3331,08-Dec-22,31549.6
Air Bank,3365,08-Dec-22,26971.5
Air Bank,3457,08-Dec-22,28266.1
Air Bank,3791,08-Dec-22,87328.1
Air Bank,3862,08-Dec-22,44117
Air Bank,3975,08-Dec-22,23201.5
Air Bank,3990,08-Dec-22,17555.9
Air Bank,4585,08-Dec-22,55055.9
Air Bank,7437,08-Dec-22,51814.4
Air Bank,7559,08-Dec-22,44225.8
Air Bank,9159,08-Dec-22,70990.1
Air Bank,9548,08-Dec-22,92925.6
Air Bank,9833,08-Dec-22,125918.2
Air Bank,11327,08-Dec-22,62029
Bank Creditas,29,08-Dec-22,15098.5
Bank Creditas,58,08-Dec-22,15159.8
Bank Creditas,59,08-Dec-22,82834.7
Bank Creditas,215,08-Dec-22,17383
Bank Creditas,305,08-Dec-22,17317.8
Bank Creditas,359,08-Dec-22,28349.1
Bank Creditas,425,08-Dec-22,41737.9
Bank Creditas,442,08-Dec-22,12518.4
Bank Creditas,550,08-Dec-22,19856
Bank Creditas,555,08-Dec-22,12868.5
Bank Creditas,578,08-Dec-22,31909.6
Bank Creditas,666,08-Dec-22,64776.4
Bank Creditas,752,08-Dec-22,30180.4
Bank Creditas,812,08-Dec-22,20102.3
Bank Creditas,858,08-Dec-22,58593.2
Bank Creditas,980,08-Dec-22,44707.6
Bank Creditas,1019,08-Dec-22,38356.9
Bank Creditas,1059,08-Dec-22,14552.4
Bank Creditas,1133,08-Dec-22,18186
Bank Creditas,1322,08-Dec-22,24297.8
Bank Creditas,1403,08-Dec-22,6931.6
Bank Creditas,1473,08-Dec-22,20121.8
Bank Creditas,1542,08-Dec-22,21820.6
Bank Creditas,1863,08-Dec-22,55818.2
Bank Creditas,1930,08-Dec-22,30008.5
Bank Creditas,2306,08-Dec-22,63288.2
Bank Creditas,2374,08-Dec-22,34017
Bank Creditas,2376,08-Dec-22,56626.5
Bank Creditas,2550,08-Dec-22,99970.8
Bank Creditas,2603,08-Dec-22,30904.5
Bank Creditas,2681,08-Dec-22,96785.1
Bank Creditas,2721,08-Dec-22,44939.7
Bank Creditas,2796,08-Dec-22,59785.1
Bank Creditas,2809,08-Dec-22,20559
Bank Creditas,3028,08-Dec-22,12549.4
Bank Creditas,3029,08-Dec-22,27975.6
Bank Creditas,3040,08-Dec-22,22663.7
Bank Creditas,3115,08-Dec-22,74449.2
Bank Creditas,3250,08-Dec-22,20759.2
Bank Creditas,3347,08-Dec-22,11991.3
Bank Creditas,3434,08-Dec-22,15461.6
Bank Creditas,3435,08-Dec-22,31374.4
Bank Creditas,3537,08-Dec-22,14269.5
Bank Creditas,3542,08-Dec-22,30759.1
Bank Creditas,3571,08-Dec-22,33117.2
Bank Creditas,3676,08-Dec-22,15928
Bank Creditas,3745,08-Dec-22,84820.7
Bank Creditas,3860,08-Dec-22,33068.3
Bank Creditas,4414,08-Dec-22,33805.7
Bank Creditas,8492,08-Dec-22,67697.8
Bank Creditas,9263,08-Dec-22,13565.4
Bank Creditas,10093,08-Dec-22,76581.8
Bank Creditas,10411,08-Dec-22,42788.3
Czech export bank,129,08-Dec-22,21131.6
Czech export bank,373,08-Dec-22,58508.7
Czech export bank,383,08-Dec-22,18876
Czech export bank,490,08-Dec-22,17274.6
Czech export bank,748,08-Dec-22,100345.1
Czech export bank,952,08-Dec-22,57834.5
Czech export bank,953,08-Dec-22,23708.1
Czech export bank,1046,08-Dec-22,38550.5
Czech export bank,1072,08-Dec-22,48535.8
Czech export bank,1181,08-Dec-22,19929.1
Czech export bank,1275,08-Dec-22,27133.9
Czech export bank,1276,08-Dec-22,23216.4
Czech export bank,1280,08-Dec-22,55441.1
Czech export bank,1323,08-Dec-22,44881.4
Czech export bank,1363,08-Dec-22,66121.7
Czech export bank,1365,08-Dec-22,68156.6
Czech export bank,1447,08-Dec-22,45192
Czech export bank,1650,08-Dec-22,45589.4
Czech export bank,1688,08-Dec-22,30804.2
Czech export bank,1904,08-Dec-22,28341.2
Czech export bank,1921,08-Dec-22,22785
Czech export bank,2045,08-Dec-22,19272
Czech export bank,2128,08-Dec-22,13920.8
Czech export bank,2179,08-Dec-22,64674.7
Czech export bank,2204,08-Dec-22,29995.2
Czech export bank,2484,08-Dec-22,23314.3
Czech export bank,2581,08-Dec-22,77555.4
Czech export bank,2584,08-Dec-22,24449.3
Czech export bank,2825,08-Dec-22,29849.7
Czech export bank,3023,08-Dec-22,24268.4
Czech export bank,3049,08-Dec-22,64384.8
Czech export bank,3221,08-Dec-22,44668.9
Czech export bank,3240,08-Dec-22,5484.7
Czech export bank,3309,08-Dec-22,34934.2
Czech export bank,3395,08-Dec-22,88025.3
Czech export bank,3401,08-Dec-22,31391.2
Czech export bank,3458,08-Dec-22,28577.3
Czech export bank,3531,08-Dec-22,34673.9
Czech export bank,3561,08-Dec-22,23270.2
Czech export bank,3887,08-Dec-22,47828.8
Czech export bank,3911,08-Dec-22,19365.5
Czech export bank,3913,08-Dec-22,31413.8
Czech export bank,3982,08-Dec-22,48075.7
Czech export bank,4533,08-Dec-22,76640.1
Czech export bank,4681,08-Dec-22,64864.2
Czech export bank,9703,08-Dec-22,82203.2
Czech export bank,10439,08-Dec-22,120007.8
Czech export bank,10711,08-Dec-22,89378.8
Kameron bank,1228,08-Dec-22,34344.4
Kameron bank,1256,08-Dec-22,48127.6
Kameron bank,1346,08-Dec-22,12621.7
Kameron bank,1427,08-Dec-22,70813.6
Kameron bank,1617,08-Dec-22,19332.2
Kameron bank,1711,08-Dec-22,28445.8
Kameron bank,1772,08-Dec-22,151677.1
Kameron bank,2047,08-Dec-22,43147.1
Kameron bank,2154,08-Dec-22,13144.8
Kameron bank,2312,08-Dec-22,18981.5
Kameron bank,2323,08-Dec-22,43261.4
Kameron bank,2452,08-Dec-22,26783.7
Kameron bank,2488,08-Dec-22,38756.8
Kameron bank,2555,08-Dec-22,66591
Kameron bank,2638,08-Dec-22,62926.6
Kameron bank,2679,08-Dec-22,23556.1
Kameron bank,2795,08-Dec-22,44398.5
Kameron bank,2918,08-Dec-22,13587.9
Kameron bank,3062,08-Dec-22,16860.7
Kameron bank,3067,08-Dec-22,21446.3
Kameron bank,3100,08-Dec-22,22046.7
Kameron bank,3119,08-Dec-22,21925.7
Kameron bank,3168,08-Dec-22,43511.2
Kameron bank,3188,08-Dec-22,33118.9
Kameron bank,3248,08-Dec-22,17367.1
Kameron bank,3526,08-Dec-22,52257.4
Kameron bank,3584,08-Dec-22,78169.1
Kameron bank,3669,08-Dec-22,22682.9
Kameron bank,3754,08-Dec-22,96558.8
Kameron bank,3799,08-Dec-22,43045.8
Kameron bank,5423,08-Dec-22,14396
Kameron bank,6281,08-Dec-22,14826.1
Kameron bank,6792,08-Dec-22,30289.4
Kameron bank,7082,08-Dec-22,35555.6
Kameron bank,8038,08-Dec-22,49939.6
Kameron bank,8039,08-Dec-22,83652.2
Max bank,131,08-Dec-22,20688.5
Max bank,364,08-Dec-22,27727.8
Max bank,548,08-Dec-22,18148.4
Max bank,561,08-Dec-22,25479.5
Max bank,914,08-Dec-22,24004.9
Max bank,978,08-Dec-22,86728.2
Max bank,981,08-Dec-22,75255.1
Max bank,1020,08-Dec-22,18667.7
Max bank,1048,08-Dec-22,21547.3
Max bank,1097,08-Dec-22,78532.4
Max bank,1125,08-Dec-22,18867
Max bank,1209,08-Dec-22,25263.3
Max bank,1233,08-Dec-22,15850.4
Max bank,1295,08-Dec-22,11381.3
Max bank,1297,08-Dec-22,105000.4
Max bank,1451,08-Dec-22,15597.4
Max bank,1535,08-Dec-22,51589.9
Max bank,1621,08-Dec-22,36123.9
Max bank,1642,08-Dec-22,8739.7
Max bank,1757,08-Dec-22,121852
Max bank,1838,08-Dec-22,55359.2
Max bank,1877,08-Dec-22,45824.4
Max bank,2256,08-Dec-22,11872.7
Max bank,2298,08-Dec-22,33266.9
Max bank,2305,08-Dec-22,-18107.9
Max bank,2362,08-Dec-22,26300.4
Max bank,2444,08-Dec-22,104591.8
Max bank,2792,08-Dec-22,43374.7
Max bank,2853,08-Dec-22,72431.2
Max bank,2854,08-Dec-22,72973.3
Max bank,2952,08-Dec-22,17808.1
Max bank,2953,08-Dec-22,47188.8
Max bank,3009,08-Dec-22,26923.3
Max bank,3174,08-Dec-22,29853.4
Max bank,3232,08-Dec-22,15463.2
Max bank,3266,08-Dec-22,33391.8
Max bank,3477,08-Dec-22,16799.5
Max bank,3638,08-Dec-22,105896.6
Max bank,3964,08-Dec-22,17214.9
Max bank,7136,08-Dec-22,27318.3
Max bank,9006,08-Dec-22,34348.7
Max bank,9645,08-Dec-22,76973.5
Moneta Money Bank,5,08-Dec-22,27019.2
Moneta Money Bank,34,08-Dec-22,41980.8
Moneta Money Bank,81,08-Dec-22,35662.1
Moneta Money Bank,148,08-Dec-22,25853.4
Moneta Money Bank,183,08-Dec-22,50636.8
Moneta Money Bank,249,08-Dec-22,45407.3
Moneta Money Bank,282,08-Dec-22,24774.1
Moneta Money Bank,385,08-Dec-22,27821.3
Moneta Money Bank,575,08-Dec-22,30213.3
Moneta Money Bank,591,08-Dec-22,26346.6
Moneta Money Bank,622,08-Dec-22,34151.1
Moneta Money Bank,688,08-Dec-22,17562
Moneta Money Bank,851,08-Dec-22,5333.7
Moneta Money Bank,852,08-Dec-22,18768.5
Moneta Money Bank,885,08-Dec-22,114965
Moneta Money Bank,933,08-Dec-22,25100.1
Moneta Money Bank,1137,08-Dec-22,17958.9
Moneta Money Bank,1299,08-Dec-22,26774.2
Moneta Money Bank,1637,08-Dec-22,30585.4
Moneta Money Bank,1737,08-Dec-22,28694.6
Moneta Money Bank,1756,08-Dec-22,66345.2
Moneta Money Bank,1857,08-Dec-22,57285
Moneta Money Bank,1913,08-Dec-22,65578.8
Moneta Money Bank,1914,08-Dec-22,75090.1
Moneta Money Bank,2139,08-Dec-22,32334.4
Moneta Money Bank,2432,08-Dec-22,35289.8
Moneta Money Bank,2448,08-Dec-22,17542.7
Moneta Money Bank,2470,08-Dec-22,51199.1
Moneta Money Bank,2532,08-Dec-22,27204
Moneta Money Bank,2543,08-Dec-22,79013.5
Moneta Money Bank,2545,08-Dec-22,33441.1
Moneta Money Bank,2618,08-Dec-22,30033.8
Moneta Money Bank,2672,08-Dec-22,18432.6
Moneta Money Bank,2745,08-Dec-22,42963.9
Moneta Money Bank,2767,08-Dec-22,52855.8
Moneta Money Bank,2791,08-Dec-22,14190.2
Moneta Money Bank,2818,08-Dec-22,104389.6
Moneta Money Bank,3022,08-Dec-22,28768.4
Moneta Money Bank,3050,08-Dec-22,106742.5
Moneta Money Bank,3113,08-Dec-22,41843.9
Moneta Money Bank,3248,08-Dec-22,20160.1
Moneta Money Bank,3258,08-Dec-22,51997.5
Moneta Money Bank,3266,08-Dec-22,31863.8
Moneta Money Bank,3624,08-Dec-22,48497.2
Moneta Money Bank,3781,08-Dec-22,64356.4
Moneta Money Bank,3828,08-Dec-22,19967
Moneta Money Bank,3982,08-Dec-22,50228.7
Moneta Money Bank,4171,08-Dec-22,21403.2
Moneta Money Bank,4332,08-Dec-22,55228
Moneta Money Bank,4476,08-Dec-22,31626.2
Moneta Money Bank,5574,08-Dec-22,131517.3
Moneta Money Bank,7861,08-Dec-22,64223
Moneta Money Bank,9859,08-Dec-22,83983.5
Moneta Money Bank,11027,08-Dec-22,24167.6
Raiffeisen bank,33,08-Dec-22,78792
Raiffeisen bank,209,08-Dec-22,42377
Raiffeisen bank,216,08-Dec-22,15660.3
Raiffeisen bank,232,08-Dec-22,51142.6
Raiffeisen bank,292,08-Dec-22,16434.8
Raiffeisen bank,313,08-Dec-22,27975.3
Raiffeisen bank,405,08-Dec-22,9943.6
Raiffeisen bank,473,08-Dec-22,38913.7
Raiffeisen bank,480,08-Dec-22,56072.6
Raiffeisen bank,588,08-Dec-22,18454.8
Raiffeisen bank,633,08-Dec-22,13983.4
Raiffeisen bank,635,08-Dec-22,13378.1
Raiffeisen bank,656,08-Dec-22,33409.5
Raiffeisen bank,673,08-Dec-22,22963.4
Raiffeisen bank,753,08-Dec-22,22094
Raiffeisen bank,767,08-Dec-22,23066.1
Raiffeisen bank,784,08-Dec-22,20528
Raiffeisen bank,855,08-Dec-22,50822.1
Raiffeisen bank,888,08-Dec-22,28219.7
Raiffeisen bank,1120,08-Dec-22,31704.9
Raiffeisen bank,1187,08-Dec-22,32934.9
Raiffeisen bank,1193,08-Dec-22,36570.2
Raiffeisen bank,1288,08-Dec-22,27790
Raiffeisen bank,1349,08-Dec-22,23885.5
Raiffeisen bank,1363,08-Dec-22,64604.7
Raiffeisen bank,1422,08-Dec-22,46671.1
Raiffeisen bank,1477,08-Dec-22,22170.2
Raiffeisen bank,1487,08-Dec-22,25611.1
Raiffeisen bank,1766,08-Dec-22,32193.4
Raiffeisen bank,1886,08-Dec-22,29973.5
Raiffeisen bank,1905,08-Dec-22,11729.4
Raiffeisen bank,2010,08-Dec-22,20730.7
Raiffeisen bank,2086,08-Dec-22,131192.9
Raiffeisen bank,2192,08-Dec-22,30937.6
Raiffeisen bank,2291,08-Dec-22,16845.7
Raiffeisen bank,2357,08-Dec-22,32509.2
Raiffeisen bank,2386,08-Dec-22,60882.3
Raiffeisen bank,2531,08-Dec-22,38819.3
Raiffeisen bank,2723,08-Dec-22,18561.1
Raiffeisen bank,2982,08-Dec-22,98421.2
Raiffeisen bank,3031,08-Dec-22,20935.5
Raiffeisen bank,3040,08-Dec-22,24865.7
Raiffeisen bank,3053,08-Dec-22,76468.3
Raiffeisen bank,3075,08-Dec-22,24440.3
Raiffeisen bank,3119,08-Dec-22,23069.7
Raiffeisen bank,3124,08-Dec-22,45844.7
Raiffeisen bank,3155,08-Dec-22,14109.8
Raiffeisen bank,3216,08-Dec-22,14418.5
Raiffeisen bank,3378,08-Dec-22,36426.3
Raiffeisen bank,3405,08-Dec-22,38897.1
Raiffeisen bank,3548,08-Dec-22,36819.5
Raiffeisen bank,3578,08-Dec-22,91392.4
Raiffeisen bank,3599,08-Dec-22,36166.5
Raiffeisen bank,3697,08-Dec-22,67812.3
Raiffeisen bank,3805,08-Dec-22,41700.5
Raiffeisen bank,3872,08-Dec-22,51952.9
Raiffeisen bank,3908,08-Dec-22,14208.6
Raiffeisen bank,3912,08-Dec-22,37502.9
Raiffeisen bank,4318,08-Dec-22,67581.5
Raiffeisen bank,4427,08-Dec-22,14170.7
Raiffeisen bank,5215,08-Dec-22,47449.3
Raiffeisen bank,6686,08-Dec-22,65852.6
Raiffeisen bank,7487,08-Dec-22,74341.5
Fio bank,506,08-Dec-22,33842.7
Fio bank,561,08-Dec-22,25136.5
Fio bank,572,08-Dec-22,57499.5
Fio bank,577,08-Dec-22,83674.7
Fio bank,625,08-Dec-22,57810.3
Fio bank,806,08-Dec-22,19642.5
Fio bank,931,08-Dec-22,14529.9
Fio bank,1328,08-Dec-22,92219.5
Fio bank,1329,08-Dec-22,29973.3
Fio bank,1367,08-Dec-22,13765.1
Fio bank,1513,08-Dec-22,63329.2
Fio bank,1514,08-Dec-22,25117.7
Fio bank,1577,08-Dec-22,50427.5
Fio bank,1578,08-Dec-22,52045.1
Fio bank,1702,08-Dec-22,16745.5
Fio bank,1763,08-Dec-22,31820.8
Fio bank,1786,08-Dec-22,55025.3
Fio bank,1813,08-Dec-22,91176
Fio bank,1936,08-Dec-22,26266.4
Fio bank,2102,08-Dec-22,25703.5
Fio bank,2646,08-Dec-22,26687.6
Fio bank,2766,08-Dec-22,62035
Fio bank,2847,08-Dec-22,48572.8
Fio bank,2944,08-Dec-22,47236.3
Fio bank,3350,08-Dec-22,25713.4
Fio bank,3504,08-Dec-22,13380.9
Fio bank,3514,08-Dec-22,24841.9
Fio bank,3551,08-Dec-22,18694
Fio bank,3631,08-Dec-22,53169.7
Fio bank,3828,08-Dec-22,21977
Fio bank,3842,08-Dec-22,52975.4
Fio bank,3872,08-Dec-22,57253.9
Fio bank,5290,08-Dec-22,27789.7
Fio bank,5817,08-Dec-22,25561.6
Fio bank,10134,08-Dec-22,64711.6
Hypotecni bank,25,08-Dec-22,47666
Hypotecni bank,39,08-Dec-22,17347.3
Hypotecni bank,263,08-Dec-22,37634.5
Hypotecni bank,288,08-Dec-22,30256.7
Hypotecni bank,339,08-Dec-22,73051.9
Hypotecni bank,407,08-Dec-22,19651.2
Hypotecni bank,410,08-Dec-22,13438.2
Hypotecni bank,592,08-Dec-22,18922.1
Hypotecni bank,623,08-Dec-22,18670.6
Hypotecni bank,737,08-Dec-22,17916.8
Hypotecni bank,1006,08-Dec-22,50656.5
Hypotecni bank,1058,08-Dec-22,45544.9
Hypotecni bank,1279,08-Dec-22,19351.5
Hypotecni bank,1576,08-Dec-22,13542.7
Hypotecni bank,1603,08-Dec-22,48892.5
Hypotecni bank,1652,08-Dec-22,16897.5
Hypotecni bank,1740,08-Dec-22,10537.4
Hypotecni bank,2009,08-Dec-22,53334.6
Hypotecni bank,2071,08-Dec-22,30252.4
Hypotecni bank,2233,08-Dec-22,38485.3
Hypotecni bank,2247,08-Dec-22,53120.9
Hypotecni bank,2387,08-Dec-22,20496.6
Hypotecni bank,2556,08-Dec-22,13963.3
Hypotecni bank,2558,08-Dec-22,19798
Hypotecni bank,2810,08-Dec-22,18179.7
Hypotecni bank,2857,08-Dec-22,19038
Hypotecni bank,3072,08-Dec-22,16918.8
Hypotecni bank,3109,08-Dec-22,18667.2
Hypotecni bank,3176,08-Dec-22,13268.5
Hypotecni bank,3210,08-Dec-22,19933.5
Hypotecni bank,3280,08-Dec-22,41770.7
Hypotecni bank,3391,08-Dec-22,47235.1
Hypotecni bank,3410,08-Dec-22,31427.4
Hypotecni bank,3413,08-Dec-22,94370.4
Hypotecni bank,3437,08-Dec-22,36571.9
Hypotecni bank,3898,08-Dec-22,82254.9
Hypotecni bank,4253,08-Dec-22,61480
Hypotecni bank,4318,08-Dec-22,132877.5
Hypotecni bank,4511,08-Dec-22,18329.7
Hypotecni bank,4999,08-Dec-22,87125.7
Hypotecni bank,5591,08-Dec-22,74826.3
Hypotecni bank,7424,08-Dec-22,40815.6
Hypotecni bank,7957,08-Dec-22,97759.2
Hypotecni bank,8159,08-Dec-22,63332.3
Hypotecni bank,8169,08-Dec-22,17832.2
Hypotecni bank,9241,08-Dec-22,18268.3
J&T Bank,239,08-Dec-22,56312
J&T Bank,386,08-Dec-22,55604.9
J&T Bank,416,08-Dec-22,26422.3
J&T Bank,744,08-Dec-22,34731
J&T Bank,771,08-Dec-22,38232.7
J&T Bank,785,08-Dec-22,24167.4
J&T Bank,866,08-Dec-22,45895.9
J&T Bank,882,08-Dec-22,67066
J&T Bank,1049,08-Dec-22,36080.9
J&T Bank,1201,08-Dec-22,60963.9
J&T Bank,1220,08-Dec-22,66707.3
J&T Bank,1299,08-Dec-22,29382.2
J&T Bank,1338,08-Dec-22,90203.8
J&T Bank,1357,08-Dec-22,64821.7
J&T Bank,1375,08-Dec-22,87278.5
J&T Bank,1380,08-Dec-22,84644.1
J&T Bank,1523,08-Dec-22,44070.1
J&T Bank,1625,08-Dec-22,12820.2
J&T Bank,1764,08-Dec-22,60787.3
J&T Bank,1802,08-Dec-22,20086
J&T Bank,1899,08-Dec-22,19835.6
J&T Bank,1964,08-Dec-22,9105.9
J&T Bank,2035,08-Dec-22,91495.9
J&T Bank,2114,08-Dec-22,10027.5
J&T Bank,2201,08-Dec-22,15746.8
J&T Bank,2471,08-Dec-22,70909.7
J&T Bank,2560,08-Dec-22,30909.1
J&T Bank,2569,08-Dec-22,22483.1
J&T Bank,2685,08-Dec-22,26513.5
J&T Bank,2733,08-Dec-22,36215.5
J&T Bank,2793,08-Dec-22,25874.8
J&T Bank,2799,08-Dec-22,38848.3
J&T Bank,2833,08-Dec-22,17707.3
J&T Bank,2872,08-Dec-22,25500
J&T Bank,3066,08-Dec-22,47697.7
J&T Bank,3202,08-Dec-22,22640
J&T Bank,3276,08-Dec-22,43567.3
J&T Bank,3406,08-Dec-22,25494.3
J&T Bank,3476,08-Dec-22,38959.1
J&T Bank,3626,08-Dec-22,37188.6
J&T Bank,3679,08-Dec-22,37309.9
J&T Bank,3840,08-Dec-22,32895
J&T Bank,3852,08-Dec-22,16241
J&T Bank,3947,08-Dec-22,52670.2
J&T Bank,4631,08-Dec-22,80553
J&T Bank,5758,08-Dec-22,61289
J&T Bank,7465,08-Dec-22,31442.9
J&T Bank,9201,08-Dec-22,89716.2
J&T Bank,10679,08-Dec-22,116358.3
Kameron bank,143,08-Dec-22,25603.1
Kameron bank,207,08-Dec-22,19259.5
Kameron bank,338,08-Dec-22,14742.1
Kameron bank,414,08-Dec-22,40674.8
Kameron bank,500,08-Dec-22,20910.2
Kameron bank,536,08-Dec-22,26712.1
Kameron bank,631,08-Dec-22,42907.6
Kameron bank,711,08-Dec-22,40507
Kameron bank,753,08-Dec-22,20492
Kameron bank,853,08-Dec-22,36417
Kameron bank,862,08-Dec-22,116519.1
Kameron bank,888,08-Dec-22,26627.7
Kameron bank,906,08-Dec-22,17607.7
Kameron bank,1067,08-Dec-22,64053.1
Kameron bank,1068,08-Dec-22,39278.7
Kameron bank,1203,08-Dec-22,83209.6
PPF Bank,24,08-Dec-22,36042.6
PPF Bank,37,08-Dec-22,3749.3
PPF Bank,59,08-Dec-22,89024.7
PPF Bank,85,08-Dec-22,55635.5
PPF Bank,124,08-Dec-22,11934.3
PPF Bank,179,08-Dec-22,52040.2
PPF Bank,192,08-Dec-22,30376.6
PPF Bank,220,08-Dec-22,36355.6
PPF Bank,255,08-Dec-22,101156.2
PPF Bank,278,08-Dec-22,66353.7
PPF Bank,294,08-Dec-22,79003.3
PPF Bank,325,08-Dec-22,23410.8
PPF Bank,334,08-Dec-22,71906.6
PPF Bank,339,08-Dec-22,73003.9
PPF Bank,449,08-Dec-22,17447.1
PPF Bank,464,08-Dec-22,24965.6
PPF Bank,484,08-Dec-22,26120.7
PPF Bank,696,08-Dec-22,59148
PPF Bank,807,08-Dec-22,51697.3
PPF Bank,861,08-Dec-22,24414.3
PPF Bank,905,08-Dec-22,13982.5
PPF Bank,962,08-Dec-22,30327.9
PPF Bank,1003,08-Dec-22,45135.1
PPF Bank,1177,08-Dec-22,13453.8
PPF Bank,1219,08-Dec-22,26741.2
PPF Bank,1286,08-Dec-22,91961.6
PPF Bank,1303,08-Dec-22,42901.2
PPF Bank,1314,08-Dec-22,57525.6
PPF Bank,1426,08-Dec-22,26535.8
PPF Bank,1622,08-Dec-22,42938.2
PPF Bank,1866,08-Dec-22,37909.3
PPF Bank,1929,08-Dec-22,49306
PPF Bank,1960,08-Dec-22,17283.5
PPF Bank,1995,08-Dec-22,30647
PPF Bank,2101,08-Dec-22,23638.4
PPF Bank,2139,08-Dec-22,30180.4
PPF Bank,2201,08-Dec-22,14389.8
PPF Bank,2211,08-Dec-22,15360.9
PPF Bank,2215,08-Dec-22,41477.2
PPF Bank,2244,08-Dec-22,21950
PPF Bank,2252,08-Dec-22,25142.9
PPF Bank,2373,08-Dec-22,18548
PPF Bank,2379,08-Dec-22,25860.8
PPF Bank,2556,08-Dec-22,15969.3
PPF Bank,2604,08-Dec-22,29937.8
PPF Bank,2632,08-Dec-22,44457.4
PPF Bank,2725,08-Dec-22,55110.5
PPF Bank,3047,08-Dec-22,22111.5
PPF Bank,3115,08-Dec-22,59726.2
PPF Bank,3151,08-Dec-22,95214.7
PPF Bank,3162,08-Dec-22,58083.8
PPF Bank,3274,08-Dec-22,46670.2
PPF Bank,3311,08-Dec-22,63561.3
PPF Bank,3581,08-Dec-22,9471.3
PPF Bank,3641,08-Dec-22,27644.1
PPF Bank,3653,08-Dec-22,61981.2
PPF Bank,3753,08-Dec-22,42265.9
PPF Bank,3776,08-Dec-22,42141
PPF Bank,3784,08-Dec-22,32885.6
PPF Bank,3881,08-Dec-22,25695.7
PPF Bank,3966,08-Dec-22,23299.8
PPF Bank,3999,08-Dec-22,88951.4
PPF Bank,7990,08-Dec-22,55125.5
PPF Bank,9138,08-Dec-22,19825.9
PPF Bank,9263,08-Dec-22,13627.4
PPF Bank,9455,08-Dec-22,42567
PPF Bank,10663,08-Dec-22,82884.7
PPF Bank,10915,08-Dec-22,9860.2
Kameron bank,1379,09-Dec-22,34686.6
Kameron bank,1445,09-Dec-22,19990.3
Kameron bank,1483,09-Dec-22,53321.2
Kameron bank,1594,09-Dec-22,26502.3
Kameron bank,1670,09-Dec-22,28337.9
Kameron bank,1718,09-Dec-22,55403.3
Kameron bank,1835,09-Dec-22,98341.6
Kameron bank,1861,09-Dec-22,93403.4
Kameron bank,1882,09-Dec-22,14502.8
Kameron bank,1896,09-Dec-22,25283
Kameron bank,1931,09-Dec-22,7420.9
Kameron bank,1992,09-Dec-22,12753.2
Kameron bank,2068,09-Dec-22,16898.8
Kameron bank,2134,09-Dec-22,59997.9
Kameron bank,2221,09-Dec-22,18055.4
Kameron bank,2289,09-Dec-22,43048
Kameron bank,2297,09-Dec-22,24551.8
Kameron bank,2379,09-Dec-22,22670.8
Kameron bank,2423,09-Dec-22,18377.6
Kameron bank,2542,09-Dec-22,29569.9
Kameron bank,2619,09-Dec-22,26909.3
Kameron bank,2670,09-Dec-22,53276.2
Kameron bank,2703,09-Dec-22,17170.7
Kameron bank,2729,09-Dec-22,65973.6
Kameron bank,2739,09-Dec-22,41886.4
Kameron bank,2775,09-Dec-22,90891.6
Kameron bank,2819,09-Dec-22,76073.8
Kameron bank,2830,09-Dec-22,48791.7
Kameron bank,3090,09-Dec-22,71480.2
Kameron bank,3312,09-Dec-22,26384.9
Kameron bank,3327,09-Dec-22,68972.6
Kameron bank,3424,09-Dec-22,88890.5
Kameron bank,3588,09-Dec-22,40193.2
Kameron bank,3613,09-Dec-22,33572.6
Kameron bank,3617,09-Dec-22,115265.2
Kameron bank,3704,09-Dec-22,49736.3
Kameron bank,3714,09-Dec-22,36052.9
Kameron bank,3759,09-Dec-22,40067.4
Kameron bank,3835,09-Dec-22,24593.3
Kameron bank,3871,09-Dec-22,60150.1
Kameron bank,3961,09-Dec-22,12820.8
Kameron bank,3972,09-Dec-22,84240.7
Kameron bank,4580,09-Dec-22,50571.9
Kameron bank,5092,09-Dec-22,-20119.6
Kameron bank,5133,09-Dec-22,33247.8
Kameron bank,7136,09-Dec-22,26771.3
Kameron bank,7180,09-Dec-22,96939.7
Kameron bank,9093,09-Dec-22,66305.4
Kameron bank,9236,09-Dec-22,92881.1
Kameron bank,9731,09-Dec-22,32959.6
Kameron bank,10320,09-Dec-22,68227.7
Kameron bank,10404,09-Dec-22,57657.1
Kameron bank,10911,09-Dec-22,78010.1
Kameron bank,11271,09-Dec-22,27270.3
Kameron bank,3,09-Dec-22,42193.5
Kameron bank,146,09-Dec-22,32363.5
Kameron bank,188,09-Dec-22,73873
Kameron bank,237,09-Dec-22,11700
Kameron bank,289,09-Dec-22,63426.4
Kameron bank,401,09-Dec-22,39377.2
Kameron bank,646,09-Dec-22,16592.2
Kameron bank,654,09-Dec-22,39811
Kameron bank,820,09-Dec-22,52010.7
Kameron bank,925,09-Dec-22,74568.2
Kameron bank,938,09-Dec-22,31091.3
Kameron bank,1117,09-Dec-22,22453.9
Kameron bank,1130,09-Dec-22,41688.8
Trinity Bank,118,09-Dec-22,29572.5
Trinity Bank,368,09-Dec-22,20729.8
Trinity Bank,491,09-Dec-22,22991.7
Trinity Bank,504,09-Dec-22,30351.4
Trinity Bank,572,09-Dec-22,56539.5
Trinity Bank,867,09-Dec-22,25770.1
Trinity Bank,902,09-Dec-22,27536
Trinity Bank,1169,09-Dec-22,98754.1
Trinity Bank,1271,09-Dec-22,21542.2
Trinity Bank,1445,09-Dec-22,20658.3
Trinity Bank,1562,09-Dec-22,19398.4
Trinity Bank,1573,09-Dec-22,19938.9
Trinity Bank,1691,09-Dec-22,21270.7
Trinity Bank,1766,09-Dec-22,32150.4
Trinity Bank,1800,09-Dec-22,65747.2
Trinity Bank,1844,09-Dec-22,45173.7
Trinity Bank,1903,09-Dec-22,62798.6
Trinity Bank,1964,09-Dec-22,15652.9
Trinity Bank,2052,09-Dec-22,38397.6
Trinity Bank,2205,09-Dec-22,23125.5
Trinity Bank,2477,09-Dec-22,13034.2
Trinity Bank,2493,09-Dec-22,73367.5
Trinity Bank,2510,09-Dec-22,49550.4
Trinity Bank,2607,09-Dec-22,35737.6
Trinity Bank,2712,09-Dec-22,44514.9
Trinity Bank,2746,09-Dec-22,38706.5
Trinity Bank,2824,09-Dec-22,98493.4
Trinity Bank,2853,09-Dec-22,76140.2
Trinity Bank,3041,09-Dec-22,12070.5
Trinity Bank,3214,09-Dec-22,16559.5
Trinity Bank,3306,09-Dec-22,32659.2
Trinity Bank,3361,09-Dec-22,73302.7
Trinity Bank,3370,09-Dec-22,49647.9
Trinity Bank,3373,09-Dec-22,47306.4
Trinity Bank,3406,09-Dec-22,22674.3
Trinity Bank,3453,09-Dec-22,60288.1
Trinity Bank,3601,09-Dec-22,38916.2
Trinity Bank,3940,09-Dec-22,53940.3
Trinity Bank,4863,09-Dec-22,89529.2
Trinity Bank,5445,09-Dec-22,51116
Trinity Bank,5912,09-Dec-22,43881
Trinity Bank,7240,09-Dec-22,27366
Trinity Bank,9159,09-Dec-22,64121.1
Trinity Bank,10093,09-Dec-22,69499.8
UniCredit Bank,121,09-Dec-22,32057.2
UniCredit Bank,215,09-Dec-22,15262
UniCredit Bank,239,09-Dec-22,50317
UniCredit Bank,326,09-Dec-22,21994.6
UniCredit Bank,428,09-Dec-22,49711.3
UniCredit Bank,441,09-Dec-22,165654.3
UniCredit Bank,916,09-Dec-22,33918
UniCredit Bank,934,09-Dec-22,30519.2
UniCredit Bank,1016,09-Dec-22,92002
UniCredit Bank,1020,09-Dec-22,16793.7
UniCredit Bank,1070,09-Dec-22,36410.2
UniCredit Bank,1086,09-Dec-22,25799.3
UniCredit Bank,1096,09-Dec-22,20067
UniCredit Bank,1292,09-Dec-22,57407.7
UniCredit Bank,1346,09-Dec-22,15722.7
UniCredit Bank,1495,09-Dec-22,27222.3
UniCredit Bank,1503,09-Dec-22,27313.4
UniCredit Bank,1525,09-Dec-22,20298.3
UniCredit Bank,1616,09-Dec-22,30050.6
UniCredit Bank,1687,09-Dec-22,16387.1
UniCredit Bank,1749,09-Dec-22,98222.9
UniCredit Bank,1858,09-Dec-22,31680
UniCredit Bank,1913,09-Dec-22,69498.8
UniCredit Bank,1921,09-Dec-22,20352
UniCredit Bank,1943,09-Dec-22,66955
UniCredit Bank,2010,09-Dec-22,26545.7
UniCredit Bank,2033,09-Dec-22,52134.2
UniCredit Bank,2063,09-Dec-22,44411.3
UniCredit Bank,2064,09-Dec-22,43112.2
UniCredit Bank,2243,09-Dec-22,46375.1
UniCredit Bank,2302,09-Dec-22,22836.2
UniCredit Bank,2517,09-Dec-22,77958.9
UniCredit Bank,2523,09-Dec-22,29831.5
UniCredit Bank,2812,09-Dec-22,22861
UniCredit Bank,2834,09-Dec-22,40073.5
UniCredit Bank,2974,09-Dec-22,45406.1
UniCredit Bank,2997,09-Dec-22,25550.1
UniCredit Bank,2998,09-Dec-22,20812.9
UniCredit Bank,3017,09-Dec-22,40390.9
UniCredit Bank,3145,09-Dec-22,45184.5
UniCredit Bank,3284,09-Dec-22,28919.6
UniCredit Bank,3359,09-Dec-22,31991.5
UniCredit Bank,3376,09-Dec-22,45387.1
UniCredit Bank,3424,09-Dec-22,87427.5
UniCredit Bank,3467,09-Dec-22,74227
UniCredit Bank,3605,09-Dec-22,45848.3
UniCredit Bank,3610,09-Dec-22,23900.5
UniCredit Bank,3677,09-Dec-22,11872.9
UniCredit Bank,3754,09-Dec-22,95645.8
UniCredit Bank,3798,09-Dec-22,31096.6
UniCredit Bank,3802,09-Dec-22,11731.3
UniCredit Bank,3846,09-Dec-22,16878.3
UniCredit Bank,3851,09-Dec-22,44003
UniCredit Bank,3872,09-Dec-22,49044.9
UniCredit Bank,3954,09-Dec-22,13626.2
UniCredit Bank,6806,09-Dec-22,72362.7
UniCredit Bank,7819,09-Dec-22,16106.5
UniCredit Bank,8377,09-Dec-22,54663.3
UniCredit Bank,9424,09-Dec-22,42485.2
Air Bank,110,09-Dec-22,42974.8
Air Bank,121,09-Dec-22,32450.2
Air Bank,235,09-Dec-22,20080.8
Air Bank,311,09-Dec-22,46644.5
Air Bank,468,09-Dec-22,55436.9
Air Bank,545,09-Dec-22,85722.9
Air Bank,636,09-Dec-22,15890.7
Air Bank,776,09-Dec-22,62692.1
Air Bank,1068,09-Dec-22,36005.7
Air Bank,1100,09-Dec-22,14711.7
Air Bank,1125,09-Dec-22,18866
Air Bank,1354,09-Dec-22,21662.5
Air Bank,1512,09-Dec-22,60043.8
Air Bank,1671,09-Dec-22,23150.3
Air Bank,1801,09-Dec-22,75505.7
Air Bank,1807,09-Dec-22,30295.7
Air Bank,1960,09-Dec-22,20508.5
Air Bank,1972,09-Dec-22,24911.8
Air Bank,2058,09-Dec-22,12132.1
Air Bank,2383,09-Dec-22,50622.3
Air Bank,2407,09-Dec-22,13575.7
Air Bank,2421,09-Dec-22,48375.5
Air Bank,2427,09-Dec-22,29900.4
Air Bank,2440,09-Dec-22,35736.3
Air Bank,2549,09-Dec-22,50963
Air Bank,2563,09-Dec-22,44413
Air Bank,2589,09-Dec-22,10538.2
Air Bank,2750,09-Dec-22,48087.4
Air Bank,2863,09-Dec-22,61658.7
Air Bank,2881,09-Dec-22,45795.7
Air Bank,2916,09-Dec-22,40330.5
Air Bank,2951,09-Dec-22,45780.7
Air Bank,3090,09-Dec-22,72120.2
Air Bank,3201,09-Dec-22,62495.4
Air Bank,3427,09-Dec-22,77917.4
Air Bank,3527,09-Dec-22,20230
Air Bank,3651,09-Dec-22,43795.1
Air Bank,3733,09-Dec-22,52973.5
Air Bank,3909,09-Dec-22,44948
Air Bank,5066,09-Dec-22,15439.7
Air Bank,6148,09-Dec-22,83940.2
Bank Creditas,104,09-Dec-22,26111.2
Bank Creditas,158,09-Dec-22,49133.7
Bank Creditas,178,09-Dec-22,15027.8
Bank Creditas,194,09-Dec-22,26214.6
Bank Creditas,349,09-Dec-22,9697.8
Bank Creditas,362,09-Dec-22,59327.7
Bank Creditas,471,09-Dec-22,40889.8
Bank Creditas,582,09-Dec-22,23981.7
Bank Creditas,690,09-Dec-22,49043.1
Bank Creditas,867,09-Dec-22,22950.1
Bank Creditas,958,09-Dec-22,23880.1
Bank Creditas,1132,09-Dec-22,144510.5
Bank Creditas,1215,09-Dec-22,35286.4
Bank Creditas,1347,09-Dec-22,13007.1
Bank Creditas,1412,09-Dec-22,36081.4
Bank Creditas,1534,09-Dec-22,41322.1
Bank Creditas,1558,09-Dec-22,29329.3
Bank Creditas,1685,09-Dec-22,5961.7
Bank Creditas,1978,09-Dec-22,105025.5
Bank Creditas,1986,09-Dec-22,27913.1
Bank Creditas,2105,09-Dec-22,16776.4
Bank Creditas,2140,09-Dec-22,45434.2
Bank Creditas,2163,09-Dec-22,28094.8
Bank Creditas,2190,09-Dec-22,90540.6
Bank Creditas,2209,09-Dec-22,25540.4
Bank Creditas,2290,09-Dec-22,12106.3
Bank Creditas,2439,09-Dec-22,14683.7
Bank Creditas,2441,09-Dec-22,60383.4
Bank Creditas,2717,09-Dec-22,25205.8
Bank Creditas,2744,09-Dec-22,30532.8
Bank Creditas,2802,09-Dec-22,32559.1
Bank Creditas,2805,09-Dec-22,18516.2
Bank Creditas,2865,09-Dec-22,31942
Bank Creditas,2872,09-Dec-22,21441
Bank Creditas,3097,09-Dec-22,10527.6
Bank Creditas,3196,09-Dec-22,47816.5
Bank Creditas,3202,09-Dec-22,21027
Bank Creditas,3273,09-Dec-22,84078.2
Bank Creditas,3289,09-Dec-22,57779.3
Bank Creditas,3364,09-Dec-22,91389.3
Bank Creditas,3411,09-Dec-22,46985.8
Bank Creditas,3483,09-Dec-22,19940.9
Bank Creditas,3559,09-Dec-22,40094.3
Bank Creditas,3604,09-Dec-22,45058.8
Bank Creditas,3671,09-Dec-22,15470.3
Bank Creditas,3702,09-Dec-22,79536.9
Bank Creditas,3736,09-Dec-22,36816.3
Bank Creditas,3837,09-Dec-22,65716.7
Bank Creditas,7618,09-Dec-22,44457.8
Bank Creditas,8489,09-Dec-22,65584.2
Czech export bank,37,09-Dec-22,1165.3
Czech export bank,71,09-Dec-22,92828.5
Czech export bank,178,09-Dec-22,15532.8
Czech export bank,180,09-Dec-22,116418.4
Czech export bank,189,09-Dec-22,75591
Czech export bank,534,09-Dec-22,43704.1
Czech export bank,787,09-Dec-22,23615.9
Czech export bank,880,09-Dec-22,54796.6
Czech export bank,927,09-Dec-22,8386.6
Czech export bank,972,09-Dec-22,18403.1
Czech export bank,982,09-Dec-22,27399.6
Czech export bank,1000,09-Dec-22,98069
Czech export bank,1100,09-Dec-22,14537.7
Czech export bank,1307,09-Dec-22,8954.8
Czech export bank,1338,09-Dec-22,89306.8
Czech export bank,1349,09-Dec-22,22364.5
Czech export bank,1378,09-Dec-22,64805
Czech export bank,1678,09-Dec-22,32855.5
Czech export bank,1750,09-Dec-22,93808.1
Czech export bank,1839,09-Dec-22,52792.8
Czech export bank,1897,09-Dec-22,37849.8
Czech export bank,1962,09-Dec-22,88062.9
Czech export bank,2061,09-Dec-22,18583.7
Czech export bank,2182,09-Dec-22,47325
Czech export bank,2487,09-Dec-22,39919
Czech export bank,2491,09-Dec-22,31004
Czech export bank,2645,09-Dec-22,26275.9
Czech export bank,2760,09-Dec-22,63071.5
Czech export bank,2770,09-Dec-22,40394.2
Czech export bank,2913,09-Dec-22,13840.9
Czech export bank,3104,09-Dec-22,20966.4
Czech export bank,3184,09-Dec-22,22994.6
Czech export bank,3246,09-Dec-22,14023.5
Czech export bank,3261,09-Dec-22,25886.2
Czech export bank,3399,09-Dec-22,19378.5
Czech export bank,3482,09-Dec-22,16740.6
Czech export bank,3729,09-Dec-22,17002.8
Czech export bank,3757,09-Dec-22,68513.8
Czech export bank,3792,09-Dec-22,12052.1
Czech export bank,3800,09-Dec-22,12117.5
Czech export bank,3857,09-Dec-22,23131.1
Czech export bank,5072,09-Dec-22,54641.1
Max bank,50,09-Dec-22,69393
Max bank,102,09-Dec-22,54283
Max bank,179,09-Dec-22,44425.2
Max bank,204,09-Dec-22,25174.7
Max bank,333,09-Dec-22,23460.2
Max bank,406,09-Dec-22,15103.9
Max bank,490,09-Dec-22,15232.6
Max bank,504,09-Dec-22,28043.4
Max bank,679,09-Dec-22,66477.5
Max bank,719,09-Dec-22,56162.1
Max bank,915,09-Dec-22,103867.5
Max bank,1111,09-Dec-22,13635.2
Max bank,1287,09-Dec-22,66030.8
Max bank,1366,09-Dec-22,28585.2
Max bank,1367,09-Dec-22,31362.1
Max bank,1508,09-Dec-22,31893.8
Max bank,1562,09-Dec-22,21331.4
Max bank,1802,09-Dec-22,18974
Max bank,1828,09-Dec-22,36111.9
Max bank,1919,09-Dec-22,104302.7
Max bank,1979,09-Dec-22,20034.4
Max bank,2023,09-Dec-22,65637.4
Max bank,2141,09-Dec-22,48615.8
Max bank,2189,09-Dec-22,56817.8
Max bank,2234,09-Dec-22,32712.9
Max bank,2297,09-Dec-22,23732.8
Max bank,2343,09-Dec-22,44355.9
Max bank,2471,09-Dec-22,56741.7
Max bank,2575,09-Dec-22,19509.3
Max bank,2627,09-Dec-22,24921.9
Max bank,2638,09-Dec-22,58388.6
Max bank,2869,09-Dec-22,15678
Max bank,2884,09-Dec-22,95923.2
Max bank,3013,09-Dec-22,21339.8
Max bank,3108,09-Dec-22,13032
Max bank,3136,09-Dec-22,83060.3
Max bank,3231,09-Dec-22,21020.4
Max bank,3335,09-Dec-22,26943.2
Max bank,3540,09-Dec-22,39124.7
Max bank,3603,09-Dec-22,57400.6
Max bank,3754,09-Dec-22,94745.8
Max bank,3912,09-Dec-22,35975.9
Max bank,3971,09-Dec-22,24116.2
Max bank,4413,09-Dec-22,13971.5
Max bank,5541,09-Dec-22,54886.7
Max bank,5774,09-Dec-22,42760.4
Max bank,5991,09-Dec-22,12242.2
Max bank,8225,09-Dec-22,48335.8
Max bank,9017,09-Dec-22,23351.5
Max bank,10148,09-Dec-22,68147.9
Moneta Money Bank,44,09-Dec-22,24595.3
Moneta Money Bank,159,09-Dec-22,94340
Moneta Money Bank,162,09-Dec-22,24176.3
Moneta Money Bank,219,09-Dec-22,65961.8
Moneta Money Bank,392,09-Dec-22,38925
Moneta Money Bank,426,09-Dec-22,35882
Moneta Money Bank,454,09-Dec-22,33950.4
Moneta Money Bank,481,09-Dec-22,54129.8
Moneta Money Bank,483,09-Dec-22,13601.3
Moneta Money Bank,484,09-Dec-22,26012.7
Moneta Money Bank,512,09-Dec-22,38880.2
Moneta Money Bank,518,09-Dec-22,20322
Moneta Money Bank,606,09-Dec-22,71098.4
Moneta Money Bank,644,09-Dec-22,16742.9
Moneta Money Bank,666,09-Dec-22,63821.4
Moneta Money Bank,746,09-Dec-22,39212.3
Moneta Money Bank,833,09-Dec-22,29608.2
Moneta Money Bank,1124,09-Dec-22,31981.3
Moneta Money Bank,1178,09-Dec-22,24452.3
Moneta Money Bank,1249,09-Dec-22,55484
Moneta Money Bank,1267,09-Dec-22,40408.8
Moneta Money Bank,1366,09-Dec-22,23812.2
Moneta Money Bank,1377,09-Dec-22,17234.3
Moneta Money Bank,1426,09-Dec-22,23854.8
Moneta Money Bank,1813,09-Dec-22,90364
Moneta Money Bank,1814,09-Dec-22,40367.3
Moneta Money Bank,2117,09-Dec-22,6505.2
Moneta Money Bank,2279,09-Dec-22,98409.5
Moneta Money Bank,2429,09-Dec-22,54483.3
Moneta Money Bank,2433,09-Dec-22,52351.7
Moneta Money Bank,2475,09-Dec-22,9638.2
Moneta Money Bank,2564,09-Dec-22,44234
Moneta Money Bank,2606,09-Dec-22,31981.6
Moneta Money Bank,2705,09-Dec-22,39626.4
Moneta Money Bank,2893,09-Dec-22,21645.5
Moneta Money Bank,2926,09-Dec-22,52654
Moneta Money Bank,3090,09-Dec-22,64651.2
Moneta Money Bank,3296,09-Dec-22,50267
Moneta Money Bank,3329,09-Dec-22,48103.5
Moneta Money Bank,3463,09-Dec-22,39479.9
Moneta Money Bank,3506,09-Dec-22,41827
Moneta Money Bank,3697,09-Dec-22,67512.3
Moneta Money Bank,3703,09-Dec-22,16895.5
Moneta Money Bank,3892,09-Dec-22,11967.3
Moneta Money Bank,5118,09-Dec-22,38132.3
Moneta Money Bank,5952,09-Dec-22,52063.9
Moneta Money Bank,6792,09-Dec-22,26769.4
Moneta Money Bank,9153,09-Dec-22,58667.5
Moneta Money Bank,9188,09-Dec-22,42885.8
PPF Bank,212,09-Dec-22,100179.3
PPF Bank,357,09-Dec-22,24364.5
PPF Bank,376,09-Dec-22,35232.5
PPF Bank,379,09-Dec-22,16548
PPF Bank,470,09-Dec-22,47337.7
PPF Bank,481,09-Dec-22,56093.8
PPF Bank,609,09-Dec-22,24017.7
PPF Bank,704,09-Dec-22,56760.7
PPF Bank,771,09-Dec-22,38018.7
PPF Bank,823,09-Dec-22,24906.7
PPF Bank,892,09-Dec-22,54944.9
PPF Bank,932,09-Dec-22,23690.5
PPF Bank,1026,09-Dec-22,64338.7
PPF Bank,1141,09-Dec-22,18667.7
PPF Bank,1145,09-Dec-22,24715.7
PPF Bank,1154,09-Dec-22,52150.2
PPF Bank,1275,09-Dec-22,25230.9
PPF Bank,1277,09-Dec-22,22207
PPF Bank,1291,09-Dec-22,24812
PPF Bank,1432,09-Dec-22,6080.5
PPF Bank,1544,09-Dec-22,63326
PPF Bank,1663,09-Dec-22,54070.3
PPF Bank,1678,09-Dec-22,34633.5
PPF Bank,1741,09-Dec-22,37478.8
PPF Bank,1793,09-Dec-22,32369.7
PPF Bank,1954,09-Dec-22,16487
PPF Bank,2017,09-Dec-22,13861.8
PPF Bank,2090,09-Dec-22,32792.5
PPF Bank,2442,09-Dec-22,14800.2
PPF Bank,2607,09-Dec-22,34304.6
PPF Bank,2644,09-Dec-22,26097.5
PPF Bank,2645,09-Dec-22,25886.9
PPF Bank,2744,09-Dec-22,44916.8
PPF Bank,2771,09-Dec-22,41814.7
PPF Bank,2831,09-Dec-22,40624
PPF Bank,2838,09-Dec-22,67444.3
PPF Bank,2883,09-Dec-22,13757
PPF Bank,2961,09-Dec-22,33898.6
PPF Bank,2991,09-Dec-22,61273.9
PPF Bank,3021,09-Dec-22,40198.6
PPF Bank,3173,09-Dec-22,22369.2
PPF Bank,3352,09-Dec-22,12976.6
PPF Bank,3470,09-Dec-22,49877.2
PPF Bank,3484,09-Dec-22,29140.4
PPF Bank,3576,09-Dec-22,32557.9
PPF Bank,3644,09-Dec-22,17781
PPF Bank,3835,09-Dec-22,25840.3
PPF Bank,3973,09-Dec-22,19438.4
PPF Bank,3991,09-Dec-22,28584.7
PPF Bank,4026,09-Dec-22,63306.3
PPF Bank,9403,09-Dec-22,26107.2
Raiffeisen bank,66,09-Dec-22,124126.8
Raiffeisen bank,225,09-Dec-22,92562.8
Raiffeisen bank,235,09-Dec-22,17159.8
Raiffeisen bank,303,09-Dec-22,63390.3
Raiffeisen bank,328,09-Dec-22,25651.7
Raiffeisen bank,357,09-Dec-22,24644.5
Raiffeisen bank,639,09-Dec-22,26592.4
Raiffeisen bank,718,09-Dec-22,39678.4
Raiffeisen bank,814,09-Dec-22,13172.3
Raiffeisen bank,828,09-Dec-22,3006.1
Raiffeisen bank,905,09-Dec-22,27825.5
Raiffeisen bank,931,09-Dec-22,14068.9
Raiffeisen bank,989,09-Dec-22,20326.7
Raiffeisen bank,1185,09-Dec-22,22335.6
Raiffeisen bank,1188,09-Dec-22,35138.4
Raiffeisen bank,1239,09-Dec-22,23041.7
Raiffeisen bank,1380,09-Dec-22,75815.1
Raiffeisen bank,1449,09-Dec-22,60345.6
Raiffeisen bank,1486,09-Dec-22,32248.2
Raiffeisen bank,1577,09-Dec-22,47867.5
Raiffeisen bank,1637,09-Dec-22,29811.4
Raiffeisen bank,1704,09-Dec-22,18894.8
Raiffeisen bank,1767,09-Dec-22,77090.4
Raiffeisen bank,1846,09-Dec-22,28322.2
Raiffeisen bank,1892,09-Dec-22,25982.9
Raiffeisen bank,1921,09-Dec-22,22661
Raiffeisen bank,1980,09-Dec-22,43295.7
Raiffeisen bank,2032,09-Dec-22,26151.3
Raiffeisen bank,2092,09-Dec-22,34898.5
Raiffeisen bank,2255,09-Dec-22,23340.1
Raiffeisen bank,2331,09-Dec-22,16686.4
Raiffeisen bank,2360,09-Dec-22,40492.6
Raiffeisen bank,2363,09-Dec-22,29079.6
Raiffeisen bank,2393,09-Dec-22,32900
Raiffeisen bank,2413,09-Dec-22,51021.1
Raiffeisen bank,2423,09-Dec-22,16883.6
Raiffeisen bank,2425,09-Dec-22,15337.1
Raiffeisen bank,2450,09-Dec-22,72874
Raiffeisen bank,2471,09-Dec-22,70704.7
Raiffeisen bank,2709,09-Dec-22,17556.1
Raiffeisen bank,2715,09-Dec-22,22694.5
Raiffeisen bank,3007,09-Dec-22,53370.3
Raiffeisen bank,3144,09-Dec-22,16017
Raiffeisen bank,3709,09-Dec-22,63380.7
Raiffeisen bank,3794,09-Dec-22,75107
Raiffeisen bank,3882,09-Dec-22,29758.3
Raiffeisen bank,3996,09-Dec-22,43796.4
Raiffeisen bank,5317,09-Dec-22,32099.7
Raiffeisen bank,7632,09-Dec-22,43747.8
Raiffeisen bank,8085,09-Dec-22,26533.9
Raiffeisen bank,8784,09-Dec-22,26131.8
Raiffeisen bank,8919,09-Dec-22,28015.8
Raiffeisen bank,9645,09-Dec-22,40890.5
Fio bank,13,09-Dec-22,17518.2
Fio bank,107,09-Dec-22,49652.6
Fio bank,141,09-Dec-22,64720.8
Fio bank,148,09-Dec-22,24117.4
Fio bank,228,09-Dec-22,36624.8
Fio bank,270,09-Dec-22,81264.4
Fio bank,271,09-Dec-22,55836.8
Fio bank,343,09-Dec-22,14623.5
Fio bank,409,09-Dec-22,42015.1
Fio bank,440,09-Dec-22,48945.8
Fio bank,444,09-Dec-22,38639.6
Fio bank,621,09-Dec-22,51556.2
Fio bank,820,09-Dec-22,57377.7
Fio bank,894,09-Dec-22,13949.6
Fio bank,910,09-Dec-22,35577.4
Fio bank,1005,09-Dec-22,150457.8
Fio bank,1260,09-Dec-22,47877.6
Fio bank,1279,09-Dec-22,15764.5
Fio bank,1354,09-Dec-22,18582.5
Fio bank,1378,09-Dec-22,65498
Fio bank,1419,09-Dec-22,26562
Fio bank,1434,09-Dec-22,17150.4
Fio bank,1688,09-Dec-22,36243.2
Fio bank,1724,09-Dec-22,14620.9
Fio bank,1744,09-Dec-22,27022.6
Fio bank,1815,09-Dec-22,48570
Fio bank,1916,09-Dec-22,55539.8
Fio bank,2061,09-Dec-22,16589.7
Fio bank,2148,09-Dec-22,21155.6
Fio bank,2388,09-Dec-22,32610.6
Fio bank,2429,09-Dec-22,54852.3
Fio bank,2432,09-Dec-22,41169.8
Fio bank,2707,09-Dec-22,54101.8
Fio bank,2787,09-Dec-22,41221.6
Fio bank,2893,09-Dec-22,22396.5
Fio bank,3091,09-Dec-22,56889
Fio bank,3237,09-Dec-22,76080.2
Fio bank,3377,09-Dec-22,33361.2
Fio bank,3507,09-Dec-22,67936
Fio bank,3550,09-Dec-22,24339.7
Fio bank,3557,09-Dec-22,22625.9
Fio bank,3567,09-Dec-22,17887.5
Fio bank,3634,09-Dec-22,125418.7
Fio bank,3654,09-Dec-22,106729.6
Fio bank,3665,09-Dec-22,36562.2
Fio bank,3675,09-Dec-22,100566
Fio bank,3684,09-Dec-22,30893.1
Fio bank,3741,09-Dec-22,21504.4
Fio bank,3789,09-Dec-22,51784
Fio bank,3796,09-Dec-22,82561.2
Fio bank,3818,09-Dec-22,69254.2
Fio bank,3877,09-Dec-22,75170
Fio bank,3909,09-Dec-22,53227
Fio bank,5362,09-Dec-22,53224.9
Fio bank,5483,09-Dec-22,48207.5
Fio bank,8320,09-Dec-22,69410.8
Fio bank,8327,09-Dec-22,39418.9
Fio bank,9037,09-Dec-22,48353.3
Hypotecni bank,98,09-Dec-22,11697.1
Hypotecni bank,141,09-Dec-22,62929.8
Hypotecni bank,166,09-Dec-22,30208.1
Hypotecni bank,204,09-Dec-22,27124.7
Hypotecni bank,302,09-Dec-22,22183.5
Hypotecni bank,355,09-Dec-22,45168.2
Hypotecni bank,424,09-Dec-22,56472.5
Hypotecni bank,541,09-Dec-22,37291.7
Hypotecni bank,601,09-Dec-22,19307.1
Hypotecni bank,700,09-Dec-22,46905.9
Hypotecni bank,1030,09-Dec-22,41992.1
Hypotecni bank,1151,09-Dec-22,78535.6
Hypotecni bank,1168,09-Dec-22,27391.3
Hypotecni bank,1181,09-Dec-22,19600.1
Hypotecni bank,1253,09-Dec-22,74712.5
Hypotecni bank,1642,09-Dec-22,15171.7
Hypotecni bank,1674,09-Dec-22,50114.4
Hypotecni bank,1809,09-Dec-22,77013.5
Hypotecni bank,1851,09-Dec-22,48712.9
Hypotecni bank,1924,09-Dec-22,64358.3
Hypotecni bank,2131,09-Dec-22,43702.4
Hypotecni bank,2134,09-Dec-22,63115.9
Hypotecni bank,2473,09-Dec-22,24214.6
Hypotecni bank,2551,09-Dec-22,30817.4
Hypotecni bank,2790,09-Dec-22,64777.2
Hypotecni bank,2820,09-Dec-22,23438.9
Hypotecni bank,2910,09-Dec-22,79253.8
Hypotecni bank,3076,09-Dec-22,24634.8
Hypotecni bank,3098,09-Dec-22,24212.7
Hypotecni bank,3154,09-Dec-22,57042.6
Hypotecni bank,3222,09-Dec-22,22663.1
Hypotecni bank,3272,09-Dec-22,54076.2
Hypotecni bank,3402,09-Dec-22,115109.8
Hypotecni bank,3472,09-Dec-22,60370.8
Hypotecni bank,3511,09-Dec-22,26804.4
Hypotecni bank,3524,09-Dec-22,11240
Hypotecni bank,3669,09-Dec-22,20625.9
Hypotecni bank,3691,09-Dec-22,29933.9
Hypotecni bank,3804,09-Dec-22,80873.8
Hypotecni bank,3925,09-Dec-22,27289.8
Hypotecni bank,3957,09-Dec-22,80812.8
Hypotecni bank,4134,09-Dec-22,22170
Hypotecni bank,6856,09-Dec-22,39180.9
Hypotecni bank,7594,09-Dec-22,92232.9
Hypotecni bank,10728,09-Dec-22,62633.5
Hypotecni bank,11265,09-Dec-22,27788.4
J&T Bank,117,09-Dec-22,16960.6
J&T Bank,194,09-Dec-22,23566.6
J&T Bank,311,09-Dec-22,47299.5
J&T Bank,505,09-Dec-22,20074.8
J&T Bank,608,09-Dec-22,24180.5
J&T Bank,651,09-Dec-22,90679.3
J&T Bank,659,09-Dec-22,21595.1
J&T Bank,682,09-Dec-22,19781
J&T Bank,715,09-Dec-22,36918.2
J&T Bank,739,09-Dec-22,21464.5
J&T Bank,892,09-Dec-22,54538.9
J&T Bank,957,09-Dec-22,13731.6
J&T Bank,1000,09-Dec-22,100921
J&T Bank,1133,09-Dec-22,22684
J&T Bank,1223,09-Dec-22,44177.8
J&T Bank,1465,09-Dec-22,31349.8
J&T Bank,1654,09-Dec-22,108950.2
J&T Bank,1697,09-Dec-22,15319
J&T Bank,1996,09-Dec-22,61933.6
J&T Bank,2003,09-Dec-22,135329.1
J&T Bank,2223,09-Dec-22,19956.8
J&T Bank,2259,09-Dec-22,16677.5
J&T Bank,2377,09-Dec-22,19856.5
J&T Bank,2470,09-Dec-22,46688.1
J&T Bank,2558,09-Dec-22,17816
J&T Bank,2594,09-Dec-22,32706.3
J&T Bank,2652,09-Dec-22,26670.7
J&T Bank,2715,09-Dec-22,22990.5
J&T Bank,3050,09-Dec-22,76482.5
J&T Bank,3221,09-Dec-22,46998.9
J&T Bank,3412,09-Dec-22,19080.6
J&T Bank,3454,09-Dec-22,11839
J&T Bank,3618,09-Dec-22,71671.3
J&T Bank,3710,09-Dec-22,17605.4
J&T Bank,3818,09-Dec-22,65189.2
J&T Bank,3822,09-Dec-22,42514.8
J&T Bank,4245,09-Dec-22,57479.2
J&T Bank,4681,09-Dec-22,59848.2
J&T Bank,4794,09-Dec-22,20779.6
J&T Bank,7819,09-Dec-22,14810.5
J&T Bank,11186,09-Dec-22,139172.5
Trinity Bank,63,05-Dec-22,29967.4
Trinity Bank,212,05-Dec-22,25794.3
Trinity Bank,383,05-Dec-22,15790
Trinity Bank,479,05-Dec-22,14153
Trinity Bank,548,05-Dec-22,11704.4
Trinity Bank,617,05-Dec-22,58795.6
Trinity Bank,698,05-Dec-22,32524.7
Trinity Bank,713,05-Dec-22,16105.4
Trinity Bank,735,05-Dec-22,28516.8
Trinity Bank,883,05-Dec-22,26833.6
Trinity Bank,980,05-Dec-22,48339.6
Trinity Bank,1129,05-Dec-22,54764.5
Trinity Bank,1280,05-Dec-22,50319.1
Trinity Bank,1342,05-Dec-22,47060.1
Trinity Bank,1378,05-Dec-22,68451
Trinity Bank,1406,05-Dec-22,17470.8
Trinity Bank,1429,05-Dec-22,29353.4
Trinity Bank,1481,05-Dec-22,16194.7
Trinity Bank,1605,05-Dec-22,87913.3
Trinity Bank,1617,05-Dec-22,20868.2
Trinity Bank,1699,05-Dec-22,30637.2
Trinity Bank,1770,05-Dec-22,36474.3
Trinity Bank,1865,05-Dec-22,23141.9
Trinity Bank,1919,05-Dec-22,97836.2
Trinity Bank,1959,05-Dec-22,35271
Trinity Bank,2046,05-Dec-22,29323.4
Trinity Bank,2105,05-Dec-22,12058.4
Trinity Bank,2342,05-Dec-22,30875.4
Trinity Bank,2382,05-Dec-22,19941.8
Trinity Bank,2410,05-Dec-22,74454.3
Trinity Bank,2424,05-Dec-22,15968.5
Trinity Bank,2539,05-Dec-22,32966.7
Trinity Bank,2562,05-Dec-22,18737.9
Trinity Bank,2596,05-Dec-22,24954.5
Trinity Bank,2874,05-Dec-22,12515.1
Trinity Bank,2965,05-Dec-22,28783.6
Trinity Bank,3097,05-Dec-22,8862.6
Trinity Bank,3111,05-Dec-22,28436.2
Trinity Bank,3120,05-Dec-22,33058.4
Trinity Bank,3213,05-Dec-22,19897.3
Trinity Bank,3244,05-Dec-22,16677.4
Trinity Bank,3331,05-Dec-22,12455.6
Trinity Bank,3439,05-Dec-22,44950.5
Trinity Bank,3551,05-Dec-22,17175
Trinity Bank,3623,05-Dec-22,18941.6
Trinity Bank,3706,05-Dec-22,39281.6
Trinity Bank,3714,05-Dec-22,39782.9
Trinity Bank,3748,05-Dec-22,14719.8
Trinity Bank,3811,05-Dec-22,46532.2
Trinity Bank,3950,05-Dec-22,38447.3
Trinity Bank,4473,05-Dec-22,28910
Trinity Bank,5593,05-Dec-22,58166.3
Trinity Bank,6353,05-Dec-22,42247.4
Trinity Bank,7857,05-Dec-22,87107.2
Trinity Bank,7957,05-Dec-22,30591.2
UniCredit Bank,23,05-Dec-22,54135.3
UniCredit Bank,81,05-Dec-22,35891.1
UniCredit Bank,154,05-Dec-22,73379
UniCredit Bank,214,05-Dec-22,17517.7
UniCredit Bank,259,05-Dec-22,22711.8
UniCredit Bank,332,05-Dec-22,22757.6
UniCredit Bank,370,05-Dec-22,20041.3
UniCredit Bank,382,05-Dec-22,27405.7
UniCredit Bank,406,05-Dec-22,17167.9
UniCredit Bank,416,05-Dec-22,29241.3
UniCredit Bank,500,05-Dec-22,21449.2
UniCredit Bank,535,05-Dec-22,21958.7
UniCredit Bank,783,05-Dec-22,22165.7
UniCredit Bank,801,05-Dec-22,13878.9
UniCredit Bank,866,05-Dec-22,46864.9
UniCredit Bank,891,05-Dec-22,40296
UniCredit Bank,931,05-Dec-22,15527.9
UniCredit Bank,1009,05-Dec-22,23017.5
UniCredit Bank,1204,05-Dec-22,107214.4
UniCredit Bank,1212,05-Dec-22,23944.7
UniCredit Bank,1397,05-Dec-22,19311.6
UniCredit Bank,1603,05-Dec-22,51251.5
UniCredit Bank,1855,05-Dec-22,22960.6
UniCredit Bank,1865,05-Dec-22,25056.9
UniCredit Bank,2011,05-Dec-22,25504.6
UniCredit Bank,2316,05-Dec-22,27357.4
UniCredit Bank,2361,05-Dec-22,8417
UniCredit Bank,2448,05-Dec-22,15345.7
UniCredit Bank,2646,05-Dec-22,26987.6
UniCredit Bank,2901,05-Dec-22,59384.8
UniCredit Bank,2944,05-Dec-22,50220.3
UniCredit Bank,2986,05-Dec-22,88187.4
UniCredit Bank,3030,05-Dec-22,28543.4
UniCredit Bank,3147,05-Dec-22,62231.6
UniCredit Bank,3163,05-Dec-22,90237.8
UniCredit Bank,3279,05-Dec-22,22685
UniCredit Bank,3566,05-Dec-22,24404.1
UniCredit Bank,3594,05-Dec-22,11038.1
UniCredit Bank,3680,05-Dec-22,24567.4
UniCredit Bank,3690,05-Dec-22,50619.9
UniCredit Bank,3777,05-Dec-22,29316.1
UniCredit Bank,3799,05-Dec-22,50567.8
UniCredit Bank,3896,05-Dec-22,29650.2
UniCredit Bank,3897,05-Dec-22,66641.9
UniCredit Bank,4471,05-Dec-22,68390.8
UniCredit Bank,7565,05-Dec-22,31206
UniCredit Bank,7594,05-Dec-22,111979.9
UniCredit Bank,8934,05-Dec-22,51125.2
UniCredit Bank,10451,05-Dec-22,7694.8
Air Bank,1,05-Dec-22,9734.9
Air Bank,104,05-Dec-22,28085.2
Air Bank,441,05-Dec-22,98559.3
Air Bank,479,05-Dec-22,12089
Air Bank,564,05-Dec-22,31656.3
Air Bank,614,05-Dec-22,36313.6
Air Bank,747,05-Dec-22,17142.1
Air Bank,754,05-Dec-22,26076
Air Bank,910,05-Dec-22,30469.4
Air Bank,949,05-Dec-22,81900.2
Air Bank,986,05-Dec-22,26753.5
Air Bank,1006,05-Dec-22,46919.5
Air Bank,1035,05-Dec-22,74784.6
Air Bank,1069,05-Dec-22,20947.9
Air Bank,1250,05-Dec-22,12555.1
Air Bank,1445,05-Dec-22,11554.3
Air Bank,1729,05-Dec-22,29666.3
Air Bank,1828,05-Dec-22,23107.9
Air Bank,1876,05-Dec-22,42225.8
Air Bank,2057,05-Dec-22,45798.4
Air Bank,2062,05-Dec-22,46817.6
Air Bank,2177,05-Dec-22,40163.1
Air Bank,2224,05-Dec-22,88802.6
Air Bank,2243,05-Dec-22,28885.1
Air Bank,2369,05-Dec-22,61106.3
Air Bank,2397,05-Dec-22,31942.8
Air Bank,2501,05-Dec-22,70183.7
Air Bank,2620,05-Dec-22,43787.3
Air Bank,2653,05-Dec-22,41374.2
Air Bank,2734,05-Dec-22,41125.4
Air Bank,2756,05-Dec-22,13367.9
Air Bank,3024,05-Dec-22,29521.2
Air Bank,3127,05-Dec-22,38262.9
Air Bank,3157,05-Dec-22,40337.9
Air Bank,3202,05-Dec-22,23548
Air Bank,3259,05-Dec-22,48413
Air Bank,3291,05-Dec-22,19583
Air Bank,3472,05-Dec-22,79459.8
Air Bank,3675,05-Dec-22,31418
Air Bank,3737,05-Dec-22,44797.6
Air Bank,3751,05-Dec-22,21198.1
Air Bank,3755,05-Dec-22,56816.4
Air Bank,3758,05-Dec-22,43771.9
Air Bank,3777,05-Dec-22,29214.1
Air Bank,3930,05-Dec-22,31358.1
Air Bank,4650,05-Dec-22,44740
Air Bank,5126,05-Dec-22,9158.8
Air Bank,6061,05-Dec-22,22525.5
Air Bank,6358,05-Dec-22,75581.3
Air Bank,8261,05-Dec-22,39966.5
Air Bank,8742,05-Dec-22,10711.9
Air Bank,9422,05-Dec-22,50117.6
Air Bank,10257,05-Dec-22,28436.7
Bank Creditas,35,05-Dec-22,27598.4
Bank Creditas,537,05-Dec-22,60796.5
Bank Creditas,658,05-Dec-22,24026
Bank Creditas,714,05-Dec-22,18102.1
Bank Creditas,848,05-Dec-22,45569.4
Bank Creditas,859,05-Dec-22,35718.2
Bank Creditas,1079,05-Dec-22,100197.2
Bank Creditas,1134,05-Dec-22,24604.1
Bank Creditas,1152,05-Dec-22,23217.9
Bank Creditas,1208,05-Dec-22,46729.2
Bank Creditas,1324,05-Dec-22,44751.1
Bank Creditas,1381,05-Dec-22,21004.6
Bank Creditas,1429,05-Dec-22,31519.4
Bank Creditas,1475,05-Dec-22,78302.5
Bank Creditas,1514,05-Dec-22,21421.7
Bank Creditas,1646,05-Dec-22,71295.4
Bank Creditas,1710,05-Dec-22,43358.3
Bank Creditas,1723,05-Dec-22,78677.3
Bank Creditas,1758,05-Dec-22,66901.6
Bank Creditas,1874,05-Dec-22,26407.9
Bank Creditas,1927,05-Dec-22,21096.6
Bank Creditas,2071,05-Dec-22,33345.4
Bank Creditas,2074,05-Dec-22,69069.6
Bank Creditas,2166,05-Dec-22,16640.1
Bank Creditas,2259,05-Dec-22,19997.5
Bank Creditas,2521,05-Dec-22,45784
Bank Creditas,2524,05-Dec-22,20599.1
Bank Creditas,2582,05-Dec-22,62991
Bank Creditas,2753,05-Dec-22,55539.3
Bank Creditas,2779,05-Dec-22,80278.4
Bank Creditas,2940,05-Dec-22,39625.3
Bank Creditas,2996,05-Dec-22,51276.7
Bank Creditas,3007,05-Dec-22,21097.3
Bank Creditas,3190,05-Dec-22,32270.4
Bank Creditas,3852,05-Dec-22,19605
Bank Creditas,3942,05-Dec-22,28818.9
Bank Creditas,3977,05-Dec-22,21376.3
Bank Creditas,4150,05-Dec-22,46258.4
Bank Creditas,5358,05-Dec-22,36174.7
Bank Creditas,6512,05-Dec-22,25222.4
Bank Creditas,7465,05-Dec-22,34292.9
Bank Creditas,7674,05-Dec-22,19904.9
Bank Creditas,7713,05-Dec-22,21051
Bank Creditas,7844,05-Dec-22,74911.4
Bank Creditas,8680,05-Dec-22,12618.3
Bank Creditas,9897,05-Dec-22,37111.8
Czech export bank,38,05-Dec-22,40866
Czech export bank,44,05-Dec-22,26939.3
Czech export bank,165,05-Dec-22,55624.8
Czech export bank,208,05-Dec-22,17642.6
Czech export bank,259,05-Dec-22,23008.8
Czech export bank,289,05-Dec-22,42999.4
Czech export bank,398,05-Dec-22,16453.9
Czech export bank,474,05-Dec-22,32932.2
Czech export bank,538,05-Dec-22,20755.2
Czech export bank,738,05-Dec-22,91967.6
Czech export bank,797,05-Dec-22,59440.5
Czech export bank,874,05-Dec-22,26176.2
Czech export bank,876,05-Dec-22,12071.6
Czech export bank,939,05-Dec-22,23644.9
Czech export bank,970,05-Dec-22,51743.9
Czech export bank,976,05-Dec-22,47479.7
Czech export bank,985,05-Dec-22,23632.4
Czech export bank,1018,05-Dec-22,25089
Czech export bank,1050,05-Dec-22,67178.1
Czech export bank,1115,05-Dec-22,22270.1
Czech export bank,1216,05-Dec-22,23373.2
Czech export bank,1291,05-Dec-22,20326
Czech export bank,1520,05-Dec-22,44901.4
Czech export bank,1596,05-Dec-22,26179.9
Czech export bank,1624,05-Dec-22,24259.6
Czech export bank,1981,05-Dec-22,29754.2
Czech export bank,1982,05-Dec-22,43167
Czech export bank,2035,05-Dec-22,92533.9
Czech export bank,2396,05-Dec-22,25869.9
Czech export bank,2433,05-Dec-22,54108.7
Czech export bank,2455,05-Dec-22,25881.4
Czech export bank,2469,05-Dec-22,22982.2
Czech export bank,2798,05-Dec-22,60029.1
Czech export bank,2873,05-Dec-22,63968.4
Czech export bank,3153,05-Dec-22,67967.4
Czech export bank,3322,05-Dec-22,55327.9
Czech export bank,3324,05-Dec-22,50789.1
Czech export bank,3419,05-Dec-22,12733.6
Czech export bank,3501,05-Dec-22,23831.6
Czech export bank,3545,05-Dec-22,24117.8
Czech export bank,3671,05-Dec-22,18247.3
Czech export bank,3960,05-Dec-22,28528.1
Czech export bank,3961,05-Dec-22,15129.8
Czech export bank,6495,05-Dec-22,43707.6
Czech export bank,6715,05-Dec-22,50180.9
Czech export bank,7437,05-Dec-22,37953.4
Czech export bank,9208,05-Dec-22,49045.1
Czech export bank,9656,05-Dec-22,36552.8
Czech export bank,11135,05-Dec-22,48283.6
Kameron bank,1276,05-Dec-22,22394.4
Kameron bank,1441,05-Dec-22,45209.9
Kameron bank,1571,05-Dec-22,56272.7
Kameron bank,1666,05-Dec-22,44541.8
Kameron bank,1673,05-Dec-22,13769
Kameron bank,1723,05-Dec-22,78685.3
Kameron bank,1774,05-Dec-22,16381.5
Kameron bank,1801,05-Dec-22,85224.7
Kameron bank,1812,05-Dec-22,20573.4
Kameron bank,1905,05-Dec-22,15026.4
Kameron bank,2019,05-Dec-22,16365.2
Kameron bank,2027,05-Dec-22,28744.1
Kameron bank,2085,05-Dec-22,15935.8
Kameron bank,2153,05-Dec-22,39358.5
Kameron bank,2218,05-Dec-22,126655.3
Kameron bank,2244,05-Dec-22,24890
Kameron bank,2371,05-Dec-22,52055.6
Kameron bank,2388,05-Dec-22,34938.6
Kameron bank,2550,05-Dec-22,80275.8
Kameron bank,2606,05-Dec-22,34424.6
Kameron bank,2612,05-Dec-22,65995.5
Kameron bank,2813,05-Dec-22,48736.2
Kameron bank,2903,05-Dec-22,11406.1
Kameron bank,3201,05-Dec-22,65847.4
Kameron bank,3328,05-Dec-22,19203.6
Kameron bank,3434,05-Dec-22,16444.6
Kameron bank,3492,05-Dec-22,13693.3
Kameron bank,3640,05-Dec-22,18082.3
Kameron bank,3999,05-Dec-22,75057.4
Kameron bank,4346,05-Dec-22,48302.3
Kameron bank,4907,05-Dec-22,52723.7
Kameron bank,5213,05-Dec-22,111655.7
Kameron bank,8129,05-Dec-22,30628.3
Kameron bank,8566,05-Dec-22,13292
Kameron bank,10942,05-Dec-22,32240.1
Kameron bank,11042,05-Dec-22,95001.7
Max bank,62,05-Dec-22,20733.9
Max bank,294,05-Dec-22,79433.3
Max bank,305,05-Dec-22,20270.8
Max bank,396,05-Dec-22,77533.4
Max bank,460,05-Dec-22,47707.6
Max bank,474,05-Dec-22,32238.2
Max bank,535,05-Dec-22,22723.7
Max bank,764,05-Dec-22,27971.4
Max bank,918,05-Dec-22,33831.6
Max bank,1003,05-Dec-22,50411.1
Max bank,1075,05-Dec-22,49726.7
Max bank,1086,05-Dec-22,23369.3
Max bank,1094,05-Dec-22,13874.5
Max bank,1100,05-Dec-22,12575.7
Max bank,1179,05-Dec-22,13297
Max bank,1578,05-Dec-22,47917.1
Max bank,1611,05-Dec-22,54249.4
Max bank,1662,05-Dec-22,25309.3
Max bank,1683,05-Dec-22,29175.1
Max bank,1726,05-Dec-22,19775.9
Max bank,1949,05-Dec-22,39679
Max bank,2114,05-Dec-22,11769.5
Max bank,2193,05-Dec-22,14935.3
Max bank,2242,05-Dec-22,38448.6
Max bank,2335,05-Dec-22,-2599
Max bank,2537,05-Dec-22,31691.2
Max bank,2664,05-Dec-22,84368.5
Max bank,2842,05-Dec-22,23261.5
Max bank,2928,05-Dec-22,21668.3
Max bank,3080,05-Dec-22,18560.2
Max bank,3158,05-Dec-22,22281.4
Max bank,3300,05-Dec-22,57622.9
Max bank,3423,05-Dec-22,22166.1
Max bank,3455,05-Dec-22,111360.3
Max bank,3534,05-Dec-22,45415.8
Max bank,3560,05-Dec-22,11552.4
Max bank,3612,05-Dec-22,64169
Max bank,3676,05-Dec-22,19247
Max bank,3680,05-Dec-22,25597.4
Max bank,3869,05-Dec-22,77255.8
Max bank,3876,05-Dec-22,25799.5
Max bank,3977,05-Dec-22,24350.3
Max bank,3995,05-Dec-22,58404.9
Max bank,4969,05-Dec-22,61362.1
Max bank,6699,05-Dec-22,53662.9
Max bank,7049,05-Dec-22,126714.9
Max bank,7542,05-Dec-22,62080.3
Max bank,8158,05-Dec-22,28146.7
Max bank,8327,05-Dec-22,41957.9
Max bank,8405,05-Dec-22,65671
Max bank,8772,05-Dec-22,33158
Max bank,9140,05-Dec-22,15146.3
Max bank,9504,05-Dec-22,74960
Max bank,10807,05-Dec-22,110281.3
Moneta Money Bank,67,05-Dec-22,127579.4
Moneta Money Bank,100,05-Dec-22,77048.4
Moneta Money Bank,101,05-Dec-22,54626.7
Moneta Money Bank,168,05-Dec-22,18301.6
Moneta Money Bank,186,05-Dec-22,88575.3
Moneta Money Bank,413,05-Dec-22,19540.3
Moneta Money Bank,425,05-Dec-22,44127.9
Moneta Money Bank,510,05-Dec-22,44364.1
Moneta Money Bank,729,05-Dec-22,23850
Moneta Money Bank,736,05-Dec-22,20300
Moneta Money Bank,911,05-Dec-22,35991.3
Moneta Money Bank,1017,05-Dec-22,19714.8
Moneta Money Bank,1032,05-Dec-22,148027.2
Moneta Money Bank,1196,05-Dec-22,25064.2
Moneta Money Bank,1231,05-Dec-22,41296
Moneta Money Bank,1296,05-Dec-22,31567.5
Moneta Money Bank,1590,05-Dec-22,30154.8
Moneta Money Bank,1620,05-Dec-22,46233.6
Moneta Money Bank,1675,05-Dec-22,20323
Moneta Money Bank,1739,05-Dec-22,16946.7
Moneta Money Bank,1860,05-Dec-22,17661.3
Moneta Money Bank,1863,05-Dec-22,46611.2
Moneta Money Bank,1888,05-Dec-22,43282.2
Moneta Money Bank,1889,05-Dec-22,45255
Moneta Money Bank,2052,05-Dec-22,42675.6
Moneta Money Bank,2317,05-Dec-22,27851.2
Moneta Money Bank,2440,05-Dec-22,41955.3
Moneta Money Bank,2667,05-Dec-22,27600
Moneta Money Bank,2680,05-Dec-22,54732.1
Moneta Money Bank,2743,05-Dec-22,11814.5
Moneta Money Bank,3017,05-Dec-22,13476.9
Moneta Money Bank,3030,05-Dec-22,28250.4
Moneta Money Bank,3086,05-Dec-22,90371.2
Moneta Money Bank,3192,05-Dec-22,48526
Moneta Money Bank,3348,05-Dec-22,61787.9
Moneta Money Bank,3392,05-Dec-22,25334.1
Moneta Money Bank,3693,05-Dec-22,79412
Moneta Money Bank,3872,05-Dec-22,35656.9
Moneta Money Bank,3932,05-Dec-22,19064.4
Moneta Money Bank,3955,05-Dec-22,58981.5
Moneta Money Bank,7184,05-Dec-22,67662.9
Moneta Money Bank,8114,05-Dec-22,57096.4
Moneta Money Bank,8169,05-Dec-22,19980.2
Moneta Money Bank,8173,05-Dec-22,114841.4
Moneta Money Bank,9828,05-Dec-22,77168.3
PPF Bank,8,05-Dec-22,48542.9
PPF Bank,61,05-Dec-22,19408.7
PPF Bank,169,05-Dec-22,57530
PPF Bank,239,05-Dec-22,57354
PPF Bank,244,05-Dec-22,61322.2
PPF Bank,399,05-Dec-22,28017.5
PPF Bank,443,05-Dec-22,22607.3
PPF Bank,477,05-Dec-22,21937.8
PPF Bank,541,05-Dec-22,12830.7
PPF Bank,564,05-Dec-22,22943.3
PPF Bank,653,05-Dec-22,29914.9
PPF Bank,655,05-Dec-22,62782
PPF Bank,793,05-Dec-22,22184.5
PPF Bank,944,05-Dec-22,38446.6
PPF Bank,1120,05-Dec-22,32899.9
PPF Bank,1195,05-Dec-22,29287.2
PPF Bank,1244,05-Dec-22,12629.6
PPF Bank,1399,05-Dec-22,28255
PPF Bank,1404,05-Dec-22,118234
PPF Bank,1423,05-Dec-22,10156.6
PPF Bank,1441,05-Dec-22,42784.9
PPF Bank,1882,05-Dec-22,16438.8
PPF Bank,1965,05-Dec-22,74846.7
PPF Bank,2085,05-Dec-22,11890.8
PPF Bank,2155,05-Dec-22,13426
PPF Bank,2208,05-Dec-22,15016.9
PPF Bank,2365,05-Dec-22,34743.5
PPF Bank,2395,05-Dec-22,39162.2
PPF Bank,2467,05-Dec-22,55602.9
PPF Bank,2494,05-Dec-22,23839.2
PPF Bank,2569,05-Dec-22,16174.1
PPF Bank,2624,05-Dec-22,75769.5
PPF Bank,2685,05-Dec-22,29089.5
PPF Bank,2693,05-Dec-22,48428.4
PPF Bank,2810,05-Dec-22,24984.7
PPF Bank,3032,05-Dec-22,54445.4
PPF Bank,3045,05-Dec-22,26257.5
PPF Bank,3046,05-Dec-22,10321.4
PPF Bank,3281,05-Dec-22,24889
PPF Bank,3498,05-Dec-22,26159
PPF Bank,3577,05-Dec-22,39442.3
PPF Bank,3780,05-Dec-22,23782.2
PPF Bank,3975,05-Dec-22,25470.5
PPF Bank,4727,05-Dec-22,123789.4
PPF Bank,5133,05-Dec-22,38033.8
PPF Bank,5228,05-Dec-22,142169
PPF Bank,7052,05-Dec-22,26958.5
PPF Bank,7907,05-Dec-22,92036.5
PPF Bank,11271,05-Dec-22,36150.3
Raiffeisen bank,12,05-Dec-22,21617.7
Raiffeisen bank,39,05-Dec-22,20317.3
Raiffeisen bank,42,05-Dec-22,20607.8
Raiffeisen bank,102,05-Dec-22,54660
Raiffeisen bank,206,05-Dec-22,28815.6
Raiffeisen bank,406,05-Dec-22,16903.9
Raiffeisen bank,431,05-Dec-22,16680.6
Raiffeisen bank,443,05-Dec-22,21099.3
Raiffeisen bank,514,05-Dec-22,15639.3
Raiffeisen bank,542,05-Dec-22,21302.2
Raiffeisen bank,581,05-Dec-22,47337.5
Raiffeisen bank,655,05-Dec-22,62589
Raiffeisen bank,806,05-Dec-22,21940.5
Raiffeisen bank,826,05-Dec-22,18298.5
Raiffeisen bank,854,05-Dec-22,36437.8
Raiffeisen bank,992,05-Dec-22,33753.6
Raiffeisen bank,1047,05-Dec-22,27075.6
Raiffeisen bank,1184,05-Dec-22,95931.6
Raiffeisen bank,1211,05-Dec-22,19254.1
Raiffeisen bank,1292,05-Dec-22,64580.7
Raiffeisen bank,1347,05-Dec-22,15073.1
Raiffeisen bank,1406,05-Dec-22,19772.8
Raiffeisen bank,1596,05-Dec-22,28176.9
Raiffeisen bank,1744,05-Dec-22,22474.6
Raiffeisen bank,1940,05-Dec-22,26054.8
Raiffeisen bank,2176,05-Dec-22,-1579.4
Raiffeisen bank,2431,05-Dec-22,51334.6
Raiffeisen bank,2568,05-Dec-22,49002.1
Raiffeisen bank,2570,05-Dec-22,16993.2
Raiffeisen bank,2627,05-Dec-22,21779.9
Raiffeisen bank,2636,05-Dec-22,15400.5
Raiffeisen bank,2745,05-Dec-22,46488.9
Raiffeisen bank,2938,05-Dec-22,81938.4
Raiffeisen bank,3195,05-Dec-22,54302.7
Raiffeisen bank,3227,05-Dec-22,70736.8
Raiffeisen bank,3438,05-Dec-22,15600.5
Raiffeisen bank,3530,05-Dec-22,9408.7
Raiffeisen bank,3868,05-Dec-22,31078.3
Raiffeisen bank,4346,05-Dec-22,42913.3
Raiffeisen bank,4383,05-Dec-22,28638.5
Raiffeisen bank,5991,05-Dec-22,14220.2
Raiffeisen bank,7123,05-Dec-22,80568.4
Raiffeisen bank,7176,05-Dec-22,62314.6
Raiffeisen bank,8051,05-Dec-22,57802.3
Raiffeisen bank,8645,05-Dec-22,19813.8
Raiffeisen bank,10940,05-Dec-22,40484.4
Fio bank,2,05-Dec-22,27517.3
Fio bank,174,05-Dec-22,17967.7
Fio bank,198,05-Dec-22,19664.9
Fio bank,199,05-Dec-22,29611.9
Fio bank,273,05-Dec-22,62747.1
Fio bank,317,05-Dec-22,34065.4
Fio bank,408,05-Dec-22,81140.6
Fio bank,684,05-Dec-22,16789.9
Fio bank,921,05-Dec-22,19974.7
Fio bank,984,05-Dec-22,13599
Fio bank,1064,05-Dec-22,21515
Fio bank,1082,05-Dec-22,19391.9
Fio bank,1098,05-Dec-22,62585.3
Fio bank,1155,05-Dec-22,11869.4
Fio bank,1235,05-Dec-22,15081.7
Fio bank,1267,05-Dec-22,14835.3
Fio bank,1521,05-Dec-22,20991.8
Fio bank,1555,05-Dec-22,43131.8
Fio bank,1592,05-Dec-22,83331.9
Fio bank,1613,05-Dec-22,38345.5
Fio bank,1663,05-Dec-22,47704.3
Fio bank,1680,05-Dec-22,47180.9
Fio bank,1691,05-Dec-22,21990.7
Fio bank,1823,05-Dec-22,20939
Fio bank,1939,05-Dec-22,52089.3
Fio bank,1955,05-Dec-22,21912.9
Fio bank,1969,05-Dec-22,26786
Fio bank,1991,05-Dec-22,71059
Fio bank,2104,05-Dec-22,37075.8
Fio bank,2127,05-Dec-22,17283.7
Fio bank,2152,05-Dec-22,20176.7
Fio bank,2211,05-Dec-22,105223.9
Fio bank,2215,05-Dec-22,34787.2
Fio bank,2351,05-Dec-22,33350.2
Fio bank,2501,05-Dec-22,70707.7
Fio bank,2602,05-Dec-22,46308.6
Fio bank,2606,05-Dec-22,34455.6
Fio bank,2664,05-Dec-22,83893.5
Fio bank,2677,05-Dec-22,15734.1
Fio bank,2749,05-Dec-22,94949.7
Fio bank,2758,05-Dec-22,59620.8
Fio bank,2850,05-Dec-22,16638.1
Fio bank,2902,05-Dec-22,49443.8
Fio bank,2979,05-Dec-22,14261.9
Fio bank,3141,05-Dec-22,87242.7
Fio bank,3183,05-Dec-22,23420.3
Fio bank,3415,05-Dec-22,37559.6
Fio bank,3566,05-Dec-22,27680.1
Fio bank,3600,05-Dec-22,57195.1
Fio bank,3727,05-Dec-22,74146.4
Fio bank,3731,05-Dec-22,23100.9
Fio bank,3812,05-Dec-22,48259.7
Fio bank,3836,05-Dec-22,44236.2
Fio bank,3863,05-Dec-22,9160.9
Fio bank,4253,05-Dec-22,121024
Fio bank,4467,05-Dec-22,25208.7
Fio bank,7401,05-Dec-22,20773.2
Fio bank,9159,05-Dec-22,46914.6
Fio bank,9640,05-Dec-22,75262.2
Fio bank,10202,05-Dec-22,36547.6
Hypotecni bank,50,05-Dec-22,76417
Hypotecni bank,374,05-Dec-22,87031.1
Hypotecni bank,405,05-Dec-22,13522.6
Hypotecni bank,434,05-Dec-22,17001.4
Hypotecni bank,542,05-Dec-22,18552.2
Hypotecni bank,550,05-Dec-22,13976
Hypotecni bank,561,05-Dec-22,19397.5
Hypotecni bank,911,05-Dec-22,45591.3
Hypotecni bank,1244,05-Dec-22,14751.6
Hypotecni bank,1255,05-Dec-22,65585.9
Hypotecni bank,1370,05-Dec-22,40684.9
Hypotecni bank,1435,05-Dec-22,54205.1
Hypotecni bank,1468,05-Dec-22,29269.8
Hypotecni bank,1590,05-Dec-22,29129.8
Hypotecni bank,1599,05-Dec-22,50985.8
Hypotecni bank,1859,05-Dec-22,13222.8
Hypotecni bank,1904,05-Dec-22,31185.2
Hypotecni bank,2255,05-Dec-22,20214.1
Hypotecni bank,2381,05-Dec-22,45527.3
Hypotecni bank,2770,05-Dec-22,42964.2
Hypotecni bank,2834,05-Dec-22,42411.5
Hypotecni bank,2873,05-Dec-22,60353.4
Hypotecni bank,2929,05-Dec-22,116169.1
Hypotecni bank,2960,05-Dec-22,19131.9
Hypotecni bank,3045,05-Dec-22,23891.5
Hypotecni bank,3094,05-Dec-22,33504.4
Hypotecni bank,3137,05-Dec-22,74884.1
Hypotecni bank,3153,05-Dec-22,64792.4
Hypotecni bank,3354,05-Dec-22,27751.3
Hypotecni bank,3543,05-Dec-22,11929.1
Hypotecni bank,3574,05-Dec-22,12124.2
Hypotecni bank,3612,05-Dec-22,64845
Hypotecni bank,3721,05-Dec-22,16742.7
Hypotecni bank,3978,05-Dec-22,12226.9
Hypotecni bank,4150,05-Dec-22,44589.4
Hypotecni bank,5290,05-Dec-22,29125.7
Hypotecni bank,5758,05-Dec-22,21042
Hypotecni bank,5817,05-Dec-22,28666.6
Hypotecni bank,7861,05-Dec-22,72623
Hypotecni bank,9731,05-Dec-22,41946.6
Hypotecni bank,10439,05-Dec-22,63172.8
Hypotecni bank,10915,05-Dec-22,22007.2
J&T Bank,27,05-Dec-22,20934.2
J&T Bank,36,05-Dec-22,80985.7
J&T Bank,43,05-Dec-22,49648.7
J&T Bank,275,05-Dec-22,18550.8
J&T Bank,281,05-Dec-22,63206.1
J&T Bank,823,05-Dec-22,23749.7
J&T Bank,824,05-Dec-22,46306.1
J&T Bank,1113,05-Dec-22,53217.5
J&T Bank,1182,05-Dec-22,62238.2
J&T Bank,1212,05-Dec-22,21139.7
J&T Bank,1373,05-Dec-22,18996
J&T Bank,1515,05-Dec-22,29574.1
J&T Bank,1516,05-Dec-22,40723
J&T Bank,1560,05-Dec-22,38113
J&T Bank,1699,05-Dec-22,30656.2
J&T Bank,1762,05-Dec-22,43445.8
J&T Bank,1823,05-Dec-22,23286
J&T Bank,1824,05-Dec-22,56814.6
J&T Bank,2037,05-Dec-22,45795.8
J&T Bank,2038,05-Dec-22,34493.9
J&T Bank,2221,05-Dec-22,14793.4
J&T Bank,2363,05-Dec-22,22838.6
J&T Bank,2364,05-Dec-22,15572.6
J&T Bank,2448,05-Dec-22,14152.7
J&T Bank,2510,05-Dec-22,56472.4
J&T Bank,2775,05-Dec-22,99582.6
J&T Bank,2923,05-Dec-22,22464.7
J&T Bank,2991,05-Dec-22,70600.9
J&T Bank,3225,05-Dec-22,97225.7
J&T Bank,3550,05-Dec-22,26903.7
J&T Bank,3625,05-Dec-22,11283.5
J&T Bank,3728,05-Dec-22,38839.2
J&T Bank,3892,05-Dec-22,14205.3
J&T Bank,3938,05-Dec-22,37465.1
J&T Bank,7606,05-Dec-22,40422.5
J&T Bank,10233,05-Dec-22,46538.8
J&T Bank,10411,05-Dec-22,27240.3
Kameron bank,123,05-Dec-22,27152.9
Kameron bank,196,05-Dec-22,65526.6
Kameron bank,295,05-Dec-22,26822.5
Kameron bank,333,05-Dec-22,20462.2
Kameron bank,350,05-Dec-22,16806
Kameron bank,519,05-Dec-22,19358.5
Kameron bank,580,05-Dec-22,25113.7
Kameron bank,608,05-Dec-22,19545.5
Kameron bank,637,05-Dec-22,12868.2
Kameron bank,684,05-Dec-22,18725.9
Kameron bank,823,05-Dec-22,23137.7
Kameron bank,884,05-Dec-22,17784.3
Kameron bank,887,05-Dec-22,20937.1
Trinity Bank,26,06-Dec-22,18885.4
Trinity Bank,47,06-Dec-22,40929.1
Trinity Bank,273,06-Dec-22,62569.1
Trinity Bank,291,06-Dec-22,68520.2
Trinity Bank,326,06-Dec-22,24975.6
Trinity Bank,543,06-Dec-22,14487.7
Trinity Bank,764,06-Dec-22,25611.4
Trinity Bank,870,06-Dec-22,25511.9
Trinity Bank,947,06-Dec-22,52822.3
Trinity Bank,1055,06-Dec-22,21520
Trinity Bank,1114,06-Dec-22,28522.1
Trinity Bank,1306,06-Dec-22,45145.5
Trinity Bank,1390,06-Dec-22,40940.8
Trinity Bank,1402,06-Dec-22,21604.8
Trinity Bank,1474,06-Dec-22,24215.4
Trinity Bank,1586,06-Dec-22,48814.7
Trinity Bank,1653,06-Dec-22,37671.6
Trinity Bank,1759,06-Dec-22,49348.8
Trinity Bank,1779,06-Dec-22,89199.2
Trinity Bank,1925,06-Dec-22,34981.3
Trinity Bank,1966,06-Dec-22,44783.8
Trinity Bank,2008,06-Dec-22,82985.2
Trinity Bank,2020,06-Dec-22,26417.5
Trinity Bank,2116,06-Dec-22,23990
Trinity Bank,2127,06-Dec-22,15288.7
Trinity Bank,2152,06-Dec-22,25056.7
Trinity Bank,2250,06-Dec-22,74244.2
Trinity Bank,2697,06-Dec-22,71754.4
Trinity Bank,2733,06-Dec-22,32727.5
Trinity Bank,2795,06-Dec-22,47989.5
Trinity Bank,2826,06-Dec-22,13545.2
Trinity Bank,2980,06-Dec-22,20718.9
Trinity Bank,2991,06-Dec-22,61380.9
Trinity Bank,3012,06-Dec-22,49298.6
Trinity Bank,3067,06-Dec-22,22776.3
Trinity Bank,3238,06-Dec-22,59612.6
Trinity Bank,3342,06-Dec-22,19395.4
Trinity Bank,3465,06-Dec-22,85213.3
Trinity Bank,3544,06-Dec-22,46376.8
Trinity Bank,3860,06-Dec-22,45291.3
Trinity Bank,3896,06-Dec-22,27048.2
Trinity Bank,4725,06-Dec-22,56266.9
Trinity Bank,4794,06-Dec-22,25439.6
Trinity Bank,5066,06-Dec-22,21254.7
Trinity Bank,6040,06-Dec-22,20040.8
Trinity Bank,9307,06-Dec-22,98236.9
Trinity Bank,10905,06-Dec-22,72791.7
UniCredit Bank,68,06-Dec-22,60853.8
UniCredit Bank,76,06-Dec-22,20852
UniCredit Bank,88,06-Dec-22,26866.5
UniCredit Bank,90,06-Dec-22,13521.4
UniCredit Bank,162,06-Dec-22,27634.3
UniCredit Bank,225,06-Dec-22,84947.8
UniCredit Bank,252,06-Dec-22,52630.3
UniCredit Bank,334,06-Dec-22,74280.6
UniCredit Bank,355,06-Dec-22,50180.2
UniCredit Bank,460,06-Dec-22,43203.6
UniCredit Bank,588,06-Dec-22,18965.8
UniCredit Bank,657,06-Dec-22,54724.5
UniCredit Bank,689,06-Dec-22,31814.7
UniCredit Bank,792,06-Dec-22,18429.9
UniCredit Bank,822,06-Dec-22,27237.3
UniCredit Bank,859,06-Dec-22,34863.2
UniCredit Bank,1320,06-Dec-22,28968
UniCredit Bank,1335,06-Dec-22,30659.3
UniCredit Bank,1704,06-Dec-22,22529.8
UniCredit Bank,1736,06-Dec-22,23246.3
UniCredit Bank,1747,06-Dec-22,18963.8
UniCredit Bank,2001,06-Dec-22,94864
UniCredit Bank,2004,06-Dec-22,100055.7
UniCredit Bank,2170,06-Dec-22,150448
UniCredit Bank,2334,06-Dec-22,59866.6
UniCredit Bank,2400,06-Dec-22,38406.2
UniCredit Bank,2422,06-Dec-22,36301.9
UniCredit Bank,2546,06-Dec-22,16208.2
UniCredit Bank,2597,06-Dec-22,29538.3
UniCredit Bank,2658,06-Dec-22,22611.3
UniCredit Bank,2784,06-Dec-22,31076.1
UniCredit Bank,2868,06-Dec-22,32440.2
UniCredit Bank,2953,06-Dec-22,52736.8
UniCredit Bank,3041,06-Dec-22,13897.5
UniCredit Bank,3063,06-Dec-22,45236.3
UniCredit Bank,3247,06-Dec-22,23694.5
UniCredit Bank,3293,06-Dec-22,33734.5
UniCredit Bank,3548,06-Dec-22,40405.5
UniCredit Bank,3574,06-Dec-22,14806.2
UniCredit Bank,3686,06-Dec-22,20058.6
UniCredit Bank,3718,06-Dec-22,42236.5
UniCredit Bank,3745,06-Dec-22,127889.7
UniCredit Bank,3841,06-Dec-22,32669.3
UniCredit Bank,8931,06-Dec-22,76757.5
UniCredit Bank,9199,06-Dec-22,39024.7
UniCredit Bank,9869,06-Dec-22,81075.4
Air Bank,65,06-Dec-22,84693.2
Air Bank,71,06-Dec-22,63643.5
Air Bank,117,06-Dec-22,23089.6
Air Bank,342,06-Dec-22,22688.1
Air Bank,390,06-Dec-22,67122.2
Air Bank,461,06-Dec-22,76944.3
Air Bank,510,06-Dec-22,41922.1
Air Bank,536,06-Dec-22,28454.1
Air Bank,650,06-Dec-22,28034.5
Air Bank,738,06-Dec-22,88296.6
Air Bank,923,06-Dec-22,24355.3
Air Bank,1176,06-Dec-22,8310.5
Air Bank,1264,06-Dec-22,73522.7
Air Bank,1476,06-Dec-22,19669.8
Air Bank,1520,06-Dec-22,41958.4
Air Bank,1600,06-Dec-22,29362.5
Air Bank,1723,06-Dec-22,74773.3
Air Bank,1738,06-Dec-22,15067.1
Air Bank,1749,06-Dec-22,130200.9
Air Bank,1766,06-Dec-22,38936.4
Air Bank,1776,06-Dec-22,35274.7
Air Bank,1910,06-Dec-22,104693.7
Air Bank,2001,06-Dec-22,107388
Air Bank,2142,06-Dec-22,21009.7
Air Bank,2166,06-Dec-22,16378.1
Air Bank,2209,06-Dec-22,26958.4
Air Bank,2270,06-Dec-22,29287.5
Air Bank,2278,06-Dec-22,60594.3
Air Bank,2282,06-Dec-22,94987.9
Air Bank,2363,06-Dec-22,22239.6
Air Bank,2471,06-Dec-22,121486.7
Air Bank,2494,06-Dec-22,84075.2
Air Bank,2557,06-Dec-22,22232.5
Air Bank,2820,06-Dec-22,26405.9
Air Bank,2955,06-Dec-22,26966.7
Air Bank,3252,06-Dec-22,28174.5
Air Bank,3456,06-Dec-22,46180.4
Air Bank,3558,06-Dec-22,82393.9
Air Bank,3754,06-Dec-22,54716.8
Air Bank,3836,06-Dec-22,38928.2
Air Bank,3848,06-Dec-22,64258.2
Air Bank,3917,06-Dec-22,38126.4
Air Bank,3935,06-Dec-22,65957.6
Air Bank,4003,06-Dec-22,85497
Air Bank,4035,06-Dec-22,114183.2
Air Bank,4476,06-Dec-22,34729.2
Air Bank,4851,06-Dec-22,71446.3
Air Bank,6699,06-Dec-22,77514.9
Air Bank,8405,06-Dec-22,65261
Air Bank,10493,06-Dec-22,45498.8
Bank Creditas,72,06-Dec-22,100578.2
Bank Creditas,322,06-Dec-22,13448.4
Bank Creditas,353,06-Dec-22,73820.1
Bank Creditas,364,06-Dec-22,24395.8
Bank Creditas,368,06-Dec-22,21471.8
Bank Creditas,434,06-Dec-22,15364.4
Bank Creditas,502,06-Dec-22,29210.1
Bank Creditas,686,06-Dec-22,14694.4
Bank Creditas,875,06-Dec-22,49509.7
Bank Creditas,909,06-Dec-22,18949.1
Bank Creditas,918,06-Dec-22,23755.6
Bank Creditas,936,06-Dec-22,19859
Bank Creditas,977,06-Dec-22,93626
Bank Creditas,1294,06-Dec-22,50290.8
Bank Creditas,1312,06-Dec-22,29138.7
Bank Creditas,1320,06-Dec-22,28819
Bank Creditas,1348,06-Dec-22,49502.7
Bank Creditas,1395,06-Dec-22,46661.2
Bank Creditas,1405,06-Dec-22,38663.2
Bank Creditas,1444,06-Dec-22,61179.8
Bank Creditas,1469,06-Dec-22,36572.8
Bank Creditas,1517,06-Dec-22,11985.3
Bank Creditas,1597,06-Dec-22,40006.5
Bank Creditas,1620,06-Dec-22,44302.6
Bank Creditas,1641,06-Dec-22,45120.6
Bank Creditas,1673,06-Dec-22,18177
Bank Creditas,1730,06-Dec-22,72615.9
Bank Creditas,1797,06-Dec-22,72719.7
Bank Creditas,2121,06-Dec-22,18217.2
Bank Creditas,2344,06-Dec-22,31337.2
Bank Creditas,2459,06-Dec-22,20660.3
Bank Creditas,2492,06-Dec-22,9740.7
Bank Creditas,2501,06-Dec-22,69438.7
Bank Creditas,2525,06-Dec-22,9705.2
Bank Creditas,2575,06-Dec-22,21680.3
Bank Creditas,2584,06-Dec-22,25443.3
Bank Creditas,2649,06-Dec-22,64260.2
Bank Creditas,2676,06-Dec-22,37871.9
Bank Creditas,2772,06-Dec-22,59925.8
Bank Creditas,2855,06-Dec-22,46623.8
Bank Creditas,2861,06-Dec-22,23824.5
Bank Creditas,2889,06-Dec-22,107276
Bank Creditas,3145,06-Dec-22,39573.5
Bank Creditas,3238,06-Dec-22,67721.6
Bank Creditas,3371,06-Dec-22,7025.4
Bank Creditas,3410,06-Dec-22,35052.4
Bank Creditas,3464,06-Dec-22,63931.4
Bank Creditas,3546,06-Dec-22,59279.3
Bank Creditas,3626,06-Dec-22,23795.6
Bank Creditas,3727,06-Dec-22,73310.4
Bank Creditas,3970,06-Dec-22,45504
Bank Creditas,3980,06-Dec-22,59173
Bank Creditas,4010,06-Dec-22,53665.8
Bank Creditas,7815,06-Dec-22,24284.3
Bank Creditas,10063,06-Dec-22,88803.7
Czech export bank,110,06-Dec-22,43072.8
Czech export bank,396,06-Dec-22,77225.4
Czech export bank,423,06-Dec-22,24060
Czech export bank,452,06-Dec-22,88763.1
Czech export bank,610,06-Dec-22,103567.5
Czech export bank,616,06-Dec-22,26887.9
Czech export bank,632,06-Dec-22,19291.8
Czech export bank,906,06-Dec-22,19847.7
Czech export bank,943,06-Dec-22,30489.6
Czech export bank,954,06-Dec-22,28165.5
Czech export bank,1089,06-Dec-22,25393.5
Czech export bank,1108,06-Dec-22,53493.7
Czech export bank,1134,06-Dec-22,40586.1
Czech export bank,1268,06-Dec-22,37343.2
Czech export bank,1277,06-Dec-22,15959
Czech export bank,1412,06-Dec-22,15760.9
Czech export bank,1418,06-Dec-22,16382.9
Czech export bank,1477,06-Dec-22,19019.2
Czech export bank,1716,06-Dec-22,11203.5
Czech export bank,1875,06-Dec-22,19230
Czech export bank,1893,06-Dec-22,83534.4
Czech export bank,1907,06-Dec-22,40298.1
Czech export bank,2065,06-Dec-22,15307
Czech export bank,2307,06-Dec-22,18711
Czech export bank,2335,06-Dec-22,-4275
Czech export bank,2415,06-Dec-22,28399.2
Czech export bank,2535,06-Dec-22,42466
Czech export bank,2569,06-Dec-22,15711.1
Czech export bank,2672,06-Dec-22,14948.6
Czech export bank,2801,06-Dec-22,41693.3
Czech export bank,2910,06-Dec-22,20409.8
Czech export bank,3085,06-Dec-22,18021.6
Czech export bank,3097,06-Dec-22,12646.6
Czech export bank,3169,06-Dec-22,8892.8
Czech export bank,3243,06-Dec-22,14226.2
Czech export bank,3268,06-Dec-22,24713.3
Czech export bank,3639,06-Dec-22,20846
Czech export bank,5912,06-Dec-22,16189
Czech export bank,8411,06-Dec-22,25951.8
Czech export bank,8680,06-Dec-22,4052.3
Czech export bank,10063,06-Dec-22,90129.7
Czech export bank,11359,06-Dec-22,59250.8
Kameron bank,1213,06-Dec-22,22176.6
Kameron bank,1329,06-Dec-22,33341.3
Kameron bank,1396,06-Dec-22,37644.2
Kameron bank,1532,06-Dec-22,79507.2
Kameron bank,1628,06-Dec-22,20789
Kameron bank,1658,06-Dec-22,23697.5
Kameron bank,1695,06-Dec-22,112149.5
Kameron bank,1957,06-Dec-22,31489.2
Kameron bank,2000,06-Dec-22,47419.4
Kameron bank,2006,06-Dec-22,23375.3
Kameron bank,2101,06-Dec-22,25347.4
Kameron bank,2208,06-Dec-22,18205.9
Kameron bank,2263,06-Dec-22,70559.4
Kameron bank,2326,06-Dec-22,49279.1
Kameron bank,2442,06-Dec-22,16368.2
Kameron bank,2509,06-Dec-22,22022.5
Kameron bank,2719,06-Dec-22,12043.1
Kameron bank,2878,06-Dec-22,23489.2
Kameron bank,3030,06-Dec-22,26455.4
Kameron bank,3046,06-Dec-22,14075.4
Kameron bank,3319,06-Dec-22,48111.3
Kameron bank,3549,06-Dec-22,15091.6
Kameron bank,3560,06-Dec-22,16578.4
Kameron bank,3561,06-Dec-22,18946.2
Kameron bank,3605,06-Dec-22,50760.3
Kameron bank,3639,06-Dec-22,24704
Kameron bank,3659,06-Dec-22,74270.8
Kameron bank,3672,06-Dec-22,73007.8
Kameron bank,3681,06-Dec-22,46410.2
Kameron bank,3683,06-Dec-22,90572.7
Kameron bank,3757,06-Dec-22,72446.8
Kameron bank,3808,06-Dec-22,60569
Kameron bank,4259,06-Dec-22,58301.1
Kameron bank,4471,06-Dec-22,57072.8
Kameron bank,5313,06-Dec-22,37124.3
Kameron bank,7424,06-Dec-22,40979.6
Kameron bank,7606,06-Dec-22,36154.5
Kameron bank,10774,06-Dec-22,49192.1
Max bank,100,06-Dec-22,76450.4
Max bank,321,06-Dec-22,13432.2
Max bank,467,06-Dec-22,24644.1
Max bank,483,06-Dec-22,15541.3
Max bank,547,06-Dec-22,19824.4
Max bank,571,06-Dec-22,28723.2
Max bank,687,06-Dec-22,18530.8
Max bank,751,06-Dec-22,21843.1
Max bank,878,06-Dec-22,33463.7
Max bank,1021,06-Dec-22,27435.4
Max bank,1199,06-Dec-22,49898.1
Max bank,1664,06-Dec-22,47384.2
Max bank,1698,06-Dec-22,60954.2
Max bank,1714,06-Dec-22,36447
Max bank,1951,06-Dec-22,42909
Max bank,2096,06-Dec-22,31479.6
Max bank,2241,06-Dec-22,59851.2
Max bank,2453,06-Dec-22,25921.1
Max bank,2767,06-Dec-22,61330.8
Max bank,2779,06-Dec-22,72016.4
Max bank,3042,06-Dec-22,30900.5
Max bank,3197,06-Dec-22,30301.9
Max bank,3240,06-Dec-22,5782.7
Max bank,3362,06-Dec-22,29193
Max bank,3366,06-Dec-22,30913.1
Max bank,3440,06-Dec-22,65416.4
Max bank,3495,06-Dec-22,27218.5
Max bank,3524,06-Dec-22,14300
Max bank,3751,06-Dec-22,21088.1
Max bank,3791,06-Dec-22,91508.1
Max bank,3799,06-Dec-22,50354.8
Max bank,3862,06-Dec-22,44009
Max bank,3904,06-Dec-22,19944.7
Max bank,4052,06-Dec-22,86533.3
Max bank,4131,06-Dec-22,53035.4
Max bank,4418,06-Dec-22,20130.6
Max bank,7485,06-Dec-22,15064.3
Max bank,8268,06-Dec-22,59821
Max bank,10728,06-Dec-22,33639.5
Max bank,11042,06-Dec-22,86565.7
Moneta Money Bank,141,06-Dec-22,19472.8
Moneta Money Bank,161,06-Dec-22,16942.2
Moneta Money Bank,192,06-Dec-22,33959.6
Moneta Money Bank,244,06-Dec-22,61090.2
Moneta Money Bank,365,06-Dec-22,48197.4
Moneta Money Bank,447,06-Dec-22,54520.5
Moneta Money Bank,645,06-Dec-22,48477.6
Moneta Money Bank,767,06-Dec-22,23088.1
Moneta Money Bank,897,06-Dec-22,75441
Moneta Money Bank,1239,06-Dec-22,26785.7
Moneta Money Bank,1381,06-Dec-22,25062.6
Moneta Money Bank,1476,06-Dec-22,23136.8
Moneta Money Bank,1479,06-Dec-22,18582.5
Moneta Money Bank,1484,06-Dec-22,29402.3
Moneta Money Bank,1592,06-Dec-22,81718.9
Moneta Money Bank,1761,06-Dec-22,42804.3
Moneta Money Bank,1915,06-Dec-22,13258.9
Moneta Money Bank,1971,06-Dec-22,44891.7
Moneta Money Bank,2225,06-Dec-22,14471.6
Moneta Money Bank,2226,06-Dec-22,9564
Moneta Money Bank,2271,06-Dec-22,23439.8
Moneta Money Bank,2373,06-Dec-22,13736
Moneta Money Bank,2438,06-Dec-22,8372.2
Moneta Money Bank,2523,06-Dec-22,26808.5
Moneta Money Bank,2770,06-Dec-22,42470.2
Moneta Money Bank,2813,06-Dec-22,42990.2
Moneta Money Bank,2834,06-Dec-22,40504.5
Moneta Money Bank,2846,06-Dec-22,20252.1
Moneta Money Bank,2939,06-Dec-22,15817.7
Moneta Money Bank,3289,06-Dec-22,72138.3
Moneta Money Bank,3302,06-Dec-22,60792.2
Moneta Money Bank,3336,06-Dec-22,19907.9
Moneta Money Bank,3533,06-Dec-22,27473.5
Moneta Money Bank,3652,06-Dec-22,21895
Moneta Money Bank,3807,06-Dec-22,46677.5
Moneta Money Bank,3826,06-Dec-22,53685.5
Moneta Money Bank,3871,06-Dec-22,61655.1
Moneta Money Bank,3972,06-Dec-22,60350.7
Moneta Money Bank,7637,06-Dec-22,50773.7
Moneta Money Bank,7824,06-Dec-22,9063.1
Moneta Money Bank,8027,06-Dec-22,96613.5
PPF Bank,7,06-Dec-22,65700.3
PPF Bank,157,06-Dec-22,39575.5
PPF Bank,306,06-Dec-22,25947.2
PPF Bank,314,06-Dec-22,77431.1
PPF Bank,382,06-Dec-22,25170.7
PPF Bank,429,06-Dec-22,55600.1
PPF Bank,436,06-Dec-22,15158.6
PPF Bank,445,06-Dec-22,8409.9
PPF Bank,574,06-Dec-22,119337.6
PPF Bank,630,06-Dec-22,28778.7
PPF Bank,782,06-Dec-22,46888.7
PPF Bank,1173,06-Dec-22,14780.7
PPF Bank,1185,06-Dec-22,24916.6
PPF Bank,1273,06-Dec-22,81985.1
PPF Bank,1297,06-Dec-22,108311.4
PPF Bank,1459,06-Dec-22,18322.8
PPF Bank,1474,06-Dec-22,21520.4
PPF Bank,1668,06-Dec-22,9696.6
PPF Bank,1742,06-Dec-22,56196.9
PPF Bank,1760,06-Dec-22,54302.8
PPF Bank,1891,06-Dec-22,87719.8
PPF Bank,2213,06-Dec-22,37895
PPF Bank,2293,06-Dec-22,37330.6
PPF Bank,2337,06-Dec-22,57960.6
PPF Bank,2470,06-Dec-22,25228.1
PPF Bank,2576,06-Dec-22,25391
PPF Bank,2699,06-Dec-22,54195.9
PPF Bank,2760,06-Dec-22,46060.5
PPF Bank,2761,06-Dec-22,10021.9
PPF Bank,2937,06-Dec-22,7357.9
PPF Bank,2963,06-Dec-22,37762.5
PPF Bank,3143,06-Dec-22,44459
PPF Bank,3224,06-Dec-22,19594.2
PPF Bank,3258,06-Dec-22,52210.5
PPF Bank,3262,06-Dec-22,57077.2
PPF Bank,3276,06-Dec-22,46416.3
PPF Bank,3309,06-Dec-22,14410.2
PPF Bank,3335,06-Dec-22,24438.2
PPF Bank,3345,06-Dec-22,9364.9
PPF Bank,3398,06-Dec-22,28160.4
PPF Bank,3413,06-Dec-22,94756.4
PPF Bank,3464,06-Dec-22,66733.4
PPF Bank,3646,06-Dec-22,82529.3
PPF Bank,3849,06-Dec-22,52773.7
PPF Bank,4086,06-Dec-22,98194.3
PPF Bank,4260,06-Dec-22,70564.3
PPF Bank,5758,06-Dec-22,17979
PPF Bank,7181,06-Dec-22,46436
PPF Bank,7965,06-Dec-22,22637.4
PPF Bank,8519,06-Dec-22,30816.6
PPF Bank,10613,06-Dec-22,69115.2
Raiffeisen bank,15,06-Dec-22,49311.6
Raiffeisen bank,113,06-Dec-22,30089.6
Raiffeisen bank,155,06-Dec-22,13065.4
Raiffeisen bank,207,06-Dec-22,21985.5
Raiffeisen bank,370,06-Dec-22,18829.3
Raiffeisen bank,389,06-Dec-22,12909.6
Raiffeisen bank,575,06-Dec-22,35542.3
Raiffeisen bank,607,06-Dec-22,11574.8
Raiffeisen bank,627,06-Dec-22,79671.6
Raiffeisen bank,710,06-Dec-22,20696.5
Raiffeisen bank,743,06-Dec-22,26973.4
Raiffeisen bank,783,06-Dec-22,27029.7
Raiffeisen bank,856,06-Dec-22,40058.4
Raiffeisen bank,913,06-Dec-22,51759.1
Raiffeisen bank,1145,06-Dec-22,25403.7
Raiffeisen bank,1246,06-Dec-22,42116.4
Raiffeisen bank,1320,06-Dec-22,29875
Raiffeisen bank,1369,06-Dec-22,54076.2
Raiffeisen bank,1570,06-Dec-22,23496.6
Raiffeisen bank,1841,06-Dec-22,45495.5
Raiffeisen bank,1904,06-Dec-22,30598.2
Raiffeisen bank,1955,06-Dec-22,19948.9
Raiffeisen bank,2002,06-Dec-22,42652.2
Raiffeisen bank,2042,06-Dec-22,21500.1
Raiffeisen bank,2124,06-Dec-22,76103
Raiffeisen bank,2336,06-Dec-22,30628
Raiffeisen bank,2375,06-Dec-22,58999.5
Raiffeisen bank,2390,06-Dec-22,31796.2
Raiffeisen bank,2405,06-Dec-22,23385.3
Raiffeisen bank,2465,06-Dec-22,13693.4
Raiffeisen bank,2479,06-Dec-22,12084.2
Raiffeisen bank,2489,06-Dec-22,26214.6
Raiffeisen bank,2590,06-Dec-22,13805
Raiffeisen bank,2677,06-Dec-22,15093.1
Raiffeisen bank,2820,06-Dec-22,25083.9
Raiffeisen bank,2917,06-Dec-22,31322.8
Raiffeisen bank,2967,06-Dec-22,15297.6
Raiffeisen bank,2999,06-Dec-22,23851.3
Raiffeisen bank,3055,06-Dec-22,37754.2
Raiffeisen bank,3154,06-Dec-22,60651.6
Raiffeisen bank,3466,06-Dec-22,72148.4
Raiffeisen bank,3494,06-Dec-22,42250.9
Raiffeisen bank,3587,06-Dec-22,12856.6
Raiffeisen bank,3618,06-Dec-22,72497.3
Raiffeisen bank,3641,06-Dec-22,24273.1
Raiffeisen bank,3811,06-Dec-22,43817.2
Raiffeisen bank,3834,06-Dec-22,18902.2
Raiffeisen bank,3935,06-Dec-22,66609.6
Raiffeisen bank,4342,06-Dec-22,93918.4
Raiffeisen bank,4825,06-Dec-22,49291.7
Raiffeisen bank,4999,06-Dec-22,124253.7
Raiffeisen bank,9472,06-Dec-22,55580.9
Raiffeisen bank,11362,06-Dec-22,51805.8
Fio bank,114,06-Dec-22,22294.1
Fio bank,160,06-Dec-22,102083.6
Fio bank,269,06-Dec-22,41591.2
Fio bank,296,06-Dec-22,18106.8
Fio bank,443,06-Dec-22,21032.3
Fio bank,463,06-Dec-22,76428.9
Fio bank,473,06-Dec-22,46123.7
Fio bank,505,06-Dec-22,17942.8
Fio bank,530,06-Dec-22,65446.1
Fio bank,718,06-Dec-22,40404.4
Fio bank,807,06-Dec-22,67276.3
Fio bank,853,06-Dec-22,41090
Fio bank,865,06-Dec-22,22881.2
Fio bank,899,06-Dec-22,61611.9
Fio bank,963,06-Dec-22,59772.6
Fio bank,1211,06-Dec-22,16181.1
Fio bank,1436,06-Dec-22,46016.6
Fio bank,1442,06-Dec-22,57929.4
Fio bank,1473,06-Dec-22,17145.8
Fio bank,1526,06-Dec-22,73134.4
Fio bank,1582,06-Dec-22,21147.7
Fio bank,1641,06-Dec-22,52652.6
Fio bank,1689,06-Dec-22,19440.1
Fio bank,1696,06-Dec-22,20469.5
Fio bank,1697,06-Dec-22,20254
Fio bank,1736,06-Dec-22,26912.3
Fio bank,1762,06-Dec-22,40093.8
Fio bank,1775,06-Dec-22,15924.4
Fio bank,1861,06-Dec-22,94922.4
Fio bank,1863,06-Dec-22,46410.2
Fio bank,1959,06-Dec-22,35104
Fio bank,2032,06-Dec-22,15075.3
Fio bank,2177,06-Dec-22,36995.1
Fio bank,2226,06-Dec-22,9524
Fio bank,2390,06-Dec-22,20332.2
Fio bank,2555,06-Dec-22,70772
Fio bank,2673,06-Dec-22,46336.2
Fio bank,2754,06-Dec-22,24025.8
Fio bank,2776,06-Dec-22,10957.1
Fio bank,2891,06-Dec-22,35899.4
Fio bank,2931,06-Dec-22,23026.2
Fio bank,2952,06-Dec-22,12975.1
Fio bank,2989,06-Dec-22,27788.4
Fio bank,3250,06-Dec-22,15069.2
Fio bank,3338,06-Dec-22,35925.8
Fio bank,3369,06-Dec-22,52649.4
Fio bank,3432,06-Dec-22,11375.1
Fio bank,3478,06-Dec-22,28583.5
Fio bank,3497,06-Dec-22,68212.9
Fio bank,3648,06-Dec-22,33351.3
Fio bank,3652,06-Dec-22,24900
Fio bank,3719,06-Dec-22,35953.9
Fio bank,3974,06-Dec-22,11137.3
Fio bank,3976,06-Dec-22,38555.8
Fio bank,4026,06-Dec-22,26618.3
Fio bank,4852,06-Dec-22,17649.9
Fio bank,5033,06-Dec-22,39200
Fio bank,5423,06-Dec-22,18464
Hypotecni bank,3,06-Dec-22,46059.5
Hypotecni bank,14,06-Dec-22,34697.7
Hypotecni bank,78,06-Dec-22,62516.4
Hypotecni bank,168,06-Dec-22,16288.6
Hypotecni bank,389,06-Dec-22,13793.6
Hypotecni bank,400,06-Dec-22,62240.5
Hypotecni bank,485,06-Dec-22,49055.1
Hypotecni bank,595,06-Dec-22,32052.2
Hypotecni bank,618,06-Dec-22,56599.2
Hypotecni bank,728,06-Dec-22,10472.4
Hypotecni bank,954,06-Dec-22,30071.5
Hypotecni bank,1194,06-Dec-22,47189
Hypotecni bank,1222,06-Dec-22,22124.2
Hypotecni bank,1465,06-Dec-22,31567.8
Hypotecni bank,1497,06-Dec-22,28165.5
Hypotecni bank,1514,06-Dec-22,19187.7
Hypotecni bank,1732,06-Dec-22,95996.8
Hypotecni bank,1820,06-Dec-22,8100.4
Hypotecni bank,1926,06-Dec-22,18433.4
Hypotecni bank,1935,06-Dec-22,121616.1
Hypotecni bank,1976,06-Dec-22,31120.3
Hypotecni bank,1994,06-Dec-22,27209.4
Hypotecni bank,2055,06-Dec-22,488.6
Hypotecni bank,2060,06-Dec-22,11470.6
Hypotecni bank,2140,06-Dec-22,41956.2
Hypotecni bank,2190,06-Dec-22,110430.6
Hypotecni bank,2324,06-Dec-22,28358.1
Hypotecni bank,2329,06-Dec-22,36966.4
Hypotecni bank,2435,06-Dec-22,26473.7
Hypotecni bank,2590,06-Dec-22,14465
Hypotecni bank,2618,06-Dec-22,23474.8
Hypotecni bank,2690,06-Dec-22,25767.5
Hypotecni bank,2700,06-Dec-22,82650.7
Hypotecni bank,2751,06-Dec-22,57850.4
Hypotecni bank,2954,06-Dec-22,50789.2
Hypotecni bank,3245,06-Dec-22,13680
Hypotecni bank,3381,06-Dec-22,7986
Hypotecni bank,3537,06-Dec-22,14296.5
Hypotecni bank,3714,06-Dec-22,36565.9
Hypotecni bank,3783,06-Dec-22,24004.9
Hypotecni bank,3806,06-Dec-22,27230.9
Hypotecni bank,7819,06-Dec-22,16839.5
Hypotecni bank,9140,06-Dec-22,36104.3
Hypotecni bank,9167,06-Dec-22,57342.9
Hypotecni bank,10762,06-Dec-22,24276.6
J&T Bank,52,06-Dec-22,62681.3
J&T Bank,199,06-Dec-22,27627.9
J&T Bank,558,06-Dec-22,40326.7
J&T Bank,559,06-Dec-22,22460.2
J&T Bank,612,06-Dec-22,20596.8
J&T Bank,742,06-Dec-22,28589.9
J&T Bank,763,06-Dec-22,23911.7
J&T Bank,795,06-Dec-22,62495.8
J&T Bank,975,06-Dec-22,15244
J&T Bank,1068,06-Dec-22,27715.7
J&T Bank,1110,06-Dec-22,66834.3
J&T Bank,1141,06-Dec-22,19215.7
J&T Bank,1217,06-Dec-22,29203.1
J&T Bank,1287,06-Dec-22,41080.8
J&T Bank,1329,06-Dec-22,38422.3
J&T Bank,1488,06-Dec-22,23509.9
J&T Bank,1561,06-Dec-22,40939.3
J&T Bank,1567,06-Dec-22,50703.9
J&T Bank,1588,06-Dec-22,17931.2
J&T Bank,1809,06-Dec-22,84056.5
J&T Bank,1939,06-Dec-22,48999.3
J&T Bank,2054,06-Dec-22,27931.1
J&T Bank,2242,06-Dec-22,103688.6
J&T Bank,2247,06-Dec-22,53779.9
J&T Bank,2292,06-Dec-22,15800.6
J&T Bank,2508,06-Dec-22,21067
J&T Bank,2522,06-Dec-22,38048.2
J&T Bank,2527,06-Dec-22,82583.7
J&T Bank,2699,06-Dec-22,53533.9
J&T Bank,2755,06-Dec-22,26713.9
J&T Bank,2823,06-Dec-22,21044.3
J&T Bank,2907,06-Dec-22,32658.5
J&T Bank,3093,06-Dec-22,10784.3
J&T Bank,3121,06-Dec-22,11346.8
J&T Bank,3125,06-Dec-22,14183.5
J&T Bank,3271,06-Dec-22,15724.9
J&T Bank,3296,06-Dec-22,59515
J&T Bank,3422,06-Dec-22,25966.1
J&T Bank,3576,06-Dec-22,34225.9
J&T Bank,3595,06-Dec-22,16937.9
J&T Bank,3628,06-Dec-22,68019.9
J&T Bank,3766,06-Dec-22,85510.4
J&T Bank,3774,06-Dec-22,15776.7
J&T Bank,3779,06-Dec-22,75805.7
J&T Bank,3795,06-Dec-22,37898.8
J&T Bank,3819,06-Dec-22,11180.4
J&T Bank,3934,06-Dec-22,24345.3
J&T Bank,8411,06-Dec-22,20139.8
J&T Bank,10049,06-Dec-22,18310.7
J&T Bank,10451,06-Dec-22,5255.8
J&T Bank,10645,06-Dec-22,134650.3
Kameron bank,25,06-Dec-22,47830
Kameron bank,48,06-Dec-22,52460.9
Kameron bank,195,06-Dec-22,30204
Kameron bank,205,06-Dec-22,35415.3
Kameron bank,326,06-Dec-22,26542.6
Kameron bank,379,06-Dec-22,16860
Kameron bank,541,06-Dec-22,7204.7
Kameron bank,546,06-Dec-22,17601.8
Kameron bank,611,06-Dec-22,10464.4
Kameron bank,834,06-Dec-22,21667.2
Kameron bank,860,06-Dec-22,9623.5
Kameron bank,982,06-Dec-22,27591.6
Kameron bank,996,06-Dec-22,27405.4
Kameron bank,1095,06-Dec-22,68489.7
Kameron bank,1170,06-Dec-22,84628
Trinity Bank,34,11-Dec-22,89748.8
Trinity Bank,83,11-Dec-22,36439.8
Trinity Bank,96,11-Dec-22,153796.3
Trinity Bank,115,11-Dec-22,33465.8
Trinity Bank,133,11-Dec-22,42907
Trinity Bank,197,11-Dec-22,53938.6
Trinity Bank,259,11-Dec-22,19854.8
Trinity Bank,284,11-Dec-22,32529.7
Trinity Bank,293,11-Dec-22,28118.5
Trinity Bank,614,11-Dec-22,42080.6
Trinity Bank,660,11-Dec-22,82415.7
Trinity Bank,829,11-Dec-22,33669
Trinity Bank,842,11-Dec-22,21089.8
Trinity Bank,1095,11-Dec-22,48963.7
Trinity Bank,1158,11-Dec-22,42197.7
Trinity Bank,1195,11-Dec-22,33620.2
Trinity Bank,1269,11-Dec-22,39503.8
Trinity Bank,1357,11-Dec-22,62531.7
Trinity Bank,1499,11-Dec-22,69666.3
Trinity Bank,1572,11-Dec-22,13898.8
Trinity Bank,1625,11-Dec-22,11298.2
Trinity Bank,1645,11-Dec-22,45991.3
Trinity Bank,1743,11-Dec-22,47225
Trinity Bank,1765,11-Dec-22,19887.7
Trinity Bank,1782,11-Dec-22,80905.5
Trinity Bank,1783,11-Dec-22,41566.7
Trinity Bank,1943,11-Dec-22,63895
Trinity Bank,2027,11-Dec-22,33958.1
Trinity Bank,2066,11-Dec-22,17835.9
Trinity Bank,2227,11-Dec-22,54721.3
Trinity Bank,2264,11-Dec-22,31144
Trinity Bank,2414,11-Dec-22,17030.9
Trinity Bank,2422,11-Dec-22,33492.9
Trinity Bank,2499,11-Dec-22,34578.8
Trinity Bank,2610,11-Dec-22,45891.8
Trinity Bank,2666,11-Dec-22,14907.7
Trinity Bank,2793,11-Dec-22,23573.8
Trinity Bank,2867,11-Dec-22,109062
Trinity Bank,3024,11-Dec-22,18710.2
Trinity Bank,3025,11-Dec-22,14092.7
Trinity Bank,3035,11-Dec-22,97844.6
Trinity Bank,3064,11-Dec-22,43626.4
Trinity Bank,3096,11-Dec-22,45207.5
Trinity Bank,3151,11-Dec-22,91133.7
Trinity Bank,3158,11-Dec-22,25432.4
Trinity Bank,3172,11-Dec-22,18046
Trinity Bank,3272,11-Dec-22,53734.2
Trinity Bank,3288,11-Dec-22,12686.8
Trinity Bank,3622,11-Dec-22,33818.5
Trinity Bank,3709,11-Dec-22,61808.7
Trinity Bank,3767,11-Dec-22,62783.5
Trinity Bank,3861,11-Dec-22,92926.6
Trinity Bank,4186,11-Dec-22,7622.7
Trinity Bank,6699,11-Dec-22,72010.9
Trinity Bank,9583,11-Dec-22,69502.7
Trinity Bank,10364,11-Dec-22,51346
Trinity Bank,11271,11-Dec-22,21462.3
UniCredit Bank,53,11-Dec-22,18433.1
UniCredit Bank,104,11-Dec-22,25533.2
UniCredit Bank,294,11-Dec-22,73016.3
UniCredit Bank,405,11-Dec-22,311.6
UniCredit Bank,924,11-Dec-22,20285.4
UniCredit Bank,985,11-Dec-22,21405.4
UniCredit Bank,1018,11-Dec-22,23475
UniCredit Bank,1252,11-Dec-22,86290.3
UniCredit Bank,1333,11-Dec-22,13333.3
UniCredit Bank,1367,11-Dec-22,27490.1
UniCredit Bank,1472,11-Dec-22,31928
UniCredit Bank,1683,11-Dec-22,38369.1
UniCredit Bank,1701,11-Dec-22,18315.7
UniCredit Bank,1709,11-Dec-22,55828.5
UniCredit Bank,1795,11-Dec-22,73462.8
UniCredit Bank,2081,11-Dec-22,15954.2
UniCredit Bank,2331,11-Dec-22,14468.4
UniCredit Bank,2387,11-Dec-22,25617.6
UniCredit Bank,2589,11-Dec-22,16079.2
UniCredit Bank,2717,11-Dec-22,22934.8
UniCredit Bank,2721,11-Dec-22,24160.7
UniCredit Bank,2806,11-Dec-22,42927.1
UniCredit Bank,2839,11-Dec-22,64908.9
UniCredit Bank,2888,11-Dec-22,13381.8
UniCredit Bank,2949,11-Dec-22,22659.4
UniCredit Bank,2978,11-Dec-22,17590.1
UniCredit Bank,3080,11-Dec-22,24145.2
UniCredit Bank,3242,11-Dec-22,35273.7
UniCredit Bank,3466,11-Dec-22,107377.4
UniCredit Bank,3506,11-Dec-22,38265
UniCredit Bank,3613,11-Dec-22,31428.6
UniCredit Bank,3635,11-Dec-22,15773.1
UniCredit Bank,3833,11-Dec-22,52252.2
UniCredit Bank,3855,11-Dec-22,48956.9
UniCredit Bank,3964,11-Dec-22,19713.9
UniCredit Bank,3970,11-Dec-22,102736
UniCredit Bank,4660,11-Dec-22,48791.3
UniCredit Bank,6157,11-Dec-22,33756.2
Air Bank,130,11-Dec-22,29053.5
Air Bank,273,11-Dec-22,60733.1
Air Bank,300,11-Dec-22,74459.6
Air Bank,366,11-Dec-22,69171.2
Air Bank,396,11-Dec-22,53904.4
Air Bank,402,11-Dec-22,35255.5
Air Bank,519,11-Dec-22,26345.5
Air Bank,520,11-Dec-22,34253
Air Bank,576,11-Dec-22,40465.5
Air Bank,652,11-Dec-22,69616.3
Air Bank,793,11-Dec-22,21129.5
Air Bank,1002,11-Dec-22,18714.8
Air Bank,1078,11-Dec-22,22305.6
Air Bank,1113,11-Dec-22,64112
Air Bank,1124,11-Dec-22,30951.3
Air Bank,1285,11-Dec-22,43550.8
Air Bank,1434,11-Dec-22,21997.4
Air Bank,1463,11-Dec-22,33535.6
Air Bank,1529,11-Dec-22,19268.1
Air Bank,1548,11-Dec-22,24309.9
Air Bank,1747,11-Dec-22,21076.8
Air Bank,1831,11-Dec-22,30551
Air Bank,1874,11-Dec-22,29558.9
Air Bank,2126,11-Dec-22,121026.7
Air Bank,2254,11-Dec-22,34886.6
Air Bank,2437,11-Dec-22,15580.3
Air Bank,2439,11-Dec-22,21140.7
Air Bank,2463,11-Dec-22,53996.6
Air Bank,2474,11-Dec-22,17757
Air Bank,2668,11-Dec-22,26081.6
Air Bank,2671,11-Dec-22,38536
Air Bank,2677,11-Dec-22,43237.1
Air Bank,2712,11-Dec-22,51118.9
Air Bank,2720,11-Dec-22,35080.7
Air Bank,2738,11-Dec-22,54424.2
Air Bank,2778,11-Dec-22,27818.3
Air Bank,2856,11-Dec-22,35938.4
Air Bank,3012,11-Dec-22,42597.6
Air Bank,3013,11-Dec-22,17825.8
Air Bank,3489,11-Dec-22,46202.4
Air Bank,3513,11-Dec-22,57861.1
Air Bank,3637,11-Dec-22,83827.7
Air Bank,3905,11-Dec-22,18741.1
Air Bank,3910,11-Dec-22,17220.2
Air Bank,4088,11-Dec-22,7891.3
Air Bank,4091,11-Dec-22,46517.8
Air Bank,5591,11-Dec-22,74824.3
Air Bank,6902,11-Dec-22,23062.6
Air Bank,7674,11-Dec-22,29121.9
Air Bank,10911,11-Dec-22,64998.1
Bank Creditas,84,11-Dec-22,46723.9
Bank Creditas,86,11-Dec-22,23227.9
Bank Creditas,90,11-Dec-22,10386.4
Bank Creditas,114,11-Dec-22,26528.1
Bank Creditas,455,11-Dec-22,14691.2
Bank Creditas,601,11-Dec-22,17077.1
Bank Creditas,775,11-Dec-22,85972.6
Bank Creditas,844,11-Dec-22,78535.6
Bank Creditas,900,11-Dec-22,25625.3
Bank Creditas,940,11-Dec-22,136560.2
Bank Creditas,1027,11-Dec-22,17728.9
Bank Creditas,1037,11-Dec-22,63755.3
Bank Creditas,1262,11-Dec-22,35491.2
Bank Creditas,1309,11-Dec-22,114386.1
Bank Creditas,1536,11-Dec-22,31004.7
Bank Creditas,1619,11-Dec-22,44173.9
Bank Creditas,1636,11-Dec-22,79734.5
Bank Creditas,1811,11-Dec-22,47411.1
Bank Creditas,1852,11-Dec-22,31728.3
Bank Creditas,1929,11-Dec-22,53166
Bank Creditas,1975,11-Dec-22,24105
Bank Creditas,2192,11-Dec-22,23766.6
Bank Creditas,2291,11-Dec-22,20528.7
Bank Creditas,2319,11-Dec-22,54010.5
Bank Creditas,2354,11-Dec-22,34620.7
Bank Creditas,2484,11-Dec-22,21924.3
Bank Creditas,2491,11-Dec-22,30503
Bank Creditas,2511,11-Dec-22,48733.8
Bank Creditas,2574,11-Dec-22,89384.9
Bank Creditas,2636,11-Dec-22,20282.5
Bank Creditas,2694,11-Dec-22,94861.3
Bank Creditas,2736,11-Dec-22,31772.5
Bank Creditas,2742,11-Dec-22,45615.8
Bank Creditas,2919,11-Dec-22,9246
Bank Creditas,3078,11-Dec-22,21033.8
Bank Creditas,3102,11-Dec-22,38213.3
Bank Creditas,3124,11-Dec-22,44968.7
Bank Creditas,3130,11-Dec-22,93232.8
Bank Creditas,3179,11-Dec-22,42652.5
Bank Creditas,3399,11-Dec-22,39965.5
Bank Creditas,3474,11-Dec-22,20052.3
Bank Creditas,3482,11-Dec-22,21414.6
Bank Creditas,3492,11-Dec-22,41510.8
Bank Creditas,3590,11-Dec-22,47385.2
Bank Creditas,3649,11-Dec-22,51008.8
Bank Creditas,3659,11-Dec-22,71643.8
Bank Creditas,4091,11-Dec-22,46332.8
Bank Creditas,7894,11-Dec-22,54671.2
Bank Creditas,8405,11-Dec-22,61166
Bank Creditas,9833,11-Dec-22,56687.2
Bank Creditas,10049,11-Dec-22,23531.7
Czech export bank,6,11-Dec-22,51878.9
Czech export bank,136,11-Dec-22,27980.1
Czech export bank,176,11-Dec-22,57734.1
Czech export bank,445,11-Dec-22,36855.9
Czech export bank,505,11-Dec-22,17301.8
Czech export bank,549,11-Dec-22,29155
Czech export bank,599,11-Dec-22,25773.9
Czech export bank,648,11-Dec-22,104124.5
Czech export bank,664,11-Dec-22,22716.8
Czech export bank,692,11-Dec-22,38774
Czech export bank,788,11-Dec-22,25814.9
Czech export bank,789,11-Dec-22,15695.5
Czech export bank,1038,11-Dec-22,22494.4
Czech export bank,1107,11-Dec-22,36555.1
Czech export bank,1141,11-Dec-22,17639.7
Czech export bank,1201,11-Dec-22,56407.9
Czech export bank,1503,11-Dec-22,24142.4
Czech export bank,1510,11-Dec-22,12692.8
Czech export bank,1549,11-Dec-22,54565.7
Czech export bank,1554,11-Dec-22,29885.6
Czech export bank,1566,11-Dec-22,28651.6
Czech export bank,1599,11-Dec-22,82860.8
Czech export bank,1826,11-Dec-22,45730.1
Czech export bank,1892,11-Dec-22,23584.9
Czech export bank,1939,11-Dec-22,123528.3
Czech export bank,2052,11-Dec-22,52962.6
Czech export bank,2068,11-Dec-22,15679.8
Czech export bank,2450,11-Dec-22,71419
Czech export bank,2568,11-Dec-22,67488.1
Czech export bank,2809,11-Dec-22,39281
Czech export bank,2865,11-Dec-22,31933
Czech export bank,2877,11-Dec-22,89355
Czech export bank,2896,11-Dec-22,22419.2
Czech export bank,2945,11-Dec-22,20377.8
Czech export bank,3004,11-Dec-22,23027.6
Czech export bank,3033,11-Dec-22,19517.4
Czech export bank,3077,11-Dec-22,68262.8
Czech export bank,3146,11-Dec-22,24021.3
Czech export bank,3259,11-Dec-22,50894
Czech export bank,3412,11-Dec-22,12510.6
Czech export bank,3472,11-Dec-22,60232.8
Czech export bank,3754,11-Dec-22,83961.8
Czech export bank,3895,11-Dec-22,13590.2
Czech export bank,3959,11-Dec-22,40231.1
Czech export bank,8523,11-Dec-22,115610.2
Kameron bank,1492,11-Dec-22,31498.8
Kameron bank,1551,11-Dec-22,25171.4
Kameron bank,1608,11-Dec-22,16618.5
Kameron bank,1693,11-Dec-22,80934.5
Kameron bank,1697,11-Dec-22,13541
Kameron bank,1761,11-Dec-22,39462.3
Kameron bank,1798,11-Dec-22,48204.1
Kameron bank,1909,11-Dec-22,16991.3
Kameron bank,1912,11-Dec-22,41823.7
Kameron bank,1997,11-Dec-22,18872.7
Kameron bank,2115,11-Dec-22,15145.9
Kameron bank,2199,11-Dec-22,12983
Kameron bank,2396,11-Dec-22,23321.9
Kameron bank,2528,11-Dec-22,28364.5
Kameron bank,2841,11-Dec-22,26667.8
Kameron bank,2849,11-Dec-22,35171.6
Kameron bank,2888,11-Dec-22,15468.8
Kameron bank,2890,11-Dec-22,47007.5
Kameron bank,3050,11-Dec-22,66766.5
Kameron bank,3059,11-Dec-22,53765.9
Kameron bank,3147,11-Dec-22,81187.6
Kameron bank,3425,11-Dec-22,65634.4
Kameron bank,3426,11-Dec-22,67391
Kameron bank,3555,11-Dec-22,16630.4
Kameron bank,3580,11-Dec-22,73048
Kameron bank,3587,11-Dec-22,19107.6
Kameron bank,3645,11-Dec-22,34981.8
Kameron bank,3800,11-Dec-22,10823.5
Kameron bank,3806,11-Dec-22,58586.9
Kameron bank,3936,11-Dec-22,16290.5
Kameron bank,4071,11-Dec-22,52549.5
Kameron bank,4079,11-Dec-22,28091.6
Kameron bank,7184,11-Dec-22,60816.9
Kameron bank,8381,11-Dec-22,25935
Kameron bank,11359,11-Dec-22,38296.8
Max bank,137,11-Dec-22,49372.4
Max bank,153,11-Dec-22,22595.6
Max bank,226,11-Dec-22,63395.9
Max bank,229,11-Dec-22,27321.1
Max bank,353,11-Dec-22,71133.1
Max bank,358,11-Dec-22,20490.6
Max bank,359,11-Dec-22,24805.1
Max bank,423,11-Dec-22,22118
Max bank,516,11-Dec-22,34220.2
Max bank,565,11-Dec-22,47048.9
Max bank,600,11-Dec-22,24674.5
Max bank,810,11-Dec-22,26243.5
Max bank,856,11-Dec-22,55506.4
Max bank,926,11-Dec-22,26309.8
Max bank,1016,11-Dec-22,89383
Max bank,1242,11-Dec-22,37258.3
Max bank,1292,11-Dec-22,58850.7
Max bank,1419,11-Dec-22,32613
Max bank,1422,11-Dec-22,40916.1
Max bank,1546,11-Dec-22,10719.8
Max bank,1567,11-Dec-22,74628.9
Max bank,1609,11-Dec-22,26860
Max bank,1610,11-Dec-22,84458.3
Max bank,1686,11-Dec-22,48706.2
Max bank,1872,11-Dec-22,47649.4
Max bank,1897,11-Dec-22,29391.8
Max bank,1934,11-Dec-22,110116.7
Max bank,2017,11-Dec-22,12006.8
Max bank,2122,11-Dec-22,69359.3
Max bank,2138,11-Dec-22,24812.1
Max bank,2155,11-Dec-22,16830
Max bank,2186,11-Dec-22,31456.3
Max bank,2427,11-Dec-22,37458.4
Max bank,2686,11-Dec-22,18959.3
Max bank,2689,11-Dec-22,73658.6
Max bank,2709,11-Dec-22,20554.1
Max bank,2716,11-Dec-22,41938.1
Max bank,2734,11-Dec-22,50659.4
Max bank,2849,11-Dec-22,32467.6
Max bank,2855,11-Dec-22,50812.8
Max bank,2930,11-Dec-22,85507.1
Max bank,2932,11-Dec-22,20475.2
Max bank,3226,11-Dec-22,27655.6
Max bank,3357,11-Dec-22,32024
Max bank,3479,11-Dec-22,70848
Max bank,3593,11-Dec-22,30089.8
Max bank,3720,11-Dec-22,59081.2
Max bank,6040,11-Dec-22,50503.8
Max bank,8926,11-Dec-22,34880.9
Max bank,9241,11-Dec-22,61051.3
Max bank,10650,11-Dec-22,124197.7
Max bank,11079,11-Dec-22,111598.1
Moneta Money Bank,96,11-Dec-22,156580.3
Moneta Money Bank,216,11-Dec-22,20607.3
Moneta Money Bank,338,11-Dec-22,18120.1
Moneta Money Bank,538,11-Dec-22,24794.2
Moneta Money Bank,720,11-Dec-22,18330.1
Moneta Money Bank,784,11-Dec-22,18934
Moneta Money Bank,787,11-Dec-22,27284.9
Moneta Money Bank,839,11-Dec-22,67799.1
Moneta Money Bank,932,11-Dec-22,28446.5
Moneta Money Bank,1038,11-Dec-22,22353.4
Moneta Money Bank,1098,11-Dec-22,61578.3
Moneta Money Bank,1227,11-Dec-22,34565.8
Moneta Money Bank,1238,11-Dec-22,42585.8
Moneta Money Bank,1493,11-Dec-22,14722.2
Moneta Money Bank,1496,11-Dec-22,34414.6
Moneta Money Bank,1655,11-Dec-22,58747.8
Moneta Money Bank,1731,11-Dec-22,31904.7
Moneta Money Bank,1771,11-Dec-22,23272.1
Moneta Money Bank,1835,11-Dec-22,92403.6
Moneta Money Bank,1949,11-Dec-22,44128.5
Moneta Money Bank,2154,11-Dec-22,16333.8
Moneta Money Bank,2339,11-Dec-22,24305.6
Moneta Money Bank,2391,11-Dec-22,29438.4
Moneta Money Bank,2421,11-Dec-22,51835.5
Moneta Money Bank,2544,11-Dec-22,73226.9
Moneta Money Bank,2552,11-Dec-22,76438.8
Moneta Money Bank,2692,11-Dec-22,36933.5
Moneta Money Bank,2799,11-Dec-22,37805.3
Moneta Money Bank,2923,11-Dec-22,19678.7
Moneta Money Bank,3028,11-Dec-22,16763.4
Moneta Money Bank,3051,11-Dec-22,78257.3
Moneta Money Bank,3091,11-Dec-22,75919
Moneta Money Bank,3118,11-Dec-22,44913.1
Moneta Money Bank,3131,11-Dec-22,58571.3
Moneta Money Bank,3217,11-Dec-22,56022.7
Moneta Money Bank,3268,11-Dec-22,24462.3
Moneta Money Bank,3275,11-Dec-22,25889.7
Moneta Money Bank,3430,11-Dec-22,50141.9
Moneta Money Bank,3433,11-Dec-22,24924.6
Moneta Money Bank,3442,11-Dec-22,21361.4
Moneta Money Bank,3551,11-Dec-22,18404
Moneta Money Bank,3558,11-Dec-22,74727.9
Moneta Money Bank,3599,11-Dec-22,32909.5
Moneta Money Bank,3822,11-Dec-22,30857.8
Moneta Money Bank,3882,11-Dec-22,34527.3
Moneta Money Bank,3889,11-Dec-22,16474.3
Moneta Money Bank,3954,11-Dec-22,19735.2
Moneta Money Bank,4858,11-Dec-22,80040.6
Moneta Money Bank,5263,11-Dec-22,65370.4
Moneta Money Bank,9353,11-Dec-22,36971.9
Moneta Money Bank,9673,11-Dec-22,71973.8
Moneta Money Bank,10063,11-Dec-22,78366.7
Moneta Money Bank,11231,11-Dec-22,86386.1
PPF Bank,34,11-Dec-22,83678.8
PPF Bank,185,11-Dec-22,65361.9
PPF Bank,210,11-Dec-22,9853.8
PPF Bank,238,11-Dec-22,20678.8
PPF Bank,261,11-Dec-22,18635
PPF Bank,385,11-Dec-22,31290.3
PPF Bank,528,11-Dec-22,20534.9
PPF Bank,592,11-Dec-22,24215.1
PPF Bank,786,11-Dec-22,88093.8
PPF Bank,992,11-Dec-22,25657.6
PPF Bank,1445,11-Dec-22,18570.3
PPF Bank,1573,11-Dec-22,16300.9
PPF Bank,1626,11-Dec-22,53681.7
PPF Bank,1677,11-Dec-22,24412
PPF Bank,1691,11-Dec-22,24171.7
PPF Bank,1699,11-Dec-22,27174.2
PPF Bank,1758,11-Dec-22,91054.6
PPF Bank,1779,11-Dec-22,77276.2
PPF Bank,1854,11-Dec-22,67332.6
PPF Bank,1949,11-Dec-22,51016.5
PPF Bank,2058,11-Dec-22,9435.1
PPF Bank,2394,11-Dec-22,31785.1
PPF Bank,2469,11-Dec-22,20762.2
PPF Bank,2473,11-Dec-22,22454.6
PPF Bank,2638,11-Dec-22,57370.6
PPF Bank,2672,11-Dec-22,18221.6
PPF Bank,2709,11-Dec-22,20593.1
PPF Bank,2876,11-Dec-22,60166.9
PPF Bank,3005,11-Dec-22,24028.7
PPF Bank,3088,11-Dec-22,65412.2
PPF Bank,3174,11-Dec-22,26994.4
PPF Bank,3232,11-Dec-22,11900.2
PPF Bank,3234,11-Dec-22,13965
PPF Bank,3384,11-Dec-22,50390.9
PPF Bank,3638,11-Dec-22,91479.6
PPF Bank,3735,11-Dec-22,16489.5
PPF Bank,3747,11-Dec-22,23804.5
PPF Bank,3926,11-Dec-22,47846.9
PPF Bank,4550,11-Dec-22,32845
PPF Bank,7815,11-Dec-22,22087.3
PPF Bank,10440,11-Dec-22,53324.2
Raiffeisen bank,116,11-Dec-22,71936.6
Raiffeisen bank,141,11-Dec-22,59467.8
Raiffeisen bank,346,11-Dec-22,70474.4
Raiffeisen bank,537,11-Dec-22,66876.5
Raiffeisen bank,654,11-Dec-22,45903
Raiffeisen bank,679,11-Dec-22,66027.5
Raiffeisen bank,1006,11-Dec-22,50005.5
Raiffeisen bank,1009,11-Dec-22,89451.5
Raiffeisen bank,1015,11-Dec-22,14109.6
Raiffeisen bank,1482,11-Dec-22,80308.6
Raiffeisen bank,1561,11-Dec-22,46266.3
Raiffeisen bank,2016,11-Dec-22,17831.4
Raiffeisen bank,2057,11-Dec-22,75391.4
Raiffeisen bank,2102,11-Dec-22,37279.5
Raiffeisen bank,2148,11-Dec-22,24711.6
Raiffeisen bank,2153,11-Dec-22,78587.5
Raiffeisen bank,2237,11-Dec-22,68568.3
Raiffeisen bank,2257,11-Dec-22,18783.1
Raiffeisen bank,2267,11-Dec-22,40202.8
Raiffeisen bank,2275,11-Dec-22,47966.9
Raiffeisen bank,2287,11-Dec-22,44011.6
Raiffeisen bank,2365,11-Dec-22,31682.5
Raiffeisen bank,2504,11-Dec-22,80356.3
Raiffeisen bank,2523,11-Dec-22,29790.5
Raiffeisen bank,2655,11-Dec-22,36264
Raiffeisen bank,2839,11-Dec-22,60023.9
Raiffeisen bank,2864,11-Dec-22,57725.7
Raiffeisen bank,3096,11-Dec-22,45215.5
Raiffeisen bank,3186,11-Dec-22,23491
Raiffeisen bank,3462,11-Dec-22,51197.1
Raiffeisen bank,3505,11-Dec-22,98448
Raiffeisen bank,3677,11-Dec-22,15297.9
Raiffeisen bank,3757,11-Dec-22,66297.8
Raiffeisen bank,3779,11-Dec-22,74952.7
Raiffeisen bank,3998,11-Dec-22,59731.8
Raiffeisen bank,5546,11-Dec-22,80351.8
Raiffeisen bank,7815,11-Dec-22,20612.3
Raiffeisen bank,7819,11-Dec-22,12857.5
Raiffeisen bank,7857,11-Dec-22,94534.2
Fio bank,52,11-Dec-22,45498.3
Fio bank,165,11-Dec-22,62488.8
Fio bank,224,11-Dec-22,24127.7
Fio bank,288,11-Dec-22,26209.7
Fio bank,292,11-Dec-22,21130.8
Fio bank,345,11-Dec-22,59419.4
Fio bank,622,11-Dec-22,24734.1
Fio bank,638,11-Dec-22,36113.1
Fio bank,767,11-Dec-22,22562.1
Fio bank,813,11-Dec-22,61338.4
Fio bank,939,11-Dec-22,21086.9
Fio bank,992,11-Dec-22,25992.6
Fio bank,1081,11-Dec-22,24099
Fio bank,1153,11-Dec-22,40486.4
Fio bank,1325,11-Dec-22,24159.1
Fio bank,1371,11-Dec-22,25592.9
Fio bank,1631,11-Dec-22,26539.9
Fio bank,1814,11-Dec-22,37332.3
Fio bank,1961,11-Dec-22,17998.7
Fio bank,1994,11-Dec-22,35219.4
Fio bank,1995,11-Dec-22,27703
Fio bank,2070,11-Dec-22,51112.2
Fio bank,2116,11-Dec-22,20583
Fio bank,2119,11-Dec-22,56182.1
Fio bank,2567,11-Dec-22,23881.3
Fio bank,2577,11-Dec-22,23428
Fio bank,2699,11-Dec-22,120881.9
Fio bank,2792,11-Dec-22,41047.7
Fio bank,2814,11-Dec-22,25698
Fio bank,2863,11-Dec-22,55835.7
Fio bank,2865,11-Dec-22,28451
Fio bank,2896,11-Dec-22,24271.2
Fio bank,2932,11-Dec-22,20468.2
Fio bank,2949,11-Dec-22,21391.4
Fio bank,3107,11-Dec-22,103276
Fio bank,3239,11-Dec-22,32449.4
Fio bank,3311,11-Dec-22,88104.3
Fio bank,3419,11-Dec-22,20463.6
Fio bank,3431,11-Dec-22,33779.1
Fio bank,3474,11-Dec-22,19137.3
Fio bank,3479,11-Dec-22,61118
Fio bank,3703,11-Dec-22,12575.5
Fio bank,3743,11-Dec-22,32046
Fio bank,3777,11-Dec-22,28175.1
Fio bank,3864,11-Dec-22,80643.3
Fio bank,3870,11-Dec-22,20237.7
Fio bank,3908,11-Dec-22,13200.6
Fio bank,3969,11-Dec-22,38029.5
Fio bank,3998,11-Dec-22,57367.8
Fio bank,4127,11-Dec-22,604.4
Fio bank,4415,11-Dec-22,54804.4
Hypotecni bank,68,11-Dec-22,59011.8
Hypotecni bank,96,11-Dec-22,154440.3
Hypotecni bank,216,11-Dec-22,22120.3
Hypotecni bank,350,11-Dec-22,23115
Hypotecni bank,449,11-Dec-22,15658.1
Hypotecni bank,591,11-Dec-22,23558.6
Hypotecni bank,749,11-Dec-22,38716.4
Hypotecni bank,826,11-Dec-22,30696.5
Hypotecni bank,912,11-Dec-22,18789
Hypotecni bank,922,11-Dec-22,58738.6
Hypotecni bank,933,11-Dec-22,31683.1
Hypotecni bank,1126,11-Dec-22,53485
Hypotecni bank,1133,11-Dec-22,20581
Hypotecni bank,1204,11-Dec-22,82460.4
Hypotecni bank,1337,11-Dec-22,68024.8
Hypotecni bank,1341,11-Dec-22,17514.9
Hypotecni bank,1355,11-Dec-22,60944.5
Hypotecni bank,1404,11-Dec-22,72458
Hypotecni bank,1598,11-Dec-22,60478.8
Hypotecni bank,1630,11-Dec-22,28863.5
Hypotecni bank,1683,11-Dec-22,38714.1
Hypotecni bank,1730,11-Dec-22,67437.9
Hypotecni bank,2020,11-Dec-22,24088.5
Hypotecni bank,2026,11-Dec-22,53403.6
Hypotecni bank,2164,11-Dec-22,79239.5
Hypotecni bank,2327,11-Dec-22,25515
Hypotecni bank,2410,11-Dec-22,80559.3
Hypotecni bank,2602,11-Dec-22,42235.6
Hypotecni bank,2702,11-Dec-22,48758.8
Hypotecni bank,2774,11-Dec-22,32834.8
Hypotecni bank,2832,11-Dec-22,18736
Hypotecni bank,3101,11-Dec-22,21656.2
Hypotecni bank,3183,11-Dec-22,30297.3
Hypotecni bank,3205,11-Dec-22,28774
Hypotecni bank,3229,11-Dec-22,14229.4
Hypotecni bank,3252,11-Dec-22,27299.5
Hypotecni bank,3256,11-Dec-22,15082.5
Hypotecni bank,3268,11-Dec-22,23828.3
Hypotecni bank,3507,11-Dec-22,67379
Hypotecni bank,3515,11-Dec-22,15498.9
Hypotecni bank,3583,11-Dec-22,29557.3
Hypotecni bank,3629,11-Dec-22,29656.9
Hypotecni bank,3726,11-Dec-22,12020.8
Hypotecni bank,3791,11-Dec-22,83646.1
Hypotecni bank,3809,11-Dec-22,54679.8
Hypotecni bank,3840,11-Dec-22,38865
Hypotecni bank,3845,11-Dec-22,45657.3
Hypotecni bank,3986,11-Dec-22,35578.9
Hypotecni bank,4071,11-Dec-22,42277.5
Hypotecni bank,4144,11-Dec-22,38815.2
Hypotecni bank,4336,11-Dec-22,18074.4
Hypotecni bank,8680,11-Dec-22,25482.3
Hypotecni bank,10233,11-Dec-22,61932.8
Hypotecni bank,11186,11-Dec-22,99362.5
J&T Bank,231,11-Dec-22,19150
J&T Bank,332,11-Dec-22,26484.6
J&T Bank,543,11-Dec-22,13832.7
J&T Bank,578,11-Dec-22,57932.6
J&T Bank,863,11-Dec-22,88691.2
J&T Bank,907,11-Dec-22,18591.9
J&T Bank,1064,11-Dec-22,27463
J&T Bank,1160,11-Dec-22,91364.8
J&T Bank,1348,11-Dec-22,55321.7
J&T Bank,1404,11-Dec-22,72511
J&T Bank,1439,11-Dec-22,21716.1
J&T Bank,1614,11-Dec-22,103661.5
J&T Bank,1624,11-Dec-22,16222.6
J&T Bank,1665,11-Dec-22,33002.6
J&T Bank,1797,11-Dec-22,59784.7
J&T Bank,1934,11-Dec-22,111283.7
J&T Bank,2069,11-Dec-22,32825.8
J&T Bank,2257,11-Dec-22,16778.1
J&T Bank,2482,11-Dec-22,36753.3
J&T Bank,2862,11-Dec-22,17914.2
J&T Bank,2895,11-Dec-22,30349.4
J&T Bank,2898,11-Dec-22,62047.3
J&T Bank,2973,11-Dec-22,37639.9
J&T Bank,3135,11-Dec-22,90770.6
J&T Bank,3147,11-Dec-22,81154.6
J&T Bank,3180,11-Dec-22,27011.4
J&T Bank,3248,11-Dec-22,22332.1
J&T Bank,3275,11-Dec-22,22833.7
J&T Bank,3353,11-Dec-22,14125.1
J&T Bank,3456,11-Dec-22,52623.4
J&T Bank,3764,11-Dec-22,33038.8
J&T Bank,3769,11-Dec-22,27798.8
J&T Bank,3868,11-Dec-22,27819.3
J&T Bank,4423,11-Dec-22,36063.3
J&T Bank,7082,11-Dec-22,29196.6
J&T Bank,8094,11-Dec-22,80282.9
J&T Bank,10297,11-Dec-22,89543.3
J&T Bank,11111,11-Dec-22,60721
Kameron bank,112,11-Dec-22,46170.3
Kameron bank,251,11-Dec-22,37954.8
Kameron bank,275,11-Dec-22,19878.8
Kameron bank,358,11-Dec-22,21022.6
Kameron bank,619,11-Dec-22,43229
Kameron bank,686,11-Dec-22,29510.9
Kameron bank,696,11-Dec-22,55868
Kameron bank,729,11-Dec-22,25058
Kameron bank,832,11-Dec-22,22455.5
Kameron bank,901,11-Dec-22,45295.5
Kameron bank,935,11-Dec-22,18684.8
Trinity Bank,13,07-Dec-22,10715.2
Trinity Bank,38,07-Dec-22,33965
Trinity Bank,52,07-Dec-22,62121.3
Trinity Bank,265,07-Dec-22,15639
Trinity Bank,267,07-Dec-22,20644.2
Trinity Bank,276,07-Dec-22,23413
Trinity Bank,478,07-Dec-22,57741.7
Trinity Bank,533,07-Dec-22,19763.8
Trinity Bank,743,07-Dec-22,24282.4
Trinity Bank,850,07-Dec-22,11361.5
Trinity Bank,1049,07-Dec-22,33285.9
Trinity Bank,1093,07-Dec-22,97244.5
Trinity Bank,1108,07-Dec-22,58223.7
Trinity Bank,1170,07-Dec-22,71571
Trinity Bank,1244,07-Dec-22,19568.6
Trinity Bank,1265,07-Dec-22,45136.9
Trinity Bank,1392,07-Dec-22,94357.1
Trinity Bank,1665,07-Dec-22,26471.6
Trinity Bank,1707,07-Dec-22,30802.3
Trinity Bank,1910,07-Dec-22,102357.7
Trinity Bank,1951,07-Dec-22,41941
Trinity Bank,2080,07-Dec-22,105982.4
Trinity Bank,2103,07-Dec-22,14659.2
Trinity Bank,2157,07-Dec-22,2827.7
Trinity Bank,2203,07-Dec-22,26496.7
Trinity Bank,2330,07-Dec-22,24032.1
Trinity Bank,2378,07-Dec-22,30052.4
Trinity Bank,2821,07-Dec-22,12618.5
Trinity Bank,2832,07-Dec-22,20858
Trinity Bank,3015,07-Dec-22,28618.6
Trinity Bank,3141,07-Dec-22,103547.7
Trinity Bank,3235,07-Dec-22,69875.8
Trinity Bank,3318,07-Dec-22,13005.9
Trinity Bank,3327,07-Dec-22,70895.6
Trinity Bank,3470,07-Dec-22,44450.2
Trinity Bank,3570,07-Dec-22,68175.3
Trinity Bank,3576,07-Dec-22,33012.9
Trinity Bank,3581,07-Dec-22,12317.3
Trinity Bank,3597,07-Dec-22,31930.8
Trinity Bank,3738,07-Dec-22,25588.3
Trinity Bank,3799,07-Dec-22,47718.8
Trinity Bank,6265,07-Dec-22,46171.9
Trinity Bank,7437,07-Dec-22,31052.4
Trinity Bank,7765,07-Dec-22,70675.4
Trinity Bank,9790,07-Dec-22,83530.7
Trinity Bank,10711,07-Dec-22,89791.8
UniCredit Bank,136,07-Dec-22,25202.1
UniCredit Bank,174,07-Dec-22,21344.7
UniCredit Bank,435,07-Dec-22,28223.8
UniCredit Bank,484,07-Dec-22,27532.7
UniCredit Bank,502,07-Dec-22,32957.1
UniCredit Bank,518,07-Dec-22,21660
UniCredit Bank,529,07-Dec-22,40525.1
UniCredit Bank,552,07-Dec-22,18835.7
UniCredit Bank,599,07-Dec-22,33531.9
UniCredit Bank,715,07-Dec-22,39795.2
UniCredit Bank,864,07-Dec-22,30037.3
UniCredit Bank,955,07-Dec-22,35546
UniCredit Bank,998,07-Dec-22,72656.9
UniCredit Bank,1048,07-Dec-22,15554.3
UniCredit Bank,1293,07-Dec-22,15797
UniCredit Bank,1332,07-Dec-22,86023.2
UniCredit Bank,1414,07-Dec-22,44692.5
UniCredit Bank,1545,07-Dec-22,22782.9
UniCredit Bank,1794,07-Dec-22,13618.7
UniCredit Bank,1798,07-Dec-22,55122.1
UniCredit Bank,1841,07-Dec-22,42655.5
UniCredit Bank,1856,07-Dec-22,29236.9
UniCredit Bank,1898,07-Dec-22,38939.1
UniCredit Bank,2148,07-Dec-22,23456.6
UniCredit Bank,2220,07-Dec-22,23770.8
UniCredit Bank,2367,07-Dec-22,40916.3
UniCredit Bank,2370,07-Dec-22,39643.1
UniCredit Bank,2420,07-Dec-22,18865.5
UniCredit Bank,2568,07-Dec-22,33316.1
UniCredit Bank,2753,07-Dec-22,48670.3
UniCredit Bank,2831,07-Dec-22,41780
UniCredit Bank,2933,07-Dec-22,36956.4
UniCredit Bank,2938,07-Dec-22,60942.4
UniCredit Bank,2956,07-Dec-22,39239.5
UniCredit Bank,2989,07-Dec-22,32881.4
UniCredit Bank,3027,07-Dec-22,20181.6
UniCredit Bank,3071,07-Dec-22,39646.6
UniCredit Bank,3087,07-Dec-22,24199.7
UniCredit Bank,3119,07-Dec-22,19900.7
UniCredit Bank,3131,07-Dec-22,69502.3
UniCredit Bank,3264,07-Dec-22,28870
UniCredit Bank,3364,07-Dec-22,96880.3
UniCredit Bank,3440,07-Dec-22,65391.4
UniCredit Bank,3457,07-Dec-22,31062.1
UniCredit Bank,3791,07-Dec-22,90475.1
UniCredit Bank,3834,07-Dec-22,15713.2
UniCredit Bank,8114,07-Dec-22,51138.4
UniCredit Bank,8742,07-Dec-22,10643.9
UniCredit Bank,10445,07-Dec-22,101693.7
Air Bank,37,07-Dec-22,6066.3
Air Bank,269,07-Dec-22,39901.2
Air Bank,279,07-Dec-22,32820.8
Air Bank,340,07-Dec-22,40215.2
Air Bank,361,07-Dec-22,74907
Air Bank,395,07-Dec-22,53044
Air Bank,531,07-Dec-22,36028.9
Air Bank,570,07-Dec-22,18499
Air Bank,691,07-Dec-22,18837
Air Bank,825,07-Dec-22,21566.1
Air Bank,971,07-Dec-22,15727.8
Air Bank,1053,07-Dec-22,26921.4
Air Bank,1205,07-Dec-22,29161.7
Air Bank,1217,07-Dec-22,27247.1
Air Bank,1315,07-Dec-22,27365.4
Air Bank,1497,07-Dec-22,22702.5
Air Bank,1566,07-Dec-22,39999.6
Air Bank,1777,07-Dec-22,80798.6
Air Bank,1830,07-Dec-22,42344.3
Air Bank,1891,07-Dec-22,87547.8
Air Bank,2082,07-Dec-22,22043.9
Air Bank,2234,07-Dec-22,33523.9
Air Bank,2302,07-Dec-22,24674.2
Air Bank,2307,07-Dec-22,18588
Air Bank,2420,07-Dec-22,16464.5
Air Bank,2546,07-Dec-22,13223.2
Air Bank,2597,07-Dec-22,28140.3
Air Bank,2647,07-Dec-22,91311.9
Air Bank,2730,07-Dec-22,25729
Air Bank,2779,07-Dec-22,72006.4
Air Bank,2846,07-Dec-22,26386.1
Air Bank,2914,07-Dec-22,34803.8
Air Bank,2921,07-Dec-22,18745.6
Air Bank,3063,07-Dec-22,42906.3
Air Bank,3241,07-Dec-22,68057
Air Bank,3302,07-Dec-22,59416.2
Air Bank,3604,07-Dec-22,48951.8
Air Bank,4981,07-Dec-22,43020.7
Air Bank,5648,07-Dec-22,124409
Air Bank,8268,07-Dec-22,57822
Air Bank,9869,07-Dec-22,75188.4
Air Bank,10063,07-Dec-22,86057.7
Air Bank,10365,07-Dec-22,44021
Bank Creditas,40,07-Dec-22,28907.9
Bank Creditas,48,07-Dec-22,36431.9
Bank Creditas,77,07-Dec-22,55447.8
Bank Creditas,416,07-Dec-22,27409.3
Bank Creditas,462,07-Dec-22,38937.2
Bank Creditas,489,07-Dec-22,18617.4
Bank Creditas,636,07-Dec-22,18946.7
Bank Creditas,811,07-Dec-22,90780.6
Bank Creditas,874,07-Dec-22,19151.2
Bank Creditas,929,07-Dec-22,29906.8
Bank Creditas,1000,07-Dec-22,102396
Bank Creditas,1092,07-Dec-22,31166.8
Bank Creditas,1101,07-Dec-22,11868.9
Bank Creditas,1125,07-Dec-22,19105
Bank Creditas,1249,07-Dec-22,56076
Bank Creditas,1342,07-Dec-22,46049.1
Bank Creditas,1392,07-Dec-22,90141.1
Bank Creditas,1413,07-Dec-22,38544.1
Bank Creditas,1507,07-Dec-22,80037.2
Bank Creditas,1515,07-Dec-22,70588.1
Bank Creditas,1602,07-Dec-22,39603.7
Bank Creditas,1717,07-Dec-22,17814.3
Bank Creditas,1844,07-Dec-22,47334.7
Bank Creditas,1901,07-Dec-22,45548.1
Bank Creditas,2107,07-Dec-22,37748.3
Bank Creditas,2330,07-Dec-22,24633.1
Bank Creditas,2334,07-Dec-22,49159.6
Bank Creditas,2479,07-Dec-22,11319.2
Bank Creditas,2667,07-Dec-22,25420
Bank Creditas,2695,07-Dec-22,79616.2
Bank Creditas,2871,07-Dec-22,21552.3
Bank Creditas,2982,07-Dec-22,33436.2
Bank Creditas,3071,07-Dec-22,44768.6
Bank Creditas,3079,07-Dec-22,22844.7
Bank Creditas,3144,07-Dec-22,19803
Bank Creditas,3185,07-Dec-22,58170.5
Bank Creditas,3243,07-Dec-22,21099.2
Bank Creditas,3665,07-Dec-22,39027.2
Bank Creditas,3767,07-Dec-22,49084.5
Bank Creditas,3806,07-Dec-22,27212.9
Bank Creditas,3855,07-Dec-22,49751.9
Bank Creditas,3898,07-Dec-22,84904.9
Bank Creditas,4418,07-Dec-22,14179.6
Bank Creditas,4470,07-Dec-22,97781.6
Bank Creditas,5481,07-Dec-22,106566.5
Bank Creditas,5622,07-Dec-22,62050.7
Bank Creditas,11362,07-Dec-22,51475.8
Czech export bank,61,07-Dec-22,23427.7
Czech export bank,179,07-Dec-22,53106.2
Czech export bank,219,07-Dec-22,68297.8
Czech export bank,244,07-Dec-22,60864.2
Czech export bank,301,07-Dec-22,24988.1
Czech export bank,579,07-Dec-22,25097.5
Czech export bank,742,07-Dec-22,32852.9
Czech export bank,793,07-Dec-22,21980.5
Czech export bank,923,07-Dec-22,30033.3
Czech export bank,959,07-Dec-22,21773.4
Czech export bank,1059,07-Dec-22,16466.4
Czech export bank,1139,07-Dec-22,102597.9
Czech export bank,1267,07-Dec-22,14814.3
Czech export bank,1370,07-Dec-22,46484.9
Czech export bank,1383,07-Dec-22,35454
Czech export bank,1565,07-Dec-22,27416.3
Czech export bank,1726,07-Dec-22,17693.9
Czech export bank,1766,07-Dec-22,36546.4
Czech export bank,1805,07-Dec-22,86884.4
Czech export bank,1819,07-Dec-22,71397.8
Czech export bank,1888,07-Dec-22,39503.2
Czech export bank,1944,07-Dec-22,40896.7
Czech export bank,1949,07-Dec-22,39636
Czech export bank,2174,07-Dec-22,42094.3
Czech export bank,2401,07-Dec-22,45780.1
Czech export bank,2421,07-Dec-22,50139.5
Czech export bank,2509,07-Dec-22,12999.5
Czech export bank,2591,07-Dec-22,22434.4
Czech export bank,2662,07-Dec-22,24777.9
Czech export bank,2696,07-Dec-22,18997.3
Czech export bank,2813,07-Dec-22,42192.2
Czech export bank,3112,07-Dec-22,84350.9
Czech export bank,3365,07-Dec-22,29269.5
Czech export bank,3549,07-Dec-22,19989.6
Czech export bank,3605,07-Dec-22,46117.3
Czech export bank,3647,07-Dec-22,19607.9
Czech export bank,3670,07-Dec-22,27222
Czech export bank,3679,07-Dec-22,41178.9
Czech export bank,3686,07-Dec-22,18004.6
Czech export bank,3727,07-Dec-22,66712.4
Czech export bank,3731,07-Dec-22,26062.9
Czech export bank,3865,07-Dec-22,26205.8
Czech export bank,3910,07-Dec-22,19893.2
Czech export bank,3965,07-Dec-22,80265.7
Czech export bank,4368,07-Dec-22,49112.7
Czech export bank,7614,07-Dec-22,127567.2
Czech export bank,8639,07-Dec-22,50091.7
Czech export bank,9188,07-Dec-22,51292.8
Czech export bank,9631,07-Dec-22,30166.9
Czech export bank,9731,07-Dec-22,37926.6
Kameron bank,1369,07-Dec-22,48071.2
Kameron bank,1374,07-Dec-22,96527.2
Kameron bank,1413,07-Dec-22,35067.1
Kameron bank,1601,07-Dec-22,21966.1
Kameron bank,1700,07-Dec-22,59208.4
Kameron bank,1758,07-Dec-22,100438.6
Kameron bank,1981,07-Dec-22,33031.2
Kameron bank,2005,07-Dec-22,24708
Kameron bank,2081,07-Dec-22,13782.2
Kameron bank,2088,07-Dec-22,20171.2
Kameron bank,2151,07-Dec-22,29348.6
Kameron bank,2258,07-Dec-22,44073.7
Kameron bank,2482,07-Dec-22,36808.3
Kameron bank,2600,07-Dec-22,36014.7
Kameron bank,2621,07-Dec-22,15669
Kameron bank,2678,07-Dec-22,110583.2
Kameron bank,2720,07-Dec-22,50986.7
Kameron bank,2722,07-Dec-22,33012.6
Kameron bank,2842,07-Dec-22,22399.5
Kameron bank,2938,07-Dec-22,58654.4
Kameron bank,3022,07-Dec-22,31938.4
Kameron bank,3043,07-Dec-22,22149.5
Kameron bank,3122,07-Dec-22,52056.1
Kameron bank,3182,07-Dec-22,8569.3
Kameron bank,3213,07-Dec-22,18414.3
Kameron bank,3410,07-Dec-22,34932.4
Kameron bank,3440,07-Dec-22,65411.4
Kameron bank,3463,07-Dec-22,23167.9
Kameron bank,3657,07-Dec-22,33884.7
Kameron bank,3774,07-Dec-22,12895.7
Kameron bank,4013,07-Dec-22,73859
Kameron bank,4383,07-Dec-22,20286.5
Kameron bank,7045,07-Dec-22,104826.5
Kameron bank,9024,07-Dec-22,30139.2
Kameron bank,10789,07-Dec-22,79369.8
Max bank,8,07-Dec-22,76642.9
Max bank,187,07-Dec-22,21927.7
Max bank,365,07-Dec-22,48188.4
Max bank,465,07-Dec-22,31641.7
Max bank,662,07-Dec-22,23643.2
Max bank,688,07-Dec-22,20071
Max bank,704,07-Dec-22,58901.7
Max bank,731,07-Dec-22,13009.7
Max bank,755,07-Dec-22,34545.3
Max bank,841,07-Dec-22,48416.7
Max bank,877,07-Dec-22,54083
Max bank,898,07-Dec-22,42497
Max bank,1037,07-Dec-22,83274.3
Max bank,1117,07-Dec-22,17083.9
Max bank,1311,07-Dec-22,26645.3
Max bank,1443,07-Dec-22,31185
Max bank,1449,07-Dec-22,56099.6
Max bank,1450,07-Dec-22,46789.1
Max bank,1763,07-Dec-22,37359.8
Max bank,1780,07-Dec-22,97286.8
Max bank,1899,07-Dec-22,22916.6
Max bank,1914,07-Dec-22,76379.1
Max bank,1943,07-Dec-22,69659
Max bank,1958,07-Dec-22,41582.7
Max bank,1972,07-Dec-22,27647.8
Max bank,2040,07-Dec-22,57495.6
Max bank,2199,07-Dec-22,14813
Max bank,2348,07-Dec-22,10063.2
Max bank,2438,07-Dec-22,7667.2
Max bank,2911,07-Dec-22,74374.7
Max bank,2942,07-Dec-22,42244.3
Max bank,2949,07-Dec-22,18409.4
Max bank,3163,07-Dec-22,88617.8
Max bank,3164,07-Dec-22,33503.7
Max bank,3234,07-Dec-22,9976
Max bank,3259,07-Dec-22,51806
Max bank,3353,07-Dec-22,31099.1
Max bank,3556,07-Dec-22,49781.5
Max bank,3682,07-Dec-22,83007.2
Max bank,3824,07-Dec-22,20802.9
Max bank,3844,07-Dec-22,17411.7
Max bank,3978,07-Dec-22,11534.9
Max bank,4660,07-Dec-22,6529.3
Max bank,5269,07-Dec-22,31831.8
Max bank,5758,07-Dec-22,9983
Max bank,6226,07-Dec-22,147300.3
Max bank,7181,07-Dec-22,41406
Max bank,10361,07-Dec-22,72355.7
Moneta Money Bank,113,07-Dec-22,26943.6
Moneta Money Bank,137,07-Dec-22,15345.9
Moneta Money Bank,145,07-Dec-22,64153.7
Moneta Money Bank,288,07-Dec-22,33513.7
Moneta Money Bank,335,07-Dec-22,30069.4
Moneta Money Bank,473,07-Dec-22,41886.7
Moneta Money Bank,494,07-Dec-22,54089.9
Moneta Money Bank,631,07-Dec-22,39315.6
Moneta Money Bank,751,07-Dec-22,19480.1
Moneta Money Bank,809,07-Dec-22,11406.7
Moneta Money Bank,883,07-Dec-22,20638.6
Moneta Money Bank,995,07-Dec-22,28960.4
Moneta Money Bank,1040,07-Dec-22,13347.4
Moneta Money Bank,1118,07-Dec-22,43918.2
Moneta Money Bank,1189,07-Dec-22,31181.9
Moneta Money Bank,1242,07-Dec-22,37296.3
Moneta Money Bank,1324,07-Dec-22,71450.6
Moneta Money Bank,1383,07-Dec-22,33281
Moneta Money Bank,1405,07-Dec-22,42244.2
Moneta Money Bank,1521,07-Dec-22,17967.8
Moneta Money Bank,1624,07-Dec-22,23139.6
Moneta Money Bank,1940,07-Dec-22,22948.8
Moneta Money Bank,1948,07-Dec-22,56905.1
Moneta Money Bank,2049,07-Dec-22,20779.5
Moneta Money Bank,2078,07-Dec-22,45172.4
Moneta Money Bank,2151,07-Dec-22,29571.6
Moneta Money Bank,2327,07-Dec-22,38723
Moneta Money Bank,2483,07-Dec-22,30989.1
Moneta Money Bank,2487,07-Dec-22,41023
Moneta Money Bank,2519,07-Dec-22,52303.8
Moneta Money Bank,2541,07-Dec-22,54955.5
Moneta Money Bank,2572,07-Dec-22,134393.2
Moneta Money Bank,2913,07-Dec-22,14339.9
Moneta Money Bank,3004,07-Dec-22,18386.6
Moneta Money Bank,3176,07-Dec-22,18702.5
Moneta Money Bank,3423,07-Dec-22,8481.1
Moneta Money Bank,3485,07-Dec-22,45751.9
Moneta Money Bank,3499,07-Dec-22,95185.1
Moneta Money Bank,3502,07-Dec-22,47308.7
Moneta Money Bank,3514,07-Dec-22,27107.9
Moneta Money Bank,3567,07-Dec-22,19043.5
Moneta Money Bank,3743,07-Dec-22,39403
Moneta Money Bank,3773,07-Dec-22,27719.7
Moneta Money Bank,3891,07-Dec-22,99812.2
Moneta Money Bank,3935,07-Dec-22,51560.6
Moneta Money Bank,3946,07-Dec-22,43861.9
Moneta Money Bank,9201,07-Dec-22,103177.2
Moneta Money Bank,11054,07-Dec-22,66824.8
PPF Bank,71,07-Dec-22,61263.5
PPF Bank,118,07-Dec-22,25898.5
PPF Bank,129,07-Dec-22,14133.6
PPF Bank,272,07-Dec-22,6814.6
PPF Bank,472,07-Dec-22,108182.3
PPF Bank,521,07-Dec-22,57582.2
PPF Bank,533,07-Dec-22,21082.8
PPF Bank,598,07-Dec-22,63926.6
PPF Bank,693,07-Dec-22,35924.6
PPF Bank,831,07-Dec-22,19564.9
PPF Bank,1208,07-Dec-22,44603.2
PPF Bank,1238,07-Dec-22,36459.8
PPF Bank,1393,07-Dec-22,25071.7
PPF Bank,1468,07-Dec-22,27559.8
PPF Bank,1502,07-Dec-22,43975.2
PPF Bank,1556,07-Dec-22,60299
PPF Bank,1575,07-Dec-22,39609.5
PPF Bank,1629,07-Dec-22,33465.4
PPF Bank,1644,07-Dec-22,61346.2
PPF Bank,1719,07-Dec-22,26854.6
PPF Bank,2044,07-Dec-22,42157.9
PPF Bank,2165,07-Dec-22,16260.6
PPF Bank,2184,07-Dec-22,13066.7
PPF Bank,2402,07-Dec-22,39048.7
PPF Bank,2476,07-Dec-22,14305
PPF Bank,2603,07-Dec-22,34114.5
PPF Bank,2637,07-Dec-22,15306.6
PPF Bank,2868,07-Dec-22,29134.2
PPF Bank,3354,07-Dec-22,27262.3
PPF Bank,3483,07-Dec-22,22113.9
PPF Bank,3543,07-Dec-22,15070.1
PPF Bank,3804,07-Dec-22,81516.8
PPF Bank,3850,07-Dec-22,79570.9
PPF Bank,3899,07-Dec-22,67499.8
PPF Bank,4116,07-Dec-22,7346
PPF Bank,4190,07-Dec-22,20349.1
PPF Bank,5362,07-Dec-22,15187.9
PPF Bank,5724,07-Dec-22,33807.9
PPF Bank,6706,07-Dec-22,30521.6
PPF Bank,6866,07-Dec-22,41775
PPF Bank,6924,07-Dec-22,73719.9
PPF Bank,7546,07-Dec-22,49030
PPF Bank,8127,07-Dec-22,66518.8
PPF Bank,9897,07-Dec-22,59894.8
Raiffeisen bank,101,07-Dec-22,73385.7
Raiffeisen bank,196,07-Dec-22,62972.6
Raiffeisen bank,321,07-Dec-22,18595.2
Raiffeisen bank,403,07-Dec-22,73867.6
Raiffeisen bank,420,07-Dec-22,69704.7
Raiffeisen bank,534,07-Dec-22,45045.1
Raiffeisen bank,664,07-Dec-22,25713.8
Raiffeisen bank,757,07-Dec-22,69187.8
Raiffeisen bank,804,07-Dec-22,74392.5
Raiffeisen bank,876,07-Dec-22,18258.6
Raiffeisen bank,884,07-Dec-22,21173.3
Raiffeisen bank,1142,07-Dec-22,23492.7
Raiffeisen bank,1200,07-Dec-22,28364.5
Raiffeisen bank,1220,07-Dec-22,69477.3
Raiffeisen bank,1545,07-Dec-22,23894.9
Raiffeisen bank,1609,07-Dec-22,23834
Raiffeisen bank,1658,07-Dec-22,26881.5
Raiffeisen bank,1690,07-Dec-22,36039
Raiffeisen bank,1741,07-Dec-22,39844.8
Raiffeisen bank,1912,07-Dec-22,45605.7
Raiffeisen bank,1947,07-Dec-22,64753.4
Raiffeisen bank,2135,07-Dec-22,16024.7
Raiffeisen bank,2231,07-Dec-22,23253
Raiffeisen bank,2350,07-Dec-22,37226.2
Raiffeisen bank,2362,07-Dec-22,22911.4
Raiffeisen bank,2483,07-Dec-22,25993.1
Raiffeisen bank,2635,07-Dec-22,113376.2
Raiffeisen bank,2869,07-Dec-22,18240
Raiffeisen bank,3035,07-Dec-22,28376.6
Raiffeisen bank,3047,07-Dec-22,24427.5
Raiffeisen bank,3236,07-Dec-22,15992.6
Raiffeisen bank,3264,07-Dec-22,30756
Raiffeisen bank,3393,07-Dec-22,4087.6
Raiffeisen bank,3413,07-Dec-22,94617.4
Raiffeisen bank,3558,07-Dec-22,82241.9
Raiffeisen bank,3655,07-Dec-22,22997.1
Raiffeisen bank,3769,07-Dec-22,29848.8
Raiffeisen bank,3775,07-Dec-22,13532
Raiffeisen bank,3813,07-Dec-22,23485.4
Raiffeisen bank,3995,07-Dec-22,54803.9
Raiffeisen bank,5066,07-Dec-22,19971.7
Raiffeisen bank,5572,07-Dec-22,61161.3
Raiffeisen bank,6922,07-Dec-22,100261.3
Raiffeisen bank,7607,07-Dec-22,41558.3
Fio bank,71,07-Dec-22,62865.5
Fio bank,142,07-Dec-22,24852.3
Fio bank,153,07-Dec-22,34939.6
Fio bank,156,07-Dec-22,13068.1
Fio bank,335,07-Dec-22,32766.4
Fio bank,503,07-Dec-22,30046.8
Fio bank,703,07-Dec-22,31686.3
Fio bank,816,07-Dec-22,54032.8
Fio bank,831,07-Dec-22,17273.9
Fio bank,895,07-Dec-22,15909.8
Fio bank,902,07-Dec-22,27796
Fio bank,913,07-Dec-22,49402.1
Fio bank,1093,07-Dec-22,107505.5
Fio bank,1094,07-Dec-22,19897.5
Fio bank,1420,07-Dec-22,36934.7
Fio bank,1463,07-Dec-22,35040.6
Fio bank,1659,07-Dec-22,37267.4
Fio bank,1737,07-Dec-22,31797.6
Fio bank,1825,07-Dec-22,60710.1
Fio bank,1834,07-Dec-22,61340.5
Fio bank,1903,07-Dec-22,58805.6
Fio bank,1926,07-Dec-22,18072.4
Fio bank,2012,07-Dec-22,25701.6
Fio bank,2072,07-Dec-22,81059.8
Fio bank,2280,07-Dec-22,38560.8
Fio bank,2316,07-Dec-22,30547.4
Fio bank,2348,07-Dec-22,6714.2
Fio bank,2617,07-Dec-22,18728.1
Fio bank,2649,07-Dec-22,63940.2
Fio bank,2779,07-Dec-22,71972.4
Fio bank,3171,07-Dec-22,23629.2
Fio bank,3212,07-Dec-22,61450
Fio bank,3251,07-Dec-22,37855.9
Fio bank,3271,07-Dec-22,19515.9
Fio bank,3272,07-Dec-22,55202.2
Fio bank,3294,07-Dec-22,39108.4
Fio bank,3463,07-Dec-22,28353.9
Fio bank,3496,07-Dec-22,123414.7
Fio bank,3661,07-Dec-22,32720.6
Fio bank,3729,07-Dec-22,19943.8
Fio bank,3882,07-Dec-22,31366.3
Fio bank,3978,07-Dec-22,9537.9
Fio bank,3980,07-Dec-22,56909
Fio bank,4150,07-Dec-22,44514.4
Fio bank,4423,07-Dec-22,43155.3
Fio bank,5541,07-Dec-22,58000.7
Fio bank,6062,07-Dec-22,88134.8
Fio bank,7240,07-Dec-22,4545
Fio bank,7454,07-Dec-22,14568.9
Fio bank,9093,07-Dec-22,71016.4
Fio bank,9790,07-Dec-22,81042.7
Fio bank,9859,07-Dec-22,38889.5
Hypotecni bank,240,07-Dec-22,41122.5
Hypotecni bank,255,07-Dec-22,51106.2
Hypotecni bank,392,07-Dec-22,40332
Hypotecni bank,404,07-Dec-22,95177.1
Hypotecni bank,412,07-Dec-22,49489.8
Hypotecni bank,436,07-Dec-22,10273.6
Hypotecni bank,581,07-Dec-22,52227.5
Hypotecni bank,613,07-Dec-22,44085.2
Hypotecni bank,629,07-Dec-22,24288.6
Hypotecni bank,823,07-Dec-22,21622.7
Hypotecni bank,957,07-Dec-22,15857.6
Hypotecni bank,1026,07-Dec-22,72437.7
Hypotecni bank,1029,07-Dec-22,83051.1
Hypotecni bank,1100,07-Dec-22,15814.7
Hypotecni bank,1179,07-Dec-22,17509
Hypotecni bank,1241,07-Dec-22,19362.5
Hypotecni bank,1291,07-Dec-22,25147
Hypotecni bank,1670,07-Dec-22,24249.9
Hypotecni bank,1712,07-Dec-22,43594.1
Hypotecni bank,1760,07-Dec-22,54051.8
Hypotecni bank,1775,07-Dec-22,22856.4
Hypotecni bank,1905,07-Dec-22,11801.4
Hypotecni bank,2050,07-Dec-22,71018.5
Hypotecni bank,2577,07-Dec-22,26775
Hypotecni bank,2730,07-Dec-22,28013
Hypotecni bank,2739,07-Dec-22,46059.4
Hypotecni bank,2795,07-Dec-22,46120.5
Hypotecni bank,2882,07-Dec-22,29518.6
Hypotecni bank,2946,07-Dec-22,11647.9
Hypotecni bank,2996,07-Dec-22,51261.7
Hypotecni bank,3055,07-Dec-22,36614.2
Hypotecni bank,3211,07-Dec-22,18903
Hypotecni bank,3346,07-Dec-22,62320.7
Hypotecni bank,3351,07-Dec-22,24512.4
Hypotecni bank,3628,07-Dec-22,66228.9
Hypotecni bank,3651,07-Dec-22,46523.1
Hypotecni bank,3924,07-Dec-22,27379
Hypotecni bank,3987,07-Dec-22,29505.3
Hypotecni bank,4616,07-Dec-22,65910.3
Hypotecni bank,10650,07-Dec-22,53845.7
J&T Bank,3,07-Dec-22,45732.5
J&T Bank,108,07-Dec-22,51965.7
J&T Bank,217,07-Dec-22,10284.7
J&T Bank,340,07-Dec-22,41116.2
J&T Bank,402,07-Dec-22,27646.5
J&T Bank,515,07-Dec-22,17072.7
J&T Bank,632,07-Dec-22,19092.8
J&T Bank,755,07-Dec-22,30656.3
J&T Bank,833,07-Dec-22,33070.2
J&T Bank,856,07-Dec-22,39921.4
J&T Bank,877,07-Dec-22,52570
J&T Bank,950,07-Dec-22,99356.1
J&T Bank,1115,07-Dec-22,25710.1
J&T Bank,1257,07-Dec-22,31830.6
J&T Bank,1308,07-Dec-22,26917.7
J&T Bank,1340,07-Dec-22,20426.9
J&T Bank,1501,07-Dec-22,28548.9
J&T Bank,1542,07-Dec-22,14836.6
J&T Bank,1555,07-Dec-22,49391.8
J&T Bank,1584,07-Dec-22,33125.1
J&T Bank,1601,07-Dec-22,24660.1
J&T Bank,1703,07-Dec-22,27605.4
J&T Bank,1857,07-Dec-22,57564
J&T Bank,1976,07-Dec-22,27712.3
J&T Bank,2313,07-Dec-22,47121.2
J&T Bank,2366,07-Dec-22,11305.9
J&T Bank,2534,07-Dec-22,16442
J&T Bank,2776,07-Dec-22,15717.1
J&T Bank,2836,07-Dec-22,38255.4
J&T Bank,2939,07-Dec-22,21497.7
J&T Bank,3029,07-Dec-22,29489.6
J&T Bank,3099,07-Dec-22,24438.2
J&T Bank,3120,07-Dec-22,26634.4
J&T Bank,3170,07-Dec-22,34986.5
J&T Bank,3367,07-Dec-22,90789.2
J&T Bank,3629,07-Dec-22,14956.9
J&T Bank,3778,07-Dec-22,102362.2
J&T Bank,3880,07-Dec-22,37533.3
J&T Bank,3927,07-Dec-22,36781.7
J&T Bank,3960,07-Dec-22,25324.1
J&T Bank,6706,07-Dec-22,31192.6
J&T Bank,6924,07-Dec-22,69134.9
J&T Bank,7562,07-Dec-22,130409.3
J&T Bank,7636,07-Dec-22,28450.8
J&T Bank,10915,07-Dec-22,13511.2
Kameron bank,282,07-Dec-22,32305.1
Kameron bank,393,07-Dec-22,18233.6
Kameron bank,449,07-Dec-22,12991.1
Kameron bank,467,07-Dec-22,21749.1
Kameron bank,468,07-Dec-22,55935.9
Kameron bank,469,07-Dec-22,11906.4
Kameron bank,485,07-Dec-22,45483.1
Kameron bank,666,07-Dec-22,67058.4
Kameron bank,859,07-Dec-22,33206.2
Kameron bank,943,07-Dec-22,28345.6
Kameron bank,975,07-Dec-22,20569
Kameron bank,1021,07-Dec-22,25176.4
Trinity Bank,99,10-Nov-22,2303.7
Trinity Bank,544,12-Aug-22,58267.5
Trinity Bank,1012,12-Dec-20,46850.4
Trinity Bank,1056,07-Feb-22,2449.1
Trinity Bank,1527,12-Oct-21,39765
Trinity Bank,1787,12-Jun-19,35875.9
Trinity Bank,2176,10-Nov-22,-483.4
Trinity Bank,2642,05-Nov-22,3788.9
Trinity Bank,2762,12-Dec-20,13116.9
Trinity Bank,3455,12-Feb-22,61514.4
Trinity Bank,4414,12-Feb-21,35027.6
Trinity Bank,4415,12-Mar-22,54742.6
Trinity Bank,5650,12-Jun-21,67982.1
Trinity Bank,5891,12-Apr-20,72976
Trinity Bank,5952,12-Dec-20,100411.1
Trinity Bank,7907,12-Aug-22,40487.1
Trinity Bank,9656,12-Jun-21,46068.3
Trinity Bank,10266,12-Dec-20,30772.4
Trinity Bank,10788,12-Aug-20,9076.3
Trinity Bank,10807,12-Feb-22,66934.9
Trinity Bank,11042,12-Nov-22,40562.6
Trinity Bank,11359,12-Jul-21,20526.1
UniCredit Bank,97,12-Jul-22,39761.1
UniCredit Bank,790,12-Jun-22,25610.3
UniCredit Bank,1375,12-Aug-21,42706.1
UniCredit Bank,2176,12-Feb-21,13479.9
UniCredit Bank,2227,12-Nov-21,86261.6
UniCredit Bank,3637,12-Aug-22,67688.7
UniCredit Bank,3747,12-Dec-20,18871.3
UniCredit Bank,4851,12-Aug-22,54260.7
UniCredit Bank,4863,12-Mar-22,76424.7
UniCredit Bank,5120,12-Jul-22,56286.8
UniCredit Bank,5267,12-Nov-22,7276
UniCredit Bank,5428,12-Aug-20,15722.4
UniCredit Bank,5991,12-Oct-22,44307.3
UniCredit Bank,6034,12-Sep-22,24264.6
UniCredit Bank,6083,12-Nov-22,6689.3
UniCredit Bank,7815,12-Dec-21,44166.6
UniCredit Bank,8173,12-May-20,72926.5
UniCredit Bank,8566,12-Sep-21,64109.6
UniCredit Bank,9583,12-Dec-21,56134.1
UniCredit Bank,10663,12-Oct-22,47538.1
UniCredit Bank,11065,12-Jun-22,37238.9
UniCredit Bank,11111,12-Jan-21,49057.2
Air Bank,25,12-Nov-22,27886.5
Air Bank,290,12-Oct-22,51172.4
Air Bank,2361,12-Mar-22,7851.9
Air Bank,2705,12-Dec-20,40327.3
Air Bank,2962,12-Dec-20,29111.9
Air Bank,3329,12-Nov-22,35628.7
Air Bank,3752,12-Dec-20,69018.6
Air Bank,4081,12-Oct-21,-2899.8
Air Bank,4727,12-Jul-21,89551.5
Air Bank,7424,12-Nov-22,23950.7
Air Bank,7957,12-Jun-22,36000.1
Air Bank,7965,12-Sep-20,4930.8
Air Bank,9263,12-Apr-22,12148.9
Air Bank,10131,12-Apr-21,39040.3
Air Bank,10940,12-Feb-21,52721
Air Bank,11138,12-Jan-22,39143
Bank Creditas,31,12-Nov-22,13222.3
Bank Creditas,1993,12-Dec-20,13827.9
Bank Creditas,2018,12-Jan-22,6729.2
Bank Creditas,2419,12-Dec-20,86383.6
Bank Creditas,3064,12-Dec-20,19943.9
Bank Creditas,3489,12-Jul-21,46107.3
Bank Creditas,4259,12-Dec-20,43343.2
Bank Creditas,4580,12-Dec-20,62842.6
Bank Creditas,4894,12-Oct-20,78940.8
Bank Creditas,4937,12-Dec-20,36897.8
Bank Creditas,5774,12-Nov-21,27543.8
Bank Creditas,6075,12-Oct-22,15106.1
Bank Creditas,6609,12-Oct-22,27890.7
Bank Creditas,6738,12-Dec-20,67963.5
Bank Creditas,8316,12-Mar-21,57581.4
Bank Creditas,8564,12-Mar-21,65489.2
Bank Creditas,9633,12-Nov-22,28584
Czech export bank,816,12-Dec-20,71157.2
Czech export bank,1801,12-Dec-20,13836.6
Czech export bank,2236,12-Oct-22,15793.8
Czech export bank,2486,12-Dec-19,79986.2
Czech export bank,4825,12-Dec-20,21008.4
Czech export bank,5228,12-Dec-20,60469.9
Czech export bank,5927,12-May-22,27771.4
Czech export bank,7485,12-Dec-20,20414.7
Czech export bank,7769,12-May-22,72056.2
Czech export bank,8073,12-Feb-20,52669.9
Czech export bank,8566,07-Nov-22,13777.5
Czech export bank,8982,12-Oct-21,66692
Czech export bank,9833,12-May-20,50755.7
Czech export bank,10105,12-Dec-20,72348
Czech export bank,10630,12-Jun-21,25928
Czech export bank,10973,12-Oct-21,65953.8
DBS BANK,6,27-Sep-19,900
DBS BANK,68,20-Dec-19,200
DBS BANK,359,11-Dec-19,400
DBS BANK,449,22-Nov-19,900
DBS BANK,459,12-Dec-19,21700
DBS BANK,518,09-Sep-19,200
DBS BANK,654,16-Oct-19,200
DBS BANK,761,05-Dec-19,25400
DBS BANK,775,18-Dec-19,300
DBS BANK,799,04-Dec-19,16100
DBS BANK,802,20-Dec-19,300
Kameron bank,4361,12-Mar-22,67286.7
Kameron bank,4462,12-Apr-22,4726.7
Kameron bank,6051,12-Jun-21,7310.5
Kameron bank,7133,12-Oct-21,17453.8
Kameron bank,7546,12-Dec-20,58743.8
Kameron bank,8051,12-May-22,49254.4
Kameron bank,8127,12-Jul-22,41586.2
Kameron bank,8261,12-Sep-20,19139.5
Kameron bank,8475,12-Dec-20,42707.4
Kameron bank,9104,12-Jul-22,38050.3
Kameron bank,9472,12-Dec-20,20158.1
Kameron bank,10439,12-Dec-20,19291.8
Max bank,173,12-May-20,27067.2
Max bank,666,12-Nov-22,71024.7
Max bank,1329,12-Aug-22,10199
Max bank,4476,12-Sep-22,28321.6
Max bank,4576,12-May-21,44493.6
Max bank,5622,12-Oct-20,30730.1
Max bank,5700,12-Mar-22,6736.4
Max bank,6118,12-Dec-21,34246.2
Max bank,6363,12-Oct-20,49433.9
Max bank,6440,12-Jun-22,80144.4
Max bank,6555,12-Mar-21,62216.7
Max bank,7844,12-Dec-20,71182.2
Max bank,7859,12-Nov-21,42745.6
Max bank,8039,12-Oct-22,28250.6
Max bank,8041,12-Oct-21,79290.8
Max bank,8505,12-Nov-22,28072.7
Max bank,8625,12-Mar-21,56985.4
Max bank,9034,12-Dec-19,20965.1
Max bank,9828,12-Apr-21,56699.2
Max bank,10738,12-Dec-21,63814.5
Max bank,11135,12-Feb-21,36723.5
Moneta Money Bank,176,12-Mar-22,18022.4
Moneta Money Bank,2694,12-Feb-20,32269.3
Moneta Money Bank,3249,12-Aug-22,49344.7
Moneta Money Bank,3273,12-Sep-22,44744.9
Moneta Money Bank,3354,12-Jun-20,41280.1
Moneta Money Bank,3754,12-Oct-22,76357.3
Moneta Money Bank,4320,12-Jul-22,14967.8
Moneta Money Bank,4423,12-Oct-22,29980
Moneta Money Bank,5593,12-Jul-21,71296.4
Moneta Money Bank,6434,12-Oct-22,25369.2
Moneta Money Bank,7607,12-Mar-21,30939
Moneta Money Bank,7753,12-Dec-20,89100.4
Moneta Money Bank,7926,12-Sep-22,17907.2
Moneta Money Bank,8159,12-Jun-21,41748.7
Moneta Money Bank,8489,12-Jun-22,64485.8
Moneta Money Bank,8742,12-Jul-22,25164.7
Moneta Money Bank,9403,12-Jul-21,19368
Moneta Money Bank,9494,12-Jan-22,16412
Moneta Money Bank,10049,12-Mar-22,9778.9
Moneta Money Bank,10093,12-Oct-22,26859.8
PPF Bank,813,12-Apr-20,34013.6
PPF Bank,1256,12-May-22,31181.5
PPF Bank,2153,12-Nov-21,42490
PPF Bank,2988,12-Nov-22,11495.1
PPF Bank,4337,12-Dec-20,56482.2
PPF Bank,4626,12-Jun-22,20473.9
PPF Bank,5481,12-Aug-22,82924.6
PPF Bank,7765,12-Dec-20,16048.5
PPF Bank,9242,12-Jan-22,33095.3
PPF Bank,9265,12-Jul-20,82070.6
PPF Bank,9731,12-Nov-22,13536.1
PPF Bank,10364,12-Dec-20,55072
PPF Bank,10789,12-Nov-22,70122.5
Raiffeisen bank,1888,12-Aug-22,19334.2
Raiffeisen bank,1967,14-Nov-22,50181.2
Raiffeisen bank,2106,12-Sep-21,20604
Raiffeisen bank,2322,12-Jun-22,16567.3
Raiffeisen bank,2343,12-Oct-21,46510.9
Raiffeisen bank,3037,12-Jul-22,5979.6
Raiffeisen bank,3804,12-Jan-21,33285.9
Raiffeisen bank,5256,12-Apr-21,52478
Raiffeisen bank,6425,12-Dec-20,35875.1
Raiffeisen bank,6473,12-May-20,86956.1
Raiffeisen bank,7824,12-Dec-20,11050.7
Raiffeisen bank,8129,12-Jul-21,37691.7
Raiffeisen bank,8519,12-Aug-20,45964.6
Raiffeisen bank,9236,12-Dec-19,27441.8
Raiffeisen bank,11021,12-Feb-21,22680.9
DBS BANK,838,17-Dec-19,25600
DBS BANK,988,22-Oct-19,400
DBS BANK,1011,17-Dec-19,400
DBS BANK,1091,03-Dec-19,27100
DBS BANK,1312,15-Oct-19,400
DBS BANK,1394,27-Dec-19,600
DBS BANK,1398,16-Dec-19,27500
DBS BANK,1417,20-Dec-19,200
DBS BANK,1441,25-Oct-19,500
DBS BANK,1592,18-Aug-19,400
DBS BANK,1714,08-Sep-19,900
DBS BANK,1721,15-Dec-19,20400
DBS BANK,1789,17-Dec-19,27200
DBS BANK,1835,24-Dec-19,800
DBS BANK,1838,22-Dec-19,27500
DBS BANK,1958,24-Oct-19,600
DBS BANK,1989,21-Sep-19,200
DBS BANK,2027,28-Nov-19,800
DBS BANK,2029,20-Dec-19,18700
DBS BANK,2179,10-Dec-19,27700
DBS BANK,2180,21-Dec-19,24100
DBS BANK,2267,19-Dec-19,15900
DBS BANK,2343,09-Dec-19,300
DBS BANK,2377,13-Nov-19,300
DBS BANK,2384,23-Dec-19,500
DBS BANK,2524,19-Dec-19,300
DBS BANK,2536,28-Oct-19,500
DBS BANK,2566,18-Dec-19,20200
DBS BANK,2583,02-Dec-19,25200
DBS BANK,2691,02-Dec-19,25900
DBS BANK,2707,27-Dec-19,13800
DBS BANK,2808,18-Dec-19,700
DBS BANK,2949,21-Oct-19,400
DBS BANK,3142,14-Sep-19,200
DBS BANK,3255,09-Dec-19,27800
DBS BANK,3279,17-Dec-19,1100
DBS BANK,3288,15-Sep-19,700
DBS BANK,3336,19-Sep-19,900
DBS BANK,3364,08-Dec-19,500
DBS BANK,3489,08-Dec-19,1000
DBS BANK,3576,07-Nov-19,900
DBS BANK,3621,25-Dec-19,400
DBS BANK,3643,22-Dec-19,300
DBS BANK,3712,13-Sep-19,900
DBS BANK,3797,02-Dec-19,20900
DBS BANK,3888,18-Nov-19,23800
DBS BANK,3903,19-Dec-19,500
DBS BANK,3921,14-Dec-19,23400
DBS BANK,3926,11-Sep-19,400
DBS BANK,4059,02-Dec-19,24200
DBS BANK,4434,09-Dec-19,1100
DBS BANK,4519,05-Dec-19,26200
DBS BANK,5357,18-Dec-19,700
DBS BANK,7824,13-Dec-19,22000
DBS BANK,8127,12-Dec-19,17300
DBS BANK,8856,18-Dec-19,200
DBS BANK,10728,23-Dec-19,1000
Fio bank,19,12-Mar-21,21204.4
Fio bank,37,12-Nov-22,6140
Fio bank,2062,12-Oct-21,17898.6
Fio bank,2167,12-Dec-20,57587.2
Fio bank,2322,07-Nov-22,5581.8
Fio bank,3229,12-Apr-22,14121
Fio bank,6040,12-Dec-20,52515.8
Fio bank,6148,12-Dec-20,40038.1
Fio bank,6273,12-Dec-20,55357.1
Fio bank,6472,12-Dec-20,102573
Fio bank,7418,12-Dec-19,33360.8
Fio bank,7523,12-Dec-21,23866
Fio bank,8260,12-Aug-21,101421.6
Fio bank,9052,12-Nov-22,15732.7
Fio bank,9422,12-Oct-21,21529.9
Fio bank,9591,10-Oct-22,5563
Fio bank,9814,12-Sep-21,55245.8
Fio bank,10911,12-Jul-21,42658.9
Fio bank,11141,12-Sep-22,36396
Hypotecni bank,132,12-Oct-21,50266.3
Hypotecni bank,846,12-Jul-22,45029.6
Hypotecni bank,1106,12-Dec-20,18364.9
Hypotecni bank,2187,12-Oct-22,82135.5
Hypotecni bank,3834,12-Sep-20,34008.9
Hypotecni bank,3859,12-Aug-22,34245.7
Hypotecni bank,4448,12-Sep-21,124320.5
Hypotecni bank,6030,12-Feb-21,72969.6
Hypotecni bank,6930,12-Dec-20,68612.8
Hypotecni bank,7123,12-Nov-19,17952.1
Hypotecni bank,7445,12-Dec-20,18036.2
Hypotecni bank,7857,12-Dec-20,84090.6
Hypotecni bank,8688,12-Mar-22,51463.5
Hypotecni bank,9199,12-Aug-21,12974
Hypotecni bank,9591,12-Apr-21,67661
Hypotecni bank,9640,12-Jan-21,18143.2
Hypotecni bank,10068,12-Jul-22,73373.7
J&T Bank,99,09-Nov-22,6985.7
J&T Bank,347,12-Apr-21,64141.5
J&T Bank,1166,12-Jan-22,26722.1
J&T Bank,1603,12-Jan-20,26871.8
J&T Bank,4127,12-May-22,13773.2
J&T Bank,4427,12-Sep-20,10493.2
J&T Bank,5066,12-Jan-22,44404.3
J&T Bank,5270,12-Nov-20,53134
J&T Bank,5442,12-Oct-20,14316.7
J&T Bank,5574,12-Mar-21,83857.2
J&T Bank,6701,12-Dec-20,81696.2
J&T Bank,8027,12-May-20,84441.1
J&T Bank,9337,12-Dec-20,30920
J&T Bank,10361,12-May-22,28592.2
J&T Bank,11231,12-Oct-22,48114.8
ADB BANK,18,22-Dec-18,21500
ADB BANK,39,22-Sep-18,1100
ADB BANK,61,11-Dec-18,700
ADB BANK,100,28-Dec-18,600
ADB BANK,102,15-Dec-18,20800
ADB BANK,162,25-Aug-18,200
ADB BANK,180,14-Dec-18,800
ADB BANK,183,12-Dec-18,200
ADB BANK,198,25-Oct-18,900
ADB BANK,238,15-Aug-18,500
ADB BANK,243,06-Dec-18,14900
ADB BANK,245,25-Dec-18,15000
ADB BANK,259,28-Oct-18,600
ADB BANK,287,27-Oct-18,600
ADB BANK,290,02-Dec-18,300
ADB BANK,321,11-Nov-18,1100
ADB BANK,365,12-Dec-18,200
ADB BANK,441,17-Dec-18,900
ADB BANK,459,17-Dec-18,25400
ADB BANK,519,12-Nov-18,200
ADB BANK,539,13-Dec-18,26100
ADB BANK,552,20-Aug-18,900
ADB BANK,597,05-Dec-18,300
ADB BANK,616,14-Oct-18,1100
ADB BANK,719,21-Dec-18,1100
ADB BANK,721,29-Aug-18,500
ADB BANK,799,09-Dec-18,20300
ADB BANK,815,25-Aug-18,300
ADB BANK,838,22-Dec-18,20200
ADB BANK,857,16-Sep-18,1100
ADB BANK,883,17-Dec-18,800
ADB BANK,914,14-Nov-18,800
ADB BANK,978,18-Aug-18,1100
ADB BANK,1057,23-Aug-18,1000
ADB BANK,1080,27-Dec-18,700
ADB BANK,1088,19-Dec-18,500
ADB BANK,1091,08-Dec-18,19500
ADB BANK,1098,28-Dec-18,600
ADB BANK,1120,05-Oct-18,900
ADB BANK,1128,21-Nov-18,400
ADB BANK,1153,29-Dec-18,200
ADB BANK,1217,25-Oct-18,200
ADB BANK,1225,14-Dec-18,900
ADB BANK,1235,23-Nov-18,500
ADB BANK,1247,05-Nov-18,24600
ADB BANK,1288,27-Nov-18,600
ADB BANK,1302,21-Nov-18,800
ADB BANK,1359,02-Dec-18,600
ADB BANK,1419,22-Dec-18,400
ADB BANK,1468,11-Oct-18,500
ADB BANK,1516,08-Oct-18,500
ADB BANK,1588,11-Dec-18,1000
ADB BANK,1589,05-Dec-18,22400
ADB BANK,1602,19-Sep-18,600
ADB BANK,1604,16-Dec-18,900
ADB BANK,1635,29-Dec-18,900
ADB BANK,1666,30-Oct-18,500
ADB BANK,1673,08-Dec-18,900
ADB BANK,1689,07-Sep-18,700
ADB BANK,1721,20-Dec-18,24200
ADB BANK,1762,11-Dec-18,600
ADB BANK,1768,20-Dec-18,1100
ADB BANK,1789,22-Dec-18,21000
ADB BANK,1792,16-Dec-18,1000
ADB BANK,1831,21-Sep-18,600
ADB BANK,1875,21-Aug-18,1000
ADB BANK,1877,13-Dec-18,700
ADB BANK,1882,21-Dec-18,300
ADB BANK,1912,15-Aug-18,1000
ADB BANK,1940,22-Dec-18,700
ADB BANK,1947,12-Nov-18,900
ADB BANK,1959,24-Dec-18,600
ADB BANK,1981,08-Oct-18,900
ADB BANK,2010,27-Dec-18,1100
ADB BANK,2029,25-Dec-18,26100
ADB BANK,2161,30-Dec-18,700
ADB BANK,2180,26-Dec-18,17200
ADB BANK,2257,21-Dec-18,500
ADB BANK,2271,13-Nov-18,600
ADB BANK,2276,22-Oct-18,400
ADB BANK,2305,11-Dec-18,700
ADB BANK,2306,08-Dec-18,400
ADB BANK,2427,07-Dec-18,19100
ADB BANK,2476,12-Dec-18,900
ADB BANK,2566,23-Dec-18,22800
ADB BANK,2583,07-Dec-18,26000
ADB BANK,2599,16-Dec-18,21900
ADB BANK,2617,24-Sep-18,400
ADB BANK,2660,16-Dec-18,19700
ADB BANK,2667,23-Oct-18,700
ADB BANK,2691,07-Dec-18,19000
ADB BANK,2733,22-Dec-18,700
ADB BANK,2768,20-Dec-18,900
ADB BANK,2770,25-Dec-18,1100
ADB BANK,2778,30-Dec-18,500
ADB BANK,2793,09-Oct-18,800
ADB BANK,2813,15-Dec-18,800
ADB BANK,2842,29-Dec-18,200
ADB BANK,2849,16-Sep-18,900
ADB BANK,2913,28-Dec-18,1100
ADB BANK,2928,14-Dec-18,500
ADB BANK,2958,19-Sep-18,400
ADB BANK,2971,23-Dec-18,500
ADB BANK,2980,09-Dec-18,1000
ADB BANK,2989,28-Nov-18,600
ADB BANK,3003,27-Dec-18,13200
ADB BANK,3028,15-Sep-18,400
ADB BANK,3039,10-Dec-18,600
ADB BANK,3056,22-Dec-18,1100
ADB BANK,3094,20-Dec-18,600
ADB BANK,3107,20-Nov-18,200
ADB BANK,3135,27-Dec-18,200
ADB BANK,3164,24-Dec-18,1000
ADB BANK,3171,28-Sep-18,900
ADB BANK,3196,13-Dec-18,700
ADB BANK,3197,25-Dec-18,300
ADB BANK,3218,14-Nov-18,800
ADB BANK,3243,10-Nov-18,300
ADB BANK,3255,14-Dec-18,22500
ADB BANK,3264,23-Oct-18,200
ADB BANK,3268,20-Sep-18,1000
ADB BANK,3292,21-Dec-18,800
ADB BANK,3310,15-Sep-18,900
ADB BANK,3326,11-Dec-18,12600
ADB BANK,3345,08-Dec-18,600
ADB BANK,3429,17-Dec-18,500
ADB BANK,3477,22-Aug-18,700
ADB BANK,3483,12-Oct-18,300
ADB BANK,3509,05-Sep-18,1100
ADB BANK,3548,11-Nov-18,1000
ADB BANK,3594,30-Dec-18,600
ADB BANK,3604,22-Dec-18,500
ADB BANK,3669,22-Dec-18,1100
ADB BANK,3701,06-Oct-18,800
ADB BANK,3759,29-Dec-18,600
ADB BANK,3825,14-Dec-18,400
ADB BANK,3868,21-Aug-18,200
ADB BANK,3888,23-Dec-18,22400
ADB BANK,3892,25-Oct-18,800
ADB BANK,3977,25-Sep-18,800
ADB BANK,4059,07-Dec-18,19800
ADB BANK,4514,18-Dec-18,300
ADB BANK,5092,21-Dec-18,1100
ADB BANK,5256,24-Dec-18,19100
ADB BANK,6148,27-Dec-18,300
ADB BANK,6636,02-Dec-18,21100
ADB BANK,7944,27-Dec-18,600
ADB BANK,7965,08-Dec-18,10500
ADB BANK,8377,20-Dec-18,14500
ADB BANK,10036,12-Dec-18,23500
ADB BANK,10663,08-Dec-18,200
nothern BANK,124,28-Dec-21,800
nothern BANK,134,10-Dec-21,300
nothern BANK,156,22-Oct-21,1000
nothern BANK,182,18-Oct-21,12200
nothern BANK,215,25-Nov-21,1000
nothern BANK,236,06-Dec-21,12300
nothern BANK,246,20-Dec-21,700
nothern BANK,262,17-Dec-21,9100
nothern BANK,308,04-Dec-21,23300
nothern BANK,315,08-Dec-21,400
nothern BANK,387,18-Dec-21,24800
nothern BANK,398,24-Oct-21,300
nothern BANK,459,01-Mar-21,8100
nothern BANK,466,09-Dec-21,59500
nothern BANK,476,07-Dec-21,20600
nothern BANK,488,12-Dec-21,39100
nothern BANK,550,17-Oct-21,200
nothern BANK,564,23-Dec-21,1100
nothern BANK,579,16-Dec-21,900
nothern BANK,585,03-Dec-21,26900
nothern BANK,587,13-Dec-21,15700
nothern BANK,591,12-Aug-21,700
nothern BANK,620,09-Dec-21,13900
nothern BANK,672,20-Dec-21,25900
nothern BANK,696,09-Nov-21,700
nothern BANK,703,21-Dec-21,300
nothern BANK,708,20-Dec-21,9700
nothern BANK,727,25-Dec-21,400
nothern BANK,735,17-Sep-21,500
nothern BANK,758,19-Dec-21,800
nothern BANK,777,28-Dec-21,300
nothern BANK,778,20-Dec-21,29400
nothern BANK,783,08-Sep-21,1000
nothern BANK,823,19-Sep-21,1100
nothern BANK,845,27-Dec-21,300
nothern BANK,852,23-Oct-21,1100
nothern BANK,869,08-Oct-21,10300
nothern BANK,889,22-Dec-21,300
nothern BANK,906,27-Dec-21,800
nothern BANK,934,27-Nov-21,300
nothern BANK,938,13-Dec-21,700
nothern BANK,966,14-Oct-21,1100
nothern BANK,1028,09-Dec-21,17200
nothern BANK,1033,03-Dec-21,28700
nothern BANK,1064,29-Sep-21,500
nothern BANK,1072,09-Dec-21,400
nothern BANK,1125,21-Dec-21,11400
nothern BANK,1171,20-Dec-21,800
nothern BANK,1177,20-Dec-21,1100
nothern BANK,1209,23-Oct-21,900
nothern BANK,1232,30-Nov-21,50591.9
nothern BANK,1279,13-Oct-21,1000
nothern BANK,1318,22-Dec-21,200
nothern BANK,1430,10-Nov-21,11900
nothern BANK,1454,22-Dec-21,28300
nothern BANK,1523,24-Dec-21,11600
nothern BANK,1563,09-Aug-21,10000
nothern BANK,1573,29-Dec-21,1000
nothern BANK,1615,20-Oct-21,900
nothern BANK,1721,29-Dec-21,12300
nothern BANK,1735,30-Nov-21,11518.6
nothern BANK,1747,14-Aug-21,600
nothern BANK,1833,15-Nov-21,900
nothern BANK,1868,29-Dec-21,14700
nothern BANK,1974,31-Oct-21,11463.4
nothern BANK,1983,25-Dec-21,800
nothern BANK,2021,02-Dec-21,17000
nothern BANK,2049,19-Dec-21,200
nothern BANK,2152,23-Oct-21,1100
nothern BANK,2174,23-Dec-21,19400
nothern BANK,2180,10-Mar-21,11300
nothern BANK,2215,17-Oct-21,1000
nothern BANK,2217,17-Dec-21,19500
nothern BANK,2221,15-Nov-21,200
nothern BANK,2300,09-Dec-21,17200
nothern BANK,2312,26-Sep-21,1100
nothern BANK,2317,28-Aug-21,300
nothern BANK,2422,29-Aug-21,200
nothern BANK,2440,18-Dec-21,1100
nothern BANK,2442,21-Aug-21,600
nothern BANK,2449,03-Dec-21,27900
nothern BANK,2481,16-Dec-21,12700
nothern BANK,2485,18-Aug-21,800
nothern BANK,2495,14-Dec-21,16500
nothern BANK,2556,19-Oct-21,800
nothern BANK,2566,02-Dec-21,8300
nothern BANK,2573,31-Oct-21,14658
nothern BANK,2601,19-Dec-21,15600
nothern BANK,2658,14-Nov-21,1000
nothern BANK,2703,28-Oct-21,1000
nothern BANK,2706,15-Dec-21,24600
nothern BANK,2775,08-Dec-21,1000
nothern BANK,2776,10-Aug-21,500
nothern BANK,2777,20-Dec-21,28600
nothern BANK,2784,30-Oct-21,300
nothern BANK,2791,19-Dec-21,1100
nothern BANK,2820,11-Dec-21,300
nothern BANK,2832,22-Nov-21,700
nothern BANK,2846,27-Sep-21,800
nothern BANK,2850,22-Nov-21,400
nothern BANK,2852,24-Dec-21,30700
nothern BANK,2892,16-Dec-21,200
nothern BANK,2969,11-Dec-21,27900
nothern BANK,2979,22-Nov-21,700
nothern BANK,3005,07-Dec-21,19700
nothern BANK,3025,27-Dec-21,800
nothern BANK,3033,10-Dec-21,900
nothern BANK,3062,15-Aug-21,400
nothern BANK,3103,20-Dec-21,20200
nothern BANK,3105,21-Nov-21,1000
nothern BANK,3156,16-Dec-21,11700
nothern BANK,3169,19-Dec-21,500
nothern BANK,3174,10-Dec-21,400
nothern BANK,3187,20-Dec-21,500
nothern BANK,3209,10-Dec-21,600
nothern BANK,3276,29-Dec-21,1000
nothern BANK,3365,18-Nov-21,1100
nothern BANK,3382,20-Dec-21,14400
nothern BANK,3385,21-Dec-21,600
nothern BANK,3415,06-Dec-21,700
nothern BANK,3461,20-Dec-21,25400
nothern BANK,3490,15-Dec-21,19900
nothern BANK,3501,13-Dec-21,700
nothern BANK,3512,02-Dec-21,20400
nothern BANK,3516,06-Dec-21,23400
nothern BANK,3523,05-Dec-21,40100
nothern BANK,3561,15-Oct-21,600
nothern BANK,3610,22-Sep-21,700
nothern BANK,3616,15-Dec-21,600
nothern BANK,3643,06-Dec-21,34500
nothern BANK,3657,19-Sep-21,1000
nothern BANK,3668,07-Dec-21,32600
nothern BANK,3671,17-Sep-21,1000
nothern BANK,3715,27-Dec-21,12400
nothern BANK,3716,10-Dec-21,19800
nothern BANK,3814,17-Oct-21,10800
nothern BANK,3816,12-Dec-21,39700
nothern BANK,3828,28-Aug-21,1100
nothern BANK,3852,14-Sep-21,200
nothern BANK,3857,22-Oct-21,200
nothern BANK,3866,31-Aug-21,15010.3
nothern BANK,3888,02-Dec-21,12700
nothern BANK,3911,16-Dec-21,200
nothern BANK,3922,22-Oct-21,900
nothern BANK,3934,23-Dec-21,700
nothern BANK,3958,28-Dec-21,1000
nothern BANK,3962,08-Dec-21,20500
nothern BANK,3992,16-Dec-21,200
nothern BANK,4008,13-Dec-21,38100
nothern BANK,4090,05-Dec-21,14100
nothern BANK,4332,23-Dec-21,1000
nothern BANK,5180,30-Nov-21,16770.7
Sky Bank,581,13-Oct-19,500
Sky Bank,587,18-Dec-19,17500
Sky Bank,592,27-Dec-19,300
Sky Bank,595,21-Dec-19,200
Sky Bank,620,14-Dec-19,21800
Sky Bank,659,14-Dec-19,900
Sky Bank,664,08-Dec-19,200
Sky Bank,708,25-Dec-19,24500
Sky Bank,713,15-Oct-19,500
Sky Bank,756,03-Dec-19,46400
Sky Bank,765,20-Dec-19,400
Sky Bank,778,25-Dec-19,22400
Sky Bank,799,25-Aug-19,9348.3
Sky Bank,806,29-Oct-19,300
Sky Bank,831,18-Sep-19,1000
Sky Bank,838,06-Dec-19,28600
Sky Bank,869,12-Dec-19,21700
Sky Bank,880,08-Dec-19,700
Sky Bank,888,28-Oct-19,800
Sky Bank,905,11-Dec-19,1000
Sky Bank,918,21-Dec-19,21800
Sky Bank,935,25-Dec-19,500
Sky Bank,972,29-Sep-19,600
Sky Bank,975,19-Oct-19,800
Sky Bank,980,11-Dec-19,300
Sky Bank,1021,17-Nov-19,1000
Sky Bank,1028,14-Dec-19,20400
Sky Bank,1055,12-Dec-19,600
Sky Bank,1056,28-Dec-19,1100
Sky Bank,1060,19-Dec-19,16500
Sky Bank,1081,21-Dec-19,800
Sky Bank,1100,23-Sep-19,700
Sky Bank,1117,29-Aug-19,400
Sky Bank,1173,22-Sep-19,400
Sky Bank,1176,24-Oct-19,1100
Sky Bank,1195,27-Dec-19,800
Sky Bank,1308,25-Sep-19,400
Sky Bank,1316,13-Dec-19,300
Sky Bank,1347,24-Nov-19,500
Sky Bank,1361,09-Dec-19,1100
Sky Bank,1362,19-Dec-19,1000
Sky Bank,1370,25-Sep-19,600
Sky Bank,1377,25-Sep-19,300
Sky Bank,1390,30-Dec-19,400
Sky Bank,1391,21-Dec-19,600
Sky Bank,1398,05-Dec-19,34100
Sky Bank,1460,29-Nov-19,300
Sky Bank,1474,14-Sep-19,900
Sky Bank,1482,08-Dec-19,500
Sky Bank,1484,23-Sep-19,200
Sky Bank,1492,17-Oct-19,800
Sky Bank,1517,24-Aug-19,700
Sky Bank,1553,21-Dec-19,1000
Sky Bank,1555,10-Nov-19,1100
Sky Bank,1556,15-Sep-19,600
Sky Bank,1557,13-Dec-19,700
Sky Bank,1563,12-Dec-19,18000
Sky Bank,1593,22-Aug-19,500
Sky Bank,1600,13-Sep-19,600
Sky Bank,1618,18-Dec-19,900
Sky Bank,1631,27-Sep-19,400
Sky Bank,1659,25-Dec-19,400
Sky Bank,1712,25-Nov-19,200
Sky Bank,1720,07-Sep-19,11400
Sky Bank,1721,04-Dec-19,21600
Sky Bank,1735,04-Dec-19,1100
Sky Bank,1745,18-Dec-19,22300
Sky Bank,1785,25-Oct-19,1100
Sky Bank,1789,06-Dec-19,48000
Sky Bank,1812,08-Oct-19,1000
Sky Bank,1817,16-Dec-19,700
Sky Bank,1823,28-Sep-19,1000
Sky Bank,1855,27-Oct-19,400
Sky Bank,1884,24-Dec-19,800
Sky Bank,1943,05-Dec-19,25332
Sky Bank,1988,30-Dec-19,300
Sky Bank,2029,09-Dec-19,8900
Sky Bank,2045,09-Sep-19,1100
Sky Bank,2064,30-Dec-19,500
Sky Bank,2076,17-Sep-19,800
Sky Bank,2090,26-Nov-19,1000
Sky Bank,2094,23-Aug-19,800
Sky Bank,2180,10-Dec-19,11400
Sky Bank,2217,22-Dec-19,15800
Sky Bank,2234,21-Nov-19,600
Sky Bank,2258,12-Nov-19,600
Sky Bank,2264,22-Nov-19,1000
Sky Bank,2290,22-Oct-19,400
Sky Bank,2339,22-Sep-19,500
Sky Bank,2349,11-Sep-19,500
Sky Bank,2362,30-Dec-19,700
Sky Bank,2373,29-Sep-19,1100
Sky Bank,2376,14-Dec-19,600
Sky Bank,2386,17-Dec-19,600
Sky Bank,2408,27-Dec-19,600
Sky Bank,2441,22-Dec-19,200
Sky Bank,2481,21-Dec-19,16900
Sky Bank,2507,28-Dec-19,700
Sky Bank,2531,21-Dec-19,200
Sky Bank,2532,24-Dec-19,500
Sky Bank,2566,07-Dec-19,11100
Sky Bank,2601,24-Dec-19,10200
Sky Bank,2610,20-Dec-19,300
Sky Bank,2636,26-Nov-19,600
Sky Bank,2699,25-Dec-19,300
Sky Bank,2706,20-Dec-19,26100
Sky Bank,2709,18-Oct-19,600
Sky Bank,2734,16-Dec-19,500
Sky Bank,2761,26-Dec-19,900
Sky Bank,2777,25-Dec-19,700
Sky Bank,2801,23-Sep-19,900
Sky Bank,2827,18-Dec-19,300
Sky Bank,2852,29-Dec-19,1000
Sky Bank,2869,27-Sep-19,200
Sky Bank,2873,13-Dec-19,1100
Sky Bank,2875,24-Dec-19,800
Sky Bank,2955,27-Sep-19,900
Sky Bank,2969,16-Dec-19,30000
Sky Bank,3004,22-Aug-19,700
Sky Bank,3018,03-Dec-19,600
Sky Bank,3022,30-Oct-19,700
Sky Bank,3024,18-Dec-19,400
Sky Bank,3029,24-Dec-19,700
Sky Bank,3043,29-Dec-19,800
Sky Bank,3044,14-Sep-19,500
Sky Bank,3090,10-Dec-19,500
Sky Bank,3125,16-Dec-19,400
Sky Bank,3137,15-Dec-19,900
Sky Bank,3139,31-Oct-19,12441.9
Sky Bank,3177,12-Dec-19,12300
Sky Bank,3182,20-Dec-19,200
Sky Bank,3190,30-Dec-19,1000
Sky Bank,3263,02-Dec-19,31400
Sky Bank,3291,16-Nov-19,1000
Sky Bank,3314,13-Dec-19,21500
Sky Bank,3334,06-Dec-19,13400
Sky Bank,3347,19-Aug-19,600
Sky Bank,3387,28-Dec-19,500
Sky Bank,3390,22-Dec-19,1100
Sky Bank,3393,22-Dec-19,800
Sky Bank,3411,17-Dec-19,900
Sky Bank,3412,20-Dec-19,400
Sky Bank,3437,13-Dec-19,13400
Sky Bank,3438,21-Dec-19,1000
Sky Bank,3454,17-Oct-19,500
Sky Bank,3490,20-Dec-19,15300
Sky Bank,3512,07-Dec-19,23000
Sky Bank,3523,10-Dec-19,22400
Sky Bank,3549,14-Aug-19,600
Sky Bank,3560,10-Nov-19,800
Sky Bank,3602,03-Dec-19,600
Sky Bank,3643,11-Dec-19,29400
Sky Bank,3668,12-Dec-19,24500
Sky Bank,3765,14-Nov-19,600
Sky Bank,3814,21-Dec-19,27300
Sky Bank,3816,17-Dec-19,26900
Sky Bank,3823,31-Aug-19,11536.7
Sky Bank,3862,23-Dec-19,16200
Sky Bank,3888,07-Dec-19,16700
Sky Bank,3893,13-Dec-19,600
Sky Bank,3941,26-Dec-19,300
Sky Bank,3962,13-Dec-19,800
Sky Bank,3984,14-Dec-19,500
Sky Bank,3991,28-Dec-19,300
Sky Bank,3994,09-Dec-19,23100
Sky Bank,4008,18-Dec-19,34000
Sky Bank,4090,10-Dec-19,18900
Sky Bank,4102,13-Nov-19,700
Sky Bank,4454,21-Dec-19,1100
Sky Bank,4631,12-Dec-19,800
Sky Bank,4794,18-Dec-19,1100
Sky Bank,6706,28-Dec-19,200
Sky Bank,7045,26-Dec-19,400
Sky Bank,7176,07-Dec-19,400
Sky Bank,7465,19-Dec-19,600
Sky Bank,7745,29-Dec-19,13100
Sky Bank,7966,27-Dec-19,500
Sky Bank,8341,27-Dec-19,800
Sky Bank,9051,12-Dec-19,13900
Sky Bank,9153,12-Dec-19,600
Sky Bank,9333,08-Dec-19,12100
Sky Bank,9424,30-Dec-19,500
Sky Bank,9646,27-Dec-19,23900
Sky Bank,10404,30-Dec-19,300
Sky Bank,80,27-Sep-20,900
Sky Bank,84,25-Dec-20,1100
Sky Bank,138,18-Dec-20,17200
Sky Bank,301,10-Sep-20,300
Sky Bank,308,15-Dec-20,20800
Sky Bank,353,30-Aug-20,1000
Sky Bank,459,07-Dec-20,10700
Sky Bank,479,05-Nov-20,1100
Sky Bank,522,20-Dec-20,400
Sky Bank,531,18-Aug-20,1000
Sky Bank,557,26-Nov-20,600
Sky Bank,565,25-Nov-20,700
Sky Bank,756,09-Dec-20,33900
Sky Bank,762,18-Oct-20,900
Sky Bank,791,14-Dec-20,700
Sky Bank,809,20-Dec-20,900
Sky Bank,838,12-Dec-20,35400
Sky Bank,933,18-Nov-20,800
Sky Bank,937,26-Aug-20,900
Sky Bank,957,22-Dec-20,500
Sky Bank,995,23-Aug-20,1000
Sky Bank,1030,12-Nov-20,1100
Sky Bank,1104,07-Dec-20,800
Sky Bank,1137,19-Dec-20,900
Sky Bank,1149,06-Dec-20,21900
Sky Bank,1206,21-Oct-20,900
Sky Bank,1212,18-Dec-20,900
Sky Bank,1238,29-Oct-20,600
Sky Bank,1341,21-Nov-20,1100
Sky Bank,1376,20-Sep-20,700
Sky Bank,1398,11-Dec-20,26000
Sky Bank,1426,27-Oct-20,200
Sky Bank,1448,06-Dec-20,18800
Sky Bank,1469,15-Dec-20,1000
Sky Bank,1562,30-Aug-20,600
Sky Bank,1613,13-Sep-20,600
Sky Bank,1682,22-Dec-20,900
Sky Bank,1720,12-Dec-20,19700
Sky Bank,1721,10-Dec-20,20800
Sky Bank,1760,11-Nov-20,600
Sky Bank,1789,12-Dec-20,29500
Sky Bank,1917,13-Dec-20,1000
Sky Bank,2029,15-Dec-20,10000
Sky Bank,2051,08-Dec-20,11000
Sky Bank,2095,19-Dec-20,800
Sky Bank,2180,16-Dec-20,12700
Sky Bank,2237,13-Dec-20,1100
Sky Bank,2255,14-Oct-20,1100
Sky Bank,2341,25-Nov-20,200
Sky Bank,2424,12-Dec-20,17300
Sky Bank,2481,27-Dec-20,20600
Sky Bank,2500,25-Dec-20,17700
Sky Bank,2515,23-Dec-20,18700
Sky Bank,2562,15-Aug-20,900
Sky Bank,2566,13-Dec-20,12000
Sky Bank,2570,19-Dec-20,400
Sky Bank,2630,21-Dec-20,400
Sky Bank,2780,29-Dec-20,600
Sky Bank,2833,30-Aug-20,400
Sky Bank,2855,21-Aug-20,400
Sky Bank,2871,30-Oct-20,600
Sky Bank,2965,10-Oct-20,900
Sky Bank,2969,22-Dec-20,21300
Sky Bank,3080,29-Oct-20,400
Sky Bank,3092,20-Dec-20,1000
Sky Bank,3139,28-Dec-20,16700
Sky Bank,3205,17-Dec-20,700
Sky Bank,3255,04-Dec-20,42000
Sky Bank,3273,29-Dec-20,600
Sky Bank,3338,24-Dec-20,300
Sky Bank,3476,16-Dec-20,900
Sky Bank,3490,26-Dec-20,11700
Sky Bank,3559,30-Dec-20,600
Sky Bank,3582,26-Aug-20,700
Sky Bank,3587,24-Dec-20,700
Sky Bank,3631,13-Aug-20,800
Sky Bank,3643,17-Dec-20,23600
Sky Bank,3655,24-Dec-20,900
Sky Bank,3780,25-Nov-20,300
Sky Bank,3814,27-Dec-20,900
Sky Bank,3858,14-Dec-20,300
Sky Bank,3866,04-Dec-20,18100
Sky Bank,3888,13-Dec-20,15600
Sky Bank,3945,07-Dec-20,13100
Sky Bank,4269,24-Dec-20,300
Sky Bank,4439,25-Dec-20,1100
Sky Bank,4462,27-Dec-20,900
Sky Bank,4538,03-Dec-20,27100
Sky Bank,4948,26-Dec-20,22900
Sky Bank,5001,15-Dec-20,700
Sky Bank,8533,09-Dec-20,19500
Sky Bank,8998,20-Nov-20,20500
Sky Bank,9353,03-Dec-20,12700
Sky Bank,10710,29-Dec-20,17900
Sky Bank,10645,21-Dec-19,500
Sky Bank,11096,10-Dec-19,800
Sky Bank,20,24-Aug-19,500
Sky Bank,63,16-Nov-19,600
Sky Bank,79,29-Nov-19,600
Sky Bank,103,05-Dec-19,32200
Sky Bank,138,12-Dec-19,10800
Sky Bank,143,27-Nov-19,500
Sky Bank,164,12-Dec-19,20100
Sky Bank,166,20-Aug-19,800
Sky Bank,167,22-Dec-19,35500
Sky Bank,182,24-Aug-19,200
Sky Bank,193,22-Dec-19,300
Sky Bank,199,26-Oct-19,700
Sky Bank,224,27-Oct-19,1100
Sky Bank,236,11-Dec-19,15400
Sky Bank,252,26-Dec-19,1000
Sky Bank,262,22-Nov-19,10800
Sky Bank,305,18-Oct-19,200
Sky Bank,308,09-Dec-19,30400
Sky Bank,324,23-Aug-19,500
Sky Bank,333,23-Dec-19,700
Sky Bank,342,13-Oct-19,1000
Sky Bank,350,13-Oct-19,500
Sky Bank,382,16-Aug-19,700
Sky Bank,399,25-Dec-19,23500
Sky Bank,410,15-Oct-19,200
Sky Bank,416,11-Aug-19,500
Sky Bank,434,24-Dec-19,400
Sky Bank,440,22-Dec-19,500
Sky Bank,459,01-Nov-19,9600
Sky Bank,466,14-Dec-19,35900
Sky Bank,488,17-Dec-19,25200
Sky Bank,505,16-Dec-19,300
Sky Bank,528,30-Dec-19,300
Sky Bank,536,13-Oct-19,900
Sky Bank,546,23-Nov-19,1100
Sky Bank,561,12-Dec-19,400
nanital BANK,2051,01-Dec-22,74952.8
nanital BANK,2064,01-Dec-22,22208.2
nanital BANK,2082,01-Dec-22,27230.9
nanital BANK,2133,02-Dec-22,15018.4
nanital BANK,2137,01-Dec-22,39162.2
nanital BANK,2144,02-Dec-22,20936.7
nanital BANK,2155,02-Dec-22,14161
nanital BANK,2186,02-Dec-22,25964.3
nanital BANK,2224,02-Dec-22,53939.6
nanital BANK,2234,19-Dec-22,30296.9
nanital BANK,2258,02-Dec-22,37417.7
nanital BANK,2264,04-Dec-22,32954
nanital BANK,2279,04-Dec-22,39402.5
nanital BANK,2300,07-Jun-22,9900
nanital BANK,2338,02-Dec-22,65433.6
nanital BANK,2341,01-Dec-22,20155.5
nanital BANK,2350,02-Dec-22,37801.2
nanital BANK,2367,19-Dec-22,57462.3
nanital BANK,2378,01-Dec-22,39664.4
nanital BANK,2402,01-Dec-22,42532.7
nanital BANK,2406,01-Dec-22,29107.4
nanital BANK,2423,02-Dec-22,19694.6
nanital BANK,2439,01-Dec-22,16779.7
nanital BANK,2449,28-Nov-22,55718.3
nanital BANK,2480,01-Dec-22,56300.7
nanital BANK,2492,01-Dec-22,12975.7
nanital BANK,2526,04-Dec-22,14854.2
nanital BANK,2537,01-Dec-22,45231.2
nanital BANK,2551,01-Dec-22,45236.4
nanital BANK,2566,27-Nov-22,6007.1
nanital BANK,2567,01-Dec-22,22593.3
nanital BANK,2577,02-Dec-22,20834
nanital BANK,2601,14-Nov-22,20100
nanital BANK,2612,04-Dec-22,32103.5
nanital BANK,2618,02-Dec-22,26697.8
nanital BANK,2685,04-Dec-22,24386.5
nanital BANK,2691,12-Sep-22,12197.9
nanital BANK,2698,12-Nov-22,19473.3
nanital BANK,2703,04-Dec-22,19252.7
nanital BANK,2728,02-Dec-22,66506.4
nanital BANK,2777,15-Nov-22,26600
nanital BANK,2793,02-Dec-22,22422.8
nanital BANK,2852,19-Nov-22,27200
nanital BANK,2859,01-Dec-22,68715.7
nanital BANK,2883,02-Dec-22,16254
nanital BANK,2900,09-May-22,11762.4
nanital BANK,2932,04-Dec-22,25399.2
nanital BANK,2980,02-Dec-22,15744.9
nanital BANK,2981,02-Dec-22,12592.3
nanital BANK,3003,02-Dec-22,103815.2
nanital BANK,3005,02-Dec-22,30911.7
nanital BANK,3046,04-Dec-22,12210.4
nanital BANK,3048,19-Dec-22,49768.1
nanital BANK,3056,19-Dec-22,32856.3
nanital BANK,3064,19-Dec-22,55907.4
nanital BANK,3080,02-Dec-22,21919.2
nanital BANK,3092,04-Dec-22,14721
nanital BANK,3117,04-Dec-22,18046.1
nanital BANK,3126,19-Dec-22,22398.8
nanital BANK,3139,04-Dec-22,15250.2
nanital BANK,3177,02-Dec-22,35922.2
nanital BANK,3229,02-Dec-22,27468.4
nanital BANK,3253,01-Dec-22,114372.9
nanital BANK,3263,22-Nov-22,42960
nanital BANK,3282,19-Dec-22,17225.5
nanital BANK,3328,02-Dec-22,22503.6
nanital BANK,3334,26-Nov-22,42377.2
nanital BANK,3363,04-Dec-22,21343.1
nanital BANK,3365,02-Dec-22,22275.5
nanital BANK,3486,04-Dec-22,44604.8
nanital BANK,3512,27-Nov-22,14249.9
nanital BANK,3566,19-Dec-22,31736.1
nanital BANK,3631,02-Dec-22,51352.7
nanital BANK,3635,01-Dec-22,14503.1
nanital BANK,3643,01-Dec-22,31800
nanital BANK,3668,02-Nov-22,19500
nanital BANK,3686,02-Dec-22,16976.6
nanital BANK,3712,01-Dec-22,15090.6
nanital BANK,3715,22-Nov-22,13300
nanital BANK,3718,01-Dec-22,39075.5
nanital BANK,3726,01-Dec-22,14608.8
nanital BANK,3730,02-Dec-22,57987.7
nanital BANK,3779,19-Dec-22,59783.7
nanital BANK,3787,19-Dec-22,81497.4
nanital BANK,3789,19-Dec-22,44784
nanital BANK,3791,19-Dec-22,60146.1
nanital BANK,3797,11-Nov-22,32118.6
nanital BANK,3802,04-Dec-22,15007.3
nanital BANK,3812,02-Dec-22,43279.7
nanital BANK,3839,02-Dec-22,40596.6
nanital BANK,3854,04-Dec-22,26605.3
nanital BANK,3888,31-Jan-22,10501.3
nanital BANK,3904,01-Dec-22,22019.7
nanital BANK,3920,04-Dec-22,19885.9
nanital BANK,3937,02-Dec-22,26039.2
nanital BANK,3941,04-Dec-22,19129.6
nanital BANK,3945,21-Nov-22,33745.8
nanital BANK,3960,01-Dec-22,23721.1
nanital BANK,3984,04-Dec-22,14560.4
nanital BANK,3994,01-Dec-22,53779.9
nanital BANK,4337,04-Dec-22,74452.2
nanital BANK,4456,04-Dec-22,78956
nanital BANK,4471,04-Dec-22,22952.8
nanital BANK,4519,14-Nov-22,57589.9
nanital BANK,4534,09-Nov-22,31649.9
nanital BANK,4538,17-Nov-22,24354.1
nanital BANK,4580,04-Dec-22,99394.9
nanital BANK,4616,02-Dec-22,163270.3
nanital BANK,4784,01-Dec-22,41011.9
nanital BANK,5001,04-Dec-22,25223.8
nanital BANK,5385,01-Dec-22,24904.9
nanital BANK,5423,02-Dec-22,27082
nanital BANK,5477,01-Dec-22,79525.2
nanital BANK,5891,19-Dec-22,114092
nanital BANK,6511,04-Dec-22,9496.5
nanital BANK,7136,02-Dec-22,29553.3
nanital BANK,7203,25-Nov-22,-9719
nanital BANK,7614,19-Dec-22,62788.6
nanital BANK,7636,02-Dec-22,31852.8
nanital BANK,7745,19-Dec-22,25398.7
nanital BANK,7753,19-Dec-22,34252
nanital BANK,7795,01-Dec-22,79104.3
nanital BANK,7815,04-Dec-22,24552.3
nanital BANK,8261,02-Dec-22,40379.5
nanital BANK,8972,19-Dec-22,29364.6
nanital BANK,8998,04-Dec-22,-10546.5
nanital BANK,9424,01-Dec-22,21581.2
nanital BANK,10036,16-Nov-22,-14419.2
nanital BANK,10063,02-Dec-22,44376.7
nanital BANK,10884,01-Dec-22,68639.4
nanital BANK,10973,04-Dec-22,31521.8
nanital BANK,11362,19-Dec-22,38367.8
nanital BANK,11382,02-Dec-22,41114.4
nanital BANK,20,01-Dec-22,16618.4
nanital BANK,64,01-Dec-22,21730.1
nanital BANK,79,19-Dec-22,24286
nanital BANK,90,19-Dec-22,27870.4
nanital BANK,96,19-Dec-22,91988.3
nanital BANK,108,19-Dec-22,60420.2
nanital BANK,122,19-Dec-22,57562.2
nanital BANK,138,02-Dec-22,21200
nanital BANK,141,01-Dec-22,26188.8
nanital BANK,156,19-Dec-22,16249.1
nanital BANK,160,19-Dec-22,48645.1
nanital BANK,164,02-Dec-22,32852.3
nanital BANK,170,19-Dec-22,57083.4
nanital BANK,178,04-Dec-22,17014.8
nanital BANK,179,01-Dec-22,57714.2
nanital BANK,182,16-Jan-22,10000
nanital BANK,236,01-Dec-22,13000
nanital BANK,259,01-Dec-22,16485.8
nanital BANK,262,12-Nov-22,22600
nanital BANK,308,29-Nov-22,40581.1
nanital BANK,343,01-Dec-22,17128.5
nanital BANK,350,02-Dec-22,20597
nanital BANK,406,04-Dec-22,14071.9
nanital BANK,410,04-Dec-22,17263.2
nanital BANK,423,02-Dec-22,21147
nanital BANK,449,01-Dec-22,13155.1
nanital BANK,450,04-Dec-22,14058.1
nanital BANK,466,04-Dec-22,60700
nanital BANK,475,02-Dec-22,10789.2
nanital BANK,476,02-Dec-22,24000
nanital BANK,543,01-Dec-22,15134.7
nanital BANK,571,01-Dec-22,23840.2
nanital BANK,576,01-Dec-22,34258.5
nanital BANK,585,28-Nov-22,16162.6
nanital BANK,620,04-Dec-22,12100
nanital BANK,630,01-Dec-22,31139.7
nanital BANK,640,02-Dec-22,34571.9
nanital BANK,644,01-Dec-22,14730.9
nanital BANK,658,04-Dec-22,26729
nanital BANK,672,15-Nov-22,37000
nanital BANK,708,15-Nov-22,8800
nanital BANK,709,01-Dec-22,63229.4
nanital BANK,713,04-Dec-22,10435.4
nanital BANK,727,20-Nov-22,32600
nanital BANK,731,04-Dec-22,15715.7
nanital BANK,740,09-Nov-22,22730.5
nanital BANK,743,04-Dec-22,22533.4
nanital BANK,756,23-Nov-22,87421.2
nanital BANK,758,14-Nov-22,26800
nanital BANK,761,14-Nov-22,69228.8
nanital BANK,762,01-Dec-22,12148.2
nanital BANK,802,01-Dec-22,41232.4
nanital BANK,814,01-Dec-22,13804.3
nanital BANK,838,26-Nov-22,4227.3
nanital BANK,880,02-Dec-22,34284.6
nanital BANK,932,04-Dec-22,26483.5
nanital BANK,933,02-Dec-22,27684.1
nanital BANK,945,04-Dec-22,35082.1
nanital BANK,959,04-Dec-22,22352.4
nanital BANK,975,04-Dec-22,18794
nanital BANK,1018,04-Dec-22,21126
nanital BANK,1028,05-Oct-22,9600
nanital BANK,1033,28-Nov-22,18131.9
nanital BANK,1057,02-Dec-22,26849
nanital BANK,1060,03-Oct-22,15848.2
nanital BANK,1078,04-Dec-22,25728.6
nanital BANK,1142,02-Dec-22,25569.7
nanital BANK,1172,31-Oct-22,11847.5
nanital BANK,1196,01-Dec-22,51409.2
nanital BANK,1212,02-Dec-22,17048.7
nanital BANK,1216,02-Dec-22,19849.2
nanital BANK,1280,04-Dec-22,52810.1
nanital BANK,1308,04-Dec-22,30123.7
nanital BANK,1349,02-Dec-22,17356.5
nanital BANK,1365,04-Dec-22,70470.6
nanital BANK,1368,02-Dec-22,16973.5
nanital BANK,1371,04-Dec-22,24055.9
nanital BANK,1377,01-Dec-22,13802.3
nanital BANK,1430,08-Feb-22,11000
nanital BANK,1434,01-Dec-22,20364.4
nanital BANK,1440,04-Dec-22,20423
nanital BANK,1448,20-Nov-22,24793.3
nanital BANK,1454,17-Nov-22,35200
nanital BANK,1466,16-Nov-22,18138.7
nanital BANK,1468,01-Dec-22,26045.8
nanital BANK,1481,04-Dec-22,18259.7
nanital BANK,1521,02-Dec-22,16454.8
nanital BANK,1589,10-Sep-22,11014.3
nanital BANK,1614,02-Dec-22,71618.5
nanital BANK,1650,01-Dec-22,30963.4
nanital BANK,1663,02-Dec-22,50344.3
nanital BANK,1666,01-Dec-22,46705.8
nanital BANK,1675,01-Dec-22,22448
nanital BANK,1694,04-Dec-22,9783.5
nanital BANK,1696,02-Dec-22,22628.5
nanital BANK,1707,04-Dec-22,12848.3
nanital BANK,1721,24-Nov-22,38700
nanital BANK,1735,29-Mar-22,9535.2
nanital BANK,1740,02-Dec-22,13250.4
nanital BANK,1760,04-Dec-22,49431.8
nanital BANK,1787,02-Dec-22,15535.3
nanital BANK,1822,01-Dec-22,38599
nanital BANK,1852,01-Dec-22,30628.3
nanital BANK,1868,24-Nov-22,29393.8
nanital BANK,1886,19-Dec-22,49077.9
nanital BANK,1889,19-Dec-22,41407
nanital BANK,1890,19-Dec-22,10268.2
nanital BANK,1954,01-Dec-22,18627
nanital BANK,1974,12-Nov-22,16325.1
nanital BANK,2021,28-Oct-22,10300
nanital BANK,2068,03-Dec-22,12961.8
nanital BANK,2209,03-Dec-22,32845.4
nanital BANK,2261,03-Dec-22,2706.1
nanital BANK,2422,03-Dec-22,30187.9
nanital BANK,2558,03-Dec-22,16824
nanital BANK,2604,03-Dec-22,23764.8
nanital BANK,2609,03-Dec-22,24470.6
nanital BANK,2624,03-Dec-22,35665.5
nanital BANK,2654,03-Dec-22,15768.9
nanital BANK,2732,03-Dec-22,34889.4
nanital BANK,2776,03-Dec-22,12604.1
nanital BANK,3078,03-Dec-22,19917.8
nanital BANK,3148,03-Dec-22,28044.4
nanital BANK,3157,03-Dec-22,42077.9
nanital BANK,3200,03-Dec-22,61739
nanital BANK,3213,03-Dec-22,16829.3
nanital BANK,3236,03-Dec-22,18030.6
nanital BANK,3314,03-Dec-22,52681.9
nanital BANK,3326,03-Dec-22,3582.3
nanital BANK,3386,03-Dec-22,11813.8
nanital BANK,3425,03-Dec-22,61664.4
nanital BANK,3470,03-Dec-22,46942.2
nanital BANK,3906,03-Dec-22,53863.5
nanital BANK,3962,03-Dec-22,2000
nanital BANK,3971,03-Dec-22,25142.2
nanital BANK,3989,03-Dec-22,21376.7
nanital BANK,4026,03-Dec-22,36329.3
nanital BANK,4102,03-Dec-22,43568.4
nanital BANK,4383,03-Dec-22,32903.5
nanital BANK,4631,03-Dec-22,47730
nanital BANK,6306,03-Dec-22,-191.6
nanital BANK,6400,03-Dec-22,28171.5
nanital BANK,6922,03-Dec-22,47956.3
nanital BANK,8158,03-Dec-22,37684.7
nanital BANK,8558,03-Dec-22,32605.5
nanital BANK,9333,03-Dec-22,60650.8
nanital BANK,9377,03-Dec-22,60973.5
nanital BANK,10131,03-Dec-22,18507.5
nanital BANK,11244,03-Dec-22,37591.7
nanital BANK,1,03-Dec-22,12186.9
nanital BANK,4,03-Dec-22,31395
nanital BANK,276,03-Dec-22,32225
nanital BANK,315,03-Dec-22,15000
nanital BANK,483,03-Dec-22,12630.3
nanital BANK,537,03-Dec-22,62644.5
nanital BANK,544,03-Dec-22,76633.6
nanital BANK,569,03-Dec-22,20276.1
nanital BANK,632,03-Dec-22,20133.8
nanital BANK,730,03-Dec-22,82359.9
nanital BANK,737,03-Dec-22,20733.8
nanital BANK,759,03-Dec-22,107480.6
nanital BANK,803,03-Dec-22,65418.8
nanital BANK,823,03-Dec-22,23811.7
nanital BANK,865,03-Dec-22,19849.2
nanital BANK,884,03-Dec-22,20043.3
nanital BANK,891,03-Dec-22,42080
nanital BANK,903,03-Dec-22,18960.6
nanital BANK,935,03-Dec-22,15507.8
nanital BANK,1004,03-Dec-22,94412.5
nanital BANK,1055,03-Dec-22,18449
nanital BANK,1064,03-Dec-22,24433
nanital BANK,1265,03-Dec-22,38339.9
nanital BANK,1463,03-Dec-22,35759.6
nanital BANK,1501,03-Dec-22,22735.9
nanital BANK,1695,03-Dec-22,126807.5
nanital BANK,1908,03-Dec-22,16325.2
nanital BANK,1924,03-Dec-22,66320.3
nanital BANK,2019,03-Dec-22,16630.2
nanital BANK,2047,06-Dec-22,41090.1
nanital BANK,2050,06-Dec-22,76757.5
nanital BANK,2075,06-Dec-22,22241.8
nanital BANK,2076,06-Dec-22,13003.4
nanital BANK,2085,06-Dec-22,26458.8
nanital BANK,2092,06-Dec-22,42496.5
nanital BANK,2110,06-Dec-22,18112.7
nanital BANK,2152,06-Dec-22,23856.7
nanital BANK,2156,06-Dec-22,60290.9
nanital BANK,2175,06-Dec-22,99702.9
nanital BANK,2178,06-Dec-22,73748.5
nanital BANK,2179,06-Dec-22,64992.7
nanital BANK,2182,06-Dec-22,52587
nanital BANK,2242,06-Dec-22,99788.6
nanital BANK,2244,06-Dec-22,23640
nanital BANK,2271,06-Dec-22,23139.8
nanital BANK,2293,06-Dec-22,36830.6
nanital BANK,2328,06-Dec-22,59953.3
nanital BANK,2329,06-Dec-22,41366.4
nanital BANK,2337,06-Dec-22,60923.6
nanital BANK,2357,06-Dec-22,36378.2
nanital BANK,2381,06-Dec-22,71894.3
nanital BANK,2389,06-Dec-22,76551.4
nanital BANK,2400,06-Dec-22,40046.2
nanital BANK,2437,06-Dec-22,17574.3
nanital BANK,2468,06-Dec-22,28696.8
nanital BANK,2522,06-Dec-22,23648.2
nanital BANK,2536,06-Dec-22,26097.1
nanital BANK,2559,06-Dec-22,63548.8
nanital BANK,2593,06-Dec-22,55246.2
nanital BANK,2616,06-Dec-22,60866.1
nanital BANK,2660,06-Dec-22,57713.3
nanital BANK,2668,06-Dec-22,40365.6
nanital BANK,2681,06-Dec-22,101447.1
nanital BANK,2754,06-Dec-22,24251.8
nanital BANK,2755,06-Dec-22,20413.9
nanital BANK,2764,06-Dec-22,93926
nanital BANK,2836,06-Dec-22,47727.4
nanital BANK,2847,06-Dec-22,53757.8
nanital BANK,2865,06-Dec-22,31944
nanital BANK,2891,06-Dec-22,40513.4
nanital BANK,2893,06-Dec-22,23899.5
nanital BANK,2930,06-Dec-22,97539.1
nanital BANK,2934,06-Dec-22,112267.2
nanital BANK,2938,06-Dec-22,62938.4
nanital BANK,2969,06-Dec-22,37700
nanital BANK,2982,06-Dec-22,33459.2
nanital BANK,2999,06-Dec-22,26657.3
nanital BANK,3021,06-Dec-22,11022.6
nanital BANK,3039,06-Dec-22,86427.6
nanital BANK,3067,06-Dec-22,25380.3
nanital BANK,3072,06-Dec-22,69986.8
nanital BANK,3120,06-Dec-22,29538.4
nanital BANK,3167,06-Dec-22,99722.9
nanital BANK,3249,06-Dec-22,72160.7
nanital BANK,3278,06-Dec-22,82871.6
nanital BANK,3327,06-Dec-22,75165.6
nanital BANK,3436,06-Dec-22,26936.8
nanital BANK,3451,06-Dec-22,46680.2
nanital BANK,3503,06-Dec-22,111880.5
nanital BANK,3517,06-Dec-22,38296.9
nanital BANK,3529,06-Dec-22,73996.5
nanital BANK,3533,06-Dec-22,32173.5
nanital BANK,3590,06-Dec-22,56324.2
nanital BANK,3639,06-Dec-22,24204
nanital BANK,3662,06-Dec-22,98612
nanital BANK,3710,06-Dec-22,22238.4
nanital BANK,3725,06-Dec-22,88110.2
nanital BANK,3741,06-Dec-22,25732.4
nanital BANK,3745,06-Dec-22,154589.7
nanital BANK,3746,06-Dec-22,108607.7
nanital BANK,3750,06-Dec-22,67539.2
nanital BANK,3764,06-Dec-22,31633.8
nanital BANK,3790,06-Dec-22,9365.8
nanital BANK,3860,06-Dec-22,41391.3
nanital BANK,3863,06-Dec-22,28294.9
nanital BANK,3891,06-Dec-22,102984.2
nanital BANK,3910,06-Dec-22,15387.2
nanital BANK,3946,06-Dec-22,48693.9
nanital BANK,3986,06-Dec-22,42187.9
nanital BANK,4009,06-Dec-22,91702.6
nanital BANK,4035,06-Dec-22,94883.2
nanital BANK,4445,06-Dec-22,33386.5
nanital BANK,4476,06-Dec-22,37924.2
nanital BANK,4650,06-Dec-22,52350
nanital BANK,4999,06-Dec-22,94153.7
nanital BANK,5422,06-Dec-22,29778.7
nanital BANK,5591,06-Dec-22,41546.3
nanital BANK,5837,06-Dec-22,48446
nanital BANK,6609,06-Dec-22,63288.4
nanital BANK,7485,06-Dec-22,25343.3
nanital BANK,7606,06-Dec-22,28654.5
nanital BANK,7733,06-Dec-22,55208.8
nanital BANK,8381,06-Dec-22,26675
nanital BANK,8489,06-Dec-22,71819.2
nanital BANK,9006,06-Dec-22,38889.7
nanital BANK,9030,06-Dec-22,69128.1
nanital BANK,9031,06-Dec-22,25052.1
nanital BANK,9203,06-Dec-22,91531.7
nanital BANK,9633,06-Dec-22,6839.3
nanital BANK,10079,06-Dec-22,25044
nanital BANK,11265,06-Dec-22,30395.4
nanital BANK,11271,06-Dec-22,29634.3
nanital BANK,15,06-Dec-22,52383.6
nanital BANK,16,06-Dec-22,32914.4
nanital BANK,24,06-Dec-22,36263.6
nanital BANK,57,06-Dec-22,68951.1
nanital BANK,58,06-Dec-22,9355.8
nanital BANK,83,06-Dec-22,40379.8
nanital BANK,101,06-Dec-22,81422.7
nanital BANK,104,06-Dec-22,27575.2
nanital BANK,152,06-Dec-22,21981.4
nanital BANK,216,06-Dec-22,17146.3
nanital BANK,219,06-Dec-22,71285.8
nanital BANK,242,06-Dec-22,55886.4
nanital BANK,260,06-Dec-22,54474.8
nanital BANK,342,06-Dec-22,22178.1
nanital BANK,361,06-Dec-22,76848
nanital BANK,388,06-Dec-22,106059.5
nanital BANK,401,06-Dec-22,42977.2
nanital BANK,470,06-Dec-22,47967.7
nanital BANK,522,06-Dec-22,31481.6
nanital BANK,574,06-Dec-22,102837.6
nanital BANK,580,06-Dec-22,37008.7
nanital BANK,601,06-Dec-22,15962.1
nanital BANK,606,06-Dec-22,79309.4
nanital BANK,615,06-Dec-22,24134.2
nanital BANK,621,06-Dec-22,54599.2
nanital BANK,633,06-Dec-22,17160.4
nanital BANK,703,06-Dec-22,33992.3
nanital BANK,726,06-Dec-22,23485
nanital BANK,760,06-Dec-22,36827.6
nanital BANK,785,06-Dec-22,31562.4
nanital BANK,807,06-Dec-22,64276.3
nanital BANK,837,06-Dec-22,59922
nanital BANK,902,06-Dec-22,29522
nanital BANK,913,06-Dec-22,56258.1
nanital BANK,929,06-Dec-22,36890.8
nanital BANK,952,06-Dec-22,62780.5
nanital BANK,979,06-Dec-22,49540.4
nanital BANK,989,06-Dec-22,16359.7
nanital BANK,1121,06-Dec-22,82057.9
nanital BANK,1213,06-Dec-22,25160.6
nanital BANK,1238,06-Dec-22,38715.8
nanital BANK,1244,06-Dec-22,20471.6
nanital BANK,1255,06-Dec-22,64085.9
nanital BANK,1306,06-Dec-22,47033.5
nanital BANK,1337,06-Dec-22,71288.8
nanital BANK,1357,06-Dec-22,61386.7
nanital BANK,1359,06-Dec-22,71696.2
nanital BANK,1438,06-Dec-22,42470.1
nanital BANK,1450,06-Dec-22,49892.1
nanital BANK,1482,06-Dec-22,84761.6
nanital BANK,1485,06-Dec-22,178774.4
nanital BANK,1507,06-Dec-22,86656.2
nanital BANK,1584,06-Dec-22,30150.1
nanital BANK,1613,06-Dec-22,37695.5
nanital BANK,1665,06-Dec-22,28049.6
nanital BANK,1704,06-Dec-22,22179.8
nanital BANK,1753,06-Dec-22,48884
nanital BANK,1767,06-Dec-22,78613.4
nanital BANK,1783,06-Dec-22,47569.7
nanital BANK,1792,06-Dec-22,27787.2
nanital BANK,1814,06-Dec-22,34446.3
nanital BANK,1861,06-Dec-22,96496.4
nanital BANK,1935,06-Dec-22,71416.1
nanital BANK,2004,06-Dec-22,105527.7
nanital BANK,2033,06-Dec-22,56408.2
nanital BANK,2074,05-Dec-22,71423.6
nanital BANK,2119,05-Dec-22,61870.1
nanital BANK,2136,05-Dec-22,58405.1
nanital BANK,2147,05-Dec-22,30227.5
nanital BANK,2211,05-Dec-22,50523.9
nanital BANK,2259,05-Dec-22,19197.5
nanital BANK,2314,05-Dec-22,67024.3
nanital BANK,2330,05-Dec-22,21238.1
nanital BANK,2363,05-Dec-22,24363.6
nanital BANK,2482,05-Dec-22,44274.3
nanital BANK,2487,05-Dec-22,42851
nanital BANK,2503,05-Dec-22,73195.8
nanital BANK,2509,05-Dec-22,26399.5
nanital BANK,2557,05-Dec-22,25038.5
nanital BANK,2576,05-Dec-22,33497
nanital BANK,2603,05-Dec-22,28698.5
nanital BANK,2614,05-Dec-22,14008.8
nanital BANK,2634,05-Dec-22,94833.6
nanital BANK,2688,05-Dec-22,13504.8
nanital BANK,2724,05-Dec-22,79366.8
nanital BANK,2739,05-Dec-22,46473.4
nanital BANK,2742,05-Dec-22,50621.8
nanital BANK,2744,05-Dec-22,21213.8
nanital BANK,2872,05-Dec-22,29540
nanital BANK,2874,05-Dec-22,11555.1
nanital BANK,2876,05-Dec-22,65397.9
nanital BANK,2886,05-Dec-22,23135.7
nanital BANK,2904,05-Dec-22,45075.3
nanital BANK,2916,05-Dec-22,46691.5
nanital BANK,2962,05-Dec-22,32824.4
nanital BANK,2985,05-Dec-22,18472.4
nanital BANK,2986,05-Dec-22,91488.4
nanital BANK,3023,05-Dec-22,26481.4
nanital BANK,3063,05-Dec-22,41741.3
nanital BANK,3066,05-Dec-22,50938.7
nanital BANK,3107,05-Dec-22,96976
nanital BANK,3130,05-Dec-22,88419.8
nanital BANK,3137,05-Dec-22,54784.1
nanital BANK,3160,05-Dec-22,105068.4
nanital BANK,3201,05-Dec-22,68745.4
nanital BANK,3209,05-Dec-22,42211.7
nanital BANK,3241,05-Dec-22,71091
nanital BANK,3362,05-Dec-22,49487
nanital BANK,3465,05-Dec-22,92256.3
nanital BANK,3534,05-Dec-22,47604.8
nanital BANK,3548,05-Dec-22,34383.5
nanital BANK,3555,05-Dec-22,29208.4
nanital BANK,3573,05-Dec-22,26881.1
nanital BANK,3574,05-Dec-22,11314.2
nanital BANK,3614,05-Dec-22,90632.6
nanital BANK,3640,05-Dec-22,17782.3
nanital BANK,3644,05-Dec-22,20085
nanital BANK,3695,05-Dec-22,40978.1
nanital BANK,3706,05-Dec-22,43579.6
nanital BANK,3716,05-Dec-22,18400
nanital BANK,3753,05-Dec-22,43805.9
nanital BANK,3778,05-Dec-22,130297.2
nanital BANK,3800,05-Dec-22,19351.5
nanital BANK,3811,05-Dec-22,46332.2
nanital BANK,3840,05-Dec-22,35454
nanital BANK,3856,05-Dec-22,15081.4
nanital BANK,3857,05-Dec-22,19856.1
nanital BANK,3884,05-Dec-22,26233.5
nanital BANK,3915,05-Dec-22,75955.5
nanital BANK,3924,05-Dec-22,22615
nanital BANK,3949,05-Dec-22,15851.5
nanital BANK,3958,05-Dec-22,54823.9
nanital BANK,3990,05-Dec-22,27867.9
nanital BANK,3992,05-Dec-22,45428.3
nanital BANK,4092,05-Dec-22,82488.8
nanital BANK,4253,05-Dec-22,68824
nanital BANK,4283,05-Dec-22,103240.5
nanital BANK,4343,05-Dec-22,100944.6
nanital BANK,4349,05-Dec-22,35807
nanital BANK,4427,05-Dec-22,19175.7
nanital BANK,4448,05-Dec-22,84336.8
nanital BANK,4470,05-Dec-22,36927.6
nanital BANK,4514,05-Dec-22,30737.1
nanital BANK,4537,05-Dec-22,51694.5
nanital BANK,4768,05-Dec-22,21494.4
nanital BANK,4994,05-Dec-22,52089.8
nanital BANK,5228,05-Dec-22,134969
nanital BANK,5735,05-Dec-22,69365.2
nanital BANK,5927,05-Dec-22,31586
nanital BANK,7828,05-Dec-22,60581.1
nanital BANK,8934,05-Dec-22,43625.2
nanital BANK,9041,05-Dec-22,2346
nanital BANK,9138,05-Dec-22,29344.9
nanital BANK,9265,05-Dec-22,57647.5
nanital BANK,9548,05-Dec-22,102538.6
nanital BANK,9707,05-Dec-22,67167.8
nanital BANK,9790,05-Dec-22,119240.7
nanital BANK,10148,05-Dec-22,74218.9
nanital BANK,10954,05-Dec-22,45996
nanital BANK,10963,05-Dec-22,71689.7
nanital BANK,11096,05-Dec-22,74941.4
nanital BANK,11111,05-Dec-22,65457
nanital BANK,11317,05-Dec-22,105347.2
nanital BANK,40,05-Dec-22,28940.9
nanital BANK,59,05-Dec-22,89719.7
nanital BANK,81,05-Dec-22,35953.1
nanital BANK,100,05-Dec-22,84377.4
nanital BANK,114,05-Dec-22,23884.1
nanital BANK,121,05-Dec-22,34173.2
nanital BANK,126,05-Dec-22,52793.2
nanital BANK,133,05-Dec-22,52973
nanital BANK,144,05-Dec-22,59265.1
nanital BANK,158,05-Dec-22,52553.7
nanital BANK,159,05-Dec-22,103034
nanital BANK,293,05-Dec-22,29484.5
nanital BANK,370,05-Dec-22,19501.3
nanital BANK,385,05-Dec-22,27942.3
nanital BANK,416,05-Dec-22,28391.3
nanital BANK,427,05-Dec-22,94684.7
nanital BANK,460,05-Dec-22,46757.6
nanital BANK,501,05-Dec-22,81505.9
nanital BANK,556,05-Dec-22,55752.8
nanital BANK,570,05-Dec-22,24772
nanital BANK,575,05-Dec-22,36298.3
nanital BANK,577,05-Dec-22,88794.7
nanital BANK,598,05-Dec-22,74407.6
nanital BANK,602,05-Dec-22,21692
nanital BANK,618,05-Dec-22,59634.2
nanital BANK,738,05-Dec-22,92049.6
nanital BANK,752,05-Dec-22,30319.4
nanital BANK,779,05-Dec-22,36662.3
nanital BANK,804,05-Dec-22,76734.5
nanital BANK,817,05-Dec-22,59298.6
nanital BANK,836,05-Dec-22,51280.4
nanital BANK,853,05-Dec-22,52268
nanital BANK,858,05-Dec-22,64049.2
nanital BANK,864,05-Dec-22,33736.3
nanital BANK,870,05-Dec-22,30073.9
nanital BANK,911,05-Dec-22,46559.3
nanital BANK,966,05-Dec-22,22195.8
nanital BANK,967,05-Dec-22,48111.6
nanital BANK,986,05-Dec-22,25603.5
nanital BANK,1011,05-Dec-22,42519.4
nanital BANK,1023,05-Dec-22,43802
nanital BANK,1044,05-Dec-22,38273.2
nanital BANK,1087,05-Dec-22,77559.7
nanital BANK,1110,05-Dec-22,72261.3
nanital BANK,1127,05-Dec-22,119594.2
nanital BANK,1184,05-Dec-22,94431.6
nanital BANK,1315,05-Dec-22,30178.4
nanital BANK,1319,05-Dec-22,47420.8
nanital BANK,1366,05-Dec-22,28586.2
nanital BANK,1408,05-Dec-22,41679.1
nanital BANK,1435,05-Dec-22,62154.1
nanital BANK,1441,05-Dec-22,42284.9
nanital BANK,1456,05-Dec-22,85207.3
nanital BANK,1473,05-Dec-22,19129.8
nanital BANK,1495,05-Dec-22,52192.3
nanital BANK,1536,05-Dec-22,44208.7
nanital BANK,1537,05-Dec-22,74556.1
nanital BANK,1557,05-Dec-22,44563.1
nanital BANK,1558,05-Dec-22,32228.3
nanital BANK,1577,05-Dec-22,46586.5
nanital BANK,1591,05-Dec-22,82562.8
nanital BANK,1622,05-Dec-22,43966.2
nanital BANK,1671,05-Dec-22,17085.3
nanital BANK,1679,05-Dec-22,67860.8
nanital BANK,1736,05-Dec-22,20837.3
nanital BANK,1768,05-Dec-22,68287.4
nanital BANK,1780,05-Dec-22,129815.8
nanital BANK,1830,05-Dec-22,50036.3
nanital BANK,1840,05-Dec-22,25978.4
nanital BANK,1857,05-Dec-22,61859
nanital BANK,1865,05-Dec-22,21741.9
nanital BANK,1903,05-Dec-22,60683.6
nanital BANK,1938,05-Dec-22,76529.4
nanital BANK,2028,05-Dec-22,42147.4
nanital BANK,2039,05-Dec-22,32751.2
nanital BANK,2055,07-Dec-22,15888.6
nanital BANK,2073,07-Dec-22,40355.5
nanital BANK,2079,07-Dec-22,85363.4
nanital BANK,2081,07-Dec-22,12912.2
nanital BANK,2088,07-Dec-22,23411.2
nanital BANK,2149,07-Dec-22,17616.6
nanital BANK,2227,07-Dec-22,68107.3
nanital BANK,2256,07-Dec-22,15024.7
nanital BANK,2272,07-Dec-22,19692.8
nanital BANK,2321,07-Dec-22,64577.9
nanital BANK,2334,07-Dec-22,47659.6
nanital BANK,2343,07-Dec-22,49078.9
nanital BANK,2411,07-Dec-22,71746.4
nanital BANK,2429,07-Dec-22,61638.3
nanital BANK,2473,07-Dec-22,21219.6
nanital BANK,2500,07-Dec-22,25237.3
nanital BANK,2501,07-Dec-22,97220.7
nanital BANK,2515,07-Dec-22,28715.1
nanital BANK,2570,07-Dec-22,15583.2
nanital BANK,2572,07-Dec-22,100193.2
nanital BANK,2605,07-Dec-22,42936.5
nanital BANK,2711,07-Dec-22,74972.8
nanital BANK,2737,07-Dec-22,81921.7
nanital BANK,2760,07-Dec-22,68440.5
nanital BANK,2790,07-Dec-22,120939.2
nanital BANK,2801,07-Dec-22,40243.3
nanital BANK,2817,07-Dec-22,88104.7
nanital BANK,2824,07-Dec-22,122482.4
nanital BANK,2989,07-Dec-22,32081.4
nanital BANK,2997,07-Dec-22,27528.1
nanital BANK,3090,07-Dec-22,72842.2
nanital BANK,3135,07-Dec-22,97584.6
nanital BANK,3152,07-Dec-22,50696.3
nanital BANK,3162,07-Dec-22,67433.8
nanital BANK,3176,07-Dec-22,18052.5
nanital BANK,3185,07-Dec-22,60211.5
nanital BANK,3246,07-Dec-22,18644.5
nanital BANK,3304,07-Dec-22,18896.7
nanital BANK,3306,07-Dec-22,32718.2
nanital BANK,3309,07-Dec-22,37364.2
nanital BANK,3361,07-Dec-22,83056.7
nanital BANK,3368,07-Dec-22,108356.5
nanital BANK,3404,07-Dec-22,79638.9
nanital BANK,3485,07-Dec-22,51179.9
nanital BANK,3489,07-Dec-22,53255.4
nanital BANK,3496,07-Dec-22,76114.7
nanital BANK,3563,07-Dec-22,66505.2
nanital BANK,3633,07-Dec-22,59987.3
nanital BANK,3638,07-Dec-22,54974.6
nanital BANK,3646,07-Dec-22,79529.3
nanital BANK,3669,07-Dec-22,23980.9
nanital BANK,3694,07-Dec-22,72747.1
nanital BANK,3699,07-Dec-22,63918.9
nanital BANK,3700,07-Dec-22,75201.2
nanital BANK,3702,07-Dec-22,89186.9
nanital BANK,3782,07-Dec-22,55265.6
nanital BANK,3799,07-Dec-22,47854.8
nanital BANK,3816,07-Dec-22,44600
nanital BANK,3842,07-Dec-22,47944.4
nanital BANK,3847,07-Dec-22,73852.6
nanital BANK,3851,07-Dec-22,45297
nanital BANK,3861,07-Dec-22,97153.6
nanital BANK,3874,07-Dec-22,68093.8
nanital BANK,3911,07-Dec-22,16445.5
nanital BANK,3935,07-Dec-22,70857.6
nanital BANK,3955,07-Dec-22,68595.5
nanital BANK,3959,07-Dec-22,15022.1
nanital BANK,4144,07-Dec-22,47568.2
nanital BANK,4245,07-Dec-22,72813.2
nanital BANK,4350,07-Dec-22,145435.5
nanital BANK,4439,07-Dec-22,36317.3
nanital BANK,4473,07-Dec-22,65547.5
nanital BANK,4585,07-Dec-22,59120.9
nanital BANK,4727,07-Dec-22,83989.4
nanital BANK,4753,07-Dec-22,11342.1
nanital BANK,5213,07-Dec-22,97832.7
nanital BANK,5250,07-Dec-22,-9559
nanital BANK,5313,07-Dec-22,34424.3
nanital BANK,5726,07-Dec-22,24033.3
nanital BANK,6051,07-Dec-22,18967.9
nanital BANK,6505,07-Dec-22,42956.4
nanital BANK,6649,07-Dec-22,60996.6
nanital BANK,6701,07-Dec-22,42094.8
nanital BANK,7082,07-Dec-22,35832.6
nanital BANK,7180,07-Dec-22,59531.7
nanital BANK,7449,07-Dec-22,47647.4
nanital BANK,8330,07-Dec-22,81183.2
nanital BANK,8547,07-Dec-22,35989.4
nanital BANK,8919,07-Dec-22,28181.8
nanital BANK,9104,07-Dec-22,38875
nanital BANK,9153,07-Dec-22,63709.5
nanital BANK,9159,07-Dec-22,71243.1
nanital BANK,9433,07-Dec-22,39142.3
nanital BANK,9560,07-Dec-22,67344.1
nanital BANK,9583,07-Dec-22,82888.7
nanital BANK,10411,07-Dec-22,53540.3
nanital BANK,10451,07-Dec-22,26311.8
nanital BANK,10520,07-Dec-22,35059.5
nanital BANK,11320,07-Dec-22,35293.6
nanital BANK,8,07-Dec-22,79254.9
nanital BANK,56,07-Dec-22,78756.8
nanital BANK,61,07-Dec-22,19987.7
nanital BANK,168,07-Dec-22,15718.6
nanital BANK,183,07-Dec-22,51388.8
nanital BANK,184,07-Dec-22,86911.8
nanital BANK,197,07-Dec-22,63392.6
nanital BANK,227,07-Dec-22,27235.2
nanital BANK,240,07-Dec-22,50743.5
nanital BANK,253,07-Dec-22,106397.8
nanital BANK,255,07-Dec-22,43906.2
nanital BANK,290,07-Dec-22,45483.1
nanital BANK,326,07-Dec-22,23875.6
nanital BANK,357,07-Dec-22,21541.5
nanital BANK,433,07-Dec-22,17480.8
nanital BANK,434,07-Dec-22,31796.4
nanital BANK,472,07-Dec-22,54682.3
nanital BANK,484,07-Dec-22,29527.7
nanital BANK,488,07-Dec-22,50500
nanital BANK,502,07-Dec-22,32807.1
nanital BANK,590,07-Dec-22,58795.6
nanital BANK,593,07-Dec-22,74574.7
nanital BANK,659,07-Dec-22,23535.1
nanital BANK,680,07-Dec-22,37005.2
nanital BANK,710,07-Dec-22,20346.5
nanital BANK,715,07-Dec-22,41173.2
nanital BANK,745,07-Dec-22,22546.4
nanital BANK,808,07-Dec-22,34380.7
nanital BANK,842,07-Dec-22,16171.8
nanital BANK,885,07-Dec-22,115837
nanital BANK,899,07-Dec-22,53811.9
nanital BANK,916,07-Dec-22,39217
nanital BANK,928,07-Dec-22,78231.7
nanital BANK,936,07-Dec-22,18509
nanital BANK,939,07-Dec-22,23194.9
nanital BANK,1046,07-Dec-22,48029.5
nanital BANK,1050,07-Dec-22,65378.1
nanital BANK,1068,07-Dec-22,44015.7
nanital BANK,1113,07-Dec-22,65921
nanital BANK,1118,07-Dec-22,45306.2
nanital BANK,1122,07-Dec-22,27852
nanital BANK,1126,07-Dec-22,56276
nanital BANK,1135,07-Dec-22,48445.6
nanital BANK,1136,07-Dec-22,43682.7
nanital BANK,1180,07-Dec-22,100306.1
nanital BANK,1204,07-Dec-22,84614.4
nanital BANK,1328,07-Dec-22,43472.5
nanital BANK,1375,07-Dec-22,93208.5
nanital BANK,1380,07-Dec-22,85744.1
nanital BANK,1413,07-Dec-22,39164.1
nanital BANK,1445,07-Dec-22,21733.3
nanital BANK,1508,07-Dec-22,40860.8
nanital BANK,1518,07-Dec-22,114096.5
nanital BANK,1550,07-Dec-22,40931.7
nanital BANK,1571,07-Dec-22,53232.7
nanital BANK,1576,07-Dec-22,25358.7
nanital BANK,1583,07-Dec-22,81769.5
nanital BANK,1616,07-Dec-22,26086.6
nanital BANK,1642,07-Dec-22,12336.7
nanital BANK,1655,07-Dec-22,62574.8
nanital BANK,1733,07-Dec-22,27168
nanital BANK,1742,07-Dec-22,53316.9
nanital BANK,1765,07-Dec-22,16656.7
nanital BANK,1782,07-Dec-22,77594.5
nanital BANK,1785,07-Dec-22,34848.5
nanital BANK,1791,07-Dec-22,42281.5
nanital BANK,1800,07-Dec-22,67390.2
nanital BANK,1825,07-Dec-22,62135.1
nanital BANK,1826,07-Dec-22,55651.1
nanital BANK,1854,07-Dec-22,71280.6
nanital BANK,1892,07-Dec-22,21360.9
nanital BANK,1893,07-Dec-22,39534.4
nanital BANK,1957,07-Dec-22,28389.2
nanital BANK,1958,07-Dec-22,44516.7
nanital BANK,1980,07-Dec-22,50174.7
nanital BANK,1981,07-Dec-22,32131.2
nanital BANK,1999,07-Dec-22,47381.6
nanital BANK,2000,07-Dec-22,76259.4
nanital BANK,2001,07-Dec-22,86164
nanital BANK,2077,10-Dec-22,67376.7
nanital BANK,2096,10-Dec-22,54113.1
nanital BANK,2102,10-Dec-22,42941.5
nanital BANK,2103,10-Dec-22,22969.2
nanital BANK,2108,10-Dec-22,65007.1
nanital BANK,2112,10-Dec-22,56827.6
nanital BANK,2157,10-Dec-22,23289.7
nanital BANK,2166,10-Dec-22,35149.1
nanital BANK,2167,10-Dec-22,87447.8
nanital BANK,2170,10-Dec-22,73748
nanital BANK,2172,10-Dec-22,23548.7
nanital BANK,2207,10-Dec-22,38337.4
nanital BANK,2210,10-Dec-22,44695.2
nanital BANK,2250,10-Dec-22,91678.7
nanital BANK,2255,10-Dec-22,22560.1
nanital BANK,2289,10-Dec-22,38568
nanital BANK,2292,10-Dec-22,20171.6
nanital BANK,2301,10-Dec-22,76536.4
nanital BANK,2335,10-Dec-22,16713
nanital BANK,2375,10-Dec-22,94225.5
nanital BANK,2379,10-Dec-22,30278.8
nanital BANK,2397,10-Dec-22,38967.8
nanital BANK,2413,10-Dec-22,48301.1
nanital BANK,2425,10-Dec-22,28694.6
nanital BANK,2431,10-Dec-22,59850.6
nanital BANK,2438,10-Dec-22,22341.2
nanital BANK,2451,10-Dec-22,47293.6
nanital BANK,2457,10-Dec-22,23319
nanital BANK,2516,10-Dec-22,63510.7
nanital BANK,2521,10-Dec-22,80047
nanital BANK,2554,10-Dec-22,78690.8
nanital BANK,2571,10-Dec-22,102236.2
nanital BANK,2599,10-Dec-22,121329.6
nanital BANK,2611,10-Dec-22,88557
nanital BANK,2632,10-Dec-22,62711.4
nanital BANK,2640,10-Dec-22,72409.5
nanital BANK,2647,10-Dec-22,128433.9
nanital BANK,2653,10-Dec-22,75992.2
nanital BANK,2666,10-Dec-22,16194.7
nanital BANK,2670,10-Dec-22,48796.2
nanital BANK,2701,10-Dec-22,55089.6
nanital BANK,2706,10-Dec-22,36400
nanital BANK,2747,10-Dec-22,40759.6
nanital BANK,2784,10-Dec-22,30126.1
nanital BANK,2816,10-Dec-22,61734.7
nanital BANK,2821,10-Dec-22,26242.5
nanital BANK,2915,10-Dec-22,65599.3
nanital BANK,2956,10-Dec-22,56991
nanital BANK,3013,10-Dec-22,20889.8
nanital BANK,3038,10-Dec-22,63651.5
nanital BANK,3075,10-Dec-22,23040.3
nanital BANK,3093,10-Dec-22,43454.3
nanital BANK,3096,10-Dec-22,45280.5
nanital BANK,3098,10-Dec-22,35584.2
nanital BANK,3134,10-Dec-22,71631.8
nanital BANK,3146,10-Dec-22,26143.3
nanital BANK,3172,10-Dec-22,18089
nanital BANK,3182,10-Dec-22,16482.8
nanital BANK,3202,10-Dec-22,19827
nanital BANK,3232,10-Dec-22,14313.2
nanital BANK,3245,10-Dec-22,19511
nanital BANK,3252,10-Dec-22,27454.5
nanital BANK,3290,10-Dec-22,118030.4
nanital BANK,3292,10-Dec-22,23161
nanital BANK,3294,10-Dec-22,55070.4
nanital BANK,3315,10-Dec-22,105527.1
nanital BANK,3329,10-Dec-22,43183.5
nanital BANK,3380,10-Dec-22,32931.7
nanital BANK,3395,10-Dec-22,85525.3
nanital BANK,3410,10-Dec-22,53691.9
nanital BANK,3412,10-Dec-22,13180.6
nanital BANK,3443,10-Dec-22,22961.6
nanital BANK,3476,10-Dec-22,57073.1
nanital BANK,3490,10-Dec-22,10500
nanital BANK,3525,10-Dec-22,28090.4
nanital BANK,3528,10-Dec-22,55564.1
nanital BANK,3538,10-Dec-22,51680.1
nanital BANK,3570,10-Dec-22,75107.3
nanital BANK,3595,10-Dec-22,32602.4
nanital BANK,3605,10-Dec-22,51193.8
nanital BANK,3608,10-Dec-22,46487.6
nanital BANK,3616,10-Dec-22,23900
nanital BANK,3624,10-Dec-22,16497.2
nanital BANK,3703,10-Dec-22,14395.5
nanital BANK,3720,10-Dec-22,63718.2
nanital BANK,3738,10-Dec-22,56089.3
nanital BANK,3748,10-Dec-22,17521.8
nanital BANK,3772,10-Dec-22,53741.3
nanital BANK,3784,10-Dec-22,44007.6
nanital BANK,3785,10-Dec-22,132637.9
nanital BANK,3813,10-Dec-22,38950.4
nanital BANK,3838,10-Dec-22,50757.5
nanital BANK,3865,10-Dec-22,55317.8
nanital BANK,3872,10-Dec-22,44544.9
nanital BANK,3917,10-Dec-22,69722.4
nanital BANK,3957,10-Dec-22,74812.8
nanital BANK,4269,10-Dec-22,49883.6
nanital BANK,4293,10-Dec-22,60068.6
nanital BANK,4320,10-Dec-22,22311.5
nanital BANK,4418,10-Dec-22,29006.1
nanital BANK,4442,10-Dec-22,38563.5
nanital BANK,4447,10-Dec-22,83728.6
nanital BANK,4488,10-Dec-22,36556.4
nanital BANK,4511,10-Dec-22,27212.7
nanital BANK,4576,10-Dec-22,68594
nanital BANK,4729,10-Dec-22,13560.1
nanital BANK,4825,10-Dec-22,21491.7
nanital BANK,5343,10-Dec-22,9951.7
nanital BANK,5483,10-Dec-22,46407.5
nanital BANK,5952,10-Dec-22,102018.9
nanital BANK,6030,10-Dec-22,76219
nanital BANK,6064,10-Dec-22,7894.6
nanital BANK,6495,10-Dec-22,36707.6
nanital BANK,6856,10-Dec-22,33480.9
nanital BANK,7454,10-Dec-22,17817.9
nanital BANK,7926,10-Dec-22,27912.3
nanital BANK,7957,10-Dec-22,94959.2
nanital BANK,8127,10-Dec-22,74780.8
nanital BANK,8212,10-Dec-22,91020.6
nanital BANK,8320,10-Dec-22,54210.8
nanital BANK,9883,10-Dec-22,29564.4
nanital BANK,10345,10-Dec-22,23498.4
nanital BANK,10478,10-Dec-22,36520.9
nanital BANK,10644,10-Dec-22,32047.3
nanital BANK,12,10-Dec-22,20367.7
nanital BANK,13,10-Dec-22,14218.2
nanital BANK,29,10-Dec-22,41765.5
nanital BANK,63,10-Dec-22,29417.4
nanital BANK,123,10-Dec-22,23286.9
nanital BANK,135,10-Dec-22,73407.3
nanital BANK,161,10-Dec-22,15661.2
nanital BANK,185,10-Dec-22,72987.9
nanital BANK,191,10-Dec-22,100597.1
nanital BANK,205,10-Dec-22,45084.3
nanital BANK,245,10-Dec-22,52124.3
nanital BANK,267,10-Dec-22,16870.2
nanital BANK,285,10-Dec-22,100763.1
nanital BANK,304,10-Dec-22,37609.6
nanital BANK,348,10-Dec-22,72826.1
nanital BANK,349,10-Dec-22,20183.8
nanital BANK,358,10-Dec-22,17923.6
nanital BANK,379,10-Dec-22,16008
nanital BANK,390,10-Dec-22,89884.2
nanital BANK,407,10-Dec-22,38792.2
nanital BANK,417,10-Dec-22,12164.3
nanital BANK,451,10-Dec-22,16783.4
nanital BANK,453,10-Dec-22,93290.9
nanital BANK,456,10-Dec-22,65464.7
nanital BANK,493,10-Dec-22,37025
nanital BANK,510,10-Dec-22,33222.1
nanital BANK,533,10-Dec-22,29239.8
nanital BANK,609,10-Dec-22,23807.7
nanital BANK,643,10-Dec-22,41577.5
nanital BANK,728,10-Dec-22,21439.4
nanital BANK,733,10-Dec-22,84013
nanital BANK,763,10-Dec-22,40600.7
nanital BANK,764,10-Dec-22,22451.4
nanital BANK,775,10-Dec-22,88411.6
nanital BANK,787,10-Dec-22,33779.9
nanital BANK,859,10-Dec-22,49886.2
nanital BANK,882,10-Dec-22,84446.5
nanital BANK,921,10-Dec-22,19074.7
nanital BANK,949,10-Dec-22,65405.2
nanital BANK,953,10-Dec-22,23258.1
nanital BANK,955,10-Dec-22,55057.5
nanital BANK,981,10-Dec-22,109893.1
nanital BANK,991,10-Dec-22,61134.2
nanital BANK,1008,10-Dec-22,16112.1
nanital BANK,1030,10-Dec-22,47656.1
nanital BANK,1037,10-Dec-22,64817.3
nanital BANK,1058,10-Dec-22,81964.9
nanital BANK,1059,10-Dec-22,14252.4
nanital BANK,1066,10-Dec-22,112712.7
nanital BANK,1071,10-Dec-22,31726
nanital BANK,1072,10-Dec-22,44335.8
nanital BANK,1116,10-Dec-22,59375.6
nanital BANK,1144,10-Dec-22,27679.5
nanital BANK,1147,10-Dec-22,55720.3
nanital BANK,1156,10-Dec-22,88203
nanital BANK,1166,10-Dec-22,46878.8
nanital BANK,1185,10-Dec-22,20636.6
nanital BANK,1197,10-Dec-22,42942.5
nanital BANK,1214,10-Dec-22,56602.7
nanital BANK,1233,10-Dec-22,15340.4
nanital BANK,1239,10-Dec-22,17841.7
nanital BANK,1240,10-Dec-22,27441.9
nanital BANK,1262,10-Dec-22,28744.2
nanital BANK,1273,10-Dec-22,79185.1
nanital BANK,1291,10-Dec-22,24092
nanital BANK,1295,10-Dec-22,19754.3
nanital BANK,1379,10-Dec-22,50331.6
nanital BANK,1402,10-Dec-22,35113.8
nanital BANK,1436,10-Dec-22,50202.6
nanital BANK,1442,10-Dec-22,54409.4
nanital BANK,1464,10-Dec-22,62735
nanital BANK,1470,10-Dec-22,61910.7
nanital BANK,1471,10-Dec-22,67179.9
nanital BANK,1488,10-Dec-22,40065.9
nanital BANK,1496,10-Dec-22,34608.6
nanital BANK,1500,10-Dec-22,90392.7
nanital BANK,1513,10-Dec-22,86165.2
nanital BANK,1546,10-Dec-22,14892.8
nanital BANK,1556,10-Dec-22,57339
nanital BANK,1599,10-Dec-22,84197.8
nanital BANK,1601,10-Dec-22,21566.1
nanital BANK,1607,10-Dec-22,31803.1
nanital BANK,1611,10-Dec-22,68517.4
nanital BANK,1617,10-Dec-22,17982.2
nanital BANK,1627,10-Dec-22,45056
nanital BANK,1638,10-Dec-22,39314
nanital BANK,1670,10-Dec-22,26977.9
nanital BANK,1689,10-Dec-22,15440.1
nanital BANK,1700,10-Dec-22,93627.4
nanital BANK,1706,10-Dec-22,50621
nanital BANK,1708,10-Dec-22,37571.6
nanital BANK,1739,10-Dec-22,48950.7
nanital BANK,1754,10-Dec-22,64243.5
nanital BANK,1778,10-Dec-22,74358.7
nanital BANK,1803,10-Dec-22,74661.8
nanital BANK,1805,10-Dec-22,84784.4
nanital BANK,1833,10-Dec-22,37507.2
nanital BANK,1851,10-Dec-22,58066.9
nanital BANK,1870,10-Dec-22,57257.5
nanital BANK,1915,10-Dec-22,27195.4
nanital BANK,1931,10-Dec-22,21423.4
nanital BANK,2023,10-Dec-22,100923.4
nanital BANK,2037,10-Dec-22,66499.8
nanital BANK,2169,09-Dec-22,59689
nanital BANK,2183,09-Dec-22,48174.6
nanital BANK,2185,09-Dec-22,26841.8
nanital BANK,2190,09-Dec-22,83940.6
nanital BANK,2232,09-Dec-22,68757.4
nanital BANK,2241,09-Dec-22,64182.2
nanital BANK,2268,09-Dec-22,82258.5
nanital BANK,2296,09-Dec-22,45745
nanital BANK,2310,09-Dec-22,70853.1
nanital BANK,2331,09-Dec-22,15876.4
nanital BANK,2351,09-Dec-22,61802.2
nanital BANK,2419,09-Dec-22,98909.2
nanital BANK,2455,09-Dec-22,24481.4
nanital BANK,2470,09-Dec-22,44288.1
nanital BANK,2471,09-Dec-22,57104.7
nanital BANK,2495,09-Dec-22,49400
nanital BANK,2511,09-Dec-22,51792.8
nanital BANK,2548,09-Dec-22,31675.5
nanital BANK,2564,09-Dec-22,52320
nanital BANK,2568,09-Dec-22,67794.1
nanital BANK,2596,09-Dec-22,23934.5
nanital BANK,2622,09-Dec-22,47534.2
nanital BANK,2637,09-Dec-22,42144.6
nanital BANK,2648,09-Dec-22,39658.9
nanital BANK,2707,09-Dec-22,50801.8
nanital BANK,2810,09-Dec-22,35297.7
nanital BANK,2819,09-Dec-22,84786.8
nanital BANK,2858,09-Dec-22,54411.7
nanital BANK,2873,09-Dec-22,80112.4
nanital BANK,2879,09-Dec-22,27948.2
nanital BANK,2882,09-Dec-22,25918.6
nanital BANK,2885,09-Dec-22,104303.3
nanital BANK,2888,09-Dec-22,11462.8
nanital BANK,2890,09-Dec-22,49668.5
nanital BANK,2896,09-Dec-22,21345.2
nanital BANK,2903,09-Dec-22,44576.1
nanital BANK,2906,09-Dec-22,38325.1
nanital BANK,2927,09-Dec-22,46864.4
nanital BANK,2933,09-Dec-22,35456.4
nanital BANK,2951,09-Dec-22,46523.7
nanital BANK,2959,09-Dec-22,52569.2
nanital BANK,3012,09-Dec-22,45198.6
nanital BANK,3017,09-Dec-22,42267.9
nanital BANK,3019,09-Dec-22,19844.2
nanital BANK,3043,09-Dec-22,20849.5
nanital BANK,3099,09-Dec-22,24188.2
nanital BANK,3106,09-Dec-22,32601.3
nanital BANK,3111,09-Dec-22,56714.2
nanital BANK,3129,09-Dec-22,15281.9
nanital BANK,3191,09-Dec-22,26191.4
nanital BANK,3206,09-Dec-22,80720.5
nanital BANK,3291,09-Dec-22,14303
nanital BANK,3308,09-Dec-22,48590.6
nanital BANK,3392,09-Dec-22,39503.1
nanital BANK,3397,09-Dec-22,61648.4
nanital BANK,3408,09-Dec-22,51334.8
nanital BANK,3429,09-Dec-22,40983.9
nanital BANK,3450,09-Dec-22,26022.1
nanital BANK,3457,09-Dec-22,27066.1
nanital BANK,3469,09-Dec-22,24839.2
nanital BANK,3494,09-Dec-22,38850.9
nanital BANK,3571,09-Dec-22,40870.7
nanital BANK,3581,09-Dec-22,24155.3
nanital BANK,3596,09-Dec-22,53889
nanital BANK,3612,09-Dec-22,85557
nanital BANK,3636,09-Dec-22,82566.6
nanital BANK,3678,09-Dec-22,-368.8
nanital BANK,3691,09-Dec-22,29383.9
nanital BANK,3696,09-Dec-22,76964.7
nanital BANK,3701,09-Dec-22,51637.2
nanital BANK,3713,09-Dec-22,120426.2
nanital BANK,3734,09-Dec-22,-5382.1
nanital BANK,3758,09-Dec-22,41571.9
nanital BANK,3773,09-Dec-22,26369.7
nanital BANK,3780,09-Dec-22,21482.2
nanital BANK,3796,09-Dec-22,90862.2
nanital BANK,3798,09-Dec-22,39733.6
nanital BANK,3810,09-Dec-22,48912.1
nanital BANK,3815,09-Dec-22,19291.8
nanital BANK,3818,09-Dec-22,72850.2
nanital BANK,3819,09-Dec-22,27160.4
nanital BANK,3859,09-Dec-22,-11549.2
nanital BANK,3875,09-Dec-22,64075.4
nanital BANK,3912,09-Dec-22,37152.9
nanital BANK,3930,09-Dec-22,51391.1
nanital BANK,3938,09-Dec-22,69316.1
nanital BANK,3939,09-Dec-22,33959.9
nanital BANK,3944,09-Dec-22,62815.8
nanital BANK,3950,09-Dec-22,74603.3
nanital BANK,4014,09-Dec-22,68145.5
nanital BANK,4091,09-Dec-22,54604.8
nanital BANK,4143,09-Dec-22,78065.7
nanital BANK,4158,09-Dec-22,16527.9
nanital BANK,4354,09-Dec-22,95369.1
nanital BANK,4356,09-Dec-22,-25568.6
nanital BANK,4424,09-Dec-22,79694.2
nanital BANK,4458,09-Dec-22,24694.4
nanital BANK,4533,09-Dec-22,116643.1
nanital BANK,5011,09-Dec-22,15178.5
nanital BANK,5063,09-Dec-22,4741.5
nanital BANK,5066,09-Dec-22,15571.7
nanital BANK,5317,09-Dec-22,26699.7
nanital BANK,5357,09-Dec-22,89940.2
nanital BANK,5742,09-Dec-22,30877.4
nanital BANK,5878,09-Dec-22,97080.1
nanital BANK,6097,09-Dec-22,33365.2
nanital BANK,7052,09-Dec-22,32458.5
nanital BANK,7240,09-Dec-22,16466
nanital BANK,7274,09-Dec-22,56161.2
nanital BANK,8260,09-Dec-22,76084.4
nanital BANK,8713,09-Dec-22,40005.9
nanital BANK,8957,09-Dec-22,61926.1
nanital BANK,9677,09-Dec-22,46684.6
nanital BANK,9828,09-Dec-22,69668.3
nanital BANK,10436,09-Dec-22,88463.8
nanital BANK,10762,09-Dec-22,52629.6
nanital BANK,10774,09-Dec-22,44552.1
nanital BANK,10904,09-Dec-22,18163.9
nanital BANK,11,09-Dec-22,21731
nanital BANK,23,09-Dec-22,82787.3
nanital BANK,62,09-Dec-22,16620.9
nanital BANK,70,09-Dec-22,46397.8
nanital BANK,71,09-Dec-22,93839.5
nanital BANK,76,09-Dec-22,19552
nanital BANK,77,09-Dec-22,19247.8
nanital BANK,84,09-Dec-22,63375.9
nanital BANK,116,09-Dec-22,77465.6
nanital BANK,134,09-Dec-22,47540.1
nanital BANK,137,09-Dec-22,50159.4
nanital BANK,189,09-Dec-22,76341
nanital BANK,200,09-Dec-22,123651.3
nanital BANK,225,09-Dec-22,92564.8
nanital BANK,235,09-Dec-22,18480.8
nanital BANK,244,09-Dec-22,54564.2
nanital BANK,281,09-Dec-22,60206.1
nanital BANK,307,09-Dec-22,71901.4
nanital BANK,318,09-Dec-22,39301.1
nanital BANK,319,09-Dec-22,88220.1
nanital BANK,334,09-Dec-22,99464.6
nanital BANK,337,09-Dec-22,32175.8
nanital BANK,344,09-Dec-22,62799.8
nanital BANK,356,09-Dec-22,79900.8
nanital BANK,384,09-Dec-22,76332.3
nanital BANK,409,09-Dec-22,48825.1
nanital BANK,418,09-Dec-22,57940.9
nanital BANK,421,09-Dec-22,26230.3
nanital BANK,432,09-Dec-22,26065.6
nanital BANK,441,09-Dec-22,123254.3
nanital BANK,452,09-Dec-22,75905.1
nanital BANK,473,09-Dec-22,29813.7
nanital BANK,474,09-Dec-22,31578.2
nanital BANK,508,09-Dec-22,18699.3
nanital BANK,515,09-Dec-22,16622.7
nanital BANK,568,09-Dec-22,65146.6
nanital BANK,599,09-Dec-22,28891.9
nanital BANK,608,09-Dec-22,23680.5
nanital BANK,647,09-Dec-22,62077.9
nanital BANK,652,09-Dec-22,77207.3
nanital BANK,734,09-Dec-22,15197.9
nanital BANK,809,09-Dec-22,40833.7
nanital BANK,827,09-Dec-22,31099.5
nanital BANK,830,09-Dec-22,58685.4
nanital BANK,846,09-Dec-22,69418.4
nanital BANK,855,09-Dec-22,71471.1
nanital BANK,857,09-Dec-22,20941.1
nanital BANK,867,09-Dec-22,35488.1
nanital BANK,868,09-Dec-22,28980.5
nanital BANK,879,09-Dec-22,12777
nanital BANK,890,09-Dec-22,39567.7
nanital BANK,905,09-Dec-22,27878.5
nanital BANK,925,09-Dec-22,79963.2
nanital BANK,968,09-Dec-22,41257.5
nanital BANK,982,09-Dec-22,23719.6
nanital BANK,987,09-Dec-22,52133.9
nanital BANK,1017,09-Dec-22,51451.8
nanital BANK,1019,09-Dec-22,67975.9
nanital BANK,1036,09-Dec-22,82731.9
nanital BANK,1061,09-Dec-22,17127.4
nanital BANK,1070,09-Dec-22,41526.2
nanital BANK,1103,09-Dec-22,55264.3
nanital BANK,1109,09-Dec-22,63324.4
nanital BANK,1120,09-Dec-22,30854.9
nanital BANK,1130,09-Dec-22,40488.8
nanital BANK,1132,09-Dec-22,88310.5
nanital BANK,1207,09-Dec-22,57371.6
nanital BANK,1210,09-Dec-22,44513
nanital BANK,1218,09-Dec-22,26247.8
nanital BANK,1227,09-Dec-22,35646.8
nanital BANK,1245,09-Dec-22,55120.6
nanital BANK,1257,09-Dec-22,59788.6
nanital BANK,1260,09-Dec-22,54471.6
nanital BANK,1281,09-Dec-22,103556.1
nanital BANK,1286,09-Dec-22,68339.6
nanital BANK,1302,09-Dec-22,33139.4
nanital BANK,1305,09-Dec-22,108970.4
nanital BANK,1320,09-Dec-22,38377
nanital BANK,1362,09-Dec-22,38861.1
nanital BANK,1367,09-Dec-22,31793.1
nanital BANK,1401,09-Dec-22,37102.6
nanital BANK,1414,09-Dec-22,39355.5
nanital BANK,1472,09-Dec-22,35455
nanital BANK,1493,09-Dec-22,14773.2
nanital BANK,1499,09-Dec-22,73332.3
nanital BANK,1509,09-Dec-22,34677
nanital BANK,1517,09-Dec-22,15954.3
nanital BANK,1552,09-Dec-22,76076.8
nanital BANK,1586,09-Dec-22,74203.7
nanital BANK,1620,09-Dec-22,42862.6
nanital BANK,1636,09-Dec-22,84698.5
nanital BANK,1644,09-Dec-22,47546.2
nanital BANK,1654,09-Dec-22,47250.2
nanital BANK,1664,09-Dec-22,80374.2
nanital BANK,1687,09-Dec-22,15587.1
nanital BANK,1714,09-Dec-22,33807
nanital BANK,1716,09-Dec-22,33295.5
nanital BANK,1729,09-Dec-22,44414.3
nanital BANK,1730,09-Dec-22,69415.9
nanital BANK,1731,09-Dec-22,27146.7
nanital BANK,1763,09-Dec-22,65993.8
nanital BANK,1786,09-Dec-22,81836.3
nanital BANK,1790,09-Dec-22,55191.7
nanital BANK,1799,09-Dec-22,22744.2
nanital BANK,1815,09-Dec-22,52429
nanital BANK,1858,09-Dec-22,29600
nanital BANK,1898,09-Dec-22,23288.1
nanital BANK,1904,09-Dec-22,41471.2
nanital BANK,1925,09-Dec-22,33731.3
nanital BANK,1945,09-Dec-22,56466.5
nanital BANK,1982,09-Dec-22,58147.5
nanital BANK,2015,09-Dec-22,32906.6
nanital BANK,2045,08-Dec-22,18372
nanital BANK,2072,08-Dec-22,117397.3
nanital BANK,2087,08-Dec-22,68792.2
nanital BANK,2090,08-Dec-22,27493.5
nanital BANK,2093,08-Dec-22,70495.2
nanital BANK,2107,08-Dec-22,53630.3
nanital BANK,2109,08-Dec-22,103582.1
nanital BANK,2122,08-Dec-22,77022.3
nanital BANK,2142,08-Dec-22,48294.7
nanital BANK,2164,08-Dec-22,86791.5
nanital BANK,2177,08-Dec-22,35595.1
nanital BANK,2226,08-Dec-22,38756
nanital BANK,2230,08-Dec-22,28996.2
nanital BANK,2235,08-Dec-22,58456.6
nanital BANK,2253,08-Dec-22,20526.8
nanital BANK,2275,08-Dec-22,54497.9
nanital BANK,2278,08-Dec-22,58794.3
nanital BANK,2280,08-Dec-22,64732.8
nanital BANK,2304,08-Dec-22,25747.5
nanital BANK,2340,08-Dec-22,43276.7
nanital BANK,2416,08-Dec-22,30403.6
nanital BANK,2445,08-Dec-22,122586.2
nanital BANK,2483,08-Dec-22,61324.1
nanital BANK,2563,08-Dec-22,47397
nanital BANK,2582,08-Dec-22,72717
nanital BANK,2587,08-Dec-22,14432.7
nanital BANK,2613,08-Dec-22,17256.9
nanital BANK,2662,08-Dec-22,29277.9
nanital BANK,2680,08-Dec-22,48432.1
nanital BANK,2689,08-Dec-22,75779.6
nanital BANK,2705,08-Dec-22,50349.4
nanital BANK,2722,08-Dec-22,30852.6
nanital BANK,2734,08-Dec-22,53969.4
nanital BANK,2741,08-Dec-22,36025.9
nanital BANK,2787,08-Dec-22,49577.6
nanital BANK,2799,08-Dec-22,41341.3
nanital BANK,2813,08-Dec-22,63825.2
nanital BANK,2826,08-Dec-22,35479.2
nanital BANK,2827,08-Dec-22,70355.6
nanital BANK,2862,08-Dec-22,23642.2
nanital BANK,2875,08-Dec-22,66043.8
nanital BANK,2889,08-Dec-22,77976
nanital BANK,2920,08-Dec-22,41937.1
nanital BANK,2949,08-Dec-22,16249.4
nanital BANK,2953,08-Dec-22,50036.8
nanital BANK,2995,08-Dec-22,-5243.3
nanital BANK,3024,08-Dec-22,20971.2
nanital BANK,3061,08-Dec-22,20182.2
nanital BANK,3083,08-Dec-22,60800.6
nanital BANK,3116,08-Dec-22,80960
nanital BANK,3131,08-Dec-22,67702.3
nanital BANK,3212,08-Dec-22,61150
nanital BANK,3221,08-Dec-22,41668.9
nanital BANK,3251,08-Dec-22,36955.9
nanital BANK,3261,08-Dec-22,31483.2
nanital BANK,3262,08-Dec-22,54177.2
nanital BANK,3276,08-Dec-22,44496.3
nanital BANK,3281,08-Dec-22,24389
nanital BANK,3289,08-Dec-22,65038.3
nanital BANK,3316,08-Dec-22,48471.2
nanital BANK,3342,08-Dec-22,41754.4
nanital BANK,3344,08-Dec-22,67149.4
nanital BANK,3366,08-Dec-22,51777.1
nanital BANK,3372,08-Dec-22,100766.1
nanital BANK,3376,08-Dec-22,52181.1
nanital BANK,3382,08-Dec-22,3569.2
nanital BANK,3440,08-Dec-22,91335.4
nanital BANK,3454,08-Dec-22,15047
nanital BANK,3466,08-Dec-22,107482.4
nanital BANK,3472,08-Dec-22,121693.8
nanital BANK,3544,08-Dec-22,37676.8
nanital BANK,3572,08-Dec-22,32861.7
nanital BANK,3578,08-Dec-22,95443.4
nanital BANK,3582,08-Dec-22,16768.3
nanital BANK,3586,08-Dec-22,86712.9
nanital BANK,3587,08-Dec-22,15856.6
nanital BANK,3602,08-Dec-22,57571.2
nanital BANK,3667,08-Dec-22,23042.4
nanital BANK,3680,08-Dec-22,30017.4
nanital BANK,3697,08-Dec-22,73444.3
nanital BANK,3709,08-Dec-22,68959.7
nanital BANK,3711,08-Dec-22,5301.2
nanital BANK,3749,08-Dec-22,66678.2
nanital BANK,3751,08-Dec-22,51042.1
nanital BANK,3774,08-Dec-22,32305.7
nanital BANK,3794,08-Dec-22,80743
nanital BANK,3801,08-Dec-22,62303.4
nanital BANK,3805,08-Dec-22,47608.5
nanital BANK,3905,08-Dec-22,26430.1
nanital BANK,3947,08-Dec-22,55139.2
nanital BANK,3983,08-Dec-22,47109.5
nanital BANK,3987,08-Dec-22,22005.3
nanital BANK,3998,08-Dec-22,61250.8
nanital BANK,4008,08-Dec-22,67500
nanital BANK,4034,08-Dec-22,74582.2
nanital BANK,4140,08-Dec-22,48846.8
nanital BANK,4214,08-Dec-22,36034.2
nanital BANK,4264,08-Dec-22,89114.2
nanital BANK,4266,08-Dec-22,38478.5
nanital BANK,4358,08-Dec-22,95780
nanital BANK,4484,08-Dec-22,81689.2
nanital BANK,4493,08-Dec-22,44844.7
nanital BANK,4589,08-Dec-22,16891.8
nanital BANK,4596,08-Dec-22,26233
nanital BANK,4618,08-Dec-22,10630.4
nanital BANK,4794,08-Dec-22,22439.6
nanital BANK,4803,08-Dec-22,38938.4
nanital BANK,4863,08-Dec-22,32466.2
nanital BANK,4981,08-Dec-22,19440.7
nanital BANK,4995,08-Dec-22,23982.8
nanital BANK,5372,08-Dec-22,96505.3
nanital BANK,5429,08-Dec-22,-17045.6
nanital BANK,5481,08-Dec-22,99966.5
nanital BANK,5572,08-Dec-22,59661.3
nanital BANK,5574,08-Dec-22,91617.3
nanital BANK,6075,08-Dec-22,17968.4
nanital BANK,6321,08-Dec-22,19268.6
nanital BANK,6636,08-Dec-22,95750.9
nanital BANK,6738,08-Dec-22,46705.2
nanital BANK,7099,08-Dec-22,36528.1
nanital BANK,7176,08-Dec-22,60554.6
nanital BANK,7181,08-Dec-22,39906
nanital BANK,7637,08-Dec-22,90451.7
nanital BANK,7674,08-Dec-22,36504.9
nanital BANK,8051,08-Dec-22,23702.3
nanital BANK,8092,08-Dec-22,46307.1
nanital BANK,8772,08-Dec-22,25658
nanital BANK,9156,08-Dec-22,15721
nanital BANK,9403,08-Dec-22,29332.2
nanital BANK,10001,08-Dec-22,81613.2
nanital BANK,10361,08-Dec-22,19655.7
nanital BANK,10493,08-Dec-22,85033.8
nanital BANK,10652,08-Dec-22,13202.4
nanital BANK,10679,08-Dec-22,68458.3
nanital BANK,10788,08-Dec-22,22821.1
nanital BANK,11065,08-Dec-22,36864.4
nanital BANK,11123,08-Dec-22,-1535.2
nanital BANK,21,08-Dec-22,61684.5
nanital BANK,27,08-Dec-22,32074.2
nanital BANK,127,08-Dec-22,16921.5
nanital BANK,130,08-Dec-22,26209.5
nanital BANK,172,08-Dec-22,74423.3
nanital BANK,249,08-Dec-22,47283.3
nanital BANK,258,08-Dec-22,22105.9
nanital BANK,269,08-Dec-22,39241.2
nanital BANK,272,08-Dec-22,36576.6
nanital BANK,277,08-Dec-22,80016.6
nanital BANK,289,08-Dec-22,69171.4
nanital BANK,291,08-Dec-22,59820.2
nanital BANK,382,08-Dec-22,24600.7
nanital BANK,396,08-Dec-22,54165.4
nanital BANK,402,08-Dec-22,57638.5
nanital BANK,415,08-Dec-22,48871.7
nanital BANK,469,08-Dec-22,17918.4
nanital BANK,485,08-Dec-22,66701.1
nanital BANK,489,08-Dec-22,43154.4
nanital BANK,525,08-Dec-22,83460
nanital BANK,552,08-Dec-22,18335.7
nanital BANK,582,08-Dec-22,19763.7
nanital BANK,587,08-Dec-22,33900
nanital BANK,596,08-Dec-22,119151.4
nanital BANK,612,08-Dec-22,18090.8
nanital BANK,613,08-Dec-22,37592.2
nanital BANK,631,08-Dec-22,42187.6
nanital BANK,650,08-Dec-22,23834.5
nanital BANK,677,08-Dec-22,50343.7
nanital BANK,686,08-Dec-22,30493.9
nanital BANK,732,08-Dec-22,42781
nanital BANK,748,08-Dec-22,99545.1
nanital BANK,791,08-Dec-22,22730.1
nanital BANK,795,08-Dec-22,75391.8
nanital BANK,843,08-Dec-22,14673.1
nanital BANK,874,08-Dec-22,17251.2
nanital BANK,892,08-Dec-22,48767.9
nanital BANK,896,08-Dec-22,65186.1
nanital BANK,900,08-Dec-22,31575.3
nanital BANK,919,08-Dec-22,54191.7
nanital BANK,944,08-Dec-22,53736.6
nanital BANK,961,08-Dec-22,33392.7
nanital BANK,992,08-Dec-22,29223.6
nanital BANK,1090,08-Dec-22,52812.6
nanital BANK,1108,08-Dec-22,57423.7
nanital BANK,1141,08-Dec-22,18915.7
nanital BANK,1157,08-Dec-22,32580.7
nanital BANK,1169,08-Dec-22,106502.1
nanital BANK,1182,08-Dec-22,52938.2
nanital BANK,1188,08-Dec-22,39559.4
nanital BANK,1200,08-Dec-22,63436.5
nanital BANK,1226,08-Dec-22,20698.9
nanital BANK,1264,08-Dec-22,56922.7
nanital BANK,1276,08-Dec-22,27055.4
nanital BANK,1296,08-Dec-22,30617.5
nanital BANK,1303,08-Dec-22,46502.2
nanital BANK,1312,08-Dec-22,27788.7
nanital BANK,1342,08-Dec-22,40649.1
nanital BANK,1390,08-Dec-22,34020.8
nanital BANK,1423,08-Dec-22,18272.6
nanital BANK,1467,08-Dec-22,86853
nanital BANK,1478,08-Dec-22,105062.3
nanital BANK,1492,08-Dec-22,26765.8
nanital BANK,1497,08-Dec-22,35582.5
nanital BANK,1498,08-Dec-22,45792
nanital BANK,1539,08-Dec-22,27957.7
nanital BANK,1567,08-Dec-22,78563.9
nanital BANK,1575,08-Dec-22,38249.5
nanital BANK,1608,08-Dec-22,20043.5
nanital BANK,1624,08-Dec-22,17239.6
nanital BANK,1632,08-Dec-22,60971.7
nanital BANK,1640,08-Dec-22,63647.2
nanital BANK,1641,08-Dec-22,25420.6
nanital BANK,1647,08-Dec-22,45327.6
nanital BANK,1657,08-Dec-22,21821.2
nanital BANK,1669,08-Dec-22,21099.6
nanital BANK,1674,08-Dec-22,53918.4
nanital BANK,1683,08-Dec-22,40056.1
nanital BANK,1692,08-Dec-22,18630.8
nanital BANK,1697,08-Dec-22,15354
nanital BANK,1705,08-Dec-22,59414.3
nanital BANK,1743,08-Dec-22,49504
nanital BANK,1745,08-Dec-22,66701.8
nanital BANK,1769,08-Dec-22,21582.9
nanital BANK,1772,08-Dec-22,95877.1
nanital BANK,1794,08-Dec-22,24874.7
nanital BANK,1797,08-Dec-22,63619.7
nanital BANK,1863,08-Dec-22,56914.2
nanital BANK,1896,08-Dec-22,34746
nanital BANK,1902,08-Dec-22,49402.2
nanital BANK,1968,08-Dec-22,41260.8
nanital BANK,1976,08-Dec-22,49446.3
nanital BANK,1991,08-Dec-22,93822
nanital BANK,2011,08-Dec-22,23406.6
nanital BANK,2016,08-Dec-22,19641.4
nanital BANK,2022,08-Dec-22,43573.9
nanital BANK,2038,08-Dec-22,42493.9
nanital BANK,2067,15-Dec-22,88163
nanital BANK,2094,15-Dec-22,18090.4
nanital BANK,2158,15-Dec-22,38991.4
nanital BANK,2165,15-Dec-22,38559.8
nanital BANK,2187,15-Dec-22,101616.8
nanital BANK,2191,15-Dec-22,22885.2
nanital BANK,2203,15-Dec-22,19526.7
nanital BANK,2233,15-Dec-22,43928.3
nanital BANK,2252,15-Dec-22,23013.9
nanital BANK,2291,15-Dec-22,19488.7
nanital BANK,2326,15-Dec-22,41179.1
nanital BANK,2388,15-Dec-22,32220.6
nanital BANK,2393,15-Dec-22,47885.5
nanital BANK,2407,15-Dec-22,29082.7
nanital BANK,2410,15-Dec-22,80159.3
nanital BANK,2448,15-Dec-22,16822.7
nanital BANK,2510,15-Dec-22,76222.4
nanital BANK,2527,15-Dec-22,66383.7
nanital BANK,2534,15-Dec-22,18574
nanital BANK,2553,15-Dec-22,41291.8
nanital BANK,2591,15-Dec-22,25752.4
nanital BANK,2594,15-Dec-22,91936.3
nanital BANK,2600,15-Dec-22,69102.7
nanital BANK,2645,15-Dec-22,34465.9
nanital BANK,2655,15-Dec-22,29164
nanital BANK,2677,15-Dec-22,41317.1
nanital BANK,2699,15-Dec-22,64665.9
nanital BANK,2702,15-Dec-22,43838.8
nanital BANK,2759,15-Dec-22,36526.7
nanital BANK,2795,15-Dec-22,64018
nanital BANK,2798,15-Dec-22,51535.1
nanital BANK,2818,15-Dec-22,88242.6
nanital BANK,2835,15-Dec-22,16746.5
nanital BANK,2837,15-Dec-22,45955.5
nanital BANK,2863,15-Dec-22,51195.7
nanital BANK,2877,15-Dec-22,55255
nanital BANK,2910,15-Dec-22,44762.5
nanital BANK,2921,15-Dec-22,33098.6
nanital BANK,2929,15-Dec-22,69839.1
nanital BANK,2931,15-Dec-22,26252.2
nanital BANK,2988,15-Dec-22,58294.4
nanital BANK,3009,15-Dec-22,22734.3
nanital BANK,3028,15-Dec-22,15053.4
nanital BANK,3055,15-Dec-22,40178.2
nanital BANK,3057,15-Dec-22,41676.5
nanital BANK,3089,15-Dec-22,119815.2
nanital BANK,3091,15-Dec-22,66019
nanital BANK,3103,15-Dec-22,37127.6
nanital BANK,3147,15-Dec-22,65625.6
nanital BANK,3166,15-Dec-22,83048.1
nanital BANK,3178,15-Dec-22,19847.6
nanital BANK,3190,15-Dec-22,41824.4
nanital BANK,3192,15-Dec-22,56226
nanital BANK,3195,15-Dec-22,55240.7
nanital BANK,3254,15-Dec-22,16503.3
nanital BANK,3265,15-Dec-22,31635.1
nanital BANK,3277,15-Dec-22,52360.5
nanital BANK,3299,15-Dec-22,11199.3
nanital BANK,3317,15-Dec-22,16834.5
nanital BANK,3322,15-Dec-22,92167.9
nanital BANK,3332,15-Dec-22,61658.8
nanital BANK,3333,15-Dec-22,34885.2
nanital BANK,3373,15-Dec-22,38490.4
nanital BANK,3389,15-Dec-22,53535.9
nanital BANK,3396,15-Dec-22,41272.6
nanital BANK,3398,15-Dec-22,25390.4
nanital BANK,3401,15-Dec-22,33124.2
nanital BANK,3402,15-Dec-22,98511.8
nanital BANK,3405,15-Dec-22,63120.1
nanital BANK,3415,15-Dec-22,28459.6
nanital BANK,3418,15-Dec-22,43904.2
nanital BANK,3422,15-Dec-22,35860.6
nanital BANK,3424,15-Dec-22,94912.5
nanital BANK,3438,15-Dec-22,20466.5
nanital BANK,3461,15-Dec-22,21400
nanital BANK,3463,15-Dec-22,32879.9
nanital BANK,3464,15-Dec-22,62231.4
nanital BANK,3495,15-Dec-22,58353.5
nanital BANK,3522,15-Dec-22,22765.8
nanital BANK,3537,15-Dec-22,16437.5
nanital BANK,3541,15-Dec-22,32098.8
nanital BANK,3585,15-Dec-22,31376.2
nanital BANK,3591,15-Dec-22,44993.7
nanital BANK,3604,15-Dec-22,44558.8
nanital BANK,3622,15-Dec-22,29313.5
nanital BANK,3648,15-Dec-22,33733.3
nanital BANK,3663,15-Dec-22,47875.8
nanital BANK,3673,15-Dec-22,15733
nanital BANK,3683,15-Dec-22,67372.7
nanital BANK,3739,15-Dec-22,50294.1
nanital BANK,3747,15-Dec-22,17004.5
nanital BANK,3767,15-Dec-22,61983.5
nanital BANK,3769,15-Dec-22,26498.8
nanital BANK,3786,15-Dec-22,61060.5
nanital BANK,3795,15-Dec-22,60784.8
nanital BANK,3833,15-Dec-22,43252.2
nanital BANK,3835,15-Dec-22,39943.3
nanital BANK,3880,15-Dec-22,34604.3
nanital BANK,3892,15-Dec-22,11337.3
nanital BANK,3942,15-Dec-22,105681.4
nanital BANK,3952,15-Dec-22,20046.5
nanital BANK,3961,15-Dec-22,11520.8
nanital BANK,3970,15-Dec-22,69936
nanital BANK,3973,15-Dec-22,32076.4
nanital BANK,4001,15-Dec-22,13767.2
nanital BANK,4003,15-Dec-22,61397
nanital BANK,4109,15-Dec-22,48189.5
nanital BANK,4156,15-Dec-22,20761.5
nanital BANK,4260,15-Dec-22,51782.8
nanital BANK,4276,15-Dec-22,95339
nanital BANK,4347,15-Dec-22,25782.4
nanital BANK,4379,15-Dec-22,12342.2
nanital BANK,4385,15-Dec-22,29824.7
nanital BANK,4386,15-Dec-22,53673.8
nanital BANK,4588,15-Dec-22,-684
nanital BANK,4937,15-Dec-22,43004.5
nanital BANK,5256,15-Dec-22,45370.8
nanital BANK,5267,15-Dec-22,47891.1
nanital BANK,5622,15-Dec-22,67777.7
nanital BANK,5708,15-Dec-22,28813.4
nanital BANK,5724,15-Dec-22,62105.9
nanital BANK,5984,15-Dec-22,12189.8
nanital BANK,6061,15-Dec-22,50942
nanital BANK,6226,15-Dec-22,94456.6
nanital BANK,6265,15-Dec-22,37732.4
nanital BANK,6273,15-Dec-22,47484.6
nanital BANK,6289,15-Dec-22,73292.3
nanital BANK,6461,15-Dec-22,25369.7
nanital BANK,6510,15-Dec-22,43506.8
nanital BANK,6866,15-Dec-22,25431
nanital BANK,6872,15-Dec-22,59009.3
nanital BANK,7424,15-Dec-22,29151.6
nanital BANK,7562,15-Dec-22,78959.1
nanital BANK,7607,15-Dec-22,53025.8
nanital BANK,7769,15-Dec-22,54408.8
nanital BANK,7819,15-Dec-22,23974.5
nanital BANK,8027,15-Dec-22,46913.5
nanital BANK,8316,15-Dec-22,56041.3
nanital BANK,8405,15-Dec-22,47229
nanital BANK,8523,15-Dec-22,64256.9
nanital BANK,8639,15-Dec-22,29904.2
nanital BANK,8645,15-Dec-22,37352.8
nanital BANK,8759,15-Dec-22,29849.9
nanital BANK,8899,15-Dec-22,88125.8
nanital BANK,8982,15-Dec-22,113480.2
nanital BANK,9627,15-Dec-22,76710.8
nanital BANK,10243,15-Dec-22,112660.4
nanital BANK,10351,15-Dec-22,14898.4
nanital BANK,10404,15-Dec-22,50136.1
nanital BANK,10445,15-Dec-22,78242.7
nanital BANK,10799,15-Dec-22,56468.6
nanital BANK,10906,15-Dec-22,101553
nanital BANK,11135,15-Dec-22,60227.6
nanital BANK,11141,15-Dec-22,144498.2
nanital BANK,11333,15-Dec-22,63654
nanital BANK,66,15-Dec-22,99826.8
nanital BANK,68,15-Dec-22,96761.8
nanital BANK,97,15-Dec-22,61877.1
nanital BANK,107,15-Dec-22,45357.6
nanital BANK,119,15-Dec-22,57199.1
nanital BANK,181,15-Dec-22,32368.5
nanital BANK,186,15-Dec-22,87075.3
nanital BANK,195,15-Dec-22,49228
nanital BANK,239,15-Dec-22,34801
nanital BANK,246,15-Dec-22,17142.8
nanital BANK,268,15-Dec-22,40652.8
nanital BANK,273,15-Dec-22,40303.1
nanital BANK,278,15-Dec-22,96477.7
nanital BANK,328,15-Dec-22,13019.7
nanital BANK,329,15-Dec-22,74836.2
nanital BANK,340,15-Dec-22,42989.2
nanital BANK,345,15-Dec-22,82565.4
nanital BANK,371,15-Dec-22,59495
nanital BANK,393,15-Dec-22,34182.6
nanital BANK,430,15-Dec-22,64436.8
nanital BANK,438,15-Dec-22,19522.5
nanital BANK,446,15-Dec-22,49336.4
nanital BANK,512,15-Dec-22,68960.2
nanital BANK,520,15-Dec-22,33773
nanital BANK,555,15-Dec-22,27099.5
nanital BANK,563,15-Dec-22,22958.9
nanital BANK,636,15-Dec-22,14090.7
nanital BANK,669,15-Dec-22,19224.9
nanital BANK,671,15-Dec-22,14080.7
nanital BANK,673,15-Dec-22,39880.4
nanital BANK,674,15-Dec-22,19494.8
nanital BANK,676,15-Dec-22,42305.7
nanital BANK,679,15-Dec-22,61078.5
nanital BANK,697,15-Dec-22,99429.7
nanital BANK,711,15-Dec-22,36033
nanital BANK,750,15-Dec-22,40030.9
nanital BANK,778,15-Dec-22,37000
nanital BANK,789,15-Dec-22,20671.5
nanital BANK,800,15-Dec-22,32694.3
nanital BANK,806,15-Dec-22,19132.5
nanital BANK,850,15-Dec-22,48618.5
nanital BANK,862,15-Dec-22,114719.1
nanital BANK,963,15-Dec-22,82891.6
nanital BANK,994,15-Dec-22,48293.5
nanital BANK,995,15-Dec-22,29442.4
nanital BANK,998,15-Dec-22,22168.9
nanital BANK,1003,15-Dec-22,73867.1
nanital BANK,1012,15-Dec-22,48430.4
nanital BANK,1014,15-Dec-22,23390.1
nanital BANK,1031,15-Dec-22,52520.9
nanital BANK,1054,15-Dec-22,24332.2
nanital BANK,1101,15-Dec-22,42908.9
nanital BANK,1146,15-Dec-22,71876.4
nanital BANK,1159,15-Dec-22,36896.4
nanital BANK,1219,15-Dec-22,25301.2
nanital BANK,1247,15-Dec-22,107608
nanital BANK,1251,15-Dec-22,66154.3
nanital BANK,1253,15-Dec-22,70247.5
nanital BANK,1259,15-Dec-22,45879.3
nanital BANK,1271,15-Dec-22,19782.2
nanital BANK,1293,15-Dec-22,48479
nanital BANK,1298,15-Dec-22,42011
nanital BANK,1304,15-Dec-22,28068.9
nanital BANK,1355,15-Dec-22,58064.5
nanital BANK,1369,15-Dec-22,54193.2
nanital BANK,1374,15-Dec-22,47519.9
nanital BANK,1396,15-Dec-22,33382.2
nanital BANK,1404,15-Dec-22,58352
nanital BANK,1417,15-Dec-22,101953.9
nanital BANK,1437,15-Dec-22,22375.4
nanital BANK,1475,15-Dec-22,53002.5
nanital BANK,1510,15-Dec-22,37990.3
nanital BANK,1526,15-Dec-22,80409.4
nanital BANK,1527,15-Dec-22,75102
nanital BANK,1538,15-Dec-22,21467.1
nanital BANK,1540,15-Dec-22,99036.5
nanital BANK,1544,15-Dec-22,48537
nanital BANK,1553,15-Dec-22,21483.6
nanital BANK,1572,15-Dec-22,27597.3
nanital BANK,1602,15-Dec-22,32280.7
nanital BANK,1604,15-Dec-22,61623.2
nanital BANK,1628,15-Dec-22,23665
nanital BANK,1672,15-Dec-22,50569.8
nanital BANK,1711,15-Dec-22,25624.8
nanital BANK,1713,15-Dec-22,17268.7
nanital BANK,1723,15-Dec-22,66417.3
nanital BANK,1762,15-Dec-22,29183.8
nanital BANK,1777,15-Dec-22,76723.6
nanital BANK,1801,15-Dec-22,58838.7
nanital BANK,1812,15-Dec-22,17041.4
nanital BANK,1824,15-Dec-22,88917.6
nanital BANK,1828,15-Dec-22,64238.9
nanital BANK,1831,15-Dec-22,27404
nanital BANK,1871,15-Dec-22,31588.1
nanital BANK,1888,15-Dec-22,-3369.8
nanital BANK,1948,15-Dec-22,64767.1
nanital BANK,1952,15-Dec-22,47290.1
nanital BANK,1953,15-Dec-22,53651.9
nanital BANK,1975,15-Dec-22,27218
nanital BANK,1989,15-Dec-22,28623.2
nanital BANK,2036,15-Dec-22,38847.8
nanital BANK,2046,16-Dec-22,31427.4
nanital BANK,2065,16-Dec-22,20979
nanital BANK,2089,16-Dec-22,-1820.9
nanital BANK,2111,16-Dec-22,60391.8
nanital BANK,2113,16-Dec-22,14875.9
nanital BANK,2159,16-Dec-22,58062.3
nanital BANK,2162,16-Dec-22,58587
nanital BANK,2195,16-Dec-22,89173.8
nanital BANK,2196,16-Dec-22,16631.1
nanital BANK,2218,16-Dec-22,81321.3
nanital BANK,2247,16-Dec-22,28273.9
nanital BANK,2265,16-Dec-22,50104.1
nanital BANK,2288,16-Dec-22,83286.5
nanital BANK,2297,16-Dec-22,20902.3
nanital BANK,2315,16-Dec-22,38618.7
nanital BANK,2349,16-Dec-22,13562.3
nanital BANK,2356,16-Dec-22,26512.3
nanital BANK,2380,16-Dec-22,34787.4
nanital BANK,2444,16-Dec-22,97091.8
nanital BANK,2450,16-Dec-22,105553
nanital BANK,2467,16-Dec-22,88332.9
nanital BANK,2476,16-Dec-22,14386
nanital BANK,2486,16-Dec-22,83241.6
nanital BANK,2491,16-Dec-22,27403
nanital BANK,2502,16-Dec-22,26270
nanital BANK,2532,16-Dec-22,36652
nanital BANK,2541,16-Dec-22,67450.5
nanital BANK,2545,16-Dec-22,20080.1
nanital BANK,2555,16-Dec-22,88584
nanital BANK,2578,16-Dec-22,19895
nanital BANK,2597,16-Dec-22,26540.3
nanital BANK,2642,16-Dec-22,6980.9
nanital BANK,2646,16-Dec-22,33806.6
nanital BANK,2667,16-Dec-22,25240
nanital BANK,2679,16-Dec-22,29760.1
nanital BANK,2697,16-Dec-22,74850.4
nanital BANK,2713,16-Dec-22,54154.4
nanital BANK,2738,16-Dec-22,48724.2
nanital BANK,2772,16-Dec-22,73213.8
nanital BANK,2774,16-Dec-22,23954.8
nanital BANK,2779,16-Dec-22,81534.4
nanital BANK,2908,16-Dec-22,80021.8
nanital BANK,2914,16-Dec-22,40157.8
nanital BANK,2968,16-Dec-22,45376.8
nanital BANK,2978,16-Dec-22,12490.1
nanital BANK,2992,16-Dec-22,47477.7
nanital BANK,3049,16-Dec-22,63386.8
nanital BANK,3051,16-Dec-22,59453.3
nanital BANK,3074,16-Dec-22,48254.1
nanital BANK,3114,16-Dec-22,44772.2
nanital BANK,3128,16-Dec-22,70890.9
nanital BANK,3141,16-Dec-22,106447.7
nanital BANK,3158,16-Dec-22,23302.4
nanital BANK,3161,16-Dec-22,36052
nanital BANK,3170,16-Dec-22,43808.5
nanital BANK,3179,16-Dec-22,38117.5
nanital BANK,3181,16-Dec-22,54939.3
nanital BANK,3189,16-Dec-22,20458.2
nanital BANK,3220,16-Dec-22,56091.8
nanital BANK,3237,16-Dec-22,72080.2
nanital BANK,3259,16-Dec-22,52094
nanital BANK,3264,16-Dec-22,27720
nanital BANK,3269,16-Dec-22,25844.5
nanital BANK,3270,16-Dec-22,65476.2
nanital BANK,3311,16-Dec-22,77149.3
nanital BANK,3318,16-Dec-22,13911.9
nanital BANK,3337,16-Dec-22,64660.7
nanital BANK,3339,16-Dec-22,33859.7
nanital BANK,3369,16-Dec-22,58567.4
nanital BANK,3374,16-Dec-22,15829.5
nanital BANK,3394,16-Dec-22,24260.1
nanital BANK,3446,16-Dec-22,40733
nanital BANK,3452,16-Dec-22,21256.4
nanital BANK,3458,16-Dec-22,25259.3
nanital BANK,3462,16-Dec-22,48106.1
nanital BANK,3493,16-Dec-22,38238.2
nanital BANK,3498,16-Dec-22,32734
nanital BANK,3539,16-Dec-22,41864.2
nanital BANK,3567,16-Dec-22,37650.5
nanital BANK,3568,16-Dec-22,15993.8
nanital BANK,3609,16-Dec-22,106410.7
nanital BANK,3610,16-Dec-22,21398.5
nanital BANK,3618,16-Dec-22,94917.3
nanital BANK,3620,16-Dec-22,27932.6
nanital BANK,3632,16-Dec-22,89217.5
nanital BANK,3652,16-Dec-22,21145
nanital BANK,3677,16-Dec-22,14847.9
nanital BANK,3723,16-Dec-22,74814.3
nanital BANK,3727,16-Dec-22,78356.4
nanital BANK,3732,16-Dec-22,28210.8
nanital BANK,3752,16-Dec-22,88927.7
nanital BANK,3754,16-Dec-22,77061.8
nanital BANK,3768,16-Dec-22,76124.7
nanital BANK,3770,16-Dec-22,75194.5
nanital BANK,3771,16-Dec-22,93709.7
nanital BANK,3783,16-Dec-22,23017.4
nanital BANK,3804,16-Dec-22,39715.8
nanital BANK,3817,16-Dec-22,32156
nanital BANK,3826,16-Dec-22,56792.5
nanital BANK,3837,16-Dec-22,42516.7
nanital BANK,3843,16-Dec-22,35695.1
nanital BANK,3876,16-Dec-22,24299.5
nanital BANK,3878,16-Dec-22,22537.1
nanital BANK,3881,16-Dec-22,33078.7
nanital BANK,3885,16-Dec-22,25544.3
nanital BANK,3894,16-Dec-22,52417.4
nanital BANK,3899,16-Dec-22,44099.8
nanital BANK,3921,16-Dec-22,38866.7
nanital BANK,3922,16-Dec-22,11658.2
nanital BANK,3928,16-Dec-22,43144.7
nanital BANK,3964,16-Dec-22,13123.9
nanital BANK,3995,16-Dec-22,60530.9
nanital BANK,4052,16-Dec-22,76985.3
nanital BANK,4088,16-Dec-22,20073.3
nanital BANK,4130,16-Dec-22,45595.8
nanital BANK,4208,16-Dec-22,26363.8
nanital BANK,4330,16-Dec-22,69857.1
nanital BANK,4336,16-Dec-22,59492.4
nanital BANK,4454,16-Dec-22,62952.9
nanital BANK,4480,16-Dec-22,38543.1
nanital BANK,5369,16-Dec-22,4409.2
nanital BANK,5593,16-Dec-22,52666.3
nanital BANK,5602,16-Dec-22,34126.1
nanital BANK,5698,16-Dec-22,46096.3
nanital BANK,5740,16-Dec-22,7657.7
nanital BANK,5868,16-Dec-22,87261
nanital BANK,6062,16-Dec-22,63670.8
nanital BANK,6138,16-Dec-22,38125.7
nanital BANK,6358,16-Dec-22,36672.5
nanital BANK,6806,16-Dec-22,58562.7
nanital BANK,6950,16-Dec-22,58782.4
nanital BANK,7045,16-Dec-22,83030.2
nanital BANK,7156,16-Dec-22,59506.4
nanital BANK,7944,16-Dec-22,113175.2
nanital BANK,8377,16-Dec-22,36612.5
nanital BANK,8475,16-Dec-22,37927.5
nanital BANK,8628,16-Dec-22,36849.6
nanital BANK,8856,16-Dec-22,155592.5
nanital BANK,8931,16-Dec-22,61503.8
nanital BANK,9208,16-Dec-22,26823.6
nanital BANK,9472,16-Dec-22,53708.9
nanital BANK,9703,16-Dec-22,73859.2
nanital BANK,9826,16-Dec-22,27713
nanital BANK,10065,16-Dec-22,78606.4
nanital BANK,10233,16-Dec-22,48176.1
nanital BANK,10297,16-Dec-22,77372.3
nanital BANK,10365,16-Dec-22,55072
nanital BANK,10439,16-Dec-22,96345.8
nanital BANK,10440,16-Dec-22,51824.2
nanital BANK,10807,16-Dec-22,105081.3
nanital BANK,10940,16-Dec-22,64200.4
nanital BANK,11079,16-Dec-22,101398.1
nanital BANK,36,16-Dec-22,78825.7
nanital BANK,50,16-Dec-22,87388
nanital BANK,51,16-Dec-22,97829.4
nanital BANK,52,16-Dec-22,22535.3
nanital BANK,72,16-Dec-22,40269.2
nanital BANK,89,16-Dec-22,37774.8
nanital BANK,95,16-Dec-22,80126.2
nanital BANK,117,16-Dec-22,16610.6
nanital BANK,120,16-Dec-22,25719.5
nanital BANK,124,16-Dec-22,13509.3
nanital BANK,125,16-Dec-22,64664.7
nanital BANK,129,16-Dec-22,19781.6
nanital BANK,142,16-Dec-22,22707.3
nanital BANK,217,16-Dec-22,24198.7
nanital BANK,226,16-Dec-22,44283.9
nanital BANK,264,16-Dec-22,35260.3
nanital BANK,265,16-Dec-22,20674
nanital BANK,299,16-Dec-22,83991.9
nanital BANK,309,16-Dec-22,29159.8
nanital BANK,331,16-Dec-22,18045.9
nanital BANK,338,16-Dec-22,17460.1
nanital BANK,354,16-Dec-22,82310.1
nanital BANK,359,16-Dec-22,24405.1
nanital BANK,363,16-Dec-22,77370.7
nanital BANK,365,16-Dec-22,22478.4
nanital BANK,426,16-Dec-22,28859.9
nanital BANK,429,16-Dec-22,70596.1
nanital BANK,439,16-Dec-22,28645.4
nanital BANK,440,16-Dec-22,60924.3
nanital BANK,444,16-Dec-22,46595.6
nanital BANK,461,16-Dec-22,73964.3
nanital BANK,486,16-Dec-22,104876.9
nanital BANK,524,16-Dec-22,91888.4
nanital BANK,531,16-Dec-22,33524.9
nanital BANK,591,16-Dec-22,22658.6
nanital BANK,595,16-Dec-22,93003.2
nanital BANK,626,16-Dec-22,36543
nanital BANK,628,16-Dec-22,28595.7
nanital BANK,629,16-Dec-22,27052.6
nanital BANK,638,16-Dec-22,30600.1
nanital BANK,651,16-Dec-22,46648.8
nanital BANK,655,16-Dec-22,93292
nanital BANK,675,16-Dec-22,66688.8
nanital BANK,741,16-Dec-22,56356.3
nanital BANK,749,16-Dec-22,30070.4
nanital BANK,754,16-Dec-22,22393
nanital BANK,793,16-Dec-22,19317.5
nanital BANK,805,16-Dec-22,18264.7
nanital BANK,816,16-Dec-22,100606.8
nanital BANK,841,16-Dec-22,42657.7
nanital BANK,849,16-Dec-22,-399.8
nanital BANK,861,16-Dec-22,19649.3
nanital BANK,893,16-Dec-22,90872
nanital BANK,926,16-Dec-22,24909.8
nanital BANK,943,16-Dec-22,27685.6
nanital BANK,946,16-Dec-22,38317.7
nanital BANK,950,16-Dec-22,89042.1
nanital BANK,965,16-Dec-22,18316.4
nanital BANK,1024,16-Dec-22,20350.5
nanital BANK,1032,16-Dec-22,99514.2
nanital BANK,1065,16-Dec-22,20159.9
nanital BANK,1067,16-Dec-22,117199.1
nanital BANK,1077,16-Dec-22,61084.7
nanital BANK,1096,16-Dec-22,25402
nanital BANK,1125,16-Dec-22,32917
nanital BANK,1150,16-Dec-22,46870.6
nanital BANK,1158,16-Dec-22,41477.7
nanital BANK,1160,16-Dec-22,66264.8
nanital BANK,1189,16-Dec-22,31260.9
nanital BANK,1190,16-Dec-22,23701.3
nanital BANK,1241,16-Dec-22,13953.5
nanital BANK,1272,16-Dec-22,97982.7
nanital BANK,1403,16-Dec-22,25125.6
nanital BANK,1444,16-Dec-22,57865.8
nanital BANK,1449,16-Dec-22,58645.6
nanital BANK,1502,16-Dec-22,35575.2
nanital BANK,1515,16-Dec-22,49243.1
nanital BANK,1522,16-Dec-22,60704.7
nanital BANK,1578,16-Dec-22,50945.1
nanital BANK,1585,16-Dec-22,30189.2
nanital BANK,1597,16-Dec-22,31730.5
nanital BANK,1598,16-Dec-22,93180.8
nanital BANK,1612,16-Dec-22,45448.5
nanital BANK,1619,16-Dec-22,46118.9
nanital BANK,1633,16-Dec-22,17517.8
nanital BANK,1659,16-Dec-22,36874.4
nanital BANK,1682,16-Dec-22,38632.9
nanital BANK,1751,16-Dec-22,37610.5
nanital BANK,1756,16-Dec-22,81831.2
nanital BANK,1757,16-Dec-22,59288
nanital BANK,1809,16-Dec-22,62644.5
nanital BANK,1810,16-Dec-22,26794.6
nanital BANK,1816,16-Dec-22,19112.4
nanital BANK,1838,16-Dec-22,58183.2
nanital BANK,1843,16-Dec-22,33441.9
nanital BANK,1866,16-Dec-22,50117.3
nanital BANK,1901,16-Dec-22,20568.1
nanital BANK,1916,16-Dec-22,62845.8
nanital BANK,1922,16-Dec-22,55272.8
nanital BANK,1943,16-Dec-22,46183
nanital BANK,1972,16-Dec-22,24191.8
nanital BANK,1983,16-Dec-22,81775.9
nanital BANK,2008,16-Dec-22,93702.2
nanital BANK,2017,16-Dec-22,13916.8
nanital BANK,2026,16-Dec-22,71247.6
nanital BANK,2035,16-Dec-22,75100.8
nanital BANK,2041,16-Dec-22,61380.6
nanital BANK,2043,11-Dec-22,20079.8
nanital BANK,2044,11-Dec-22,68114.9
nanital BANK,2052,11-Dec-22,53225.6
nanital BANK,2056,11-Dec-22,31755
nanital BANK,2060,11-Dec-22,34255.6
nanital BANK,2071,11-Dec-22,53362.4
nanital BANK,2117,11-Dec-22,24023.2
nanital BANK,2126,11-Dec-22,61426.7
nanital BANK,2194,11-Dec-22,52019.8
nanital BANK,2197,11-Dec-22,67435.8
nanital BANK,2231,11-Dec-22,25299
nanital BANK,2246,11-Dec-22,41588.9
nanital BANK,2312,11-Dec-22,13541.5
nanital BANK,2323,11-Dec-22,76845.4
nanital BANK,2324,11-Dec-22,26558.1
nanital BANK,2344,11-Dec-22,29935.2
nanital BANK,2352,11-Dec-22,70187.3
nanital BANK,2364,11-Dec-22,15122.6
nanital BANK,2372,11-Dec-22,13516.2
nanital BANK,2383,11-Dec-22,63924.8
nanital BANK,2394,11-Dec-22,34916.1
nanital BANK,2395,11-Dec-22,48598.7
nanital BANK,2427,11-Dec-22,39800.4
nanital BANK,2435,11-Dec-22,38836.7
nanital BANK,2436,11-Dec-22,91923.7
nanital BANK,2446,11-Dec-22,63046.9
nanital BANK,2452,11-Dec-22,25933.7
nanital BANK,2477,11-Dec-22,20001.7
nanital BANK,2481,11-Dec-22,14900
nanital BANK,2514,11-Dec-22,104468.8
nanital BANK,2525,11-Dec-22,18785.2
nanital BANK,2531,11-Dec-22,38419.3
nanital BANK,2547,11-Dec-22,91645.7
nanital BANK,2550,11-Dec-22,96270.8
nanital BANK,2556,11-Dec-22,13213.3
nanital BANK,2583,11-Dec-22,78055.3
nanital BANK,2592,11-Dec-22,95343.5
nanital BANK,2595,11-Dec-22,30693
nanital BANK,2608,11-Dec-22,32369.8
nanital BANK,2615,11-Dec-22,62515.3
nanital BANK,2620,11-Dec-22,52461.3
nanital BANK,2627,11-Dec-22,24221.9
nanital BANK,2649,11-Dec-22,74580.7
nanital BANK,2673,11-Dec-22,32125.2
nanital BANK,2687,11-Dec-22,27432.1
nanital BANK,2712,11-Dec-22,18318.9
nanital BANK,2746,11-Dec-22,30702.5
nanital BANK,2778,11-Dec-22,33639.3
nanital BANK,2800,11-Dec-22,65156
nanital BANK,2825,11-Dec-22,65639.7
nanital BANK,2834,11-Dec-22,68751.5
nanital BANK,2841,11-Dec-22,30203.8
nanital BANK,2843,11-Dec-22,37966.4
nanital BANK,2861,11-Dec-22,23624.5
nanital BANK,2884,11-Dec-22,104638.2
nanital BANK,2892,11-Dec-22,37900
nanital BANK,2894,11-Dec-22,144616.5
nanital BANK,2899,11-Dec-22,86566.6
nanital BANK,2905,11-Dec-22,62007.3
nanital BANK,2967,11-Dec-22,35125.6
nanital BANK,2990,11-Dec-22,45263.1
nanital BANK,2998,11-Dec-22,50340.9
nanital BANK,3006,11-Dec-22,15275.1
nanital BANK,3007,11-Dec-22,46674.3
nanital BANK,3027,11-Dec-22,19631.6
nanital BANK,3047,11-Dec-22,21901.5
nanital BANK,3069,11-Dec-22,115033.2
nanital BANK,3071,11-Dec-22,76045.6
nanital BANK,3076,11-Dec-22,24084.8
nanital BANK,3077,11-Dec-22,71960.8
nanital BANK,3112,11-Dec-22,81650.9
nanital BANK,3156,11-Dec-22,63157.8
nanital BANK,3218,11-Dec-22,19210.3
nanital BANK,3228,11-Dec-22,45638.8
nanital BANK,3235,11-Dec-22,98120.8
nanital BANK,3242,11-Dec-22,41111.7
nanital BANK,3267,11-Dec-22,63014.6
nanital BANK,3293,11-Dec-22,81594.5
nanital BANK,3301,11-Dec-22,12537.7
nanital BANK,3324,11-Dec-22,59478.1
nanital BANK,3379,11-Dec-22,60282.9
nanital BANK,3399,11-Dec-22,44713.5
nanital BANK,3413,11-Dec-22,105592.4
nanital BANK,3421,11-Dec-22,75743.6
nanital BANK,3431,11-Dec-22,30099.1
nanital BANK,3437,11-Dec-22,105342.9
nanital BANK,3478,11-Dec-22,38663.5
nanital BANK,3479,11-Dec-22,68768
nanital BANK,3502,11-Dec-22,81076.7
nanital BANK,3516,11-Dec-22,128584.6
nanital BANK,3531,11-Dec-22,40485.9
nanital BANK,3559,11-Dec-22,60548.3
nanital BANK,3606,11-Dec-22,71697.9
nanital BANK,3645,11-Dec-22,37632.8
nanital BANK,3649,11-Dec-22,51012.8
nanital BANK,3650,11-Dec-22,48128.6
nanital BANK,3651,11-Dec-22,43295.1
nanital BANK,3653,11-Dec-22,82471.2
nanital BANK,3655,11-Dec-22,43188.1
nanital BANK,3674,11-Dec-22,92695.3
nanital BANK,3742,11-Dec-22,18864.1
nanital BANK,3755,11-Dec-22,30116.4
nanital BANK,3763,11-Dec-22,32627.6
nanital BANK,3793,11-Dec-22,31585.4
nanital BANK,3867,11-Dec-22,38197.4
nanital BANK,3887,11-Dec-22,47228.8
nanital BANK,3927,11-Dec-22,42865.2
nanital BANK,3931,11-Dec-22,85249.7
nanital BANK,3933,11-Dec-22,13946.9
nanital BANK,3934,11-Dec-22,20749.3
nanital BANK,3951,11-Dec-22,17366.1
nanital BANK,3956,11-Dec-22,75510.8
nanital BANK,3967,11-Dec-22,75413.9
nanital BANK,3980,11-Dec-22,68941.5
nanital BANK,4013,11-Dec-22,61967
nanital BANK,4059,11-Dec-22,-15431.9
nanital BANK,4078,11-Dec-22,117993.7
nanital BANK,4150,11-Dec-22,66740.4
nanital BANK,4328,11-Dec-22,12007.8
nanital BANK,4352,11-Dec-22,65520.4
nanital BANK,4377,11-Dec-22,38625.9
nanital BANK,4389,11-Dec-22,49983.5
nanital BANK,4526,11-Dec-22,84855.8
nanital BANK,4660,11-Dec-22,49228.3
nanital BANK,4774,11-Dec-22,97955.3
nanital BANK,5126,11-Dec-22,21707.8
nanital BANK,5366,11-Dec-22,-22975.5
nanital BANK,5387,11-Dec-22,11272
nanital BANK,5445,11-Dec-22,48316
nanital BANK,5628,11-Dec-22,44154.7
nanital BANK,5692,11-Dec-22,39954
nanital BANK,5767,11-Dec-22,12443.7
nanital BANK,5794,11-Dec-22,107382.3
nanital BANK,6040,11-Dec-22,53138.8
nanital BANK,6083,11-Dec-22,5193.4
nanital BANK,6118,11-Dec-22,45187.7
nanital BANK,6363,11-Dec-22,74654.5
nanital BANK,6397,11-Dec-22,72901.3
nanital BANK,6425,11-Dec-22,30808.5
nanital BANK,6592,11-Dec-22,84758
nanital BANK,6902,11-Dec-22,30989.6
nanital BANK,7033,11-Dec-22,-2589.6
nanital BANK,7184,11-Dec-22,62695.9
nanital BANK,7523,11-Dec-22,37285.5
nanital BANK,7890,11-Dec-22,58865.7
nanital BANK,7997,11-Dec-22,45318.9
nanital BANK,8026,11-Dec-22,108265.5
nanital BANK,8566,11-Dec-22,18581
nanital BANK,9093,11-Dec-22,61865.4
nanital BANK,9140,11-Dec-22,23004.3
nanital BANK,9236,11-Dec-22,110740.1
nanital BANK,9337,11-Dec-22,29998.3
nanital BANK,9493,11-Dec-22,93288.9
nanital BANK,9731,11-Dec-22,18759.6
nanital BANK,10215,11-Dec-22,87972.5
nanital BANK,10220,11-Dec-22,37681.2
nanital BANK,10645,11-Dec-22,48010.3
nanital BANK,10656,11-Dec-22,19442.9
nanital BANK,10670,11-Dec-22,96126.9
nanital BANK,10942,11-Dec-22,42736.1
nanital BANK,11359,11-Dec-22,38550.8
nanital BANK,3,11-Dec-22,53446.5
nanital BANK,32,11-Dec-22,90565
nanital BANK,35,11-Dec-22,22316.4
nanital BANK,39,11-Dec-22,16397.3
nanital BANK,113,11-Dec-22,26243.6
nanital BANK,115,11-Dec-22,38575.8
nanital BANK,118,11-Dec-22,29362.5
nanital BANK,136,11-Dec-22,26980.1
nanital BANK,153,11-Dec-22,27139.6
nanital BANK,166,11-Dec-22,24608.1
nanital BANK,201,11-Dec-22,53401.6
nanital BANK,211,11-Dec-22,59843.8
nanital BANK,213,11-Dec-22,42873.7
nanital BANK,252,11-Dec-22,52030.3
nanital BANK,274,11-Dec-22,42588.9
nanital BANK,311,11-Dec-22,68832.5
nanital BANK,314,11-Dec-22,31940.1
nanital BANK,386,11-Dec-22,82240.9
nanital BANK,395,11-Dec-22,27224
nanital BANK,414,11-Dec-22,65216.8
nanital BANK,424,11-Dec-22,52972.5
nanital BANK,478,11-Dec-22,93237.7
nanital BANK,491,11-Dec-22,53023.7
nanital BANK,505,11-Dec-22,19504.8
nanital BANK,506,11-Dec-22,58524.7
nanital BANK,513,11-Dec-22,75549.2
nanital BANK,517,11-Dec-22,97295.7
nanital BANK,529,11-Dec-22,37925.1
nanital BANK,557,11-Dec-22,18390.8
nanital BANK,558,11-Dec-22,52830.7
nanital BANK,572,11-Dec-22,80870.5
nanital BANK,578,11-Dec-22,36932.6
nanital BANK,617,11-Dec-22,15090.6
nanital BANK,627,11-Dec-22,100895.6
nanital BANK,646,11-Dec-22,30546.2
nanital BANK,657,11-Dec-22,63114
nanital BANK,662,11-Dec-22,20883.2
nanital BANK,678,11-Dec-22,17530.4
nanital BANK,688,11-Dec-22,16752
nanital BANK,692,11-Dec-22,38911
nanital BANK,694,11-Dec-22,35681.3
nanital BANK,696,11-Dec-22,56148
nanital BANK,706,11-Dec-22,50774.8
nanital BANK,720,11-Dec-22,22246.1
nanital BANK,722,11-Dec-22,13235.6
nanital BANK,736,11-Dec-22,18950
nanital BANK,747,11-Dec-22,23156.1
nanital BANK,753,11-Dec-22,18492
nanital BANK,755,11-Dec-22,67676.3
nanital BANK,757,11-Dec-22,77699.8
nanital BANK,768,11-Dec-22,39673.1
nanital BANK,782,11-Dec-22,83778.2
nanital BANK,786,11-Dec-22,88458.8
nanital BANK,790,11-Dec-22,26873.1
nanital BANK,796,11-Dec-22,22964.4
nanital BANK,813,11-Dec-22,55938.4
nanital BANK,821,11-Dec-22,23680.5
nanital BANK,824,11-Dec-22,55771.1
nanital BANK,909,11-Dec-22,18409.1
nanital BANK,918,11-Dec-22,39533.6
nanital BANK,927,11-Dec-22,26287.6
nanital BANK,940,11-Dec-22,115860.2
nanital BANK,954,11-Dec-22,30906.5
nanital BANK,962,11-Dec-22,20727.9
nanital BANK,971,11-Dec-22,29676.3
nanital BANK,996,11-Dec-22,24171.4
nanital BANK,1006,11-Dec-22,50038.5
nanital BANK,1015,11-Dec-22,18034.6
nanital BANK,1076,11-Dec-22,85940.8
nanital BANK,1081,11-Dec-22,26583
nanital BANK,1107,11-Dec-22,36255.1
nanital BANK,1111,11-Dec-22,44685.2
nanital BANK,1173,11-Dec-22,11880.7
nanital BANK,1198,11-Dec-22,28095.9
nanital BANK,1199,11-Dec-22,42770.1
nanital BANK,1231,11-Dec-22,67493.5
nanital BANK,1254,11-Dec-22,73199.2
nanital BANK,1285,11-Dec-22,50763.8
nanital BANK,1329,11-Dec-22,25973.3
nanital BANK,1348,11-Dec-22,60346.7
nanital BANK,1352,11-Dec-22,71397.5
nanital BANK,1385,11-Dec-22,79028
nanital BANK,1412,11-Dec-22,31748.4
nanital BANK,1424,11-Dec-22,39610.4
nanital BANK,1432,11-Dec-22,31088.5
nanital BANK,1461,11-Dec-22,41931.8
nanital BANK,1480,11-Dec-22,37050.3
nanital BANK,1514,11-Dec-22,20667.7
nanital BANK,1549,11-Dec-22,58617.7
nanital BANK,1580,11-Dec-22,66797.9
nanital BANK,1592,11-Dec-22,81218.9
nanital BANK,1594,11-Dec-22,53781.3
nanital BANK,1605,11-Dec-22,119063.3
nanital BANK,1626,11-Dec-22,46181.7
nanital BANK,1645,11-Dec-22,55069.3
nanital BANK,1677,11-Dec-22,29942
nanital BANK,1678,11-Dec-22,67529.5
nanital BANK,1684,11-Dec-22,43237.5
nanital BANK,1718,11-Dec-22,53303.3
nanital BANK,1727,11-Dec-22,49909.3
nanital BANK,1741,11-Dec-22,36438.8
nanital BANK,1750,11-Dec-22,131102.1
nanital BANK,1759,11-Dec-22,62464.8
nanital BANK,1771,11-Dec-22,26324.1
nanital BANK,1821,11-Dec-22,39914.7
nanital BANK,1836,11-Dec-22,58232.7
nanital BANK,1867,11-Dec-22,91733
nanital BANK,1869,11-Dec-22,93862.2
nanital BANK,1882,11-Dec-22,23224.8
nanital BANK,1887,11-Dec-22,30302.8
nanital BANK,1911,11-Dec-22,35169
nanital BANK,1939,11-Dec-22,93728.3
nanital BANK,1946,11-Dec-22,54301.3
nanital BANK,1949,11-Dec-22,51503.5
nanital BANK,1951,11-Dec-22,72553
nanital BANK,1965,11-Dec-22,45946.7
nanital BANK,1984,11-Dec-22,81327.6
nanital BANK,1994,11-Dec-22,35925.4
nanital BANK,2032,11-Dec-22,20871.3
nanital BANK,2083,17-Dec-22,25377
nanital BANK,2086,17-Dec-22,69192.9
nanital BANK,2106,17-Dec-22,26779.8
nanital BANK,2141,17-Dec-22,81869.8
nanital BANK,2148,17-Dec-22,23931.6
nanital BANK,2160,17-Dec-22,38320.6
nanital BANK,2216,17-Dec-22,49506.4
nanital BANK,2222,17-Dec-22,83542.1
nanital BANK,2239,17-Dec-22,61468.6
nanital BANK,2290,17-Dec-22,13474.3
nanital BANK,2317,17-Dec-22,24620.2
nanital BANK,2333,17-Dec-22,27228.8
nanital BANK,2371,17-Dec-22,35564.6
nanital BANK,2403,17-Dec-22,19642.6
nanital BANK,2430,17-Dec-22,64881.8
nanital BANK,2433,17-Dec-22,51501.7
nanital BANK,2443,17-Dec-22,35542
nanital BANK,2489,17-Dec-22,29195.6
nanital BANK,2497,17-Dec-22,38973.9
nanital BANK,2517,17-Dec-22,63489.9
nanital BANK,2528,17-Dec-22,24940.5
nanital BANK,2606,17-Dec-22,30541.6
nanital BANK,2638,17-Dec-22,86192.1
nanital BANK,2659,17-Dec-22,45377.8
nanital BANK,2664,17-Dec-22,82793.5
nanital BANK,2678,17-Dec-22,63083.2
nanital BANK,2684,17-Dec-22,40933.2
nanital BANK,2694,17-Dec-22,90701.3
nanital BANK,2696,17-Dec-22,22150.3
nanital BANK,2709,17-Dec-22,17745.1
nanital BANK,2715,17-Dec-22,24136.5
nanital BANK,2718,17-Dec-22,19565.3
nanital BANK,2720,17-Dec-22,39483.6
nanital BANK,2725,17-Dec-22,77388.5
nanital BANK,2726,17-Dec-22,76881.1
nanital BANK,2727,17-Dec-22,20565.7
nanital BANK,2736,17-Dec-22,29212.5
nanital BANK,2753,17-Dec-22,32102.3
nanital BANK,2756,17-Dec-22,24461.9
nanital BANK,2775,17-Dec-22,82791.6
nanital BANK,2802,17-Dec-22,34048.1
nanital BANK,2803,17-Dec-22,97435.6
nanital BANK,2804,17-Dec-22,55276
nanital BANK,2807,17-Dec-22,26719.4
nanital BANK,2809,17-Dec-22,29881
nanital BANK,2811,17-Dec-22,39931.4
nanital BANK,2839,17-Dec-22,41106.9
nanital BANK,2840,17-Dec-22,67499.4
nanital BANK,2857,17-Dec-22,60044
nanital BANK,2880,17-Dec-22,45857.6
nanital BANK,2902,17-Dec-22,42478.8
nanital BANK,2912,17-Dec-22,56563.5
nanital BANK,2917,17-Dec-22,51242.8
nanital BANK,2918,17-Dec-22,60457.9
nanital BANK,2945,17-Dec-22,15003.8
nanital BANK,2946,17-Dec-22,15055.9
nanital BANK,2987,17-Dec-22,73385.9
nanital BANK,3008,17-Dec-22,63107.8
nanital BANK,3011,17-Dec-22,20158.1
nanital BANK,3026,17-Dec-22,67981.8
nanital BANK,3031,17-Dec-22,21079.5
nanital BANK,3042,17-Dec-22,48333.5
nanital BANK,3050,17-Dec-22,59866.5
nanital BANK,3052,17-Dec-22,26009.3
nanital BANK,3140,17-Dec-22,16125.8
nanital BANK,3163,17-Dec-22,57653.8
nanital BANK,3168,17-Dec-22,39069.2
nanital BANK,3171,17-Dec-22,23607.2
nanital BANK,3210,17-Dec-22,36291.5
nanital BANK,3223,17-Dec-22,27572.4
nanital BANK,3273,17-Dec-22,16276.2
nanital BANK,3274,17-Dec-22,29170.2
nanital BANK,3284,17-Dec-22,24419.6
nanital BANK,3320,17-Dec-22,21059.6
nanital BANK,3345,17-Dec-22,7564.9
nanital BANK,3346,17-Dec-22,38444.7
nanital BANK,3348,17-Dec-22,72873.9
nanital BANK,3353,17-Dec-22,22138.9
nanital BANK,3354,17-Dec-22,30550.3
nanital BANK,3355,17-Dec-22,70511.5
nanital BANK,3358,17-Dec-22,22126.1
nanital BANK,3360,17-Dec-22,57769.2
nanital BANK,3367,17-Dec-22,64517.2
nanital BANK,3419,17-Dec-22,16303.6
nanital BANK,3442,17-Dec-22,22366.4
nanital BANK,3448,17-Dec-22,67282.4
nanital BANK,3449,17-Dec-22,53948.5
nanital BANK,3491,17-Dec-22,24778.2
nanital BANK,3499,17-Dec-22,68042.1
nanital BANK,3506,17-Dec-22,54170
nanital BANK,3521,17-Dec-22,44621.1
nanital BANK,3536,17-Dec-22,16531.7
nanital BANK,3553,17-Dec-22,38430.1
nanital BANK,3556,17-Dec-22,22368.6
nanital BANK,3564,17-Dec-22,39893.4
nanital BANK,3575,17-Dec-22,28141.3
nanital BANK,3617,17-Dec-22,109679.2
nanital BANK,3647,17-Dec-22,30193.9
nanital BANK,3679,17-Dec-22,46823.9
nanital BANK,3687,17-Dec-22,80093.4
nanital BANK,3766,17-Dec-22,107579.4
nanital BANK,3777,17-Dec-22,26958.1
nanital BANK,3809,17-Dec-22,60170.8
nanital BANK,3855,17-Dec-22,25478.9
nanital BANK,3862,17-Dec-22,84626.2
nanital BANK,3869,17-Dec-22,150159.8
nanital BANK,3870,17-Dec-22,13444.7
nanital BANK,3896,17-Dec-22,71068.2
nanital BANK,3909,17-Dec-22,55448
nanital BANK,3914,17-Dec-22,98104.2
nanital BANK,3918,17-Dec-22,37438.3
nanital BANK,3940,17-Dec-22,51540.3
nanital BANK,3963,17-Dec-22,48057.1
nanital BANK,3975,17-Dec-22,22751.5
nanital BANK,4071,17-Dec-22,34540.5
nanital BANK,4082,17-Dec-22,31155.8
nanital BANK,4093,17-Dec-22,21020.5
nanital BANK,4116,17-Dec-22,127677.8
nanital BANK,4121,17-Dec-22,17454.5
nanital BANK,4190,17-Dec-22,21982.1
nanital BANK,4259,17-Dec-22,59150.1
nanital BANK,4286,17-Dec-22,80839.8
nanital BANK,4309,17-Dec-22,47729.2
nanital BANK,4375,17-Dec-22,70738.9
nanital BANK,4413,17-Dec-22,53239.5
nanital BANK,4467,17-Dec-22,31092.2
nanital BANK,4550,17-Dec-22,27072
nanital BANK,4626,17-Dec-22,59399.7
nanital BANK,4715,17-Dec-22,35423.6
nanital BANK,4743,17-Dec-22,133913.2
nanital BANK,4969,17-Dec-22,104556.3
nanital BANK,5033,17-Dec-22,43318
nanital BANK,5118,17-Dec-22,32623.3
nanital BANK,5129,17-Dec-22,35902.2
nanital BANK,5194,17-Dec-22,31198.8
nanital BANK,5395,17-Dec-22,45312.4
nanital BANK,5428,17-Dec-22,59074.6
nanital BANK,5632,17-Dec-22,60739.2
nanital BANK,5817,17-Dec-22,64982.6
nanital BANK,5870,17-Dec-22,79230.9
nanital BANK,6512,17-Dec-22,13882.4
nanital BANK,6715,17-Dec-22,32882.8
nanital BANK,6897,17-Dec-22,143767.7
nanital BANK,6924,17-Dec-22,41075.4
nanital BANK,7123,17-Dec-22,76668.4
nanital BANK,7418,17-Dec-22,23181.5
nanital BANK,7445,17-Dec-22,21879
nanital BANK,7765,17-Dec-22,56175.4
nanital BANK,7774,17-Dec-22,56394.1
nanital BANK,7824,17-Dec-22,42992.1
nanital BANK,7857,17-Dec-22,78792.2
nanital BANK,7861,17-Dec-22,90828.5
nanital BANK,7965,17-Dec-22,113588.4
nanital BANK,7966,17-Dec-22,30098.2
nanital BANK,8341,17-Dec-22,3824.2
nanital BANK,8564,17-Dec-22,58770.1
nanital BANK,8625,17-Dec-22,27911.4
nanital BANK,9037,17-Dec-22,57859.3
nanital BANK,9051,17-Dec-22,41663.1
nanital BANK,9052,17-Dec-22,30334.5
nanital BANK,9179,17-Dec-22,34634.9
nanital BANK,9199,17-Dec-22,8262.7
nanital BANK,9201,17-Dec-22,67013.2
nanital BANK,9225,17-Dec-22,74850
nanital BANK,9242,17-Dec-22,44150.3
nanital BANK,9353,17-Dec-22,31412.9
nanital BANK,9646,17-Dec-22,41399.8
nanital BANK,9897,17-Dec-22,52341.8
nanital BANK,10049,17-Dec-22,24231.7
nanital BANK,10093,17-Dec-22,54968.8
nanital BANK,10134,17-Dec-22,84398.7
nanital BANK,10558,17-Dec-22,68903.5
nanital BANK,10562,17-Dec-22,47549.9
nanital BANK,10710,17-Dec-22,31673.8
nanital BANK,10905,17-Dec-22,64262.7
nanital BANK,11054,17-Dec-22,56736.8
nanital BANK,11231,17-Dec-22,70157.1
nanital BANK,2,17-Dec-22,42471.3
nanital BANK,14,17-Dec-22,43934.7
nanital BANK,17,17-Dec-22,97514.6
nanital BANK,19,17-Dec-22,10804.6
nanital BANK,25,17-Dec-22,33302
nanital BANK,33,17-Dec-22,111976
nanital BANK,37,17-Dec-22,50602.3
nanital BANK,53,17-Dec-22,15063.1
nanital BANK,80,17-Dec-22,27387
nanital BANK,88,17-Dec-22,24328.5
nanital BANK,102,17-Dec-22,49783
nanital BANK,128,17-Dec-22,77900.5
nanital BANK,163,17-Dec-22,37383.5
nanital BANK,165,17-Dec-22,61338.8
nanital BANK,171,17-Dec-22,15526.7
nanital BANK,192,17-Dec-22,29826.6
nanital BANK,212,17-Dec-22,95079.3
nanital BANK,215,17-Dec-22,15022
nanital BANK,222,17-Dec-22,59764.8
nanital BANK,224,17-Dec-22,19274.7
nanital BANK,238,17-Dec-22,20018.8
nanital BANK,346,17-Dec-22,51534.4
nanital BANK,347,17-Dec-22,57059
nanital BANK,355,17-Dec-22,42441.2
nanital BANK,364,17-Dec-22,26767.8
nanital BANK,436,17-Dec-22,17474.6
nanital BANK,442,17-Dec-22,12539.4
nanital BANK,487,17-Dec-22,66334.7
nanital BANK,518,17-Dec-22,18522
nanital BANK,534,17-Dec-22,51351.1
nanital BANK,539,17-Dec-22,19372.6
nanital BANK,549,17-Dec-22,35283
nanital BANK,566,17-Dec-22,54058.7
nanital BANK,586,17-Dec-22,22516.3
nanital BANK,589,17-Dec-22,52856.9
nanital BANK,592,17-Dec-22,19515.1
nanital BANK,641,17-Dec-22,46312
nanital BANK,649,17-Dec-22,51887.8
nanital BANK,654,17-Dec-22,44223
nanital BANK,687,17-Dec-22,29479.3
nanital BANK,690,17-Dec-22,44883.1
nanital BANK,699,17-Dec-22,112911
nanital BANK,712,17-Dec-22,103212.2
nanital BANK,765,17-Dec-22,53129.2
nanital BANK,820,17-Dec-22,64950.2
nanital BANK,826,17-Dec-22,27430.5
nanital BANK,834,17-Dec-22,18894.2
nanital BANK,844,17-Dec-22,69873.6
nanital BANK,854,17-Dec-22,44403.8
nanital BANK,863,17-Dec-22,91585.2
nanital BANK,873,17-Dec-22,15811.7
nanital BANK,875,17-Dec-22,45322.7
nanital BANK,877,17-Dec-22,46470
nanital BANK,897,17-Dec-22,71384
nanital BANK,934,17-Dec-22,34274.2
nanital BANK,947,17-Dec-22,51247.3
nanital BANK,951,17-Dec-22,20215.1
nanital BANK,957,17-Dec-22,12981.6
nanital BANK,993,17-Dec-22,105894
nanital BANK,1005,17-Dec-22,106661.8
nanital BANK,1073,17-Dec-22,98421.6
nanital BANK,1075,17-Dec-22,53429.7
nanital BANK,1083,17-Dec-22,21701
nanital BANK,1092,17-Dec-22,20866.8
nanital BANK,1106,17-Dec-22,2727
nanital BANK,1187,17-Dec-22,19446.9
nanital BANK,1237,17-Dec-22,75359.8
nanital BANK,1243,17-Dec-22,65348.9
nanital BANK,1256,17-Dec-22,40677.6
nanital BANK,1274,17-Dec-22,87019
nanital BANK,1318,17-Dec-22,19559.9
nanital BANK,1344,17-Dec-22,25510.8
nanital BANK,1391,17-Dec-22,42718.3
nanital BANK,1392,17-Dec-22,65609.1
nanital BANK,1425,17-Dec-22,51974.1
nanital BANK,1426,17-Dec-22,23104.8
nanital BANK,1443,17-Dec-22,60036
nanital BANK,1447,17-Dec-22,19397.3
nanital BANK,1451,17-Dec-22,21737.4
nanital BANK,1458,17-Dec-22,35478.8
nanital BANK,1479,17-Dec-22,16240.5
nanital BANK,1491,17-Dec-22,51203
nanital BANK,1503,17-Dec-22,21342.4
nanital BANK,1511,17-Dec-22,54308.5
nanital BANK,1566,17-Dec-22,46787.6
nanital BANK,1568,17-Dec-22,60990.1
nanital BANK,1588,17-Dec-22,15278.2
nanital BANK,1610,17-Dec-22,103798.3
nanital BANK,1615,17-Dec-22,12185.9
nanital BANK,1635,17-Dec-22,49501.6
nanital BANK,1662,17-Dec-22,56480.3
nanital BANK,1693,17-Dec-22,72857.5
nanital BANK,1710,17-Dec-22,49743.3
nanital BANK,1749,17-Dec-22,76983.9
nanital BANK,1779,17-Dec-22,81153.2
nanital BANK,1781,17-Dec-22,32142.7
nanital BANK,1788,17-Dec-22,59306.9
nanital BANK,1804,17-Dec-22,56922.7
nanital BANK,1813,17-Dec-22,92164
nanital BANK,1818,17-Dec-22,40366.9
nanital BANK,1827,17-Dec-22,31829.9
nanital BANK,1835,17-Dec-22,91003.6
nanital BANK,1846,17-Dec-22,25480.2
nanital BANK,1860,17-Dec-22,20466.3
nanital BANK,1862,17-Dec-22,81831.2
nanital BANK,1877,17-Dec-22,49511.4
nanital BANK,1879,17-Dec-22,17473.6
nanital BANK,1894,17-Dec-22,55165
nanital BANK,1897,17-Dec-22,24462.8
nanital BANK,1910,17-Dec-22,95857.7
nanital BANK,1927,17-Dec-22,23861.6
nanital BANK,1947,17-Dec-22,59005.4
nanital BANK,1966,17-Dec-22,62633.8
nanital BANK,1993,17-Dec-22,38747.5
nanital BANK,2007,17-Dec-22,103511.7
nanital BANK,2027,17-Dec-22,32658.1
nanital BANK,2042,17-Dec-22,18304.1
nanital BANK,2054,13-Dec-22,57784.1
nanital BANK,2062,13-Dec-22,32910.6
nanital BANK,2069,13-Dec-22,53683.8
nanital BANK,2078,13-Dec-22,46821.9
nanital BANK,2084,13-Dec-22,84641.2
nanital BANK,2124,13-Dec-22,108249.5
nanital BANK,2134,13-Dec-22,57560.9
nanital BANK,2143,13-Dec-22,46457.7
nanital BANK,2146,13-Dec-22,59759.5
nanital BANK,2219,13-Dec-22,51145.5
nanital BANK,2243,13-Dec-22,34075.1
nanital BANK,2254,13-Dec-22,69179.6
nanital BANK,2260,13-Dec-22,2102.3
nanital BANK,2274,13-Dec-22,49407.2
nanital BANK,2299,13-Dec-22,19128.1
nanital BANK,2302,13-Dec-22,32342.2
nanital BANK,2311,13-Dec-22,32104.1
nanital BANK,2313,13-Dec-22,37395.2
nanital BANK,2316,13-Dec-22,27729.4
nanital BANK,2325,13-Dec-22,39349.8
nanital BANK,2332,13-Dec-22,70334.9
nanital BANK,2336,13-Dec-22,38194
nanital BANK,2342,13-Dec-22,28501.4
nanital BANK,2348,13-Dec-22,28690.2
nanital BANK,2353,13-Dec-22,84437.5
nanital BANK,2354,13-Dec-22,62520.7
nanital BANK,2355,13-Dec-22,37972.9
nanital BANK,2358,13-Dec-22,28237.5
nanital BANK,2361,13-Dec-22,18797
nanital BANK,2374,13-Dec-22,33747
nanital BANK,2384,13-Dec-22,67855.9
nanital BANK,2387,13-Dec-22,24367.6
nanital BANK,2428,13-Dec-22,47251.7
nanital BANK,2460,13-Dec-22,70361.7
nanital BANK,2466,13-Dec-22,80025.5
nanital BANK,2479,13-Dec-22,18799.2
nanital BANK,2498,13-Dec-22,47538.8
nanital BANK,2581,13-Dec-22,98534.9
nanital BANK,2585,13-Dec-22,31289.9
nanital BANK,2630,13-Dec-22,31605.1
nanital BANK,2676,13-Dec-22,59256.4
nanital BANK,2690,13-Dec-22,22650.5
nanital BANK,2693,13-Dec-22,58051.4
nanital BANK,2695,13-Dec-22,110825.2
nanital BANK,2700,13-Dec-22,27398.7
nanital BANK,2714,13-Dec-22,21691.7
nanital BANK,2716,13-Dec-22,40938.1
nanital BANK,2721,13-Dec-22,21496.7
nanital BANK,2731,13-Dec-22,72983.2
nanital BANK,2740,13-Dec-22,25273.3
nanital BANK,2743,13-Dec-22,26643.5
nanital BANK,2751,13-Dec-22,56770.4
nanital BANK,2757,13-Dec-22,18539.8
nanital BANK,2780,13-Dec-22,59811.3
nanital BANK,2788,13-Dec-22,56285
nanital BANK,2838,13-Dec-22,67144.3
nanital BANK,2854,13-Dec-22,69573.3
nanital BANK,2881,13-Dec-22,56233.7
nanital BANK,2911,13-Dec-22,68065.7
nanital BANK,2924,13-Dec-22,34616.7
nanital BANK,2942,13-Dec-22,47721.3
nanital BANK,2944,13-Dec-22,55855.3
nanital BANK,2950,13-Dec-22,56716.4
nanital BANK,2954,13-Dec-22,86485.2
nanital BANK,2970,13-Dec-22,44179.2
nanital BANK,2977,13-Dec-22,86918.3
nanital BANK,2983,13-Dec-22,49767.9
nanital BANK,3000,13-Dec-22,65830.6
nanital BANK,3016,13-Dec-22,46100.6
nanital BANK,3029,13-Dec-22,26625.6
nanital BANK,3053,13-Dec-22,90732.3
nanital BANK,3058,13-Dec-22,64166.9
nanital BANK,3062,13-Dec-22,20477.7
nanital BANK,3082,13-Dec-22,30098.3
nanital BANK,3084,13-Dec-22,25125.5
nanital BANK,3085,13-Dec-22,36371.1
nanital BANK,3118,13-Dec-22,69381.1
nanital BANK,3138,13-Dec-22,14116.2
nanital BANK,3145,13-Dec-22,43744.5
nanital BANK,3180,13-Dec-22,47352.4
nanital BANK,3193,13-Dec-22,22073.7
nanital BANK,3208,13-Dec-22,26437.3
nanital BANK,3227,13-Dec-22,95968.8
nanital BANK,3238,13-Dec-22,57852.6
nanital BANK,3260,13-Dec-22,48273.1
nanital BANK,3300,13-Dec-22,33222.9
nanital BANK,3312,13-Dec-22,24845.9
nanital BANK,3319,13-Dec-22,50392.3
nanital BANK,3325,13-Dec-22,89752.2
nanital BANK,3338,13-Dec-22,52919.8
nanital BANK,3349,13-Dec-22,46796.7
nanital BANK,3350,13-Dec-22,33267.4
nanital BANK,3385,13-Dec-22,47686.7
nanital BANK,3411,13-Dec-22,62725.3
nanital BANK,3467,13-Dec-22,77427
nanital BANK,3468,13-Dec-22,83841.6
nanital BANK,3471,13-Dec-22,86318.5
nanital BANK,3482,13-Dec-22,20294.6
nanital BANK,3484,13-Dec-22,65653.4
nanital BANK,3487,13-Dec-22,80388.7
nanital BANK,3492,13-Dec-22,40390.8
nanital BANK,3508,13-Dec-22,53357.2
nanital BANK,3514,13-Dec-22,24571.9
nanital BANK,3530,13-Dec-22,14414.7
nanital BANK,3545,13-Dec-22,54421.8
nanital BANK,3550,13-Dec-22,39439.7
nanital BANK,3593,13-Dec-22,50224.3
nanital BANK,3598,13-Dec-22,42525.5
nanital BANK,3621,13-Dec-22,22013.9
nanital BANK,3634,13-Dec-22,97618.7
nanital BANK,3657,13-Dec-22,30484.7
nanital BANK,3682,13-Dec-22,89720.2
nanital BANK,3684,13-Dec-22,26578.1
nanital BANK,3689,13-Dec-22,36920.7
nanital BANK,3733,13-Dec-22,24818.5
nanital BANK,3743,13-Dec-22,63381
nanital BANK,3756,13-Dec-22,109566.2
nanital BANK,3803,13-Dec-22,24475.1
nanital BANK,3830,13-Dec-22,35903.7
nanital BANK,3832,13-Dec-22,23265.3
nanital BANK,3902,13-Dec-22,28644.9
nanital BANK,3948,13-Dec-22,77860.2
nanital BANK,3974,13-Dec-22,33953.3
nanital BANK,3976,13-Dec-22,34891.8
nanital BANK,3979,13-Dec-22,30450
nanital BANK,4171,13-Dec-22,37403.2
nanital BANK,4186,13-Dec-22,38716.7
nanital BANK,4254,13-Dec-22,27426.4
nanital BANK,4263,13-Dec-22,39668.1
nanital BANK,4268,13-Dec-22,66016.2
nanital BANK,4296,13-Dec-22,49268.3
nanital BANK,4318,13-Dec-22,66181.5
nanital BANK,4463,13-Dec-22,30167.5
nanital BANK,4478,13-Dec-22,90771.9
nanital BANK,4503,13-Dec-22,25236.1
nanital BANK,4543,13-Dec-22,64797.1
nanital BANK,4858,13-Dec-22,40657.3
nanital BANK,4907,13-Dec-22,70008.7
nanital BANK,5164,13-Dec-22,22383.4
nanital BANK,5263,13-Dec-22,66293.4
nanital BANK,5290,13-Dec-22,17696.7
nanital BANK,5541,13-Dec-22,64920.7
nanital BANK,5546,13-Dec-22,71351.8
nanital BANK,5648,13-Dec-22,52809
nanital BANK,5912,13-Dec-22,34804.2
nanital BANK,6148,13-Dec-22,117397.2
nanital BANK,6281,13-Dec-22,1426.1
nanital BANK,6927,13-Dec-22,34807.5
nanital BANK,7011,13-Dec-22,51608.3
nanital BANK,7859,13-Dec-22,128657.6
nanital BANK,8039,13-Dec-22,79342.2
nanital BANK,8041,13-Dec-22,84028.9
nanital BANK,8159,13-Dec-22,60880.3
nanital BANK,8268,13-Dec-22,76314.5
nanital BANK,8533,13-Dec-22,41142.4
nanital BANK,8784,13-Dec-22,67648.8
nanital BANK,8926,13-Dec-22,48940.9
nanital BANK,9024,13-Dec-22,50984.2
nanital BANK,9034,13-Dec-22,30821.5
nanital BANK,9167,13-Dec-22,75931.6
nanital BANK,9422,13-Dec-22,27610.6
nanital BANK,9510,13-Dec-22,36212.4
nanital BANK,9528,13-Dec-22,28418.6
nanital BANK,9869,13-Dec-22,102938.4
nanital BANK,10105,13-Dec-22,76987.5
nanital BANK,10343,13-Dec-22,-6856.9
nanital BANK,10630,13-Dec-22,44612.5
nanital BANK,10911,13-Dec-22,61298.1
nanital BANK,11021,13-Dec-22,77977
nanital BANK,11027,13-Dec-22,31563.5
nanital BANK,11069,13-Dec-22,45441.2
nanital BANK,11327,13-Dec-22,77059
nanital BANK,9,13-Dec-22,23782.1
nanital BANK,85,13-Dec-22,51795.5
nanital BANK,103,13-Dec-22,37699.9
nanital BANK,110,13-Dec-22,73615.8
nanital BANK,131,13-Dec-22,36222.5
nanital BANK,151,13-Dec-22,24238.6
nanital BANK,155,13-Dec-22,19789.9
nanital BANK,169,13-Dec-22,67418
nanital BANK,173,13-Dec-22,69550.9
nanital BANK,188,13-Dec-22,99633
nanital BANK,204,13-Dec-22,25024.7
nanital BANK,210,13-Dec-22,34953.8
nanital BANK,228,13-Dec-22,69027.8
nanital BANK,232,13-Dec-22,84656.6
nanital BANK,248,13-Dec-22,35202.2
nanital BANK,256,13-Dec-22,48715.9
nanital BANK,288,13-Dec-22,25309.7
nanital BANK,312,13-Dec-22,71346.9
nanital BANK,321,13-Dec-22,17895.2
nanital BANK,335,13-Dec-22,28919.4
nanital BANK,360,13-Dec-22,55166.1
nanital BANK,367,13-Dec-22,60460.3
nanital BANK,378,13-Dec-22,38757.5
nanital BANK,383,13-Dec-22,18096
nanital BANK,387,13-Dec-22,40892.3
nanital BANK,403,13-Dec-22,73167.6
nanital BANK,477,13-Dec-22,46525.8
nanital BANK,481,13-Dec-22,58442.8
nanital BANK,507,13-Dec-22,-9057.1
nanital BANK,523,13-Dec-22,72710.6
nanital BANK,579,13-Dec-22,32129.5
nanital BANK,588,13-Dec-22,27805.8
nanital BANK,603,13-Dec-22,71903.2
nanital BANK,604,13-Dec-22,47333.6
nanital BANK,619,13-Dec-22,39929
nanital BANK,648,13-Dec-22,112324.5
nanital BANK,656,13-Dec-22,50285.5
nanital BANK,685,13-Dec-22,81291.1
nanital BANK,698,13-Dec-22,52018.7
nanital BANK,700,13-Dec-22,53121.9
nanital BANK,702,13-Dec-22,19863.8
nanital BANK,705,13-Dec-22,18869.4
nanital BANK,735,13-Dec-22,30057.8
nanital BANK,739,13-Dec-22,56882.5
nanital BANK,770,13-Dec-22,46798.6
nanital BANK,781,13-Dec-22,15520.5
nanital BANK,798,13-Dec-22,49389.9
nanital BANK,886,13-Dec-22,93549.3
nanital BANK,888,13-Dec-22,22307.7
nanital BANK,904,13-Dec-22,105655.6
nanital BANK,917,13-Dec-22,56608.5
nanital BANK,938,13-Dec-22,36304.8
nanital BANK,960,13-Dec-22,105623.1
nanital BANK,990,13-Dec-22,97505
nanital BANK,1027,13-Dec-22,21326.9
nanital BANK,1034,13-Dec-22,24748.2
nanital BANK,1039,13-Dec-22,107447.5
nanital BANK,1040,13-Dec-22,42008.4
nanital BANK,1052,13-Dec-22,23981.4
nanital BANK,1074,13-Dec-22,105199.8
nanital BANK,1079,13-Dec-22,84405.2
nanital BANK,1093,13-Dec-22,59621.6
nanital BANK,1100,13-Dec-22,14207.7
nanital BANK,1102,13-Dec-22,52396.9
nanital BANK,1105,13-Dec-22,48161.4
nanital BANK,1137,13-Dec-22,20960.9
nanital BANK,1151,13-Dec-22,114557.6
nanital BANK,1178,13-Dec-22,53168.3
nanital BANK,1181,13-Dec-22,17300.1
nanital BANK,1208,13-Dec-22,65543.2
nanital BANK,1221,13-Dec-22,63018.6
nanital BANK,1225,13-Dec-22,66675
nanital BANK,1229,13-Dec-22,50370.4
nanital BANK,1230,13-Dec-22,76375.3
nanital BANK,1250,13-Dec-22,27595.9
nanital BANK,1261,13-Dec-22,101122.3
nanital BANK,1269,13-Dec-22,57697.3
nanital BANK,1275,13-Dec-22,20130.9
nanital BANK,1287,13-Dec-22,64130.8
nanital BANK,1297,13-Dec-22,103720.4
nanital BANK,1321,13-Dec-22,24918.3
nanital BANK,1323,13-Dec-22,76419.4
nanital BANK,1326,13-Dec-22,19063.9
nanital BANK,1331,13-Dec-22,18893.1
nanital BANK,1335,13-Dec-22,52971.8
nanital BANK,1351,13-Dec-22,29429
nanital BANK,1354,13-Dec-22,13082.5
nanital BANK,1360,13-Dec-22,66952.6
nanital BANK,1363,13-Dec-22,38922.7
nanital BANK,1373,13-Dec-22,15830
nanital BANK,1378,13-Dec-22,101433
nanital BANK,1383,13-Dec-22,32431
nanital BANK,1388,13-Dec-22,65378
nanital BANK,1397,13-Dec-22,45228.6
nanital BANK,1416,13-Dec-22,-6746.2
nanital BANK,1418,13-Dec-22,32048.9
nanital BANK,1452,13-Dec-22,102489.6
nanital BANK,1459,13-Dec-22,16048.8
nanital BANK,1483,13-Dec-22,62613.7
nanital BANK,1505,13-Dec-22,1860.3
nanital BANK,1512,13-Dec-22,51243.8
nanital BANK,1534,13-Dec-22,56285.6
nanital BANK,1547,13-Dec-22,55213.1
nanital BANK,1579,13-Dec-22,79359.8
nanital BANK,1603,13-Dec-22,63508.5
nanital BANK,1606,13-Dec-22,78766.5
nanital BANK,1646,13-Dec-22,60587.4
nanital BANK,1653,13-Dec-22,74016.6
nanital BANK,1660,13-Dec-22,85287.4
nanital BANK,1686,13-Dec-22,46786.2
nanital BANK,1715,13-Dec-22,1812.8
nanital BANK,1726,13-Dec-22,34131.9
nanital BANK,1728,13-Dec-22,43754.1
nanital BANK,1737,13-Dec-22,47072.6
nanital BANK,1766,13-Dec-22,47961.4
nanital BANK,1774,13-Dec-22,18556.5
nanital BANK,1793,13-Dec-22,50521.7
nanital BANK,1796,13-Dec-22,59938.4
nanital BANK,1798,13-Dec-22,79936.1
nanital BANK,1817,13-Dec-22,74895.9
nanital BANK,1845,13-Dec-22,41861.2
nanital BANK,1848,13-Dec-22,31548.4
nanital BANK,1878,13-Dec-22,18916.8
nanital BANK,1895,13-Dec-22,50029.1
nanital BANK,1905,13-Dec-22,20250.9
nanital BANK,1919,13-Dec-22,108602.7
nanital BANK,1934,13-Dec-22,88296.7
nanital BANK,1941,13-Dec-22,45044.4
nanital BANK,1944,13-Dec-22,58466.7
nanital BANK,1962,13-Dec-22,103901.9
nanital BANK,1987,13-Dec-22,43310.1
nanital BANK,2013,13-Dec-22,42418.8
nanital BANK,2018,13-Dec-22,24658.3
nanital BANK,2024,13-Dec-22,23057.3
nanital BANK,2040,13-Dec-22,70435.1
nanital BANK,2097,18-Dec-22,40927.9
nanital BANK,2116,18-Dec-22,37183
nanital BANK,2125,18-Dec-22,72515.7
nanital BANK,2174,18-Dec-22,35394.3
nanital BANK,2189,18-Dec-22,81583.8
nanital BANK,2199,18-Dec-22,16490
nanital BANK,2212,18-Dec-22,28622.9
nanital BANK,2229,18-Dec-22,29569.5
nanital BANK,2240,18-Dec-22,40383.1
nanital BANK,2245,18-Dec-22,104555.7
nanital BANK,2262,18-Dec-22,104832.9
nanital BANK,2285,18-Dec-22,49981.1
nanital BANK,2294,18-Dec-22,30597.9
nanital BANK,2306,18-Dec-22,49702.2
nanital BANK,2319,18-Dec-22,31614.5
nanital BANK,2347,18-Dec-22,12131.9
nanital BANK,2398,18-Dec-22,47711.5
nanital BANK,2399,18-Dec-22,38570.2
nanital BANK,2408,18-Dec-22,46590.4
nanital BANK,2418,18-Dec-22,49718.7
nanital BANK,2420,18-Dec-22,15654.5
nanital BANK,2421,18-Dec-22,51635.5
nanital BANK,2424,18-Dec-22,32281.5
nanital BANK,2454,18-Dec-22,37620.2
nanital BANK,2456,18-Dec-22,52090.2
nanital BANK,2540,18-Dec-22,47084.7
nanital BANK,2544,18-Dec-22,69353.9
nanital BANK,2565,18-Dec-22,14485.8
nanital BANK,2584,18-Dec-22,28087.3
nanital BANK,2610,18-Dec-22,42599.8
nanital BANK,2635,18-Dec-22,49436.2
nanital BANK,2665,18-Dec-22,20830.3
nanital BANK,2671,18-Dec-22,39152
nanital BANK,2745,18-Dec-22,62538.4
nanital BANK,2752,18-Dec-22,39505.8
nanital BANK,2762,18-Dec-22,75263
nanital BANK,2781,18-Dec-22,57922.8
nanital BANK,2783,18-Dec-22,55304.8
nanital BANK,2805,18-Dec-22,16139.2
nanital BANK,2806,18-Dec-22,33427.1
nanital BANK,2829,18-Dec-22,19624.7
nanital BANK,2830,18-Dec-22,34441.7
nanital BANK,2851,18-Dec-22,14671.2
nanital BANK,2856,18-Dec-22,32258.4
nanital BANK,2867,18-Dec-22,92030
nanital BANK,2898,18-Dec-22,44567.3
nanital BANK,2928,18-Dec-22,26549.3
nanital BANK,2952,18-Dec-22,15219.1
nanital BANK,2966,18-Dec-22,76298.7
nanital BANK,2972,18-Dec-22,83574.4
nanital BANK,3001,18-Dec-22,29310.6
nanital BANK,3015,18-Dec-22,26080.6
nanital BANK,3020,18-Dec-22,49649.5
nanital BANK,3022,18-Dec-22,23488.4
nanital BANK,3035,18-Dec-22,55225.6
nanital BANK,3060,18-Dec-22,42958.2
nanital BANK,3068,18-Dec-22,37330.5
nanital BANK,3088,18-Dec-22,60772.2
nanital BANK,3102,18-Dec-22,51826.3
nanital BANK,3109,18-Dec-22,-4259.8
nanital BANK,3110,18-Dec-22,32405.7
nanital BANK,3127,18-Dec-22,29523.9
nanital BANK,3143,18-Dec-22,51913
nanital BANK,3187,18-Dec-22,15669.2
nanital BANK,3194,18-Dec-22,24825.8
nanital BANK,3226,18-Dec-22,25705.6
nanital BANK,3255,18-Dec-22,127380.1
nanital BANK,3272,18-Dec-22,37368.2
nanital BANK,3275,18-Dec-22,21553.7
nanital BANK,3297,18-Dec-22,45517.5
nanital BANK,3298,18-Dec-22,49717.3
nanital BANK,3302,18-Dec-22,61252.2
nanital BANK,3307,18-Dec-22,52309.5
nanital BANK,3310,18-Dec-22,17917.6
nanital BANK,3321,18-Dec-22,40284.9
nanital BANK,3364,18-Dec-22,93843.3
nanital BANK,3378,18-Dec-22,28126.3
nanital BANK,3383,18-Dec-22,57691.3
nanital BANK,3387,18-Dec-22,80415.9
nanital BANK,3403,18-Dec-22,86966.1
nanital BANK,3406,18-Dec-22,21874.3
nanital BANK,3417,18-Dec-22,21074
nanital BANK,3435,18-Dec-22,27784.4
nanital BANK,3459,18-Dec-22,85163
nanital BANK,3497,18-Dec-22,82726.9
nanital BANK,3509,18-Dec-22,48117.9
nanital BANK,3519,18-Dec-22,38872.6
nanital BANK,3526,18-Dec-22,93930.4
nanital BANK,3554,18-Dec-22,31168.2
nanital BANK,3569,18-Dec-22,41849
nanital BANK,3579,18-Dec-22,76555.5
nanital BANK,3589,18-Dec-22,69070.8
nanital BANK,3626,18-Dec-22,35748.6
nanital BANK,3637,18-Dec-22,74027.7
nanital BANK,3656,18-Dec-22,51534.6
nanital BANK,3658,18-Dec-22,23520.9
nanital BANK,3660,18-Dec-22,52574.1
nanital BANK,3676,18-Dec-22,15328
nanital BANK,3690,18-Dec-22,31019.9
nanital BANK,3692,18-Dec-22,27812.8
nanital BANK,3698,18-Dec-22,22344.9
nanital BANK,3705,18-Dec-22,47190.9
nanital BANK,3708,18-Dec-22,31909.2
nanital BANK,3722,18-Dec-22,27055.7
nanital BANK,3731,18-Dec-22,25252.9
nanital BANK,3757,18-Dec-22,36394.8
nanital BANK,3760,18-Dec-22,122738.1
nanital BANK,3765,18-Dec-22,17397.2
nanital BANK,3776,18-Dec-22,72342
nanital BANK,3788,18-Dec-22,90175.3
nanital BANK,3807,18-Dec-22,57975.5
nanital BANK,3820,18-Dec-22,79017
nanital BANK,3821,18-Dec-22,15988.1
nanital BANK,3825,18-Dec-22,21395.8
nanital BANK,3834,18-Dec-22,34388.2
nanital BANK,3846,18-Dec-22,14022.3
nanital BANK,3864,18-Dec-22,56407.3
nanital BANK,3883,18-Dec-22,46258.4
nanital BANK,3907,18-Dec-22,49774.6
nanital BANK,3925,18-Dec-22,31142.8
nanital BANK,3965,18-Dec-22,76965.7
nanital BANK,3988,18-Dec-22,37624.1
nanital BANK,3991,18-Dec-22,33927.7
nanital BANK,4000,18-Dec-22,105985.9
nanital BANK,4079,18-Dec-22,34108.6
nanital BANK,4081,18-Dec-22,7040.3
nanital BANK,4086,18-Dec-22,84394.3
nanital BANK,4105,18-Dec-22,51285.1
nanital BANK,4159,18-Dec-22,55211.1
nanital BANK,4173,18-Dec-22,48209.7
nanital BANK,4225,18-Dec-22,80031.2
nanital BANK,4321,18-Dec-22,102651.4
nanital BANK,4329,18-Dec-22,24262.1
nanital BANK,4332,18-Dec-22,43828
nanital BANK,4342,18-Dec-22,117059.4
nanital BANK,4346,18-Dec-22,86658.3
nanital BANK,4355,18-Dec-22,18103.3
nanital BANK,4408,18-Dec-22,30010.4
nanital BANK,4416,18-Dec-22,72939.5
nanital BANK,4434,18-Dec-22,79368.5
nanital BANK,4437,18-Dec-22,38821.1
nanital BANK,4746,18-Dec-22,48457.4
nanital BANK,5120,18-Dec-22,102070.3
nanital BANK,5269,18-Dec-22,59388.8
nanital BANK,5270,18-Dec-22,108760
nanital BANK,5358,18-Dec-22,67979.2
nanital BANK,5650,18-Dec-22,47396.9
nanital BANK,6034,18-Dec-22,29756.4
nanital BANK,6157,18-Dec-22,61030
nanital BANK,6434,18-Dec-22,46872.2
nanital BANK,6678,18-Dec-22,58158.4
nanital BANK,6930,18-Dec-22,68733.9
nanital BANK,6985,18-Dec-22,72558.2
nanital BANK,7231,18-Dec-22,76712.9
nanital BANK,7262,18-Dec-22,41806.7
nanital BANK,7401,18-Dec-22,35627.2
nanital BANK,7437,18-Dec-22,41476.5
nanital BANK,7465,18-Dec-22,57324.9
nanital BANK,7559,18-Dec-22,51413.8
nanital BANK,7565,18-Dec-22,23639.2
nanital BANK,7594,18-Dec-22,68200.9
nanital BANK,7844,18-Dec-22,70211.4
nanital BANK,7990,18-Dec-22,61476.5
nanital BANK,8129,18-Dec-22,59546.3
nanital BANK,8688,18-Dec-22,56053.6
nanital BANK,8776,18-Dec-22,85180.6
nanital BANK,8896,18-Dec-22,-2931.2
nanital BANK,9235,18-Dec-22,74539.2
nanital BANK,9263,18-Dec-22,32050.4
nanital BANK,9307,18-Dec-22,148205.9
nanital BANK,9549,18-Dec-22,54864.8
nanital BANK,9645,18-Dec-22,29697.5
nanital BANK,9656,18-Dec-22,44504.8
nanital BANK,9814,18-Dec-22,80858.4
nanital BANK,10068,18-Dec-22,31578.9
nanital BANK,10152,18-Dec-22,42254.2
nanital BANK,10320,18-Dec-22,41684.8
nanital BANK,10728,18-Dec-22,47712
nanital BANK,10738,18-Dec-22,54657.4
nanital BANK,10789,18-Dec-22,74955.8
nanital BANK,11053,18-Dec-22,60807.3
nanital BANK,11138,18-Dec-22,59929.7
nanital BANK,11328,18-Dec-22,77625.2
nanital BANK,11349,18-Dec-22,37691.9
nanital BANK,5,18-Dec-22,28916.2
nanital BANK,10,18-Dec-22,61190.1
nanital BANK,18,18-Dec-22,143609
nanital BANK,38,18-Dec-22,44389.2
nanital BANK,43,18-Dec-22,61310.7
nanital BANK,65,18-Dec-22,58777.2
nanital BANK,69,18-Dec-22,29875.2
nanital BANK,75,18-Dec-22,25194
nanital BANK,105,18-Dec-22,17127.3
nanital BANK,109,18-Dec-22,41650
nanital BANK,145,18-Dec-22,63553.7
nanital BANK,149,18-Dec-22,55884
nanital BANK,150,18-Dec-22,19693.4
nanital BANK,176,18-Dec-22,71569.1
nanital BANK,180,18-Dec-22,94884.4
nanital BANK,196,18-Dec-22,75025.6
nanital BANK,206,18-Dec-22,37345.1
nanital BANK,209,18-Dec-22,45494
nanital BANK,241,18-Dec-22,41009.3
nanital BANK,250,18-Dec-22,48445.3
nanital BANK,294,18-Dec-22,67216.3
nanital BANK,295,18-Dec-22,38168.5
nanital BANK,297,18-Dec-22,15277.1
nanital BANK,301,18-Dec-22,22048.1
nanital BANK,302,18-Dec-22,17847.5
nanital BANK,316,18-Dec-22,21776.4
nanital BANK,320,18-Dec-22,44053.5
nanital BANK,322,18-Dec-22,35217.4
nanital BANK,327,18-Dec-22,66731.8
nanital BANK,330,18-Dec-22,26601
nanital BANK,351,18-Dec-22,18082.4
nanital BANK,368,18-Dec-22,30764.8
nanital BANK,374,18-Dec-22,57781.1
nanital BANK,381,18-Dec-22,48948.2
nanital BANK,391,18-Dec-22,19886.4
nanital BANK,400,18-Dec-22,52340.5
nanital BANK,404,18-Dec-22,73686.1
nanital BANK,425,18-Dec-22,39331.4
nanital BANK,443,18-Dec-22,22770.3
nanital BANK,463,18-Dec-22,109413.9
nanital BANK,464,18-Dec-22,21106.6
nanital BANK,471,18-Dec-22,50965.8
nanital BANK,540,18-Dec-22,25317.5
nanital BANK,553,18-Dec-22,42543.4
nanital BANK,554,18-Dec-22,25251.7
nanital BANK,560,18-Dec-22,29466.1
nanital BANK,562,18-Dec-22,65945.6
nanital BANK,564,18-Dec-22,34497.8
nanital BANK,567,18-Dec-22,32627.5
nanital BANK,645,18-Dec-22,97113.6
nanital BANK,660,18-Dec-22,79015.7
nanital BANK,665,18-Dec-22,90672
nanital BANK,689,18-Dec-22,61787.7
nanital BANK,695,18-Dec-22,16676.6
nanital BANK,701,18-Dec-22,43834.5
nanital BANK,718,18-Dec-22,43237.4
nanital BANK,719,18-Dec-22,58549.1
nanital BANK,774,18-Dec-22,20422.9
nanital BANK,776,18-Dec-22,89670.1
nanital BANK,783,18-Dec-22,26779.7
nanital BANK,797,18-Dec-22,43640.5
nanital BANK,812,18-Dec-22,35425.8
nanital BANK,845,18-Dec-22,72981.6
nanital BANK,856,18-Dec-22,44235.4
nanital BANK,894,18-Dec-22,15895.6
nanital BANK,898,18-Dec-22,43965.5
nanital BANK,908,18-Dec-22,21767.4
nanital BANK,912,18-Dec-22,19188
nanital BANK,942,18-Dec-22,73860.5
nanital BANK,969,18-Dec-22,65193.2
nanital BANK,977,18-Dec-22,109408
nanital BANK,1007,18-Dec-22,78994.2
nanital BANK,1035,18-Dec-22,56190.6
nanital BANK,1095,18-Dec-22,42910.7
nanital BANK,1114,18-Dec-22,50332.1
nanital BANK,1117,18-Dec-22,20528.9
nanital BANK,1124,18-Dec-22,52289.3
nanital BANK,1134,18-Dec-22,39286.1
nanital BANK,1139,18-Dec-22,109806.9
nanital BANK,1145,18-Dec-22,26976.7
nanital BANK,1164,18-Dec-22,49426.2
nanital BANK,1183,18-Dec-22,14325.2
nanital BANK,1186,18-Dec-22,37457.7
nanital BANK,1192,18-Dec-22,47247.3
nanital BANK,1193,18-Dec-22,31170.2
nanital BANK,1203,18-Dec-22,90446.6
nanital BANK,1209,18-Dec-22,20045.3
nanital BANK,1223,18-Dec-22,57539.8
nanital BANK,1249,18-Dec-22,57269
nanital BANK,1252,18-Dec-22,62344.6
nanital BANK,1266,18-Dec-22,55473.6
nanital BANK,1309,18-Dec-22,29881.1
nanital BANK,1311,18-Dec-22,18245.3
nanital BANK,1313,18-Dec-22,47536
nanital BANK,1324,18-Dec-22,66970.6
nanital BANK,1327,18-Dec-22,19246.1
nanital BANK,1336,18-Dec-22,27716.2
nanital BANK,1338,18-Dec-22,131751.8
nanital BANK,1339,18-Dec-22,36378.1
nanital BANK,1350,18-Dec-22,54347.9
nanital BANK,1358,18-Dec-22,38798.2
nanital BANK,1372,18-Dec-22,24154.8
nanital BANK,1381,18-Dec-22,21142.6
nanital BANK,1407,18-Dec-22,74470.1
nanital BANK,1411,18-Dec-22,97791.8
nanital BANK,1421,18-Dec-22,65239.2
nanital BANK,1422,18-Dec-22,39236.1
nanital BANK,1431,18-Dec-22,20171.5
nanital BANK,1455,18-Dec-22,13518.2
nanital BANK,1490,18-Dec-22,54593.8
nanital BANK,1523,18-Dec-22,19621.1
nanital BANK,1532,18-Dec-22,91301.2
nanital BANK,1541,18-Dec-22,19324.9
nanital BANK,1543,18-Dec-22,23272.5
nanital BANK,1551,18-Dec-22,24771.4
nanital BANK,1559,18-Dec-22,58047
nanital BANK,1560,18-Dec-22,45144
nanital BANK,1564,18-Dec-22,50370.2
nanital BANK,1574,18-Dec-22,28805.3
nanital BANK,1590,18-Dec-22,32931.8
nanital BANK,1631,18-Dec-22,22396.9
nanital BANK,1634,18-Dec-22,100117.9
nanital BANK,1648,18-Dec-22,22595.8
nanital BANK,1658,18-Dec-22,24421.5
nanital BANK,1712,18-Dec-22,39834.1
nanital BANK,1717,18-Dec-22,23822.3
nanital BANK,1725,18-Dec-22,32199.7
nanital BANK,1746,18-Dec-22,54481.3
nanital BANK,1808,18-Dec-22,59476.3
nanital BANK,1820,18-Dec-22,29576.9
nanital BANK,1841,18-Dec-22,45469.5
nanital BANK,1847,18-Dec-22,52855.2
nanital BANK,1853,18-Dec-22,30388.3
nanital BANK,1880,18-Dec-22,31616.3
nanital BANK,1885,18-Dec-22,16847.6
nanital BANK,1891,18-Dec-22,89144.8
nanital BANK,1906,18-Dec-22,27596.5
nanital BANK,1937,18-Dec-22,17839.1
nanital BANK,1971,18-Dec-22,50597.7
nanital BANK,1973,18-Dec-22,23568.7
nanital BANK,1977,18-Dec-22,38573.3
nanital BANK,1997,18-Dec-22,24076.7
nanital BANK,1998,18-Dec-22,81676.6
nanital BANK,2003,18-Dec-22,68029.1
nanital BANK,2020,18-Dec-22,23338.5
nanital BANK,2034,18-Dec-22,63534.9
nanital BANK,2057,12-Dec-22,55591.4
nanital BANK,2058,12-Dec-22,15514.6
nanital BANK,2059,12-Dec-22,36816.1
nanital BANK,2061,12-Dec-22,22955.7
nanital BANK,2095,12-Dec-22,58063.2
nanital BANK,2099,12-Dec-22,63116.2
nanital BANK,2104,12-Dec-22,53830.8
nanital BANK,2114,12-Dec-22,25675.5
nanital BANK,2118,12-Dec-22,61530.7
nanital BANK,2128,12-Dec-22,18444.8
nanital BANK,2132,12-Dec-22,62824.8
nanital BANK,2151,12-Dec-22,44504.6
nanital BANK,2163,12-Dec-22,56516.8
nanital BANK,2204,12-Dec-22,33995.2
nanital BANK,2206,12-Dec-22,55866.1
nanital BANK,2213,12-Dec-22,39195
nanital BANK,2214,12-Dec-22,44575.5
nanital BANK,2217,12-Dec-22,23700
nanital BANK,2220,12-Dec-22,19050.8
nanital BANK,2263,12-Dec-22,94715.4
nanital BANK,2267,12-Dec-22,65732.8
nanital BANK,2287,12-Dec-22,41611.6
nanital BANK,2295,12-Dec-22,59994.3
nanital BANK,2298,12-Dec-22,65048.9
nanital BANK,2303,12-Dec-22,45632.7
nanital BANK,2307,12-Dec-22,17638
nanital BANK,2309,12-Dec-22,42060.3
nanital BANK,2318,12-Dec-22,28081.5
nanital BANK,2322,12-Dec-22,19572.3
nanital BANK,2359,12-Dec-22,18311.3
nanital BANK,2369,12-Dec-22,82258.8
nanital BANK,2386,12-Dec-22,84973.3
nanital BANK,2391,12-Dec-22,41616.9
nanital BANK,2405,12-Dec-22,42697.8
nanital BANK,2409,12-Dec-22,77750.8
nanital BANK,2417,12-Dec-22,23673.8
nanital BANK,2434,12-Dec-22,22404.7
nanital BANK,2441,12-Dec-22,36764.4
nanital BANK,2442,12-Dec-22,14110.2
nanital BANK,2463,12-Dec-22,50316.6
nanital BANK,2464,12-Dec-22,78617
nanital BANK,2474,12-Dec-22,17577
nanital BANK,2475,12-Dec-22,27459.7
nanital BANK,2484,12-Dec-22,44092.3
nanital BANK,2490,12-Dec-22,73125.2
nanital BANK,2493,12-Dec-22,85461.5
nanital BANK,2496,12-Dec-22,28433.7
nanital BANK,2499,12-Dec-22,43360.8
nanital BANK,2524,12-Dec-22,19399.1
nanital BANK,2530,12-Dec-22,66819.4
nanital BANK,2535,12-Dec-22,24713
nanital BANK,2542,12-Dec-22,31340.9
nanital BANK,2552,12-Dec-22,74938.8
nanital BANK,2574,12-Dec-22,110862.9
nanital BANK,2575,12-Dec-22,24447.3
nanital BANK,2579,12-Dec-22,28160.4
nanital BANK,2580,12-Dec-22,76807
nanital BANK,2586,12-Dec-22,82691.4
nanital BANK,2588,12-Dec-22,57553.2
nanital BANK,2598,12-Dec-22,76844.4
nanital BANK,2602,12-Dec-22,58690.6
nanital BANK,2607,12-Dec-22,24624.6
nanital BANK,2619,12-Dec-22,39714.3
nanital BANK,2628,12-Dec-22,20606.1
nanital BANK,2633,12-Dec-22,70596
nanital BANK,2639,12-Dec-22,62235.7
nanital BANK,2641,12-Dec-22,117022.9
nanital BANK,2652,12-Dec-22,58190.2
nanital BANK,2750,12-Dec-22,45287.4
nanital BANK,2758,12-Dec-22,70178.8
nanital BANK,2761,12-Dec-22,37173.9
nanital BANK,2766,12-Dec-22,69405.5
nanital BANK,2767,12-Dec-22,81819.8
nanital BANK,2771,12-Dec-22,36414.7
nanital BANK,2789,12-Dec-22,92569.8
nanital BANK,2794,12-Dec-22,6753.5
nanital BANK,2796,12-Dec-22,48348.1
nanital BANK,2797,12-Dec-22,37088
nanital BANK,2831,12-Dec-22,75535
nanital BANK,2833,12-Dec-22,21262.3
nanital BANK,2842,12-Dec-22,25354.5
nanital BANK,2844,12-Dec-22,89912.8
nanital BANK,2866,12-Dec-22,42235.8
nanital BANK,2887,12-Dec-22,70189.1
nanital BANK,2897,12-Dec-22,77875.2
nanital BANK,2901,12-Dec-22,55224.8
nanital BANK,2919,12-Dec-22,30190.5
nanital BANK,2922,12-Dec-22,18791.8
nanital BANK,2925,12-Dec-22,38457.7
nanital BANK,2936,12-Dec-22,59151.4
nanital BANK,2957,12-Dec-22,61192.7
nanital BANK,2963,12-Dec-22,60490.5
nanital BANK,2976,12-Dec-22,42867.2
nanital BANK,2979,12-Dec-22,13311.9
nanital BANK,2994,12-Dec-22,63928.9
nanital BANK,3014,12-Dec-22,39928.8
nanital BANK,3018,12-Dec-22,8882.4
nanital BANK,3059,12-Dec-22,50365.9
nanital BANK,3086,12-Dec-22,108488.2
nanital BANK,3094,12-Dec-22,46837.4
nanital BANK,3115,12-Dec-22,21872.8
nanital BANK,3133,12-Dec-22,55511.1
nanital BANK,3136,12-Dec-22,72360.3
nanital BANK,3144,12-Dec-22,15767
nanital BANK,3186,12-Dec-22,54741
nanital BANK,3188,12-Dec-22,17318.9
nanital BANK,3216,12-Dec-22,43556.5
nanital BANK,3231,12-Dec-22,25495.4
nanital BANK,3233,12-Dec-22,72972.3
nanital BANK,3239,12-Dec-22,29569.4
nanital BANK,3247,12-Dec-22,26797.5
nanital BANK,3256,12-Dec-22,30208.5
nanital BANK,3280,12-Dec-22,36489.7
nanital BANK,3352,12-Dec-22,17570.6
nanital BANK,3381,12-Dec-22,33877
nanital BANK,3384,12-Dec-22,49890.9
nanital BANK,3390,12-Dec-22,52653.9
nanital BANK,3391,12-Dec-22,72705.1
nanital BANK,3393,12-Dec-22,14242.6
nanital BANK,3428,12-Dec-22,43250.9
nanital BANK,3432,12-Dec-22,15228.1
nanital BANK,3434,12-Dec-22,14501.6
nanital BANK,3439,12-Dec-22,70621.5
nanital BANK,3453,12-Dec-22,58288.1
nanital BANK,3501,12-Dec-22,28654.6
nanital BANK,3520,12-Dec-22,43268.3
nanital BANK,3532,12-Dec-22,24979.2
nanital BANK,3546,12-Dec-22,88390.3
nanital BANK,3552,12-Dec-22,85327.8
nanital BANK,3558,12-Dec-22,115841.9
nanital BANK,3565,12-Dec-22,25781.5
nanital BANK,3577,12-Dec-22,57361.3
nanital BANK,3580,12-Dec-22,94994
nanital BANK,3583,12-Dec-22,29307.3
nanital BANK,3588,12-Dec-22,37580.2
nanital BANK,3600,12-Dec-22,52195.1
nanital BANK,3613,12-Dec-22,14928.6
nanital BANK,3615,12-Dec-22,34320.7
nanital BANK,3672,12-Dec-22,99669.8
nanital BANK,3681,12-Dec-22,72521.2
nanital BANK,3714,12-Dec-22,71964.9
nanital BANK,3719,12-Dec-22,25053.9
nanital BANK,3724,12-Dec-22,56098.3
nanital BANK,3781,12-Dec-22,100405.9
nanital BANK,3806,12-Dec-22,54266.9
nanital BANK,3836,12-Dec-22,73717.7
nanital BANK,3845,12-Dec-22,44557.3
nanital BANK,3849,12-Dec-22,78048.7
nanital BANK,3877,12-Dec-22,91590
nanital BANK,3890,12-Dec-22,55839.1
nanital BANK,3893,12-Dec-22,31234.8
nanital BANK,3897,12-Dec-22,86822.9
nanital BANK,3901,12-Dec-22,81928.3
nanital BANK,3913,12-Dec-22,52933.8
nanital BANK,3923,12-Dec-22,120570.3
nanital BANK,3926,12-Dec-22,47296.9
nanital BANK,3953,12-Dec-22,93766.2
nanital BANK,3969,12-Dec-22,64303.5
nanital BANK,3997,12-Dec-22,42398.8
nanital BANK,4055,12-Dec-22,48872.7
nanital BANK,4069,12-Dec-22,77732
nanital BANK,4099,12-Dec-22,57919.1
nanital BANK,4103,12-Dec-22,49899.9
nanital BANK,4255,12-Dec-22,66586.4
nanital BANK,4287,12-Dec-22,27818.7
nanital BANK,4301,12-Dec-22,36785.8
nanital BANK,4414,12-Dec-22,31405.7
nanital BANK,4415,12-Dec-22,46704.4
nanital BANK,4423,12-Dec-22,83960.3
nanital BANK,4438,12-Dec-22,52113.5
nanital BANK,4462,12-Dec-22,31683.1
nanital BANK,4527,12-Dec-22,32221.2
nanital BANK,4681,12-Dec-22,57448.2
nanital BANK,4852,12-Dec-22,28435.9
nanital BANK,4894,12-Dec-22,81167.1
nanital BANK,4948,12-Dec-22,75248.3
nanital BANK,5133,12-Dec-22,48115.8
nanital BANK,5180,12-Dec-22,38878.8
nanital BANK,5196,12-Dec-22,49498.9
nanital BANK,5305,12-Dec-22,64284.6
nanital BANK,5362,12-Dec-22,44218.9
nanital BANK,5442,12-Dec-22,67802.1
nanital BANK,5472,12-Dec-22,8403.8
nanital BANK,5505,12-Dec-22,83482.5
nanital BANK,5661,12-Dec-22,12462
nanital BANK,5700,12-Dec-22,-4887.5
nanital BANK,5944,12-Dec-22,68639.7
nanital BANK,6353,12-Dec-22,69197.9
nanital BANK,6555,12-Dec-22,134397.1
nanital BANK,6602,12-Dec-22,39827.7
nanital BANK,6688,12-Dec-22,54142.1
nanital BANK,7049,12-Dec-22,52314.9
nanital BANK,7133,12-Dec-22,20919.8
nanital BANK,7721,12-Dec-22,68474.5
nanital BANK,8132,12-Dec-22,123906.8
nanital BANK,8153,12-Dec-22,30134.9
nanital BANK,8173,12-Dec-22,70541.4
nanital BANK,8411,12-Dec-22,32458.5
nanital BANK,8492,12-Dec-22,84410.8
nanital BANK,8505,12-Dec-22,22652.9
nanital BANK,8519,12-Dec-22,82135.6
nanital BANK,8742,12-Dec-22,34139.9
nanital BANK,9192,12-Dec-22,35782.8
nanital BANK,9227,12-Dec-22,20041.6
nanital BANK,9484,12-Dec-22,11310
nanital BANK,9631,12-Dec-22,19690.1
nanital BANK,9635,12-Dec-22,2413.7
nanital BANK,9640,12-Dec-22,85375.2
nanital BANK,9730,12-Dec-22,39117.6
nanital BANK,9750,12-Dec-22,95737.2
nanital BANK,9833,12-Dec-22,43487.2
nanital BANK,9928,12-Dec-22,77589
nanital BANK,10018,12-Dec-22,37801.8
nanital BANK,10257,12-Dec-22,50542.7
nanital BANK,10364,12-Dec-22,50746
nanital BANK,10613,12-Dec-22,52101.2
nanital BANK,10663,12-Dec-22,42584.7
nanital BANK,10711,12-Dec-22,82184.8
nanital BANK,10915,12-Dec-22,24028.2
nanital BANK,11042,12-Dec-22,50665.7
nanital BANK,11295,12-Dec-22,103067.2
nanital BANK,22,12-Dec-22,37119
nanital BANK,42,12-Dec-22,32674.8
nanital BANK,48,12-Dec-22,70652.9
nanital BANK,73,12-Dec-22,67729.8
nanital BANK,78,12-Dec-22,78733.4
nanital BANK,167,12-Dec-22,37855.2
nanital BANK,177,12-Dec-22,62150.1
nanital BANK,194,12-Dec-22,22936.6
nanital BANK,199,12-Dec-22,26757.9
nanital BANK,207,12-Dec-22,26002
nanital BANK,208,12-Dec-22,26536.6
nanital BANK,220,12-Dec-22,35405.6
nanital BANK,221,12-Dec-22,66201
nanital BANK,230,12-Dec-22,19961.3
nanital BANK,263,12-Dec-22,56098.5
nanital BANK,266,12-Dec-22,74590.6
nanital BANK,280,12-Dec-22,69717.8
nanital BANK,282,12-Dec-22,52725.6
nanital BANK,298,12-Dec-22,30293
nanital BANK,303,12-Dec-22,49390.3
nanital BANK,336,12-Dec-22,60390
nanital BANK,339,12-Dec-22,105413.9
nanital BANK,366,12-Dec-22,47135.2
nanital BANK,377,12-Dec-22,50710
nanital BANK,392,12-Dec-22,55424
nanital BANK,419,12-Dec-22,28347
nanital BANK,420,12-Dec-22,83570.7
nanital BANK,437,12-Dec-22,146212.6
nanital BANK,447,12-Dec-22,82985.5
nanital BANK,458,12-Dec-22,73612.6
nanital BANK,467,12-Dec-22,36123.1
nanital BANK,468,12-Dec-22,89456.9
nanital BANK,480,12-Dec-22,34672.6
nanital BANK,492,12-Dec-22,16614
nanital BANK,511,12-Dec-22,30270.9
nanital BANK,514,12-Dec-22,33961.3
nanital BANK,521,12-Dec-22,42728.2
nanital BANK,535,12-Dec-22,40247.7
nanital BANK,545,12-Dec-22,85122.9
nanital BANK,559,12-Dec-22,21010.2
nanital BANK,561,12-Dec-22,24836.5
nanital BANK,581,12-Dec-22,51477.5
nanital BANK,597,12-Dec-22,18255.9
nanital BANK,600,12-Dec-22,50170
nanital BANK,605,12-Dec-22,32229.4
nanital BANK,616,12-Dec-22,28773.9
nanital BANK,653,12-Dec-22,52672.9
nanital BANK,666,12-Dec-22,84508.4
nanital BANK,683,12-Dec-22,54297
nanital BANK,693,12-Dec-22,18124.6
nanital BANK,704,12-Dec-22,82976.7
nanital BANK,742,12-Dec-22,26712.9
nanital BANK,751,12-Dec-22,19230.1
nanital BANK,766,12-Dec-22,91196.7
nanital BANK,767,12-Dec-22,20322.1
nanital BANK,771,12-Dec-22,35138.7
nanital BANK,801,12-Dec-22,22974.9
nanital BANK,819,12-Dec-22,64356.5
nanital BANK,839,12-Dec-22,66999.1
nanital BANK,848,12-Dec-22,59279.4
nanital BANK,860,12-Dec-22,29401
nanital BANK,866,12-Dec-22,60323.9
nanital BANK,872,12-Dec-22,46150.8
nanital BANK,876,12-Dec-22,17808.6
nanital BANK,878,12-Dec-22,60787.7
nanital BANK,883,12-Dec-22,45271.6
nanital BANK,910,12-Dec-22,34527.4
nanital BANK,922,12-Dec-22,65050.6
nanital BANK,930,12-Dec-22,62760.8
nanital BANK,958,12-Dec-22,22600.1
nanital BANK,970,12-Dec-22,75665.9
nanital BANK,976,12-Dec-22,57143.2
nanital BANK,980,12-Dec-22,59571.6
nanital BANK,984,12-Dec-22,30291
nanital BANK,1002,12-Dec-22,25138.8
nanital BANK,1010,12-Dec-22,48358.5
nanital BANK,1022,12-Dec-22,77771.3
nanital BANK,1029,12-Dec-22,77251.1
nanital BANK,1043,12-Dec-22,84557.4
nanital BANK,1048,12-Dec-22,18187.3
nanital BANK,1053,12-Dec-22,41599.4
nanital BANK,1062,12-Dec-22,37728.6
nanital BANK,1080,12-Dec-22,111580.3
nanital BANK,1091,12-Dec-22,91520.6
nanital BANK,1104,12-Dec-22,66378.5
nanital BANK,1123,12-Dec-22,41074.5
nanital BANK,1129,12-Dec-22,66748.5
nanital BANK,1168,12-Dec-22,20453.3
nanital BANK,1171,12-Dec-22,62716.7
nanital BANK,1177,12-Dec-22,39896.8
nanital BANK,1194,12-Dec-22,80387
nanital BANK,1217,12-Dec-22,26586.1
nanital BANK,1263,12-Dec-22,60350.4
nanital BANK,1277,12-Dec-22,20957
nanital BANK,1299,12-Dec-22,25334.2
nanital BANK,1314,12-Dec-22,53325.6
nanital BANK,1361,12-Dec-22,50148.5
nanital BANK,1446,12-Dec-22,93404.7
nanital BANK,1453,12-Dec-22,46610
nanital BANK,1506,12-Dec-22,17594.4
nanital BANK,1535,12-Dec-22,57793.9
nanital BANK,1554,12-Dec-22,56513.6
nanital BANK,1565,12-Dec-22,34366.3
nanital BANK,1621,12-Dec-22,59970.9
nanital BANK,1623,12-Dec-22,42765
nanital BANK,1625,12-Dec-22,29589.2
nanital BANK,1630,12-Dec-22,27183.5
nanital BANK,1667,12-Dec-22,17709.8
nanital BANK,1673,12-Dec-22,13077
nanital BANK,1681,12-Dec-22,69115.8
nanital BANK,1703,12-Dec-22,25685.4
nanital BANK,1722,12-Dec-22,65355.7
nanital BANK,1732,12-Dec-22,66627.8
nanital BANK,1734,12-Dec-22,83458.9
nanital BANK,1744,12-Dec-22,24062.6
nanital BANK,1775,12-Dec-22,21956.4
nanital BANK,1776,12-Dec-22,50778.7
nanital BANK,1819,12-Dec-22,73485.8
nanital BANK,1829,12-Dec-22,30030.3
nanital BANK,1837,12-Dec-22,111641.4
nanital BANK,1839,12-Dec-22,72099.8
nanital BANK,1872,12-Dec-22,66820.9
nanital BANK,1907,12-Dec-22,67695.6
nanital BANK,1912,12-Dec-22,41343.7
nanital BANK,1914,12-Dec-22,79094.6
nanital BANK,1920,12-Dec-22,63726.1
nanital BANK,1926,12-Dec-22,22112.9
nanital BANK,1950,12-Dec-22,40035
nanital BANK,1961,12-Dec-22,17198.7
nanital BANK,1963,12-Dec-22,114627
nanital BANK,1978,12-Dec-22,71424.5
nanital BANK,1990,12-Dec-22,29779.9
nanital BANK,1992,12-Dec-22,22068.2
nanital BANK,1995,12-Dec-22,24823
nanital BANK,2048,14-Dec-22,48131.4
nanital BANK,2049,14-Dec-22,26381.5
nanital BANK,2053,14-Dec-22,22674.4
nanital BANK,2070,14-Dec-22,69319.2
nanital BANK,2091,14-Dec-22,54094.5
nanital BANK,2121,14-Dec-22,25216.7
nanital BANK,2135,14-Dec-22,31517.7
nanital BANK,2138,14-Dec-22,61644.1
nanital BANK,2153,14-Dec-22,63784.5
nanital BANK,2184,14-Dec-22,46553.7
nanital BANK,2192,14-Dec-22,56118.6
nanital BANK,2193,14-Dec-22,23517.3
nanital BANK,2200,14-Dec-22,52643.4
nanital BANK,2225,14-Dec-22,17343.6
nanital BANK,2237,14-Dec-22,66548.3
nanital BANK,2266,14-Dec-22,70503.4
nanital BANK,2269,14-Dec-22,27387.9
nanital BANK,2281,14-Dec-22,29565.2
nanital BANK,2282,14-Dec-22,103639.9
nanital BANK,2339,14-Dec-22,19362.6
nanital BANK,2360,14-Dec-22,68993.6
nanital BANK,2362,14-Dec-22,25640.4
nanital BANK,2370,14-Dec-22,63391.1
nanital BANK,2373,14-Dec-22,17798
nanital BANK,2376,14-Dec-22,55826.5
nanital BANK,2385,14-Dec-22,66822.6
nanital BANK,2404,14-Dec-22,25649.6
nanital BANK,2415,14-Dec-22,43379.2
nanital BANK,2440,14-Dec-22,59305.3
nanital BANK,2447,14-Dec-22,53494
nanital BANK,2461,14-Dec-22,13551
nanital BANK,2472,14-Dec-22,86793.6
nanital BANK,2504,14-Dec-22,61420.3
nanital BANK,2506,14-Dec-22,101093.5
nanital BANK,2507,14-Dec-22,33209.3
nanital BANK,2519,14-Dec-22,50054.8
nanital BANK,2520,14-Dec-22,20766.6
nanital BANK,2533,14-Dec-22,48208.2
nanital BANK,2543,14-Dec-22,84961.5
nanital BANK,2560,14-Dec-22,32644.6
nanital BANK,2561,14-Dec-22,79679.4
nanital BANK,2621,14-Dec-22,22012.5
nanital BANK,2623,14-Dec-22,70365.6
nanital BANK,2629,14-Dec-22,49838
nanital BANK,2650,14-Dec-22,77176
nanital BANK,2661,14-Dec-22,25656.3
nanital BANK,2674,14-Dec-22,22944.1
nanital BANK,2686,14-Dec-22,16363.3
nanital BANK,2708,14-Dec-22,80287.1
nanital BANK,2717,14-Dec-22,21614.8
nanital BANK,2723,14-Dec-22,31039.6
nanital BANK,2729,14-Dec-22,85623.6
nanital BANK,2733,14-Dec-22,34685.5
nanital BANK,2765,14-Dec-22,16044.8
nanital BANK,2773,14-Dec-22,68730.4
nanital BANK,2791,14-Dec-22,19262.2
nanital BANK,2792,14-Dec-22,44647.7
nanital BANK,2808,14-Dec-22,60471.9
nanital BANK,2812,14-Dec-22,55146
nanital BANK,2845,14-Dec-22,59396.6
nanital BANK,2864,14-Dec-22,53315.7
nanital BANK,2870,14-Dec-22,50582.1
nanital BANK,2878,14-Dec-22,13897.2
nanital BANK,2895,14-Dec-22,57568.4
nanital BANK,2909,14-Dec-22,43468.5
nanital BANK,2926,14-Dec-22,47107
nanital BANK,2960,14-Dec-22,39120.9
nanital BANK,2973,14-Dec-22,57820.9
nanital BANK,2974,14-Dec-22,48588.1
nanital BANK,2991,14-Dec-22,60146.9
nanital BANK,2993,14-Dec-22,14811.4
nanital BANK,2996,14-Dec-22,69303.7
nanital BANK,3030,14-Dec-22,25795.4
nanital BANK,3041,14-Dec-22,17315.5
nanital BANK,3070,14-Dec-22,20845.5
nanital BANK,3087,14-Dec-22,25261.7
nanital BANK,3100,14-Dec-22,25143.7
nanital BANK,3105,14-Dec-22,23970.7
nanital BANK,3108,14-Dec-22,15105
nanital BANK,3122,14-Dec-22,44496.1
nanital BANK,3124,14-Dec-22,42368.7
nanital BANK,3125,14-Dec-22,23735.5
nanital BANK,3132,14-Dec-22,34584.1
nanital BANK,3149,14-Dec-22,46767.9
nanital BANK,3151,14-Dec-22,108601.7
nanital BANK,3153,14-Dec-22,120818.4
nanital BANK,3154,14-Dec-22,89081.6
nanital BANK,3155,14-Dec-22,40771.8
nanital BANK,3169,14-Dec-22,23776.3
nanital BANK,3173,14-Dec-22,22965.2
nanital BANK,3204,14-Dec-22,63801.4
nanital BANK,3217,14-Dec-22,42022.7
nanital BANK,3219,14-Dec-22,42671.7
nanital BANK,3225,14-Dec-22,114812.7
nanital BANK,3230,14-Dec-22,107282.9
nanital BANK,3243,14-Dec-22,19999.2
nanital BANK,3258,14-Dec-22,95951.5
nanital BANK,3283,14-Dec-22,41117.9
nanital BANK,3286,14-Dec-22,37856.3
nanital BANK,3287,14-Dec-22,59065.5
nanital BANK,3296,14-Dec-22,67999
nanital BANK,3303,14-Dec-22,79155.9
nanital BANK,3323,14-Dec-22,77020.8
nanital BANK,3330,14-Dec-22,99015.8
nanital BANK,3331,14-Dec-22,16609.6
nanital BANK,3335,14-Dec-22,26793.2
nanital BANK,3343,14-Dec-22,65321.1
nanital BANK,3357,14-Dec-22,37165
nanital BANK,3359,14-Dec-22,31391.5
nanital BANK,3375,14-Dec-22,61065.7
nanital BANK,3377,14-Dec-22,65113.2
nanital BANK,3407,14-Dec-22,73410.6
nanital BANK,3423,14-Dec-22,17020.6
nanital BANK,3427,14-Dec-22,99927.4
nanital BANK,3445,14-Dec-22,50445.7
nanital BANK,3455,14-Dec-22,106360.3
nanital BANK,3480,14-Dec-22,70580.6
nanital BANK,3483,14-Dec-22,19370.9
nanital BANK,3504,14-Dec-22,20040.9
nanital BANK,3505,14-Dec-22,92048
nanital BANK,3510,14-Dec-22,47338.4
nanital BANK,3511,14-Dec-22,26554.4
nanital BANK,3513,14-Dec-22,81971.1
nanital BANK,3518,14-Dec-22,51891.1
nanital BANK,3527,14-Dec-22,57164
nanital BANK,3549,14-Dec-22,17989.6
nanital BANK,3562,14-Dec-22,55949.4
nanital BANK,3603,14-Dec-22,72878.6
nanital BANK,3628,14-Dec-22,60565.9
nanital BANK,3654,14-Dec-22,106224.6
nanital BANK,3659,14-Dec-22,88955.8
nanital BANK,3664,14-Dec-22,87055.6
nanital BANK,3688,14-Dec-22,32204.5
nanital BANK,3693,14-Dec-22,102582.5
nanital BANK,3736,14-Dec-22,32616.3
nanital BANK,3808,14-Dec-22,79590
nanital BANK,3824,14-Dec-22,34749.9
nanital BANK,3827,14-Dec-22,44941.1
nanital BANK,3848,14-Dec-22,80551.2
nanital BANK,3850,14-Dec-22,90965.9
nanital BANK,3858,14-Dec-22,39759.9
nanital BANK,3866,14-Dec-22,34578.9
nanital BANK,3882,14-Dec-22,34067.3
nanital BANK,3895,14-Dec-22,29215.7
nanital BANK,3903,14-Dec-22,53884.8
nanital BANK,3919,14-Dec-22,57635.5
nanital BANK,3936,14-Dec-22,18518.5
nanital BANK,3968,14-Dec-22,104921.3
nanital BANK,3972,14-Dec-22,73840.7
nanital BANK,3978,14-Dec-22,42864.9
nanital BANK,3993,14-Dec-22,89431.7
nanital BANK,3996,14-Dec-22,36985.4
nanital BANK,3999,14-Dec-22,106755.9
nanital BANK,4010,14-Dec-22,69217.8
nanital BANK,4033,14-Dec-22,38116.3
nanital BANK,4047,14-Dec-22,71180.1
nanital BANK,4119,14-Dec-22,48600.4
nanital BANK,4128,14-Dec-22,38840.7
nanital BANK,4131,14-Dec-22,95052.4
nanital BANK,4134,14-Dec-22,49975
nanital BANK,4161,14-Dec-22,79492.1
nanital BANK,4361,14-Dec-22,125827.4
nanital BANK,4405,14-Dec-22,14608.7
nanital BANK,4475,14-Dec-22,46617.4
nanital BANK,4659,14-Dec-22,99085.9
nanital BANK,4725,14-Dec-22,33330.7
nanital BANK,4851,14-Dec-22,97884.3
nanital BANK,4949,14-Dec-22,72337.8
nanital BANK,5024,14-Dec-22,6441.6
nanital BANK,5065,14-Dec-22,29761.6
nanital BANK,5072,14-Dec-22,83424.1
nanital BANK,5181,14-Dec-22,23959
nanital BANK,5215,14-Dec-22,69009.8
nanital BANK,5283,14-Dec-22,89461.5
nanital BANK,5774,14-Dec-22,65035.4
nanital BANK,5991,14-Dec-22,31954.2
nanital BANK,6440,14-Dec-22,19784.3
nanital BANK,6453,14-Dec-22,23819.5
nanital BANK,6463,14-Dec-22,111236.7
nanital BANK,6472,14-Dec-22,60864.6
nanital BANK,6686,14-Dec-22,38494.8
nanital BANK,6706,14-Dec-22,47948.1
nanital BANK,6792,14-Dec-22,44035.9
nanital BANK,6910,14-Dec-22,70537.2
nanital BANK,7190,14-Dec-22,26744.9
nanital BANK,7487,14-Dec-22,43612.5
nanital BANK,7520,14-Dec-22,-10823
nanital BANK,7542,14-Dec-22,64464.3
nanital BANK,7546,14-Dec-22,20883
nanital BANK,7618,14-Dec-22,26754.8
nanital BANK,7632,14-Dec-22,60921.8
nanital BANK,7713,14-Dec-22,47555.3
nanital BANK,7907,14-Dec-22,77436.5
nanital BANK,8038,14-Dec-22,81469.6
nanital BANK,8073,14-Dec-22,101334.7
nanital BANK,8085,14-Dec-22,55752.9
nanital BANK,8094,14-Dec-22,53615.9
nanital BANK,8114,14-Dec-22,47563.4
nanital BANK,8149,14-Dec-22,43487
nanital BANK,8169,14-Dec-22,32617.2
nanital BANK,8321,14-Dec-22,68983
nanital BANK,9241,14-Dec-22,31797.6
nanital BANK,9494,14-Dec-22,42280.1
nanital BANK,9504,14-Dec-22,17672
nanital BANK,9513,14-Dec-22,48280.6
nanital BANK,10280,14-Dec-22,93885.4
nanital BANK,10607,14-Dec-22,87051.8
nanital BANK,10650,14-Dec-22,44909.7
nanital BANK,10694,14-Dec-22,44787.5
nanital BANK,11013,14-Dec-22,84838.6
nanital BANK,11186,14-Dec-22,84421.3
nanital BANK,7,14-Dec-22,74075.3
nanital BANK,41,14-Dec-22,100992.3
nanital BANK,45,14-Dec-22,27769.1
nanital BANK,67,14-Dec-22,43641.4
nanital BANK,82,14-Dec-22,65214
nanital BANK,93,14-Dec-22,34008.9
nanital BANK,106,14-Dec-22,68423.3
nanital BANK,132,14-Dec-22,52991.1
nanital BANK,140,14-Dec-22,47344
nanital BANK,154,14-Dec-22,91993
nanital BANK,190,14-Dec-22,69213.4
nanital BANK,193,14-Dec-22,32204.5
nanital BANK,218,14-Dec-22,33494.5
nanital BANK,229,14-Dec-22,26621.1
nanital BANK,251,14-Dec-22,35314.8
nanital BANK,270,14-Dec-22,116900.4
nanital BANK,271,14-Dec-22,61862.8
nanital BANK,284,14-Dec-22,47557.7
nanital BANK,286,14-Dec-22,34153
nanital BANK,300,14-Dec-22,72959.6
nanital BANK,305,14-Dec-22,16217.8
nanital BANK,306,14-Dec-22,32616.2
nanital BANK,332,14-Dec-22,25734.6
nanital BANK,341,14-Dec-22,16338.2
nanital BANK,362,14-Dec-22,61331.7
nanital BANK,372,14-Dec-22,42845.9
nanital BANK,373,14-Dec-22,55108.7
nanital BANK,376,14-Dec-22,68408
nanital BANK,389,14-Dec-22,22280.1
nanital BANK,397,14-Dec-22,108047.9
nanital BANK,408,14-Dec-22,93276.6
nanital BANK,411,14-Dec-22,68943.5
nanital BANK,412,14-Dec-22,69922.8
nanital BANK,431,14-Dec-22,37554.1
nanital BANK,454,14-Dec-22,31550.4
nanital BANK,455,14-Dec-22,33455.2
nanital BANK,462,14-Dec-22,48999.7
nanital BANK,479,14-Dec-22,10859
nanital BANK,494,14-Dec-22,46082.9
nanital BANK,496,14-Dec-22,40263.8
nanital BANK,497,14-Dec-22,49834.8
nanital BANK,498,14-Dec-22,121607.7
nanital BANK,503,14-Dec-22,51350.8
nanital BANK,509,14-Dec-22,50931.8
nanital BANK,526,14-Dec-22,36485.7
nanital BANK,530,14-Dec-22,36446.1
nanital BANK,532,14-Dec-22,127636
nanital BANK,536,14-Dec-22,26262.1
nanital BANK,541,14-Dec-22,20091.7
nanital BANK,542,14-Dec-22,18252.2
nanital BANK,551,14-Dec-22,41342.3
nanital BANK,610,14-Dec-22,98167.5
nanital BANK,622,14-Dec-22,59572.1
nanital BANK,624,14-Dec-22,44046.2
nanital BANK,625,14-Dec-22,73835.3
nanital BANK,637,14-Dec-22,15560.2
nanital BANK,664,14-Dec-22,22466.8
nanital BANK,691,14-Dec-22,26357
nanital BANK,716,14-Dec-22,66907.5
nanital BANK,717,14-Dec-22,45631.3
nanital BANK,746,14-Dec-22,34760.3
nanital BANK,772,14-Dec-22,94819
nanital BANK,773,14-Dec-22,91541.8
nanital BANK,777,14-Dec-22,70240.9
nanital BANK,780,14-Dec-22,52069.8
nanital BANK,784,14-Dec-22,52829
nanital BANK,792,14-Dec-22,18867.9
nanital BANK,794,14-Dec-22,18626
nanital BANK,811,14-Dec-22,85280.6
nanital BANK,825,14-Dec-22,41583.1
nanital BANK,828,14-Dec-22,22923.1
nanital BANK,840,14-Dec-22,65434.6
nanital BANK,847,14-Dec-22,56650
nanital BANK,871,14-Dec-22,46003.4
nanital BANK,931,14-Dec-22,20734.4
nanital BANK,941,14-Dec-22,28308.8
nanital BANK,956,14-Dec-22,72337.3
nanital BANK,964,14-Dec-22,49883.8
nanital BANK,972,14-Dec-22,19960.1
nanital BANK,974,14-Dec-22,56212.2
nanital BANK,978,14-Dec-22,89484.2
nanital BANK,1016,14-Dec-22,118929
nanital BANK,1026,14-Dec-22,60538.7
nanital BANK,1042,14-Dec-22,53103.5
nanital BANK,1047,14-Dec-22,32959.1
nanital BANK,1051,14-Dec-22,48703
nanital BANK,1063,14-Dec-22,88942.2
nanital BANK,1085,14-Dec-22,58855.7
nanital BANK,1089,14-Dec-22,40303.5
nanital BANK,1094,14-Dec-22,17590.5
nanital BANK,1097,14-Dec-22,97800.4
nanital BANK,1112,14-Dec-22,86605.2
nanital BANK,1128,14-Dec-22,61038.4
nanital BANK,1140,14-Dec-22,46781.5
nanital BANK,1153,14-Dec-22,57471.4
nanital BANK,1154,14-Dec-22,58137.2
nanital BANK,1165,14-Dec-22,28552.6
nanital BANK,1170,14-Dec-22,37113
nanital BANK,1174,14-Dec-22,81012.4
nanital BANK,1201,14-Dec-22,79027.9
nanital BANK,1211,14-Dec-22,24363.1
nanital BANK,1236,14-Dec-22,18157.2
nanital BANK,1242,14-Dec-22,41706.6
nanital BANK,1258,14-Dec-22,18104.6
nanital BANK,1267,14-Dec-22,39308.8
nanital BANK,1289,14-Dec-22,85627.7
nanital BANK,1292,14-Dec-22,76679.7
nanital BANK,1294,14-Dec-22,63567.8
nanital BANK,1307,14-Dec-22,16373.8
nanital BANK,1310,14-Dec-22,22238.8
nanital BANK,1330,14-Dec-22,26092.6
nanital BANK,1332,14-Dec-22,116645.7
nanital BANK,1333,14-Dec-22,27977.3
nanital BANK,1334,14-Dec-22,19490.2
nanital BANK,1345,14-Dec-22,53768.4
nanital BANK,1353,14-Dec-22,42735.9
nanital BANK,1356,14-Dec-22,16175.2
nanital BANK,1370,14-Dec-22,41484.9
nanital BANK,1384,14-Dec-22,54921.4
nanital BANK,1393,14-Dec-22,36893.2
nanital BANK,1395,14-Dec-22,51485.2
nanital BANK,1399,14-Dec-22,37080
nanital BANK,1410,14-Dec-22,93501
nanital BANK,1427,14-Dec-22,67133.6
nanital BANK,1465,14-Dec-22,33932.8
nanital BANK,1474,14-Dec-22,20770.4
nanital BANK,1486,14-Dec-22,67358.2
nanital BANK,1494,14-Dec-22,79907.7
nanital BANK,1504,14-Dec-22,26013.6
nanital BANK,1519,14-Dec-22,100619.4
nanital BANK,1528,14-Dec-22,70985.6
nanital BANK,1529,14-Dec-22,17268.1
nanital BANK,1581,14-Dec-22,81001.3
nanital BANK,1596,14-Dec-22,28494.9
nanital BANK,1600,14-Dec-22,28912.5
nanital BANK,1618,14-Dec-22,44535.2
nanital BANK,1651,14-Dec-22,51693.8
nanital BANK,1680,14-Dec-22,72008.9
nanital BANK,1698,14-Dec-22,54451.2
nanital BANK,1702,14-Dec-22,27346.5
nanital BANK,1709,14-Dec-22,82932.5
nanital BANK,1752,14-Dec-22,69844.5
nanital BANK,1764,14-Dec-22,59687.3
nanital BANK,1770,14-Dec-22,52200.3
nanital BANK,1795,14-Dec-22,61462.8
nanital BANK,1807,14-Dec-22,60670.7
nanital BANK,1834,14-Dec-22,79950.5
nanital BANK,1844,14-Dec-22,44753.7
nanital BANK,1876,14-Dec-22,49777.8
nanital BANK,1881,14-Dec-22,27460.2
nanital BANK,1884,14-Dec-22,17331.6
nanital BANK,1900,14-Dec-22,51615.9
nanital BANK,1918,14-Dec-22,26028.5
nanital BANK,1936,14-Dec-22,23855.4
nanital BANK,1956,14-Dec-22,48442.6
nanital BANK,1960,14-Dec-22,19878.5
nanital BANK,1969,14-Dec-22,33489
nanital BANK,1970,14-Dec-22,100034.8
nanital BANK,1985,14-Dec-22,16048.8
nanital BANK,1986,14-Dec-22,47277.1
nanital BANK,1988,14-Dec-22,33795.3
nanital BANK,1996,14-Dec-22,26745.6
nanital BANK,2005,14-Dec-22,21594
nanital BANK,2006,14-Dec-22,24572.3
nanital BANK,2009,14-Dec-22,82140.6
nanital BANK,2025,14-Dec-22,44181.2
nanital BANK,2030,14-Dec-22,76657.7
nanital BANK,2063,30-Nov-22,38540.9
nanital BANK,2066,30-Nov-22,16411.5
nanital BANK,2080,30-Nov-22,32027
nanital BANK,2101,30-Nov-22,25962
nanital BANK,2105,30-Nov-22,13619
nanital BANK,2115,30-Nov-22,12250.5
nanital BANK,2123,30-Nov-22,13415.2
nanital BANK,2127,30-Nov-22,15605.3
nanital BANK,2130,30-Nov-22,24479.3
nanital BANK,2131,30-Nov-22,47234
nanital BANK,2139,30-Nov-22,43361
nanital BANK,2140,30-Nov-22,44288.8
nanital BANK,2150,30-Nov-22,16691.5
nanital BANK,2154,30-Nov-22,15285.4
nanital BANK,2161,30-Nov-22,11119.1
nanital BANK,2173,30-Nov-22,30491.1
nanital BANK,2176,30-Nov-22,-476.3
nanital BANK,2201,30-Nov-22,16392.4
nanital BANK,2205,30-Nov-22,26182.1
nanital BANK,2208,30-Nov-22,17157.5
nanital BANK,2215,30-Nov-22,37149.8
nanital BANK,2221,30-Nov-22,15527
nanital BANK,2223,30-Nov-22,15575.4
nanital BANK,2228,30-Nov-22,28761.3
nanital BANK,2236,30-Nov-22,-1438.6
nanital BANK,2257,30-Nov-22,15423.7
nanital BANK,2270,30-Nov-22,27499.1
nanital BANK,2276,30-Nov-22,48796.8
nanital BANK,2286,30-Nov-22,14628.1
nanital BANK,2305,30-Nov-22,-21649.9
nanital BANK,2327,30-Nov-22,15166.6
nanital BANK,2345,30-Nov-22,23602.8
nanital BANK,2346,30-Nov-22,10615.7
nanital BANK,2365,30-Nov-22,29645.1
nanital BANK,2366,30-Nov-22,11708.5
nanital BANK,2377,30-Nov-22,20176.1
nanital BANK,2382,30-Nov-22,13841.4
nanital BANK,2390,30-Nov-22,34016.8
nanital BANK,2392,30-Nov-22,41845.4
nanital BANK,2396,30-Nov-22,21681.5
nanital BANK,2401,30-Nov-22,38942.7
nanital BANK,2414,30-Nov-22,19011.5
nanital BANK,2432,30-Nov-22,37858.4
nanital BANK,2453,30-Nov-22,28125.7
nanital BANK,2458,30-Nov-22,24150.1
nanital BANK,2459,30-Nov-22,22645.9
nanital BANK,2465,30-Nov-22,14162
nanital BANK,2469,30-Nov-22,19666.8
nanital BANK,2485,30-Nov-22,24355.5
nanital BANK,2488,30-Nov-22,35725.4
nanital BANK,2494,30-Nov-22,26100.8
nanital BANK,2505,30-Nov-22,29104.1
nanital BANK,2508,30-Nov-22,16810.6
nanital BANK,2513,30-Nov-22,15175.7
nanital BANK,2523,30-Nov-22,26896.1
nanital BANK,2538,30-Nov-22,34203.5
nanital BANK,2539,30-Nov-22,26821.3
nanital BANK,2546,30-Nov-22,16702.8
nanital BANK,2549,30-Nov-22,53062.6
nanital BANK,2562,30-Nov-22,20987.5
nanital BANK,2569,30-Nov-22,18059.7
nanital BANK,2573,30-Nov-22,13560.6
nanital BANK,2589,30-Nov-22,12788.8
nanital BANK,2590,30-Nov-22,11449.6
nanital BANK,2617,30-Nov-22,18908.7
nanital BANK,2625,30-Nov-22,60389.3
nanital BANK,2631,30-Nov-22,35047.8
nanital BANK,2636,30-Nov-22,18669.1
nanital BANK,2644,30-Nov-22,26236.1
nanital BANK,2651,30-Nov-22,32025.3
nanital BANK,2656,30-Nov-22,28865.8
nanital BANK,2657,30-Nov-22,26990.1
nanital BANK,2658,30-Nov-22,20586.9
nanital BANK,2663,30-Nov-22,31399.6
nanital BANK,2672,30-Nov-22,17074.2
nanital BANK,2675,30-Nov-22,15098.9
nanital BANK,2692,30-Nov-22,34625.1
nanital BANK,2710,30-Nov-22,40013
nanital BANK,2719,30-Nov-22,14946.7
nanital BANK,2730,30-Nov-22,24600.6
nanital BANK,2749,30-Nov-22,109484.3
nanital BANK,2763,30-Nov-22,27925
nanital BANK,2768,30-Nov-22,43123.2
nanital BANK,2770,30-Nov-22,39123.8
nanital BANK,2782,30-Nov-22,51970.4
nanital BANK,2814,30-Nov-22,28339.6
nanital BANK,2820,30-Nov-22,21245.5
nanital BANK,2823,30-Nov-22,17742.9
nanital BANK,2832,30-Nov-22,17628.6
nanital BANK,2846,30-Nov-22,22723.7
nanital BANK,2849,30-Nov-22,28509.2
nanital BANK,2850,30-Nov-22,18690.7
nanital BANK,2853,30-Nov-22,74917.8
nanital BANK,2855,30-Nov-22,48227.4
nanital BANK,2860,30-Nov-22,47756.3
nanital BANK,2868,30-Nov-22,27494.8
nanital BANK,2869,30-Nov-22,12965.6
nanital BANK,2871,30-Nov-22,25395.9
nanital BANK,2907,30-Nov-22,25782.1
nanital BANK,2913,30-Nov-22,16835.5
nanital BANK,2923,30-Nov-22,18300.3
nanital BANK,2935,30-Nov-22,19088.2
nanital BANK,2937,30-Nov-22,10602.5
nanital BANK,2939,30-Nov-22,18714.3
nanital BANK,2940,30-Nov-22,46795.9
nanital BANK,2947,30-Nov-22,30387.9
nanital BANK,2955,30-Nov-22,21902.3
nanital BANK,2958,30-Nov-22,14213.8
nanital BANK,2961,30-Nov-22,29956.2
nanital BANK,2964,30-Nov-22,25078.4
nanital BANK,2965,30-Nov-22,23181.2
nanital BANK,2971,30-Nov-22,92242.7
nanital BANK,3004,30-Nov-22,19973.2
nanital BANK,3010,30-Nov-22,81070
nanital BANK,3025,30-Nov-22,17461.3
nanital BANK,3032,30-Nov-22,47855
nanital BANK,3033,30-Nov-22,18564
nanital BANK,3036,30-Nov-22,16092.9
nanital BANK,3037,30-Nov-22,6041.7
nanital BANK,3040,30-Nov-22,21577.3
nanital BANK,3044,30-Nov-22,17957.5
nanital BANK,3045,30-Nov-22,20193.1
nanital BANK,3079,30-Nov-22,19410.3
nanital BANK,3097,30-Nov-22,9280.2
nanital BANK,3101,30-Nov-22,20701.8
nanital BANK,3104,30-Nov-22,22985
nanital BANK,3113,30-Nov-22,42213.5
nanital BANK,3119,30-Nov-22,20883.3
nanital BANK,3121,30-Nov-22,14263.4
nanital BANK,3142,30-Nov-22,22571.5
nanital BANK,3164,30-Nov-22,36489.3
nanital BANK,3174,30-Nov-22,24770
nanital BANK,3175,30-Nov-22,18833.7
nanital BANK,3183,30-Nov-22,26458.9
nanital BANK,3184,30-Nov-22,26419.2
nanital BANK,3196,30-Nov-22,42428.1
nanital BANK,3197,30-Nov-22,27303.5
nanital BANK,3199,30-Nov-22,55615.8
nanital BANK,3203,30-Nov-22,11932.1
nanital BANK,3205,30-Nov-22,30352.6
nanital BANK,3211,30-Nov-22,20929.6
nanital BANK,3214,30-Nov-22,19253.1
nanital BANK,3222,30-Nov-22,20082.7
nanital BANK,3224,30-Nov-22,22191.8
nanital BANK,3234,30-Nov-22,12649.6
nanital BANK,3240,30-Nov-22,10922.7
nanital BANK,3244,30-Nov-22,16911
nanital BANK,3248,30-Nov-22,20640.7
nanital BANK,3250,30-Nov-22,16963.8
nanital BANK,3266,30-Nov-22,33525.4
nanital BANK,3268,30-Nov-22,23512.9
nanital BANK,3271,30-Nov-22,18266.5
nanital BANK,3279,30-Nov-22,34177
nanital BANK,3285,30-Nov-22,26147.8
nanital BANK,3288,30-Nov-22,15172.4
nanital BANK,3305,30-Nov-22,13886
nanital BANK,3336,30-Nov-22,14230.5
nanital BANK,3347,30-Nov-22,14629.9
nanital BANK,3351,30-Nov-22,27227
nanital BANK,3370,30-Nov-22,13880.5
nanital BANK,3371,30-Nov-22,18589
nanital BANK,3409,30-Nov-22,13971.2
nanital BANK,3426,30-Nov-22,44511
nanital BANK,3430,30-Nov-22,48738.5
nanital BANK,3433,30-Nov-22,20797.2
nanital BANK,3444,30-Nov-22,78832.3
nanital BANK,3456,30-Nov-22,47695
nanital BANK,3460,30-Nov-22,12781.5
nanital BANK,3474,30-Nov-22,21113.9
nanital BANK,3477,30-Nov-22,13615.1
nanital BANK,3507,30-Nov-22,70650.6
nanital BANK,3515,30-Nov-22,13703.5
nanital BANK,3523,30-Nov-22,41105.9
nanital BANK,3524,30-Nov-22,9488.6
nanital BANK,3535,30-Nov-22,26042.2
nanital BANK,3540,30-Nov-22,41704.3
nanital BANK,3542,30-Nov-22,33040.7
nanital BANK,3543,30-Nov-22,14037.7
nanital BANK,3547,30-Nov-22,26089.1
nanital BANK,3551,30-Nov-22,17322.6
nanital BANK,3557,30-Nov-22,24902.5
nanital BANK,3560,30-Nov-22,15217
nanital BANK,3561,30-Nov-22,20749.8
nanital BANK,3576,30-Nov-22,30175.5
nanital BANK,3584,30-Nov-22,27443.7
nanital BANK,3592,30-Nov-22,19260.7
nanital BANK,3594,30-Nov-22,14535.7
nanital BANK,3597,30-Nov-22,35164.8
nanital BANK,3599,30-Nov-22,30741.1
nanital BANK,3601,30-Nov-22,40724.8
nanital BANK,3623,30-Nov-22,15063.2
nanital BANK,3625,30-Nov-22,12842.1
nanital BANK,3629,30-Nov-22,16865.5
nanital BANK,3641,30-Nov-22,27920.7
nanital BANK,3661,30-Nov-22,27769.2
nanital BANK,3665,30-Nov-22,43392.8
nanital BANK,3670,30-Nov-22,22794.6
nanital BANK,3671,30-Nov-22,13763.9
nanital BANK,3675,30-Nov-22,39256.6
nanital BANK,3704,30-Nov-22,43508.9
nanital BANK,3717,30-Nov-22,14955.1
nanital BANK,3721,30-Nov-22,18885.3
nanital BANK,3728,30-Nov-22,22033.8
nanital BANK,3729,30-Nov-22,15546.4
nanital BANK,3735,30-Nov-22,22806.1
nanital BANK,3737,30-Nov-22,37960.2
nanital BANK,3759,30-Nov-22,41724
nanital BANK,3775,30-Nov-22,15994.6
nanital BANK,3792,30-Nov-22,15584.7
nanital BANK,3822,30-Nov-22,16509.4
nanital BANK,3823,30-Nov-22,13654.8
nanital BANK,3828,30-Nov-22,18975.6
nanital BANK,3841,30-Nov-22,33906.9
nanital BANK,3844,30-Nov-22,19686.3
nanital BANK,3852,30-Nov-22,14573.6
nanital BANK,3868,30-Nov-22,25730.9
nanital BANK,3871,30-Nov-22,57313.7
nanital BANK,3886,30-Nov-22,61972.4
nanital BANK,3889,30-Nov-22,15345.9
nanital BANK,3898,30-Nov-22,78004.5
nanital BANK,3908,30-Nov-22,15853.2
nanital BANK,3916,30-Nov-22,7854.6
nanital BANK,3932,30-Nov-22,12122
nanital BANK,3943,30-Nov-22,18507.8
nanital BANK,3954,30-Nov-22,15654.8
nanital BANK,3966,30-Nov-22,25068.4
nanital BANK,3977,30-Nov-22,19728.9
nanital BANK,3981,30-Nov-22,12603.6
nanital BANK,3982,30-Nov-22,47013.3
nanital BANK,3985,30-Nov-22,15524.3
nanital BANK,4066,30-Nov-22,33431.4
nanital BANK,4090,30-Nov-22,24002.6
nanital BANK,4127,30-Nov-22,688
nanital BANK,4132,30-Nov-22,55404
nanital BANK,4195,30-Nov-22,60462.2
nanital BANK,4204,30-Nov-22,14683.1
nanital BANK,4237,30-Nov-22,29083.8
nanital BANK,4240,30-Nov-22,3592.9
nanital BANK,4258,30-Nov-22,19327.5
nanital BANK,4273,30-Nov-22,10569.8
nanital BANK,4368,30-Nov-22,45568.3
nanital BANK,5092,30-Nov-22,-23461.6
nanital BANK,5125,30-Nov-22,-10232.8
nanital BANK,5758,30-Nov-22,24259.6
nanital BANK,6158,30-Nov-22,44151.9
nanital BANK,6473,30-Nov-22,39525.4
nanital BANK,6699,30-Nov-22,60980.5
nanital BANK,7101,30-Nov-22,22877.3
nanital BANK,7894,30-Nov-22,57390.8
nanital BANK,8225,30-Nov-22,21196.4
nanital BANK,8327,30-Nov-22,46091.9
nanital BANK,8680,30-Nov-22,16230.9
nanital BANK,9017,30-Nov-22,4574.1
nanital BANK,9188,30-Nov-22,32308.4
nanital BANK,9455,30-Nov-22,50374.6
nanital BANK,9491,30-Nov-22,50241.9
nanital BANK,9591,30-Nov-22,5567.8
nanital BANK,9673,30-Nov-22,53620.4
nanital BANK,9859,30-Nov-22,41388.1
nanital BANK,10005,30-Nov-22,23445.8
nanital BANK,10019,30-Nov-22,27095.1
nanital BANK,10022,30-Nov-22,41360.3
nanital BANK,10202,30-Nov-22,37843.2
nanital BANK,10227,30-Nov-22,44821.5
nanital BANK,10266,30-Nov-22,17138.5
nanital BANK,10812,30-Nov-22,10556.5
nanital BANK,10857,30-Nov-22,1138.4
nanital BANK,11325,30-Nov-22,-50
nanital BANK,6,30-Nov-22,45224.5
nanital BANK,26,30-Nov-22,29287
nanital BANK,30,30-Nov-22,22233.9
nanital BANK,31,30-Nov-22,13312.9
nanital BANK,34,30-Nov-22,42512.8
nanital BANK,44,30-Nov-22,22753.9
nanital BANK,47,30-Nov-22,41258.7
nanital BANK,49,30-Nov-22,13712
nanital BANK,54,30-Nov-22,26029.2
nanital BANK,55,30-Nov-22,19774.4
nanital BANK,86,30-Nov-22,21001.5
nanital BANK,91,30-Nov-22,8228.4
nanital BANK,98,30-Nov-22,12460.7
nanital BANK,99,30-Nov-22,2321.8
nanital BANK,112,30-Nov-22,48235.9
nanital BANK,139,30-Nov-22,18567.8
nanital BANK,143,30-Nov-22,20693.7
nanital BANK,146,30-Nov-22,36201.1
nanital BANK,148,30-Nov-22,25957
nanital BANK,157,30-Nov-22,32672.1
nanital BANK,162,30-Nov-22,22460.9
nanital BANK,174,30-Nov-22,20121.3
nanital BANK,187,30-Nov-22,24740.3
nanital BANK,198,30-Nov-22,21845.5
nanital BANK,214,30-Nov-22,14386.3
nanital BANK,223,30-Nov-22,31071.7
nanital BANK,231,30-Nov-22,16054.6
nanital BANK,234,30-Nov-22,13553.7
nanital BANK,237,30-Nov-22,13654.6
nanital BANK,243,30-Nov-22,18250.4
nanital BANK,257,30-Nov-22,23024.2
nanital BANK,261,30-Nov-22,20831.6
nanital BANK,275,30-Nov-22,18763.4
nanital BANK,279,30-Nov-22,29828.4
nanital BANK,283,30-Nov-22,26684.9
nanital BANK,287,30-Nov-22,17479
nanital BANK,292,30-Nov-22,18435.4
nanital BANK,296,30-Nov-22,14151.4
nanital BANK,313,30-Nov-22,24547.9
nanital BANK,317,30-Nov-22,37148
nanital BANK,323,30-Nov-22,16681.8
nanital BANK,324,30-Nov-22,35407.1
nanital BANK,325,30-Nov-22,17576.4
nanital BANK,333,30-Nov-22,20768.8
nanital BANK,352,30-Nov-22,20474.7
nanital BANK,353,30-Nov-22,67158.7
nanital BANK,375,30-Nov-22,20007.5
nanital BANK,398,30-Nov-22,11629.5
nanital BANK,399,30-Nov-22,34041.1
nanital BANK,405,30-Nov-22,15034.2
nanital BANK,413,30-Nov-22,14513.9
nanital BANK,422,30-Nov-22,43801.7
nanital BANK,428,30-Nov-22,53712.9
nanital BANK,435,30-Nov-22,26388.4
nanital BANK,445,30-Nov-22,28806.9
nanital BANK,465,30-Nov-22,12478.3
nanital BANK,490,30-Nov-22,14226.2
nanital BANK,500,30-Nov-22,24730.8
nanital BANK,504,30-Nov-22,26903
nanital BANK,516,30-Nov-22,27487.8
nanital BANK,519,30-Nov-22,22618.1
nanital BANK,528,30-Nov-22,18897.5
nanital BANK,538,30-Nov-22,23461.8
nanital BANK,546,30-Nov-22,13206.4
nanital BANK,547,30-Nov-22,16429
nanital BANK,548,30-Nov-22,13004
nanital BANK,550,30-Nov-22,14339.6
nanital BANK,565,30-Nov-22,41799.5
nanital BANK,573,30-Nov-22,49834
nanital BANK,584,30-Nov-22,14079.7
nanital BANK,594,30-Nov-22,23366.3
nanital BANK,607,30-Nov-22,13671.4
nanital BANK,611,30-Nov-22,12763
nanital BANK,614,30-Nov-22,37992.2
nanital BANK,623,30-Nov-22,15577.2
nanital BANK,635,30-Nov-22,15552.7
nanital BANK,639,30-Nov-22,22234
nanital BANK,682,30-Nov-22,20332.6
nanital BANK,684,30-Nov-22,15836.5
nanital BANK,714,30-Nov-22,12442.7
nanital BANK,721,30-Nov-22,22752.5
nanital BANK,725,30-Nov-22,35260.8
nanital BANK,729,30-Nov-22,23978.6
nanital BANK,744,30-Nov-22,36910.6
nanital BANK,788,30-Nov-22,28925.5
nanital BANK,810,30-Nov-22,28334.1
nanital BANK,815,30-Nov-22,15188.3
nanital BANK,822,30-Nov-22,29035.9
nanital BANK,829,30-Nov-22,30502.6
nanital BANK,831,30-Nov-22,16142.5
nanital BANK,832,30-Nov-22,19267.1
nanital BANK,833,30-Nov-22,27470.8
nanital BANK,851,30-Nov-22,8602.3
nanital BANK,852,30-Nov-22,18852.1
nanital BANK,887,30-Nov-22,16437.7
nanital BANK,889,30-Nov-22,24145.5
nanital BANK,895,30-Nov-22,17378.4
nanital BANK,901,30-Nov-22,40692.1
nanital BANK,906,30-Nov-22,16501.3
nanital BANK,907,30-Nov-22,15428.5
nanital BANK,914,30-Nov-22,26317.5
nanital BANK,915,30-Nov-22,45841.1
nanital BANK,920,30-Nov-22,15341.1
nanital BANK,923,30-Nov-22,26456.9
nanital BANK,924,30-Nov-22,19193
nanital BANK,937,30-Nov-22,29045.4
nanital BANK,973,30-Nov-22,21176.3
nanital BANK,985,30-Nov-22,20306
nanital BANK,988,30-Nov-22,37438.6
nanital BANK,997,30-Nov-22,21973.4
nanital BANK,1000,30-Nov-22,55388.6
nanital BANK,1009,30-Nov-22,30568.5
nanital BANK,1013,30-Nov-22,23744.5
nanital BANK,1020,30-Nov-22,18692.3
nanital BANK,1021,30-Nov-22,24061
nanital BANK,1038,30-Nov-22,21294
nanital BANK,1045,30-Nov-22,12912.2
nanital BANK,1049,30-Nov-22,34845.5
nanital BANK,1056,30-Nov-22,2293.2
nanital BANK,1069,30-Nov-22,24042.5
nanital BANK,1082,30-Nov-22,14216.5
nanital BANK,1086,30-Nov-22,24759.9
nanital BANK,1088,30-Nov-22,25513.4
nanital BANK,1098,30-Nov-22,56815.9
nanital BANK,1115,30-Nov-22,24577.7
nanital BANK,1133,30-Nov-22,19095.6
nanital BANK,1138,30-Nov-22,18020.1
nanital BANK,1149,30-Nov-22,29935
nanital BANK,1152,30-Nov-22,19953.5
nanital BANK,1155,30-Nov-22,14144
nanital BANK,1161,30-Nov-22,43376.2
nanital BANK,1176,30-Nov-22,10592.1
nanital BANK,1179,30-Nov-22,16119.6
nanital BANK,1195,30-Nov-22,29754.8
nanital BANK,1205,30-Nov-22,32165.3
nanital BANK,1206,30-Nov-22,16133.8
nanital BANK,1215,30-Nov-22,30748
nanital BANK,1220,30-Nov-22,63727.9
nanital BANK,1222,30-Nov-22,23865.8
nanital BANK,1228,30-Nov-22,36339
nanital BANK,1232,30-Nov-22,38333.6
nanital BANK,1234,30-Nov-22,21904
nanital BANK,1235,30-Nov-22,16939.3
nanital BANK,1246,30-Nov-22,35983
nanital BANK,1248,30-Nov-22,22854.5
nanital BANK,1268,30-Nov-22,34027.8
nanital BANK,1270,30-Nov-22,15511.6
nanital BANK,1279,30-Nov-22,13985.1
nanital BANK,1284,30-Nov-22,41050
nanital BANK,1288,30-Nov-22,21745.6
nanital BANK,1301,30-Nov-22,17535.4
nanital BANK,1316,30-Nov-22,17795.5
nanital BANK,1317,30-Nov-22,18471.8
nanital BANK,1322,30-Nov-22,21362.4
nanital BANK,1325,30-Nov-22,21342.7
nanital BANK,1340,30-Nov-22,20913.5
nanital BANK,1341,30-Nov-22,16480.5
nanital BANK,1346,30-Nov-22,13111.3
nanital BANK,1347,30-Nov-22,11987.7
nanital BANK,1376,30-Nov-22,23167.1
nanital BANK,1382,30-Nov-22,24227.5
nanital BANK,1387,30-Nov-22,47191.6
nanital BANK,1389,30-Nov-22,52745.3
nanital BANK,1394,30-Nov-22,62393.3
nanital BANK,1398,30-Nov-22,30997.9
nanital BANK,1405,30-Nov-22,38835.8
nanital BANK,1406,30-Nov-22,15646.4
nanital BANK,1419,30-Nov-22,29881.6
nanital BANK,1420,30-Nov-22,38743.3
nanital BANK,1429,30-Nov-22,28284
nanital BANK,1439,30-Nov-22,18547.7
nanital BANK,1460,30-Nov-22,26212
nanital BANK,1469,30-Nov-22,30359.4
nanital BANK,1476,30-Nov-22,16740.4
nanital BANK,1477,30-Nov-22,21133.8
nanital BANK,1484,30-Nov-22,31762.9
nanital BANK,1487,30-Nov-22,27829.7
nanital BANK,1516,30-Nov-22,37321.6
nanital BANK,1520,30-Nov-22,38911
nanital BANK,1524,30-Nov-22,21116.7
nanital BANK,1525,30-Nov-22,15671.9
nanital BANK,1530,30-Nov-22,17309.3
nanital BANK,1542,30-Nov-22,17506.2
nanital BANK,1545,30-Nov-22,26534.5
nanital BANK,1548,30-Nov-22,21165.5
nanital BANK,1555,30-Nov-22,50909.4
nanital BANK,1561,30-Nov-22,42877.9
nanital BANK,1562,30-Nov-22,18446
nanital BANK,1570,30-Nov-22,19213.2
nanital BANK,1573,30-Nov-22,17021.5
nanital BANK,1582,30-Nov-22,15189.3
nanital BANK,1587,30-Nov-22,27829.4
nanital BANK,1593,30-Nov-22,23817
nanital BANK,1609,30-Nov-22,25865.6
nanital BANK,1629,30-Nov-22,28216
nanital BANK,1637,30-Nov-22,33169
nanital BANK,1649,30-Nov-22,15466.1
nanital BANK,1652,30-Nov-22,20334.1
nanital BANK,1656,30-Nov-22,32423.2
nanital BANK,1668,30-Nov-22,12986.2
nanital BANK,1685,30-Nov-22,13944.3
nanital BANK,1688,30-Nov-22,33067.8
nanital BANK,1690,30-Nov-22,29317.6
nanital BANK,1691,30-Nov-22,23219.3
nanital BANK,1699,30-Nov-22,25446.8
nanital BANK,1701,30-Nov-22,25901.3
nanital BANK,1719,30-Nov-22,22717.2
nanital BANK,1724,30-Nov-22,16239.5
nanital BANK,1738,30-Nov-22,12084.7
nanital BANK,1747,30-Nov-22,20096.4
nanital BANK,1758,30-Nov-22,67271.2
nanital BANK,1761,30-Nov-22,27632.9
nanital BANK,1773,30-Nov-22,15791.5
nanital BANK,1784,30-Nov-22,30136.7
nanital BANK,1789,30-Nov-22,53643.9
nanital BANK,1802,30-Nov-22,21496.6
nanital BANK,1806,30-Nov-22,20121.4
nanital BANK,1811,30-Nov-22,51631.7
nanital BANK,1823,30-Nov-22,18359.6
nanital BANK,1832,30-Nov-22,30782.4
nanital BANK,1855,30-Nov-22,25872.2
nanital BANK,1856,30-Nov-22,29976.5
nanital BANK,1859,30-Nov-22,16063.4
nanital BANK,1874,30-Nov-22,28522.5
nanital BANK,1875,30-Nov-22,22338.6
nanital BANK,1899,30-Nov-22,18309.2
nanital BANK,1909,30-Nov-22,13857.9
nanital BANK,1913,30-Nov-22,68206.4
nanital BANK,1917,30-Nov-22,20714.3
nanital BANK,1921,30-Nov-22,19149.6
nanital BANK,1928,30-Nov-22,38463.8
nanital BANK,1929,30-Nov-22,51347.6
nanital BANK,1930,30-Nov-22,33246.1
nanital BANK,1932,30-Nov-22,1942.4
nanital BANK,1933,30-Nov-22,17882.6
nanital BANK,1940,30-Nov-22,21409.4
nanital BANK,1955,30-Nov-22,18981.5
nanital BANK,1959,30-Nov-22,28455.6
nanital BANK,1964,30-Nov-22,11558.5
nanital BANK,1967,30-Nov-22,17576
nanital BANK,1979,30-Nov-22,19042
nanital BANK,2002,30-Nov-22,36606.8
nanital BANK,2010,30-Nov-22,24621.3
nanital BANK,2012,30-Nov-22,18955.2
