BANK,LOAN_YEAR,LOAN_MONTH,STATUS,ACCOUNT_ID,ACCOUNT_TYPE,LOAN_AMOUNT
nanital BANK,2021,1,Running Contract,1407,Salary account,11041536
nanital BANK,2021,1,Running Contract,1480,Savings account,8137800
nanital BANK,2021,1,Running Contract,1638,Savings account,2697408
nanital BANK,2021,1,Running Contract,1819,Savings account,9482616
nanital BANK,2021,1,Running Contract,1869,Savings account,2276640
nanital BANK,2021,1,Running Contract,2035,Salary account,8463744
nanital BANK,2021,1,Running Contract,2936,Savings account,28728000
nanital BANK,2021,1,Running Contract,3953,Savings account,4513896
nanital BANK,2021,1,Running Contract,4550,Salary account,3372600
nanital BANK,2021,1,Running Contract,4616,Salary account,5735856
nanital BANK,2021,1,Running Contract,5133,Salary account,4165380
nanital BANK,2021,1,Running Contract,7240,Savings account,5173440
nanital BANK,2021,1,Running Contract,7632,Salary account,8692848
nanital BANK,2021,1,Running Contract,7636,Savings account,1949664
nanital BANK,2021,1,Running Contract,8038,NRI account,1828656
nanital BANK,2021,1,Running Contract,8926,Salary account,40798080
nanital BANK,2021,1,Running Contract,10022,Salary account,10030944
nanital BANK,2021,1,Running Contract,10134,NRI account,9273024
nanital BANK,2021,1,Running Contract,10148,Savings account,1171512
nanital BANK,2021,1,Running Contract,10345,Savings account,1281660
nanital BANK,2021,1,Running Contract,10445,Salary account,1428132
nanital BANK,2021,1,Running Contract,10478,Salary account,18732000
nanital BANK,2021,2,Running Contract,785,Savings account,8116992
nanital BANK,2021,2,Running Contract,873,Salary account,9996000
nanital BANK,2021,2,Running Contract,2545,Savings account,23154336
nanital BANK,2021,2,Running Contract,3875,NRI account,6619248
nanital BANK,2021,2,Running Contract,4456,Savings account,16704480
nanital BANK,2021,2,Running Contract,7082,Salary account,10484640
nanital BANK,2021,2,Running Contract,7713,Savings account,14108160
nanital BANK,2021,2,Running Contract,7997,Salary account,13334448
nanital BANK,2021,2,Running Contract,8523,NRI account,6698592
nanital BANK,2021,2,Running Contract,9179,Salary account,12902400
nanital BANK,2021,2,Running Contract,9201,Savings account,8573040
nanital BANK,2021,2,Running Contract,9455,NRI account,20237040
nanital BANK,2021,2,Running Contract,10493,Savings account,9098400
nanital BANK,2021,2,Running Contract,10650,NRI account,9026304
nanital BANK,2021,3,Running Contract,440,Savings account,5057280
nanital BANK,2021,3,Running Contract,2142,Salary account,1236384
nanital BANK,2021,3,Running Contract,3390,Savings account,2031600
nanital BANK,2021,3,Running Contract,3906,NRI account,15727140
nanital BANK,2021,3,Running Contract,3907,Salary account,8030880
nanital BANK,2021,3,Running Contract,5164,Savings account,1006020
nanital BANK,2021,3,Running Contract,5305,Salary account,12266928
nanital BANK,2021,3,Running Contract,7274,NRI account,2501244
nanital BANK,2021,3,Running Contract,9153,Savings account,3708756
nanital BANK,2021,3,Running Contract,9167,NRI account,22866480
nanital BANK,2021,3,Running Contract,9560,NRI account,8481672
nanital BANK,2021,3,Running Contract,10404,Savings account,11656800
nanital BANK,2021,4,Running Contract,38,Salary account,5979744
nanital BANK,2021,4,Running Contract,1004,Salary account,14705496
nanital BANK,2021,4,Running Contract,1083,Salary account,2956608
nanital BANK,2021,4,Running Contract,2720,NRI account,6572160
nanital BANK,2021,4,Running Contract,2982,Savings account,2310336
nanital BANK,2021,4,Running Contract,5572,Salary account,7607520
nanital BANK,2021,4,Running Contract,6062,Salary account,19281600
nanital BANK,2021,4,Running Contract,6495,Savings account,5668056
nanital BANK,2021,4,Running Contract,7156,NRI account,2672352
nanital BANK,2021,4,Running Contract,7437,Salary account,5979744
nanital BANK,2021,4,Running Contract,7990,Salary account,10437120
nanital BANK,2021,4,Running Contract,8784,Salary account,4758528
nanital BANK,2021,4,Running Contract,9227,NRI account,11877960
nanital BANK,2021,4,Running Contract,9646,NRI account,21209472
nanital BANK,2021,4,Running Contract,10774,Savings account,18993408
nanital BANK,2021,5,Running Contract,303,Savings account,6314112
nanital BANK,2021,5,Running Contract,938,Savings account,1001700
nanital BANK,2021,5,Running Contract,1776,Savings account,2678400
nanital BANK,2021,5,Running Contract,2622,Savings account,8589672
nanital BANK,2021,5,Running Contract,3143,NRI account,8246448
nanital BANK,2021,5,Running Contract,3460,Salary account,7034400
nanital BANK,2021,5,Running Contract,3562,Savings account,14171760
nanital BANK,2021,5,Running Contract,4533,NRI account,6816096
nanital BANK,2021,5,Running Contract,6061,Savings account,314028
nanital BANK,2021,5,Running Contract,6453,Savings account,623808
nanital BANK,2021,5,Running Contract,7049,NRI account,23273460
nanital BANK,2021,5,Running Contract,7181,NRI account,3790272
nanital BANK,2021,5,Running Contract,7721,Salary account,2454624
nanital BANK,2021,5,Running Contract,7733,NRI account,8683968
nanital BANK,2021,5,Running Contract,10652,Salary account,2331720
nanital BANK,2021,5,Running Contract,10812,Savings account,7034400
nanital BANK,2021,6,Running Contract,2279,Salary account,15419712
nanital BANK,2021,6,Running Contract,2728,Salary account,10010880
nanital BANK,2021,6,Running Contract,3005,NRI account,23010000
nanital BANK,2021,6,Running Contract,3161,Salary account,2160864
nanital BANK,2021,6,Running Contract,3403,NRI account,5242860
nanital BANK,2021,6,Running Contract,4116,NRI account,10130400
nanital BANK,2021,6,Running Contract,4144,Salary account,10861776
nanital BANK,2021,6,Running Contract,5912,Salary account,8123280
nanital BANK,2021,6,Running Contract,5944,Savings account,4880640
nanital BANK,2021,6,Running Contract,7099,NRI account,10310784
nanital BANK,2021,6,Running Contract,8639,Salary account,11880960
nanital BANK,2021,6,Running Contract,8919,NRI account,5175072
nanital BANK,2021,6,Running Contract,9159,Savings account,5080800
nanital BANK,2021,6,Running Contract,9491,Salary account,10373184
nanital BANK,2021,6,Running Contract,10644,NRI account,17007732
nanital BANK,2021,6,Running Contract,10915,NRI account,6403320
nanital BANK,2021,7,Running Contract,226,Salary account,6232608
nanital BANK,2021,7,Running Contract,330,Salary account,19231872
nanital BANK,2021,7,Running Contract,993,NRI account,7175520
nanital BANK,2021,7,Running Contract,2000,Salary account,19194120
nanital BANK,2021,7,Running Contract,2055,Savings account,11664180
nanital BANK,2021,7,Running Contract,2988,Salary account,5493696
nanital BANK,2021,7,Running Contract,3916,NRI account,3103488
nanital BANK,2021,7,Running Contract,5180,Salary account,2938200
nanital BANK,2021,7,Running Contract,6706,Savings account,3761880
nanital BANK,2021,7,Running Contract,7559,NRI account,793104
nanital BANK,2021,7,Running Contract,8713,Savings account,11949000
nanital BANK,2021,7,Running Contract,10005,Salary account,8640504
nanital BANK,2021,7,Running Contract,10645,Salary account,12083256
nanital BANK,2021,7,Running Contract,10799,Salary account,1961820
nanital BANK,2021,7,Running Contract,11328,NRI account,22435200
nanital BANK,2021,8,Running Contract,1718,Salary account,7752240
nanital BANK,2021,8,Running Contract,2699,NRI account,13870080
nanital BANK,2021,8,Running Contract,2910,NRI account,18373320
nanital BANK,2021,8,Running Contract,4467,Salary account,3447360
nanital BANK,2021,8,Running Contract,10613,Salary account,13238976
nanital BANK,2021,9,Running Contract,349,NRI account,2483328
nanital BANK,2021,9,Running Contract,1068,NRI account,14179200
nanital BANK,2021,9,Running Contract,1389,Salary account,9033984
nanital BANK,2021,9,Running Contract,1808,Salary account,31232304
nanital BANK,2021,9,Running Contract,1876,Savings account,11497200
nanital BANK,2021,9,Running Contract,3137,Savings account,12424440
nanital BANK,2021,9,Running Contract,3556,Salary account,10490400
nanital BANK,2021,9,Running Contract,3862,Salary account,6667524
nanital BANK,2021,9,Running Contract,5283,Savings account,9054096
nanital BANK,2021,9,Running Contract,9037,Salary account,24467136
nanital BANK,2021,9,Running Contract,9673,NRI account,4674600
nanital BANK,2021,9,Running Contract,10243,NRI account,10889856
nanital BANK,2021,9,Running Contract,10257,NRI account,2684652
nanital BANK,2021,9,Running Contract,11327,NRI account,2154240
nanital BANK,2021,10,Running Contract,1318,Salary account,6679584
nanital BANK,2021,10,Running Contract,1498,NRI account,15417540
nanital BANK,2021,10,Running Contract,1656,Salary account,10438560
nanital BANK,2021,10,Running Contract,2073,Savings account,2901600
nanital BANK,2021,10,Running Contract,2413,Savings account,969408
nanital BANK,2021,10,Running Contract,4354,NRI account,20970240
nanital BANK,2021,10,Running Contract,6505,Savings account,1385856
nanital BANK,2021,10,Running Contract,9208,NRI account,6980880
nanital BANK,2021,10,Running Contract,9433,Salary account,2901600
nanital BANK,2021,11,Running Contract,309,NRI account,6296112
nanital BANK,2021,11,Running Contract,2725,NRI account,4734432
nanital BANK,2021,11,Running Contract,3293,Salary account,18497628
nanital BANK,2021,11,Running Contract,4268,Savings account,2981148
nanital BANK,2021,11,Running Contract,5698,NRI account,7441200
nanital BANK,2021,11,Running Contract,7180,Salary account,5685408
nanital BANK,2021,11,Running Contract,9140,Salary account,1266528
nanital BANK,2021,11,Running Contract,11317,Savings account,27301560
nanital BANK,2021,12,Running Contract,105,Savings account,15518976
nanital BANK,2021,12,Running Contract,276,Savings account,6436800
nanital BANK,2021,12,Running Contract,1284,NRI account,3938400
nanital BANK,2021,12,Running Contract,1928,NRI account,3115392
nanital BANK,2021,12,Running Contract,2262,Savings account,22331340
nanital BANK,2021,12,Running Contract,6922,Savings account,8648256
nanital BANK,2021,12,Running Contract,8645,Savings account,19031100
nanital BANK,2021,12,Running Contract,9156,Savings account,9309924
nothern BANK,2021,1,Running Contract,1407,Salary account,7402848
nothern BANK,2021,1,Running Contract,1480,Savings account,9124200
nothern BANK,2021,1,Running Contract,1638,Savings account,2183616
nothern BANK,2021,1,Running Contract,1819,Savings account,5890716
nothern BANK,2021,1,Running Contract,1869,Savings account,2694024
nothern BANK,2021,1,Running Contract,2035,Salary account,10050696
nothern BANK,2021,1,Running Contract,2936,Savings account,30744000
nothern BANK,2021,1,Running Contract,3953,Savings account,1589400
nothern BANK,2021,1,Running Contract,4550,Salary account,3127320
nothern BANK,2021,1,Running Contract,4616,Salary account,867048
nothern BANK,2021,1,Running Contract,5133,Salary account,3024180
nothern BANK,2021,1,Running Contract,7240,Savings account,8368800
nothern BANK,2021,1,Running Contract,7632,Salary account,10908672
nothern BANK,2021,1,Running Contract,7636,Savings account,3475488
nothern BANK,2021,1,Running Contract,8038,NRI account,2438208
nothern BANK,2021,1,Running Contract,8926,Salary account,26632080
nothern BANK,2021,1,Running Contract,10022,Salary account,5451600
nothern BANK,2021,1,Running Contract,10134,NRI account,6545664
nothern BANK,2021,1,Running Contract,10148,Savings account,1171512
nothern BANK,2021,1,Running Contract,10345,Savings account,2219460
nothern BANK,2021,1,Running Contract,10445,Salary account,1709076
nothern BANK,2021,1,Running Contract,10478,Salary account,23816400
nothern BANK,2021,2,Running Contract,785,Savings account,2185344
nothern BANK,2021,2,Running Contract,873,Salary account,6247500
nothern BANK,2021,2,Running Contract,2545,Savings account,26155824
nothern BANK,2021,2,Running Contract,3875,NRI account,769680
nothern BANK,2021,2,Running Contract,4456,Savings account,34051440
nothern BANK,2021,2,Running Contract,7082,Salary account,12426240
nothern BANK,2021,2,Running Contract,7713,Savings account,9478920
nothern BANK,2021,2,Running Contract,7997,Salary account,11727888
nothern BANK,2021,2,Running Contract,8523,NRI account,6605556
nothern BANK,2021,2,Running Contract,9179,Salary account,12042240
nothern BANK,2021,2,Running Contract,9201,Savings account,8205624
nothern BANK,2021,2,Running Contract,9455,NRI account,19487520
nothern BANK,2021,2,Running Contract,10493,Savings account,7760400
nothern BANK,2021,2,Running Contract,10650,NRI account,1766016
nothern BANK,2021,3,Running Contract,440,Savings account,4720128
nothern BANK,2021,3,Running Contract,2142,Salary account,326592
nothern BANK,2021,3,Running Contract,3390,Savings account,1869072
nothern BANK,2021,3,Running Contract,3906,NRI account,5688540
nothern BANK,2021,3,Running Contract,3907,Salary account,6826248
nothern BANK,2021,3,Running Contract,5164,Savings account,737748
nothern BANK,2021,3,Running Contract,5305,Salary account,12747984
nothern BANK,2021,3,Running Contract,7274,NRI account,539484
nothern BANK,2021,3,Running Contract,9153,Savings account,3604284
nothern BANK,2021,3,Running Contract,9167,NRI account,13338780
nothern BANK,2021,3,Running Contract,9560,NRI account,2356020
nothern BANK,2021,3,Running Contract,10404,Savings account,11073960
nothern BANK,2021,4,Running Contract,38,Salary account,1439568
nothern BANK,2021,4,Running Contract,1004,Salary account,19418796
nothern BANK,2021,4,Running Contract,1083,Salary account,3058560
nothern BANK,2021,4,Running Contract,2720,NRI account,4694400
nothern BANK,2021,4,Running Contract,2982,Savings account,2887920
nothern BANK,2021,4,Running Contract,5572,Salary account,2535840
nothern BANK,2021,4,Running Contract,6062,Salary account,22173840
nothern BANK,2021,4,Running Contract,6495,Savings account,7032588
nothern BANK,2021,4,Running Contract,7156,NRI account,395904
nothern BANK,2021,4,Running Contract,7437,Salary account,1439568
nothern BANK,2021,4,Running Contract,7990,Salary account,11886720
nothern BANK,2021,4,Running Contract,8784,Salary account,4609824
nothern BANK,2021,4,Running Contract,9227,NRI account,1532640
nothern BANK,2021,4,Running Contract,9646,NRI account,13953600
nothern BANK,2021,4,Running Contract,10774,Savings account,8479200
nothern BANK,2021,5,Running Contract,303,Savings account,7554384
nothern BANK,2021,5,Running Contract,938,Savings account,22260
nothern BANK,2021,5,Running Contract,1776,Savings account,820800
nothern BANK,2021,5,Running Contract,2622,Savings account,9407736
nothern BANK,2021,5,Running Contract,3143,NRI account,8115552
nothern BANK,2021,5,Running Contract,3460,Salary account,8019216
nothern BANK,2021,5,Running Contract,3562,Savings account,12247200
nothern BANK,2021,5,Running Contract,4533,NRI account,973728
nothern BANK,2021,5,Running Contract,6061,Savings account,211068
nothern BANK,2021,5,Running Contract,6453,Savings account,711360
nothern BANK,2021,5,Running Contract,7049,NRI account,2971080
nothern BANK,2021,5,Running Contract,7181,NRI account,3092064
nothern BANK,2021,5,Running Contract,7721,Salary account,772752
nothern BANK,2021,5,Running Contract,7733,NRI account,9944544
nothern BANK,2021,5,Running Contract,10652,Salary account,1508760
nothern BANK,2021,5,Running Contract,10812,Savings account,8019216
nothern BANK,2021,6,Running Contract,2279,Salary account,18566592
nothern BANK,2021,6,Running Contract,2728,Salary account,3597660
nothern BANK,2021,6,Running Contract,3005,NRI account,4680000
nothern BANK,2021,6,Running Contract,3161,Salary account,1590636
nothern BANK,2021,6,Running Contract,3403,NRI account,2944620
nothern BANK,2021,6,Running Contract,4116,NRI account,1058400
nothern BANK,2021,6,Running Contract,4144,Salary account,18741888
nothern BANK,2021,6,Running Contract,5912,Salary account,9231000
nothern BANK,2021,6,Running Contract,5944,Savings account,2204160
nothern BANK,2021,6,Running Contract,7099,NRI account,14528832
nothern BANK,2021,6,Running Contract,8639,Salary account,2413320
nothern BANK,2021,6,Running Contract,8919,NRI account,2435328
nothern BANK,2021,6,Running Contract,9159,Savings account,5916000
nothern BANK,2021,6,Running Contract,9491,Salary account,14432256
nothern BANK,2021,6,Running Contract,10644,NRI account,4859352
nothern BANK,2021,6,Running Contract,10915,NRI account,5183640
nothern BANK,2021,7,Running Contract,226,Salary account,5139168
nothern BANK,2021,7,Running Contract,330,Salary account,20226624
nothern BANK,2021,7,Running Contract,993,NRI account,2935440
nothern BANK,2021,7,Running Contract,2000,Salary account,5234760
nothern BANK,2021,7,Running Contract,2055,Savings account,9494100
nothern BANK,2021,7,Running Contract,2988,Salary account,8151936
nothern BANK,2021,7,Running Contract,3916,NRI account,678888
nothern BANK,2021,7,Running Contract,5180,Salary account,1057752
nothern BANK,2021,7,Running Contract,6706,Savings account,3632160
nothern BANK,2021,7,Running Contract,7559,NRI account,383760
nothern BANK,2021,7,Running Contract,8713,Savings account,5462400
nothern BANK,2021,7,Running Contract,10005,Salary account,632232
nothern BANK,2021,7,Running Contract,10645,Salary account,11041596
nothern BANK,2021,7,Running Contract,10799,Salary account,404820
nothern BANK,2021,7,Running Contract,11328,NRI account,14863320
nothern BANK,2021,8,Running Contract,1718,Salary account,1378176
nothern BANK,2021,8,Running Contract,2699,NRI account,11558400
nothern BANK,2021,8,Running Contract,2910,NRI account,2187300
nothern BANK,2021,8,Running Contract,4467,Salary account,2585520
nothern BANK,2021,8,Running Contract,10613,Salary account,999168
nothern BANK,2021,9,Running Contract,349,NRI account,1284480
nothern BANK,2021,9,Running Contract,1068,NRI account,10887600
nothern BANK,2021,9,Running Contract,1389,Salary account,4015104
nothern BANK,2021,9,Running Contract,1808,Salary account,5398176
nothern BANK,2021,9,Running Contract,1876,Savings account,2090400
nothern BANK,2021,9,Running Contract,3137,Savings account,12170880
nothern BANK,2021,9,Running Contract,3556,Salary account,1573560
nothern BANK,2021,9,Running Contract,3862,Salary account,5169204
nothern BANK,2021,9,Running Contract,5283,Savings account,1366656
nothern BANK,2021,9,Running Contract,9037,Salary account,23823264
nothern BANK,2021,9,Running Contract,9673,NRI account,1940400
nothern BANK,2021,9,Running Contract,10243,NRI account,3289644
nothern BANK,2021,9,Running Contract,10257,NRI account,2193096
nothern BANK,2021,9,Running Contract,11327,NRI account,274176
nothern BANK,2021,10,Running Contract,1318,Salary account,185544
nothern BANK,2021,10,Running Contract,1498,NRI account,5470740
nothern BANK,2021,10,Running Contract,1656,Salary account,8161056
nothern BANK,2021,10,Running Contract,2073,Savings account,580320
nothern BANK,2021,10,Running Contract,2413,Savings account,125664
nothern BANK,2021,10,Running Contract,4354,NRI account,18021300
nothern BANK,2021,10,Running Contract,6505,Savings account,346464
nothern BANK,2021,10,Running Contract,9208,NRI account,2956608
nothern BANK,2021,10,Running Contract,9433,Salary account,580320
nothern BANK,2021,11,Running Contract,309,NRI account,3284928
nothern BANK,2021,11,Running Contract,2725,NRI account,2715336
nothern BANK,2021,11,Running Contract,3293,Salary account,4417344
nothern BANK,2021,11,Running Contract,4268,Savings account,2057412
nothern BANK,2021,11,Running Contract,5698,NRI account,992160
nothern BANK,2021,11,Running Contract,7180,Salary account,1895136
nothern BANK,2021,11,Running Contract,9140,Salary account,272544
nothern BANK,2021,11,Running Contract,11317,Savings account,11428560
nothern BANK,2021,12,Running Contract,105,Savings account,4585152
nothern BANK,2021,12,Running Contract,276,Savings account,321840
nothern BANK,2021,12,Running Contract,1284,NRI account,630144
nothern BANK,2021,12,Running Contract,1928,NRI account,2058384
nothern BANK,2021,12,Running Contract,2262,Savings account,13813200
nothern BANK,2021,12,Running Contract,6922,Savings account,3347712
nothern BANK,2021,12,Running Contract,8645,Savings account,7227000
nothern BANK,2021,12,Running Contract,9156,Savings account,1796652
Raiffeisen bank,2021,2,Running Contract,9455,NRI account,8244720
Raiffeisen bank,2021,5,Running Contract,7181,NRI account,349104
Raiffeisen bank,2021,6,Running Contract,8919,NRI account,1065456
Sky Bank,2021,1,Running Contract,8038,NRI account,466128
Sky Bank,2021,2,Running Contract,8523,NRI account,372144
J&T Bank,2021,9,Running Contract,1068,NRI account,4557600
J&T Bank,2021,9,Running Contract,11327,NRI account,117504
J&T Bank,2021,10,Running Contract,4354,NRI account,6225540
J&T Bank,2021,11,Running Contract,2725,NRI account,1183608
Kameron bank,2021,1,Running Contract,8038,NRI account,824688
Kameron bank,2021,2,Running Contract,8523,NRI account,930360
Kameron bank,2021,2,Running Contract,9455,NRI account,9743760
Kameron bank,2021,3,Running Contract,9167,NRI account,4083300
Kameron bank,2021,4,Running Contract,2720,NRI account,1596096
Kameron bank,2021,4,Running Contract,9227,NRI account,1915800
Kameron bank,2021,6,Running Contract,3005,NRI account,3900000
Kameron bank,2021,6,Running Contract,7099,NRI account,7264416
Kameron bank,2021,6,Running Contract,10915,NRI account,1067220
Kameron bank,2021,7,Running Contract,3916,NRI account,1066824
Kameron bank,2021,8,Running Contract,2699,NRI account,924672
Kameron bank,2021,9,Running Contract,1068,NRI account,4557600
Kameron bank,2021,12,Running Contract,1284,NRI account,52512
Max bank,2021,2,Running Contract,10650,NRI account,3139584
Max bank,2021,5,Running Contract,7049,NRI account,6932520
Max bank,2021,5,Running Contract,7181,NRI account,1396416
Max bank,2021,6,Running Contract,7099,NRI account,5624064
Max bank,2021,7,Running Contract,3916,NRI account,3588408
Max bank,2021,8,Running Contract,2910,NRI account,5686980
Max bank,2021,11,Running Contract,309,NRI account,91248
Max bank,2021,12,Running Contract,1928,NRI account,1223904
Moneta Money Bank,2021,4,Running Contract,9227,NRI account,1532640
Moneta Money Bank,2021,5,Running Contract,7049,NRI account,3466260
Moneta Money Bank,2021,5,Running Contract,7733,NRI account,4201920
Moneta Money Bank,2021,6,Running Contract,10644,NRI account,3779496
Moneta Money Bank,2021,6,Running Contract,10915,NRI account,2744280
Moneta Money Bank,2021,7,Running Contract,7559,NRI account,76752
Moneta Money Bank,2021,9,Running Contract,9673,NRI account,1323000
Moneta Money Bank,2021,9,Running Contract,10243,NRI account,340308
Moneta Money Bank,2021,12,Running Contract,1928,NRI account,55632
PPF Bank,2021,2,Running Contract,3875,NRI account,1539360
PPF Bank,2021,2,Running Contract,9455,NRI account,15739920
PPF Bank,2021,4,Running Contract,9227,NRI account,1915800
PPF Bank,2021,5,Running Contract,3143,NRI account,2748816
PPF Bank,2021,5,Running Contract,7181,NRI account,1396416
PPF Bank,2021,6,Running Contract,3005,NRI account,3900000
PPF Bank,2021,6,Running Contract,4116,NRI account,1360800
PPF Bank,2021,6,Running Contract,8919,NRI account,532728
PPF Bank,2021,6,Running Contract,10915,NRI account,2591820
PPF Bank,2021,8,Running Contract,2699,NRI account,4392192
PPF Bank,2021,9,Running Contract,10257,NRI account,151248
PPF Bank,2021,11,Running Contract,2725,NRI account,1113984
Fio bank,2021,1,Running Contract,8038,NRI account,394416
Fio bank,2021,1,Running Contract,10134,NRI account,2454624
Fio bank,2021,2,Running Contract,10650,NRI account,1962240
Fio bank,2021,3,Running Contract,9167,NRI account,4083300
Fio bank,2021,4,Running Contract,9646,NRI account,2232576
Fio bank,2021,6,Running Contract,3403,NRI account,430920
Fio bank,2021,6,Running Contract,7099,NRI account,5624064
Fio bank,2021,8,Running Contract,2699,NRI account,5548032
Fio bank,2021,9,Running Contract,9673,NRI account,352800
Fio bank,2021,11,Running Contract,5698,NRI account,992160
Hypotecni bank,2021,2,Running Contract,10650,NRI account,2158464
Hypotecni bank,2021,3,Running Contract,7274,NRI account,1029924
Hypotecni bank,2021,3,Running Contract,9167,NRI account,4083300
Hypotecni bank,2021,6,Running Contract,10915,NRI account,2591820
Hypotecni bank,2021,7,Running Contract,993,NRI account,652320
Hypotecni bank,2021,8,Running Contract,2910,NRI account,6124440
Hypotecni bank,2021,10,Running Contract,9208,NRI account,82128
Hypotecni bank,2021,11,Running Contract,2725,NRI account,1322856
J&T Bank,2021,5,Running Contract,4533,NRI account,649152
J&T Bank,2021,6,Running Contract,3005,NRI account,2730000
J&T Bank,2021,6,Running Contract,10915,NRI account,2591820
J&T Bank,2021,8,Running Contract,2699,NRI account,4392192
Sky Bank,2021,2,Running Contract,9455,NRI account,1499040
Sky Bank,2021,4,Running Contract,9646,NRI account,1674432
Sky Bank,2021,5,Running Contract,3143,NRI account,916272
Sky Bank,2021,5,Running Contract,7181,NRI account,1745520
Sky Bank,2021,5,Running Contract,7733,NRI account,2801280
Sky Bank,2021,6,Running Contract,7099,NRI account,2109024
Sky Bank,2021,7,Running Contract,993,NRI account,434880
Sky Bank,2021,7,Running Contract,11328,NRI account,1682640
Sky Bank,2021,8,Running Contract,2699,NRI account,231168
Trinity Bank,2021,1,Running Contract,10134,NRI account,1636416
Trinity Bank,2021,3,Running Contract,3906,NRI account,9369360
Trinity Bank,2021,3,Running Contract,9560,NRI account,1413612
Trinity Bank,2021,5,Running Contract,7733,NRI account,1120512
Trinity Bank,2021,6,Running Contract,7099,NRI account,6561408
Trinity Bank,2021,6,Running Contract,10644,NRI account,4859352
Trinity Bank,2021,7,Running Contract,3916,NRI account,581904
UniCredit Bank,2021,2,Running Contract,3875,NRI account,2155104
UniCredit Bank,2021,3,Running Contract,9167,NRI account,2722200
UniCredit Bank,2021,4,Running Contract,7156,NRI account,1187712
UniCredit Bank,2021,6,Running Contract,4116,NRI account,1058400
UniCredit Bank,2021,9,Running Contract,9673,NRI account,1675800
UniCredit Bank,2021,10,Running Contract,4354,NRI account,655320
Air Bank,2021,2,Running Contract,9455,NRI account,4122360
Air Bank,2021,4,Running Contract,2720,NRI account,1596096
Air Bank,2021,6,Running Contract,10915,NRI account,3354120
Air Bank,2021,7,Running Contract,7559,NRI account,179088
Air Bank,2021,7,Running Contract,11328,NRI account,1402200
Air Bank,2021,9,Running Contract,349,NRI account,171264
Air Bank,2021,9,Running Contract,1068,NRI account,4557600
Air Bank,2021,9,Running Contract,10257,NRI account,680616
Air Bank,2021,9,Running Contract,11327,NRI account,352512
Bank Creditas,2021,4,Running Contract,2720,NRI account,751104
Bank Creditas,2021,6,Running Contract,8919,NRI account,1065456
Bank Creditas,2021,6,Running Contract,10644,NRI account,1619784
Bank Creditas,2021,9,Running Contract,349,NRI account,599424
Bank Creditas,2021,9,Running Contract,1068,NRI account,759600
Bank Creditas,2021,10,Running Contract,1498,NRI account,331560
Czech export bank,2021,2,Running Contract,8523,NRI account,2325900
Czech export bank,2021,3,Running Contract,9560,NRI account,1413612
Czech export bank,2021,5,Running Contract,3143,NRI account,916272
Czech export bank,2021,5,Running Contract,4533,NRI account,892584
Czech export bank,2021,5,Running Contract,7181,NRI account,2792832
Czech export bank,2021,8,Running Contract,2910,NRI account,3937140
Czech export bank,2021,10,Running Contract,9208,NRI account,1560432
Czech export bank,2021,11,Running Contract,5698,NRI account,99216
Raiffeisen bank,2021,1,Running Contract,7636,Savings account,466224
Raiffeisen bank,2021,3,Running Contract,3390,Savings account,1625280
Raiffeisen bank,2021,4,Running Contract,2982,Savings account,1113912
Raiffeisen bank,2021,5,Running Contract,303,Savings account,2818800
Raiffeisen bank,2021,5,Running Contract,6061,Savings account,36036
Raiffeisen bank,2021,5,Running Contract,6453,Savings account,350208
Raiffeisen bank,2021,7,Running Contract,2055,Savings account,1356300
Raiffeisen bank,2021,9,Running Contract,5283,Savings account,683328
Raiffeisen bank,2021,10,Running Contract,2073,Savings account,133920
Raiffeisen bank,2021,10,Running Contract,2413,Savings account,179520
Raiffeisen bank,2021,11,Running Contract,11317,Savings account,4761900
Raiffeisen bank,2021,12,Running Contract,6922,Savings account,2650272
Raiffeisen bank,2021,12,Running Contract,8645,Savings account,3131700
Sky Bank,2021,1,Running Contract,1480,Savings account,1109700
Sky Bank,2021,1,Running Contract,1638,Savings account,449568
Sky Bank,2021,1,Running Contract,1819,Savings account,1149408
Sky Bank,2021,1,Running Contract,1869,Savings account,986544
Sky Bank,2021,1,Running Contract,2936,Savings account,19656000
Sky Bank,2021,1,Running Contract,7240,Savings account,4108320
Sky Bank,2021,1,Running Contract,7636,Savings account,678144
Sky Bank,2021,1,Running Contract,10345,Savings account,1219140
Sky Bank,2021,2,Running Contract,2545,Savings account,1286352
Sky Bank,2021,2,Running Contract,4456,Savings account,6424800
Sky Bank,2021,2,Running Contract,7713,Savings account,3086160
J&T Bank,2021,11,Running Contract,11317,Savings account,317460
J&T Bank,2021,12,Running Contract,2262,Savings account,230220
J&T Bank,2021,12,Running Contract,8645,Savings account,240900
Kameron bank,2021,1,Running Contract,1638,Savings account,706464
Kameron bank,2021,1,Running Contract,3953,Savings account,572184
Kameron bank,2021,2,Running Contract,2545,Savings account,9004464
Kameron bank,2021,2,Running Contract,9201,Savings account,1347192
Kameron bank,2021,2,Running Contract,10493,Savings account,2542200
Kameron bank,2021,3,Running Contract,10404,Savings account,11462520
Kameron bank,2021,4,Running Contract,2982,Savings account,330048
Kameron bank,2021,4,Running Contract,10774,Savings account,4748352
Kameron bank,2021,5,Running Contract,938,Savings account,155820
Kameron bank,2021,6,Running Contract,5944,Savings account,1574400
Kameron bank,2021,11,Running Contract,4268,Savings account,83976
Kameron bank,2021,12,Running Contract,276,Savings account,160920
Max bank,2021,1,Running Contract,1819,Savings account,4310280
Max bank,2021,1,Running Contract,10148,Savings account,839952
Max bank,2021,1,Running Contract,10345,Savings account,1219140
Max bank,2021,2,Running Contract,7713,Savings account,2204400
Max bank,2021,2,Running Contract,10493,Savings account,1338000
Max bank,2021,3,Running Contract,5164,Savings account,201204
Max bank,2021,3,Running Contract,10404,Savings account,3885600
Max bank,2021,5,Running Contract,303,Savings account,789264
Max bank,2021,12,Running Contract,105,Savings account,352704
Max bank,2021,12,Running Contract,6922,Savings account,139488
Moneta Money Bank,2021,1,Running Contract,2936,Savings account,14616000
Moneta Money Bank,2021,2,Running Contract,2545,Savings account,9004464
Moneta Money Bank,2021,2,Running Contract,9201,Savings account,3184272
Moneta Money Bank,2021,3,Running Contract,440,Savings account,758592
Moneta Money Bank,2021,3,Running Contract,3390,Savings account,975168
Moneta Money Bank,2021,3,Running Contract,9153,Savings account,1044720
Moneta Money Bank,2021,5,Running Contract,938,Savings account,155820
PPF Bank,2021,2,Running Contract,4456,Savings account,3533640
PPF Bank,2021,3,Running Contract,3390,Savings account,1625280
PPF Bank,2021,5,Running Contract,10812,Savings account,984816
PPF Bank,2021,6,Running Contract,9159,Savings account,1740000
PPF Bank,2021,7,Running Contract,6706,Savings account,1232340
PPF Bank,2021,9,Running Contract,1876,Savings account,2299440
PPF Bank,2021,9,Running Contract,5283,Savings account,2562480
PPF Bank,2021,11,Running Contract,4268,Savings account,713796
Fio bank,2021,1,Running Contract,1638,Savings account,963360
Fio bank,2021,1,Running Contract,7240,Savings account,4108320
Fio bank,2021,3,Running Contract,440,Savings account,1601472
Fio bank,2021,4,Running Contract,10774,Savings account,2713344
Fio bank,2021,6,Running Contract,9159,Savings account,1670400
Hypotecni bank,2021,1,Running Contract,1480,Savings account,1356300
Hypotecni bank,2021,1,Running Contract,3953,Savings account,1144368
Hypotecni bank,2021,1,Running Contract,7240,Savings account,1673760
Hypotecni bank,2021,3,Running Contract,3390,Savings account,406320
Hypotecni bank,2021,5,Running Contract,1776,Savings account,302400
Hypotecni bank,2021,7,Running Contract,2055,Savings account,4068900
Hypotecni bank,2021,7,Running Contract,6706,Savings account,389160
Hypotecni bank,2021,9,Running Contract,3137,Savings account,6085440
Hypotecni bank,2021,10,Running Contract,6505,Savings account,115488
Hypotecni bank,2021,12,Running Contract,9156,Savings account,163332
J&T Bank,2021,1,Running Contract,7636,Savings account,2034432
J&T Bank,2021,2,Running Contract,785,Savings account,1873152
J&T Bank,2021,2,Running Contract,9201,Savings account,2694384
J&T Bank,2021,7,Running Contract,6706,Savings account,1232340
Sky Bank,2021,2,Running Contract,9201,Savings account,857304
Sky Bank,2021,3,Running Contract,440,Savings account,84288
Sky Bank,2021,3,Running Contract,3390,Savings account,40632
Sky Bank,2021,3,Running Contract,9153,Savings account,52236
Sky Bank,2021,3,Running Contract,10404,Savings account,194280
Sky Bank,2021,4,Running Contract,2982,Savings account,1113912
Sky Bank,2021,4,Running Contract,6495,Savings account,2204244
Sky Bank,2021,5,Running Contract,303,Savings account,2142288
Sky Bank,2021,5,Running Contract,2622,Savings account,1772472
Sky Bank,2021,5,Running Contract,3562,Savings account,6998400
Sky Bank,2021,5,Running Contract,6453,Savings account,218880
Sky Bank,2021,6,Running Contract,9159,Savings account,1531200
Sky Bank,2021,7,Running Contract,6706,Savings account,64860
Sky Bank,2021,9,Running Contract,3137,Savings account,253560
Trinity Bank,2021,1,Running Contract,7240,Savings account,4869120
Trinity Bank,2021,3,Running Contract,5164,Savings account,357696
Trinity Bank,2021,4,Running Contract,2982,Savings account,1113912
Trinity Bank,2021,4,Running Contract,6495,Savings account,839712
Trinity Bank,2021,5,Running Contract,2622,Savings account,954408
Trinity Bank,2021,5,Running Contract,6453,Savings account,273600
Trinity Bank,2021,6,Running Contract,9159,Savings account,1740000
Trinity Bank,2021,9,Running Contract,1876,Savings account,836160
Trinity Bank,2021,12,Running Contract,276,Savings account,1287360
UniCredit Bank,2021,1,Running Contract,1819,Savings account,2729844
UniCredit Bank,2021,2,Running Contract,785,Savings account,1717056
UniCredit Bank,2021,4,Running Contract,2982,Savings account,1278936
UniCredit Bank,2021,5,Running Contract,3562,Savings account,1224720
UniCredit Bank,2021,5,Running Contract,6453,Savings account,273600
UniCredit Bank,2021,10,Running Contract,2413,Savings account,53856
Air Bank,2021,1,Running Contract,1869,Savings account,417384
Air Bank,2021,2,Running Contract,785,Savings account,2653632
Air Bank,2021,2,Running Contract,10493,Savings account,2542200
Air Bank,2021,5,Running Contract,1776,Savings account,518400
Air Bank,2021,5,Running Contract,2622,Savings account,3272256
Air Bank,2021,5,Running Contract,6061,Savings account,82368
Air Bank,2021,6,Running Contract,9159,Savings account,1740000
Air Bank,2021,9,Running Contract,1876,Savings account,2090400
Air Bank,2021,9,Running Contract,5283,Savings account,1879152
Air Bank,2021,11,Running Contract,11317,Savings account,4761900
Bank Creditas,2021,1,Running Contract,10148,Savings account,243144
Bank Creditas,2021,2,Running Contract,2545,Savings account,13292304
Bank Creditas,2021,2,Running Contract,7713,Savings account,3527040
Bank Creditas,2021,3,Running Contract,9153,Savings account,522360
Bank Creditas,2021,3,Running Contract,10404,Savings account,1942800
Bank Creditas,2021,4,Running Contract,2982,Savings account,1072656
Bank Creditas,2021,6,Running Contract,9159,Savings account,487200
Bank Creditas,2021,7,Running Contract,6706,Savings account,1297200
Bank Creditas,2021,7,Running Contract,8713,Savings account,4096800
Bank Creditas,2021,9,Running Contract,3137,Savings account,760680
Bank Creditas,2021,12,Running Contract,276,Savings account,2091960
Czech export bank,2021,1,Running Contract,1819,Savings account,2586168
Czech export bank,2021,1,Running Contract,2936,Savings account,5544000
Czech export bank,2021,4,Running Contract,2982,Savings account,1113912
Czech export bank,2021,4,Running Contract,6495,Savings account,2624100
Raiffeisen bank,2021,1,Running Contract,7632,Salary account,3749856
Raiffeisen bank,2021,4,Running Contract,38,Salary account,1439568
Raiffeisen bank,2021,4,Running Contract,1004,Salary account,1696788
Raiffeisen bank,2021,4,Running Contract,1083,Salary account,2090016
Raiffeisen bank,2021,4,Running Contract,5572,Salary account,1690560
Raiffeisen bank,2021,4,Running Contract,6062,Salary account,7712640
Raiffeisen bank,2021,4,Running Contract,7437,Salary account,1439568
Raiffeisen bank,2021,4,Running Contract,8784,Salary account,1561392
Raiffeisen bank,2021,7,Running Contract,2000,Salary account,1454100
Raiffeisen bank,2021,10,Running Contract,9433,Salary account,133920
Sky Bank,2021,1,Running Contract,2035,Salary account,4584528
Sky Bank,2021,1,Running Contract,5133,Salary account,171180
Sky Bank,2021,1,Running Contract,7632,Salary account,1704480
Sky Bank,2021,1,Running Contract,10445,Salary account,725772
Sky Bank,2021,1,Running Contract,10478,Salary account,5887200
Sky Bank,2021,2,Running Contract,7082,Salary account,1747440
Sky Bank,2021,2,Running Contract,7997,Salary account,9157392
J&T Bank,2021,11,Running Contract,3293,Salary account,3589092
J&T Bank,2021,11,Running Contract,9140,Salary account,192384
Kameron bank,2021,1,Running Contract,5133,Salary account,1027080
Kameron bank,2021,2,Running Contract,7082,Salary account,8931360
Kameron bank,2021,4,Running Contract,7990,Salary account,1159680
Kameron bank,2021,7,Running Contract,2000,Salary account,3489840
Kameron bank,2021,7,Running Contract,10645,Salary account,1249992
Kameron bank,2021,8,Running Contract,1718,Salary account,1722720
Kameron bank,2021,9,Running Contract,3556,Salary account,2622600
Kameron bank,2021,10,Running Contract,1318,Salary account,2226528
Kameron bank,2021,11,Running Contract,3293,Salary account,276084
Kameron bank,2021,11,Running Contract,7180,Salary account,1795392
Max bank,2021,1,Running Contract,1407,Salary account,1380192
Max bank,2021,1,Running Contract,8926,Salary account,9066240
Max bank,2021,2,Running Contract,873,Salary account,1785000
Max bank,2021,4,Running Contract,8784,Salary account,594816
Max bank,2021,5,Running Contract,10652,Salary account,365760
Max bank,2021,7,Running Contract,226,Salary account,1968192
Max bank,2021,7,Running Contract,10799,Salary account,186840
Max bank,2021,8,Running Contract,4467,Salary account,430920
Max bank,2021,9,Running Contract,3556,Salary account,2797440
Max bank,2021,9,Running Contract,3862,Salary account,1498320
Max bank,2021,10,Running Contract,1656,Salary account,4365216
Max bank,2021,11,Running Contract,3293,Salary account,4693428
Max bank,2021,11,Running Contract,9140,Salary account,176352
Moneta Money Bank,2021,1,Running Contract,2035,Salary account,4760856
Moneta Money Bank,2021,1,Running Contract,4616,Salary account,800352
Moneta Money Bank,2021,6,Running Contract,2279,Salary account,8181888
Moneta Money Bank,2021,6,Running Contract,9491,Salary account,11049696
Moneta Money Bank,2021,7,Running Contract,226,Salary account,656064
Moneta Money Bank,2021,7,Running Contract,2000,Salary account,3780660
PPF Bank,2021,1,Running Contract,4550,Salary account,1165080
PPF Bank,2021,1,Running Contract,5133,Salary account,1027080
PPF Bank,2021,4,Running Contract,5572,Salary account,1127040
PPF Bank,2021,4,Running Contract,7990,Salary account,3624000
PPF Bank,2021,5,Running Contract,3460,Salary account,984816
PPF Bank,2021,5,Running Contract,7721,Salary account,318192
PPF Bank,2021,7,Running Contract,2988,Salary account,443040
PPF Bank,2021,8,Running Contract,10613,Salary account,3497088
PPF Bank,2021,9,Running Contract,1389,Salary account,501888
PPF Bank,2021,10,Running Contract,1656,Salary account,379584
Fio bank,2021,1,Running Contract,5133,Salary account,1027080
Fio bank,2021,2,Running Contract,873,Salary account,2677500
Fio bank,2021,4,Running Contract,38,Salary account,885888
Fio bank,2021,4,Running Contract,6062,Salary account,8998080
Fio bank,2021,4,Running Contract,7437,Salary account,885888
Fio bank,2021,4,Running Contract,8784,Salary account,1933152
Fio bank,2021,5,Running Contract,10652,Salary account,1737360
Fio bank,2021,6,Running Contract,4144,Salary account,1277856
Fio bank,2021,6,Running Contract,9491,Salary account,11951712
Fio bank,2021,8,Running Contract,4467,Salary account,1378944
Fio bank,2021,9,Running Contract,1808,Salary account,1156752
Fio bank,2021,9,Running Contract,9037,Salary account,13521312
Hypotecni bank,2021,1,Running Contract,2035,Salary account,6700464
Hypotecni bank,2021,1,Running Contract,4550,Salary account,735840
Hypotecni bank,2021,1,Running Contract,4616,Salary account,800352
Hypotecni bank,2021,1,Running Contract,7632,Salary account,2045376
Hypotecni bank,2021,1,Running Contract,8926,Salary account,9632880
Hypotecni bank,2021,3,Running Contract,5305,Salary account,6494256
Hypotecni bank,2021,5,Running Contract,7721,Salary account,818208
Hypotecni bank,2021,6,Running Contract,4144,Salary account,5111424
Hypotecni bank,2021,7,Running Contract,5180,Salary account,293820
Hypotecni bank,2021,7,Running Contract,10005,Salary account,5690088
Hypotecni bank,2021,9,Running Contract,1389,Salary account,1882080
Hypotecni bank,2021,11,Running Contract,3293,Salary account,3589092
Hypotecni bank,2021,11,Running Contract,9140,Salary account,192384
J&T Bank,2021,1,Running Contract,2035,Salary account,4760856
J&T Bank,2021,1,Running Contract,8926,Salary account,6233040
J&T Bank,2021,2,Running Contract,873,Salary account,2856000
J&T Bank,2021,2,Running Contract,7082,Salary account,8931360
J&T Bank,2021,2,Running Contract,9179,Salary account,2150400
J&T Bank,2021,3,Running Contract,3907,Salary account,1204632
J&T Bank,2021,6,Running Contract,3161,Salary account,180072
J&T Bank,2021,6,Running Contract,5912,Salary account,1107720
J&T Bank,2021,7,Running Contract,10645,Salary account,4999968
J&T Bank,2021,8,Running Contract,1718,Salary account,689088
Sky Bank,2021,3,Running Contract,3907,Salary account,6826248
Sky Bank,2021,3,Running Contract,5305,Salary account,1683696
Sky Bank,2021,4,Running Contract,1004,Salary account,3205044
Sky Bank,2021,4,Running Contract,1083,Salary account,152928
Sky Bank,2021,4,Running Contract,6062,Salary account,3213600
Sky Bank,2021,4,Running Contract,7990,Salary account,3624000
Sky Bank,2021,4,Running Contract,8784,Salary account,520464
Sky Bank,2021,6,Running Contract,2279,Salary account,1573440
Sky Bank,2021,6,Running Contract,3161,Salary account,330132
Sky Bank,2021,6,Running Contract,4144,Salary account,3194640
Sky Bank,2021,6,Running Contract,5912,Salary account,923100
Sky Bank,2021,6,Running Contract,9491,Salary account,2931552
Sky Bank,2021,7,Running Contract,330,Salary account,1326336
Sky Bank,2021,7,Running Contract,2988,Salary account,620256
Sky Bank,2021,7,Running Contract,10645,Salary account,208332
Sky Bank,2021,9,Running Contract,3862,Salary account,149832
Sky Bank,2021,9,Running Contract,9037,Salary account,2897424
Trinity Bank,2021,1,Running Contract,2035,Salary account,4760856
Trinity Bank,2021,1,Running Contract,4550,Salary account,1165080
Trinity Bank,2021,1,Running Contract,10445,Salary account,257532
Trinity Bank,2021,4,Running Contract,38,Salary account,1328832
Trinity Bank,2021,4,Running Contract,1083,Salary account,407808
Trinity Bank,2021,4,Running Contract,7437,Salary account,1328832
Trinity Bank,2021,6,Running Contract,2728,Salary account,2033460
Trinity Bank,2021,6,Running Contract,5912,Salary account,4800120
Trinity Bank,2021,8,Running Contract,4467,Salary account,1809864
Trinity Bank,2021,11,Running Contract,3293,Salary account,3589092
UniCredit Bank,2021,1,Running Contract,5133,Salary account,627660
UniCredit Bank,2021,1,Running Contract,8926,Salary account,9632880
UniCredit Bank,2021,1,Running Contract,10022,Salary account,6541920
UniCredit Bank,2021,1,Running Contract,10445,Salary account,632124
UniCredit Bank,2021,1,Running Contract,10478,Salary account,2943600
UniCredit Bank,2021,3,Running Contract,5305,Salary account,2164752
UniCredit Bank,2021,5,Running Contract,10652,Salary account,777240
UniCredit Bank,2021,6,Running Contract,8639,Salary account,1299480
UniCredit Bank,2021,7,Running Contract,10645,Salary account,4166640
UniCredit Bank,2021,8,Running Contract,10613,Salary account,999168
UniCredit Bank,2021,9,Running Contract,3862,Salary account,224748
UniCredit Bank,2021,10,Running Contract,1318,Salary account,742176
UniCredit Bank,2021,11,Running Contract,3293,Salary account,3313008
UniCredit Bank,2021,11,Running Contract,9140,Salary account,32064
Air Bank,2021,2,Running Contract,873,Salary account,2677500
Air Bank,2021,2,Running Contract,7082,Salary account,2135760
Air Bank,2021,3,Running Contract,2142,Salary account,256608
Air Bank,2021,4,Running Contract,38,Salary account,1882512
Air Bank,2021,4,Running Contract,1083,Salary account,1070496
Air Bank,2021,4,Running Contract,7437,Salary account,1882512
Air Bank,2021,7,Running Contract,2000,Salary account,3780660
Air Bank,2021,9,Running Contract,3862,Salary account,1498320
Air Bank,2021,9,Running Contract,9037,Salary account,965808
Air Bank,2021,10,Running Contract,1656,Salary account,3416256
Air Bank,2021,11,Running Contract,7180,Salary account,99744
Bank Creditas,2021,1,Running Contract,1407,Salary account,2383968
Bank Creditas,2021,1,Running Contract,4550,Salary account,1165080
Bank Creditas,2021,1,Running Contract,8926,Salary account,9632880
Bank Creditas,2021,2,Running Contract,7997,Salary account,1767216
Bank Creditas,2021,2,Running Contract,9179,Salary account,4945920
Bank Creditas,2021,6,Running Contract,9491,Salary account,1353024
Bank Creditas,2021,8,Running Contract,1718,Salary account,2584080
Bank Creditas,2021,10,Running Contract,1318,Salary account,371088
Bank Creditas,2021,11,Running Contract,7180,Salary account,1396416
Czech export bank,2021,1,Running Contract,2035,Salary account,5466168
Czech export bank,2021,1,Running Contract,10022,Salary account,6759984
Czech export bank,2021,3,Running Contract,2142,Salary account,233280
Czech export bank,2021,4,Running Contract,38,Salary account,1328832
Czech export bank,2021,4,Running Contract,6062,Salary account,2570880
Czech export bank,2021,4,Running Contract,7437,Salary account,1328832
Czech export bank,2021,6,Running Contract,2279,Salary account,2202816
Czech export bank,2021,6,Running Contract,2728,Salary account,938520
Czech export bank,2021,6,Running Contract,5912,Salary account,3877020
Czech export bank,2021,6,Running Contract,8639,Salary account,2970240
Czech export bank,2021,7,Running Contract,330,Salary account,1989504
Czech export bank,2021,9,Running Contract,3556,Salary account,2098080
Raiffeisen bank,2020,5,Running Contract,2754,Savings account,11734800
Raiffeisen bank,2020,6,Running Contract,8772,Savings account,1588896
Raiffeisen bank,2020,8,Running Contract,7565,Savings account,5065632
Raiffeisen bank,2020,8,Running Contract,10905,Savings account,913920
Raiffeisen bank,2020,10,Running Contract,5445,Savings account,1416528
Raiffeisen bank,2020,10,Running Contract,11027,Savings account,1394784
Raiffeisen bank,2020,12,Running Contract,6686,Savings account,3960864
Kameron bank,2020,2,Running Contract,1244,Savings account,789888
Kameron bank,2020,2,Running Contract,3353,Savings account,3213408
Kameron bank,2020,3,Running Contract,2134,Savings account,573300
Kameron bank,2020,3,Running Contract,4715,Savings account,4567272
Kameron bank,2020,4,Running Contract,9377,Savings account,3497760
Kameron bank,2020,5,Running Contract,9031,Savings account,1904256
Kameron bank,2020,8,Running Contract,9730,Savings account,2320800
Kameron bank,2020,8,Running Contract,10905,Savings account,1199520
Kameron bank,2020,9,Running Contract,6699,Savings account,1908000
Max bank,2020,1,Running Contract,5591,Savings account,6434520
Max bank,2020,2,Running Contract,2247,Savings account,3842712
Max bank,2020,2,Running Contract,3353,Savings account,3359472
Max bank,2020,2,Running Contract,4803,Savings account,1300992
Max bank,2020,2,Running Contract,5269,Savings account,2935500
Max bank,2020,2,Running Contract,10215,Savings account,1240512
Max bank,2020,5,Running Contract,4660,Savings account,2031936
Max bank,2020,5,Running Contract,8094,Savings account,9919260
Max bank,2020,5,Running Contract,9031,Savings account,952128
Max bank,2020,6,Running Contract,8772,Savings account,2736432
Max bank,2020,6,Running Contract,9241,Savings account,7701480
Max bank,2020,7,Running Contract,6138,Savings account,1554984
Max bank,2020,9,Running Contract,2080,Savings account,6867072
Max bank,2020,9,Running Contract,6699,Savings account,3180000
Max bank,2020,9,Running Contract,8268,Savings account,189552
Max bank,2020,10,Running Contract,5445,Savings account,1416528
Max bank,2020,10,Running Contract,7542,Savings account,15361320
Moneta Money Bank,2020,1,Running Contract,5591,Savings account,6434520
Moneta Money Bank,2020,2,Running Contract,10215,Savings account,1240512
Moneta Money Bank,2020,8,Running Contract,7565,Savings account,4451616
Moneta Money Bank,2020,9,Running Contract,2753,Savings account,996480
Moneta Money Bank,2020,9,Running Contract,3664,Savings account,4073760
Moneta Money Bank,2020,10,Running Contract,11027,Savings account,1154304
Moneta Money Bank,2020,12,Running Contract,10711,Savings account,290160
PPF Bank,2020,1,Running Contract,5724,Savings account,9069840
PPF Bank,2020,2,Running Contract,1244,Savings account,933504
PPF Bank,2020,2,Running Contract,6950,Savings account,10464960
PPF Bank,2020,5,Running Contract,9031,Savings account,952128
PPF Bank,2020,8,Running Contract,2165,Savings account,1257600
PPF Bank,2020,8,Running Contract,2334,Savings account,821304
PPF Bank,2020,10,Running Contract,5445,Savings account,1416528
PPF Bank,2020,12,Running Contract,7594,Savings account,3783456
Fio bank,2020,2,Running Contract,1244,Savings account,969408
Fio bank,2020,4,Running Contract,9377,Savings account,5396544
Fio bank,2020,5,Running Contract,2754,Savings account,10058400
Fio bank,2020,5,Running Contract,4660,Savings account,4170816
Fio bank,2020,7,Running Contract,1528,Savings account,3248496
Fio bank,2020,10,Running Contract,5445,Savings account,1180440
Fio bank,2020,10,Running Contract,11027,Savings account,673344
Fio bank,2020,12,Running Contract,7594,Savings account,1696032
Hypotecni bank,2020,1,Running Contract,5591,Savings account,7322040
Hypotecni bank,2020,1,Running Contract,5724,Savings account,14651280
Hypotecni bank,2020,2,Running Contract,1244,Savings account,933504
Hypotecni bank,2020,2,Running Contract,2247,Savings account,2247624
Hypotecni bank,2020,2,Running Contract,3353,Savings account,3359472
Hypotecni bank,2020,2,Running Contract,10215,Savings account,974688
Hypotecni bank,2020,3,Running Contract,2134,Savings account,573300
Hypotecni bank,2020,4,Running Contract,5181,Savings account,7982400
Hypotecni bank,2020,5,Running Contract,2754,Savings account,6705600
Hypotecni bank,2020,5,Running Contract,10233,Savings account,15067080
Hypotecni bank,2020,6,Running Contract,9241,Savings account,6275280
Hypotecni bank,2020,7,Running Contract,6138,Savings account,1216944
Hypotecni bank,2020,8,Running Contract,4949,Savings account,12176640
Hypotecni bank,2020,8,Running Contract,9730,Savings account,4177440
Hypotecni bank,2020,12,Running Contract,7594,Savings account,3783456
Hypotecni bank,2020,12,Running Contract,7745,Savings account,2481408
Hypotecni bank,2020,12,Running Contract,10711,Savings account,604500
J&T Bank,2020,2,Running Contract,2247,Savings account,2247624
J&T Bank,2020,2,Running Contract,3353,Savings account,3359472
J&T Bank,2020,5,Running Contract,2872,Savings account,6439680
J&T Bank,2020,5,Running Contract,4660,Savings account,2566656
J&T Bank,2020,5,Running Contract,6649,Savings account,1904940
J&T Bank,2020,5,Running Contract,8094,Savings account,4628988
J&T Bank,2020,5,Running Contract,10233,Savings account,6935640
J&T Bank,2020,6,Running Contract,8772,Savings account,2383344
J&T Bank,2020,8,Running Contract,2165,Savings account,1257600
J&T Bank,2020,9,Running Contract,10065,Savings account,4668480
J&T Bank,2020,10,Running Contract,7542,Savings account,8271480
Trinity Bank,2020,2,Running Contract,1244,Savings account,969408
Trinity Bank,2020,5,Running Contract,2872,Savings account,5098080
Trinity Bank,2020,7,Running Contract,6138,Savings account,1149336
Trinity Bank,2020,8,Running Contract,2064,Savings account,1338048
Trinity Bank,2020,8,Running Contract,7565,Savings account,2456064
Trinity Bank,2020,8,Running Contract,10905,Savings account,1199520
Trinity Bank,2020,9,Running Contract,2080,Savings account,4291920
Trinity Bank,2020,9,Running Contract,6699,Savings account,3307200
Trinity Bank,2020,10,Running Contract,5445,Savings account,1731312
Trinity Bank,2020,12,Running Contract,10711,Savings account,604500
UniCredit Bank,2020,1,Running Contract,5724,Savings account,9069840
UniCredit Bank,2020,3,Running Contract,2134,Savings account,481572
UniCredit Bank,2020,4,Running Contract,675,Savings account,5827680
UniCredit Bank,2020,5,Running Contract,2754,Savings account,10058400
UniCredit Bank,2020,5,Running Contract,4660,Savings account,2138880
UniCredit Bank,2020,5,Running Contract,10233,Savings account,11958000
UniCredit Bank,2020,6,Running Contract,6461,Savings account,2716416
UniCredit Bank,2020,7,Running Contract,525,Savings account,3576528
UniCredit Bank,2020,8,Running Contract,2064,Savings account,2007072
UniCredit Bank,2020,8,Running Contract,2165,Savings account,1650600
UniCredit Bank,2020,8,Running Contract,2334,Savings account,1594296
UniCredit Bank,2020,8,Running Contract,7565,Savings account,4298112
UniCredit Bank,2020,9,Running Contract,2753,Savings account,1992960
UniCredit Bank,2020,12,Running Contract,7594,Savings account,3783456
UniCredit Bank,2020,12,Running Contract,10711,Savings account,604500
Air Bank,2020,1,Running Contract,5591,Savings account,6434520
Air Bank,2020,1,Running Contract,5724,Savings account,19302480
Air Bank,2020,6,Running Contract,1447,Savings account,1801440
Air Bank,2020,9,Running Contract,6699,Savings account,3816000
Air Bank,2020,9,Running Contract,8268,Savings account,189552
Air Bank,2020,10,Running Contract,1906,Savings account,2157696
Air Bank,2020,10,Running Contract,3942,Savings account,1502928
Air Bank,2020,12,Running Contract,6902,Savings account,1085040
Air Bank,2020,12,Running Contract,7594,Savings account,3783456
Bank Creditas,2020,1,Running Contract,5591,Savings account,5103240
Bank Creditas,2020,2,Running Contract,6950,Savings account,10464960
Bank Creditas,2020,5,Running Contract,2872,Savings account,6439680
Bank Creditas,2020,6,Running Contract,3418,Savings account,3938016
Bank Creditas,2020,6,Running Contract,9241,Savings account,5134320
Bank Creditas,2020,7,Running Contract,525,Savings account,4838832
Bank Creditas,2020,8,Running Contract,2334,Savings account,1401048
Bank Creditas,2020,9,Running Contract,2753,Savings account,2258688
Bank Creditas,2020,9,Running Contract,8268,Savings account,129240
Bank Creditas,2020,10,Running Contract,3942,Savings account,2254392
Bank Creditas,2020,12,Running Contract,6686,Savings account,1397952
Bank Creditas,2020,12,Running Contract,6902,Savings account,591840
Czech export bank,2020,1,Running Contract,5591,Savings account,6434520
Czech export bank,2020,2,Running Contract,2247,Savings account,2247624
Czech export bank,2020,2,Running Contract,5269,Savings account,5636160
Czech export bank,2020,5,Running Contract,10233,Savings account,7174800
Czech export bank,2020,6,Running Contract,1447,Savings account,4003200
Czech export bank,2020,10,Running Contract,1906,Savings account,674280
Czech export bank,2020,10,Running Contract,5445,Savings account,1416528
Czech export bank,2020,10,Running Contract,7542,Savings account,15361320
Czech export bank,2020,12,Running Contract,6902,Savings account,1085040
Czech export bank,2020,12,Running Contract,10711,Savings account,604500
Raiffeisen bank,2020,1,Running Contract,4473,Salary account,5449680
Raiffeisen bank,2020,5,Running Contract,314,Salary account,2072040
Raiffeisen bank,2020,6,Running Contract,8320,Salary account,5883540
Raiffeisen bank,2020,8,Running Contract,9859,Salary account,14729400
Raiffeisen bank,2020,9,Running Contract,5837,Salary account,2667060
Raiffeisen bank,2020,10,Running Contract,6097,Salary account,366912
Raiffeisen bank,2020,12,Running Contract,4342,Salary account,2903712
Kameron bank,2020,1,Running Contract,11271,Salary account,2356200
Kameron bank,2020,6,Running Contract,2516,Salary account,8398944
Kameron bank,2020,6,Running Contract,7045,Salary account,6929280
Kameron bank,2020,6,Running Contract,10202,Salary account,5497632
Kameron bank,2020,7,Running Contract,1270,Salary account,1345896
Kameron bank,2020,7,Running Contract,6678,Salary account,5298912
Kameron bank,2020,9,Running Contract,1242,Salary account,2699424
Kameron bank,2020,9,Running Contract,1374,Salary account,10506672
Kameron bank,2020,10,Running Contract,3448,Salary account,961296
Kameron bank,2020,12,Running Contract,4342,Salary account,1301664
Max bank,2020,2,Running Contract,7262,Salary account,3369960
Max bank,2020,6,Running Contract,8320,Salary account,5883540
Max bank,2020,6,Running Contract,10063,Salary account,9336960
Max bank,2020,8,Running Contract,5362,Salary account,4868352
Max bank,2020,9,Running Contract,1242,Salary account,2699424
Max bank,2020,11,Running Contract,1580,Salary account,2525328
Moneta Money Bank,2020,3,Running Contract,7674,Salary account,1984248
Moneta Money Bank,2020,5,Running Contract,5118,Salary account,1969584
Moneta Money Bank,2020,6,Running Contract,10063,Salary account,5135328
Moneta Money Bank,2020,8,Running Contract,8169,Salary account,3135360
Moneta Money Bank,2020,8,Running Contract,9859,Salary account,8717400
Moneta Money Bank,2020,9,Running Contract,1242,Salary account,2699424
Moneta Money Bank,2020,12,Running Contract,339,Salary account,13105680
Moneta Money Bank,2020,12,Running Contract,6157,Salary account,2975040
PPF Bank,2020,1,Running Contract,11271,Salary account,4981680
PPF Bank,2020,5,Running Contract,314,Salary account,2339400
PPF Bank,2020,8,Running Contract,5362,Salary account,4665504
PPF Bank,2020,8,Running Contract,8169,Salary account,1665660
PPF Bank,2020,12,Running Contract,339,Salary account,10765380
Fio bank,2020,1,Running Contract,11271,Salary account,1548360
Fio bank,2020,3,Running Contract,11069,Salary account,2620992
Fio bank,2020,6,Running Contract,1093,Salary account,13478640
Fio bank,2020,6,Running Contract,8320,Salary account,7122180
Fio bank,2020,6,Running Contract,10202,Salary account,8246448
Fio bank,2020,6,Running Contract,11096,Salary account,4266000
Fio bank,2020,8,Running Contract,5362,Salary account,5679744
Fio bank,2020,8,Running Contract,6592,Salary account,15626400
Fio bank,2020,8,Running Contract,9859,Salary account,7214400
Hypotecni bank,2020,4,Running Contract,6856,Salary account,4600728
Hypotecni bank,2020,5,Running Contract,314,Salary account,1336800
Hypotecni bank,2020,6,Running Contract,11096,Salary account,4052700
Hypotecni bank,2020,7,Running Contract,1270,Salary account,1944072
Hypotecni bank,2020,8,Running Contract,8169,Salary account,3135360
Hypotecni bank,2020,9,Running Contract,1374,Salary account,5837040
Hypotecni bank,2020,9,Running Contract,5395,Salary account,2530944
Hypotecni bank,2020,10,Running Contract,6097,Salary account,366912
Hypotecni bank,2020,10,Running Contract,7890,Salary account,1110816
Hypotecni bank,2020,12,Running Contract,339,Salary account,10765380
Hypotecni bank,2020,12,Running Contract,2986,Salary account,322296
Hypotecni bank,2020,12,Running Contract,10280,Salary account,8703000
J&T Bank,2020,4,Running Contract,6856,Salary account,7087608
J&T Bank,2020,5,Running Contract,5118,Salary account,2980992
J&T Bank,2020,6,Running Contract,10202,Salary account,8246448
J&T Bank,2020,9,Running Contract,1242,Salary account,2056704
J&T Bank,2020,10,Running Contract,7894,Salary account,2144016
J&T Bank,2020,12,Running Contract,2986,Salary account,694176
Trinity Bank,2020,1,Running Contract,4473,Salary account,3100680
Trinity Bank,2020,1,Running Contract,11271,Salary account,2356200
Trinity Bank,2020,2,Running Contract,7262,Salary account,1684980
Trinity Bank,2020,6,Running Contract,1093,Salary account,11938224
Trinity Bank,2020,8,Running Contract,9424,Salary account,1338048
Trinity Bank,2020,8,Running Contract,9859,Salary account,5110200
Trinity Bank,2020,12,Running Contract,5602,Salary account,2130048
Trinity Bank,2020,12,Running Contract,10280,Salary account,4177440
UniCredit Bank,2020,1,Running Contract,5358,Salary account,1571820
UniCredit Bank,2020,3,Running Contract,4033,Salary account,1685760
UniCredit Bank,2020,6,Running Contract,7045,Salary account,5196960
UniCredit Bank,2020,8,Running Contract,9424,Salary account,2007072
UniCredit Bank,2020,11,Running Contract,9631,Salary account,832272
UniCredit Bank,2020,12,Running Contract,2986,Salary account,694176
UniCredit Bank,2020,12,Running Contract,6157,Salary account,5454240
Air Bank,2020,3,Running Contract,7674,Salary account,2551176
Air Bank,2020,4,Running Contract,6856,Salary account,4600728
Air Bank,2020,6,Running Contract,10063,Salary account,5135328
Air Bank,2020,7,Running Contract,1270,Salary account,2317932
Air Bank,2020,9,Running Contract,110,Salary account,3901824
Bank Creditas,2020,1,Running Contract,5358,Salary account,2596920
Bank Creditas,2020,3,Running Contract,7674,Salary account,2551176
Bank Creditas,2020,6,Running Contract,1093,Salary account,6931872
Bank Creditas,2020,6,Running Contract,10063,Salary account,5135328
Bank Creditas,2020,9,Running Contract,110,Salary account,2601216
Bank Creditas,2020,10,Running Contract,7890,Salary account,2300976
Bank Creditas,2020,10,Running Contract,7894,Salary account,9801216
Czech export bank,2020,3,Running Contract,4033,Salary account,3540096
Czech export bank,2020,6,Running Contract,10063,Salary account,6069024
Czech export bank,2020,8,Running Contract,5362,Salary account,3245568
Czech export bank,2020,9,Running Contract,110,Salary account,3901824
Czech export bank,2020,9,Running Contract,1242,Salary account,2699424
Czech export bank,2020,11,Running Contract,9631,Salary account,1783440
Czech export bank,2020,12,Running Contract,339,Salary account,5616720
Raiffeisen bank,2020,1,Running Contract,8931,NRI account,4284900
Raiffeisen bank,2020,3,Running Contract,5317,NRI account,4328640
Raiffeisen bank,2020,3,Running Contract,9504,NRI account,7508160
Raiffeisen bank,2020,5,Running Contract,2350,NRI account,3354624
Raiffeisen bank,2020,5,Running Contract,4999,NRI account,5615712
Raiffeisen bank,2020,7,Running Contract,319,NRI account,26568000
Raiffeisen bank,2020,10,Running Contract,378,NRI account,12902400
Raiffeisen bank,2020,11,Running Contract,4725,NRI account,5047920
Raiffeisen bank,2020,11,Running Contract,7176,NRI account,4078800
Raiffeisen bank,2020,12,Running Contract,4631,NRI account,1050336
Raiffeisen bank,2020,12,Running Contract,11244,NRI account,2024880
Kameron bank,2020,3,Running Contract,4969,NRI account,3303960
Kameron bank,2020,3,Running Contract,5317,NRI account,1983960
Kameron bank,2020,6,Running Contract,9677,NRI account,569160
Kameron bank,2020,7,Running Contract,319,NRI account,13284000
Kameron bank,2020,7,Running Contract,4099,NRI account,1130112
Kameron bank,2020,10,Running Contract,378,NRI account,6451200
Kameron bank,2020,10,Running Contract,10679,NRI account,2967120
Max bank,2020,3,Running Contract,4969,NRI account,3303960
Max bank,2020,3,Running Contract,9235,NRI account,1748880
Max bank,2020,3,Running Contract,9504,NRI account,11944800
Max bank,2020,4,Running Contract,1252,NRI account,3110940
Max bank,2020,9,Running Contract,4746,NRI account,3276480
Max bank,2020,10,Running Contract,5477,NRI account,16072032
Max bank,2020,10,Running Contract,10679,NRI account,2967120
Max bank,2020,11,Running Contract,8158,NRI account,5967900
Max bank,2020,12,Running Contract,4052,NRI account,2440944
Moneta Money Bank,2020,1,Running Contract,7637,NRI account,8972208
Moneta Money Bank,2020,3,Running Contract,10351,NRI account,1951488
Moneta Money Bank,2020,5,Running Contract,4293,NRI account,3119724
Moneta Money Bank,2020,5,Running Contract,4999,NRI account,3138192
Moneta Money Bank,2020,6,Running Contract,9353,NRI account,4149552
Moneta Money Bank,2020,7,Running Contract,319,NRI account,6642000
Moneta Money Bank,2020,7,Running Contract,4099,NRI account,711552
Moneta Money Bank,2020,8,Running Contract,8114,NRI account,3376200
Moneta Money Bank,2020,9,Running Contract,8026,NRI account,2052288
Moneta Money Bank,2020,11,Running Contract,4784,NRI account,3730752
PPF Bank,2020,2,Running Contract,5072,NRI account,7302960
PPF Bank,2020,5,Running Contract,2350,NRI account,3354624
PPF Bank,2020,5,Running Contract,4293,NRI account,3612312
PPF Bank,2020,7,Running Contract,4099,NRI account,1130112
PPF Bank,2020,8,Running Contract,4190,NRI account,13796520
PPF Bank,2020,12,Running Contract,4052,NRI account,1273536
Fio bank,2020,7,Running Contract,4099,NRI account,1130112
Fio bank,2020,8,Running Contract,4190,NRI account,20694780
Fio bank,2020,11,Running Contract,8158,NRI account,3342024
Hypotecni bank,2020,1,Running Contract,8931,NRI account,5961600
Hypotecni bank,2020,5,Running Contract,4999,NRI account,4955040
Hypotecni bank,2020,6,Running Contract,6265,NRI account,1659840
Hypotecni bank,2020,6,Running Contract,9353,NRI account,3583704
Hypotecni bank,2020,6,Running Contract,9677,NRI account,695640
J&T Bank,2020,2,Running Contract,5072,NRI account,8890560
J&T Bank,2020,3,Running Contract,4681,NRI account,6017088
J&T Bank,2020,3,Running Contract,10351,NRI account,3548160
J&T Bank,2020,10,Running Contract,10679,NRI account,3758352
J&T Bank,2020,11,Running Contract,4784,NRI account,2852928
J&T Bank,2020,11,Running Contract,7176,NRI account,2651220
J&T Bank,2020,12,Running Contract,4631,NRI account,2100672
Trinity Bank,2020,2,Running Contract,5072,NRI account,9208080
Trinity Bank,2020,5,Running Contract,6510,NRI account,1539840
Trinity Bank,2020,6,Running Contract,6265,NRI account,2096640
Trinity Bank,2020,8,Running Contract,8114,NRI account,1588800
Trinity Bank,2020,11,Running Contract,4725,NRI account,3365280
Trinity Bank,2020,12,Running Contract,11244,NRI account,2803680
UniCredit Bank,2020,1,Running Contract,8931,NRI account,5961600
UniCredit Bank,2020,4,Running Contract,1252,NRI account,6073740
UniCredit Bank,2020,5,Running Contract,4999,NRI account,4955040
UniCredit Bank,2020,8,Running Contract,4190,NRI account,14202300
UniCredit Bank,2020,8,Running Contract,8114,NRI account,3376200
UniCredit Bank,2020,10,Running Contract,378,NRI account,3456000
Air Bank,2020,1,Running Contract,7637,NRI account,8972208
Air Bank,2020,2,Running Contract,2246,NRI account,9563400
Air Bank,2020,4,Running Contract,9225,NRI account,3285120
Air Bank,2020,11,Running Contract,8158,NRI account,7161480
Bank Creditas,2020,3,Running Contract,4681,NRI account,3415104
Bank Creditas,2020,3,Running Contract,4969,NRI account,3153780
Bank Creditas,2020,4,Running Contract,10954,NRI account,393120
Bank Creditas,2020,10,Running Contract,378,NRI account,6451200
Bank Creditas,2020,12,Running Contract,2445,NRI account,3517920
Czech export bank,2020,2,Running Contract,5072,NRI account,17781120
Czech export bank,2020,3,Running Contract,4681,NRI account,12522048
Czech export bank,2020,5,Running Contract,2350,NRI account,3194880
Czech export bank,2020,11,Running Contract,8158,NRI account,6206616
nanital BANK,2020,1,Running Contract,4473,Salary account,5355720
nanital BANK,2020,1,Running Contract,5358,Salary account,3553680
nanital BANK,2020,1,Running Contract,5591,Savings account,9762720
nanital BANK,2020,1,Running Contract,5724,Savings account,10000080
nanital BANK,2020,1,Running Contract,7637,NRI account,20675088
nanital BANK,2020,1,Running Contract,8931,NRI account,16953300
nanital BANK,2020,1,Running Contract,11271,Salary account,2558160
nanital BANK,2020,2,Running Contract,1244,Savings account,1436160
nanital BANK,2020,2,Running Contract,2246,NRI account,27027000
nanital BANK,2020,2,Running Contract,2247,Savings account,3842712
nanital BANK,2020,2,Running Contract,3353,Savings account,6572880
nanital BANK,2020,2,Running Contract,4803,Savings account,3548160
nanital BANK,2020,2,Running Contract,5072,NRI account,18733680
nanital BANK,2020,2,Running Contract,5269,Savings account,5988420
nanital BANK,2020,2,Running Contract,6950,Savings account,27113760
nanital BANK,2020,2,Running Contract,7262,Salary account,3736260
nanital BANK,2020,2,Running Contract,10215,Savings account,2525328
nanital BANK,2020,3,Running Contract,2134,Savings account,1192464
nanital BANK,2020,3,Running Contract,4033,Salary account,4298688
nanital BANK,2020,3,Running Contract,4681,NRI account,6830208
nanital BANK,2020,3,Running Contract,4715,Savings account,4372920
nanital BANK,2020,3,Running Contract,4969,NRI account,10662780
nanital BANK,2020,3,Running Contract,5317,NRI account,3517020
nanital BANK,2020,3,Running Contract,7674,Salary account,5763768
nanital BANK,2020,3,Running Contract,9235,NRI account,5996160
nanital BANK,2020,3,Running Contract,9504,NRI account,13992480
nanital BANK,2020,3,Running Contract,10351,NRI account,3636864
nanital BANK,2020,3,Running Contract,11069,Salary account,8339520
nanital BANK,2020,4,Running Contract,675,Savings account,5520960
nanital BANK,2020,4,Running Contract,1252,NRI account,6370020
nanital BANK,2020,4,Running Contract,5181,Savings account,17960400
nanital BANK,2020,4,Running Contract,6856,Salary account,6217200
nanital BANK,2020,4,Running Contract,9225,NRI account,15275808
nanital BANK,2020,4,Running Contract,9377,Savings account,7095456
nanital BANK,2020,4,Running Contract,10954,NRI account,1123200
nanital BANK,2020,5,Running Contract,314,Salary account,2673600
nanital BANK,2020,5,Running Contract,2350,NRI account,10862592
nanital BANK,2020,5,Running Contract,2754,Savings account,11399520
nanital BANK,2020,5,Running Contract,2872,Savings account,9927840
nanital BANK,2020,5,Running Contract,4293,NRI account,11493720
nanital BANK,2020,5,Running Contract,4660,Savings account,4277760
nanital BANK,2020,5,Running Contract,4999,NRI account,8423568
nanital BANK,2020,5,Running Contract,5118,Salary account,3034224
nanital BANK,2020,5,Running Contract,6510,NRI account,4465536
nanital BANK,2020,5,Running Contract,6649,Savings account,5614560
nanital BANK,2020,5,Running Contract,8094,Savings account,10580544
nanital BANK,2020,5,Running Contract,9031,Savings account,2706048
nanital BANK,2020,5,Running Contract,10233,Savings account,8370600
nanital BANK,2020,6,Running Contract,1093,Salary account,20795616
nanital BANK,2020,6,Running Contract,1447,Savings account,3903120
nanital BANK,2020,6,Running Contract,2516,Salary account,27529872
nanital BANK,2020,6,Running Contract,3418,Savings account,14508480
nanital BANK,2020,6,Running Contract,6265,NRI account,4455360
nanital BANK,2020,6,Running Contract,6461,Savings account,11318400
nanital BANK,2020,6,Running Contract,7045,Salary account,15590880
nanital BANK,2020,6,Running Contract,8320,Salary account,16411980
nanital BANK,2020,6,Running Contract,8772,Savings account,3266064
nanital BANK,2020,6,Running Contract,9241,Savings account,15973440
nanital BANK,2020,6,Running Contract,9353,NRI account,14523432
nanital BANK,2020,6,Running Contract,9677,NRI account,1802340
nanital BANK,2020,6,Running Contract,10063,Salary account,10737504
nanital BANK,2020,6,Running Contract,10202,Salary account,14049504
nanital BANK,2020,6,Running Contract,11096,Salary account,12584700
nanital BANK,2020,7,Running Contract,319,NRI account,37269000
nanital BANK,2020,7,Running Contract,525,Savings account,13674960
nanital BANK,2020,7,Running Contract,1270,Salary account,2990880
nanital BANK,2020,7,Running Contract,1528,Savings account,12420720
nanital BANK,2020,7,Running Contract,4099,NRI account,2427648
nanital BANK,2020,7,Running Contract,6138,Savings account,1690200
nanital BANK,2020,7,Running Contract,6678,Salary account,21784416
nanital BANK,2020,8,Running Contract,2064,Savings account,3596004
nanital BANK,2020,8,Running Contract,2165,Savings account,3458400
nanital BANK,2020,8,Running Contract,2334,Savings account,2270664
nanital BANK,2020,8,Running Contract,4190,NRI account,22317900
nanital BANK,2020,8,Running Contract,4949,Savings account,15945600
nanital BANK,2020,8,Running Contract,5362,Salary account,6896832
nanital BANK,2020,8,Running Contract,6592,Salary account,30862140
nanital BANK,2020,8,Running Contract,7565,Savings account,4912128
nanital BANK,2020,8,Running Contract,8114,NRI account,4766400
nanital BANK,2020,8,Running Contract,8169,Salary account,4899000
nanital BANK,2020,8,Running Contract,9424,Salary account,3596004
nanital BANK,2020,8,Running Contract,9730,Savings account,5221800
nanital BANK,2020,8,Running Contract,9859,Salary account,14128200
nanital BANK,2020,8,Running Contract,10905,Savings account,3427200
nanital BANK,2020,9,Running Contract,110,Salary account,9591984
nanital BANK,2020,9,Running Contract,1242,Salary account,8869536
nanital BANK,2020,9,Running Contract,1374,Salary account,21402480
nanital BANK,2020,9,Running Contract,2080,Savings account,10515204
nanital BANK,2020,9,Running Contract,2753,Savings account,3055872
nanital BANK,2020,9,Running Contract,3664,Savings account,19010880
nanital BANK,2020,9,Running Contract,4746,NRI account,15768060
nanital BANK,2020,9,Running Contract,5395,Salary account,10440144
nanital BANK,2020,9,Running Contract,5837,Salary account,7645572
nanital BANK,2020,9,Running Contract,6699,Savings account,5851200
nanital BANK,2020,9,Running Contract,8026,NRI account,6926472
nanital BANK,2020,9,Running Contract,8268,Savings account,542808
nanital BANK,2020,9,Running Contract,10065,Savings account,26454720
nanital BANK,2020,10,Running Contract,378,NRI account,18432000
nanital BANK,2020,10,Running Contract,1906,Savings account,2517312
nanital BANK,2020,10,Running Contract,3448,Salary account,3089880
nanital BANK,2020,10,Running Contract,3942,Savings account,7621992
nanital BANK,2020,10,Running Contract,5445,Savings account,3698712
nanital BANK,2020,10,Running Contract,5477,NRI account,28650144
nanital BANK,2020,10,Running Contract,6097,Salary account,1336608
nanital BANK,2020,10,Running Contract,7542,Savings account,31904280
nanital BANK,2020,10,Running Contract,7890,Salary account,4284576
nanital BANK,2020,10,Running Contract,7894,Salary account,8576064
nanital BANK,2020,10,Running Contract,10679,NRI account,8110128
nanital BANK,2020,10,Running Contract,11027,Savings account,2164320
nanital BANK,2020,11,Running Contract,1580,Salary account,9130032
nanital BANK,2020,11,Running Contract,4725,NRI account,6057504
nanital BANK,2020,11,Running Contract,4784,NRI account,8778240
nanital BANK,2020,11,Running Contract,7176,NRI account,12440340
nanital BANK,2020,11,Running Contract,8158,NRI account,11935800
nanital BANK,2020,11,Running Contract,9631,Salary account,2734608
nanital BANK,2020,12,Running Contract,339,Salary account,24807180
nanital BANK,2020,12,Running Contract,2445,NRI account,21107520
nanital BANK,2020,12,Running Contract,2986,Salary account,1363560
nanital BANK,2020,12,Running Contract,4052,NRI account,5943168
nanital BANK,2020,12,Running Contract,4342,Salary account,7409472
nanital BANK,2020,12,Running Contract,4631,NRI account,4113816
nanital BANK,2020,12,Running Contract,5602,Salary account,13490304
nanital BANK,2020,12,Running Contract,6157,Salary account,20825280
nanital BANK,2020,12,Running Contract,6686,Savings account,4659840
nanital BANK,2020,12,Running Contract,6902,Savings account,2663280
nanital BANK,2020,12,Running Contract,7594,Savings account,8088768
nanital BANK,2020,12,Running Contract,7745,Savings account,5815800
nanital BANK,2020,12,Running Contract,10280,Salary account,18450360
nanital BANK,2020,12,Running Contract,10711,Savings account,1209000
nanital BANK,2020,12,Running Contract,11244,NRI account,8566800
nothern BANK,2020,1,Running Contract,4473,Salary account,6107400
nothern BANK,2020,1,Running Contract,5358,Salary account,3827040
nothern BANK,2020,1,Running Contract,5591,Savings account,10206480
nothern BANK,2020,1,Running Contract,5724,Savings account,12790800
nothern BANK,2020,1,Running Contract,7637,NRI account,22235472
nothern BANK,2020,1,Running Contract,8931,NRI account,15276600
nothern BANK,2020,1,Running Contract,11271,Salary account,2827440
nothern BANK,2020,2,Running Contract,1244,Savings account,1974720
nothern BANK,2020,2,Running Contract,2246,NRI account,27442800
nothern BANK,2020,2,Running Contract,2247,Savings account,3117672
nothern BANK,2020,2,Running Contract,3353,Savings account,11539056
nothern BANK,2020,2,Running Contract,4803,Savings account,3666432
nothern BANK,2020,2,Running Contract,5072,NRI account,19686240
nothern BANK,2020,2,Running Contract,5269,Savings account,7397460
nothern BANK,2020,2,Running Contract,6950,Savings account,24735360
nothern BANK,2020,2,Running Contract,7262,Salary account,4029300
nothern BANK,2020,2,Running Contract,10215,Savings account,2702544
nothern BANK,2020,3,Running Contract,2134,Savings account,1421784
nothern BANK,2020,3,Running Contract,4033,Salary account,4130112
nothern BANK,2020,3,Running Contract,4681,NRI account,7318080
nothern BANK,2020,3,Running Contract,4715,Savings account,5247504
nothern BANK,2020,3,Running Contract,4969,NRI account,9461340
nothern BANK,2020,3,Running Contract,5317,NRI account,3336660
nothern BANK,2020,3,Running Contract,7674,Salary account,8031480
nothern BANK,2020,3,Running Contract,9235,NRI account,6162720
nothern BANK,2020,3,Running Contract,9504,NRI account,17405280
nothern BANK,2020,3,Running Contract,10351,NRI account,4790016
nothern BANK,2020,3,Running Contract,11069,Salary account,6790752
nothern BANK,2020,4,Running Contract,675,Savings account,6441120
nothern BANK,2020,4,Running Contract,1252,NRI account,8592120
nothern BANK,2020,4,Running Contract,5181,Savings account,18758640
nothern BANK,2020,4,Running Contract,6856,Salary account,8082360
nothern BANK,2020,4,Running Contract,9225,NRI account,12154944
nothern BANK,2020,4,Running Contract,9377,Savings account,9593856
nothern BANK,2020,4,Running Contract,10954,NRI account,1216800
nothern BANK,2020,5,Running Contract,314,Salary account,3141480
nothern BANK,2020,5,Running Contract,2350,NRI account,8785920
nothern BANK,2020,5,Running Contract,2754,Savings account,14417040
nothern BANK,2020,5,Running Contract,2872,Savings account,15025920
nothern BANK,2020,5,Running Contract,4293,NRI account,13299876
nothern BANK,2020,5,Running Contract,4660,Savings account,4705536
nothern BANK,2020,5,Running Contract,4999,NRI account,8093232
nothern BANK,2020,5,Running Contract,5118,Salary account,3406848
nothern BANK,2020,5,Running Contract,6510,NRI account,6313344
nothern BANK,2020,5,Running Contract,6649,Savings account,7720020
nothern BANK,2020,5,Running Contract,8094,Savings account,9257976
nothern BANK,2020,5,Running Contract,9031,Savings account,2856384
nothern BANK,2020,5,Running Contract,10233,Savings account,11001360
nothern BANK,2020,6,Running Contract,1093,Salary account,21565824
nothern BANK,2020,6,Running Contract,1447,Savings account,2902320
nothern BANK,2020,6,Running Contract,2516,Salary account,31729344
nothern BANK,2020,6,Running Contract,3418,Savings account,17410176
nothern BANK,2020,6,Running Contract,6265,NRI account,7687680
nothern BANK,2020,6,Running Contract,6461,Savings account,10262016
nothern BANK,2020,6,Running Contract,7045,Salary account,12414960
nothern BANK,2020,6,Running Contract,8320,Salary account,14244360
nothern BANK,2020,6,Running Contract,8772,Savings account,4325328
nothern BANK,2020,6,Running Contract,9241,Savings account,18825840
nothern BANK,2020,6,Running Contract,9353,NRI account,15277896
nothern BANK,2020,6,Running Contract,9677,NRI account,1770720
nothern BANK,2020,6,Running Contract,10063,Salary account,10737504
nothern BANK,2020,6,Running Contract,10202,Salary account,16187472
nothern BANK,2020,6,Running Contract,11096,Salary account,10451700
nothern BANK,2020,7,Running Contract,319,NRI account,26199000
nothern BANK,2020,7,Running Contract,525,Savings account,11571120
nothern BANK,2020,7,Running Contract,1270,Salary account,3439512
nothern BANK,2020,7,Running Contract,1528,Savings account,15287040
nothern BANK,2020,7,Running Contract,4099,NRI account,2762496
nothern BANK,2020,7,Running Contract,6138,Savings account,2095848
nothern BANK,2020,7,Running Contract,6678,Salary account,27966480
nothern BANK,2020,8,Running Contract,2064,Savings account,3596004
nothern BANK,2020,8,Running Contract,2165,Savings account,2043600
nothern BANK,2020,8,Running Contract,2334,Savings account,2608848
nothern BANK,2020,8,Running Contract,4190,NRI account,27187260
nothern BANK,2020,8,Running Contract,4949,Savings account,14496000
nothern BANK,2020,8,Running Contract,5362,Salary account,11562336
nothern BANK,2020,8,Running Contract,6592,Salary account,35940720
nothern BANK,2020,8,Running Contract,7565,Savings account,8289216
nothern BANK,2020,8,Running Contract,8114,NRI account,6255900
nothern BANK,2020,8,Running Contract,8169,Salary account,6270720
nothern BANK,2020,8,Running Contract,9424,Salary account,3596004
nothern BANK,2020,8,Running Contract,9730,Savings account,6382200
nothern BANK,2020,8,Running Contract,9859,Salary account,20440800
nothern BANK,2020,8,Running Contract,10905,Savings account,3084480
nothern BANK,2020,9,Running Contract,110,Salary account,10892592
nothern BANK,2020,9,Running Contract,1242,Salary account,6941376
nothern BANK,2020,9,Running Contract,1374,Salary account,22959024
nothern BANK,2020,9,Running Contract,2080,Savings account,5579496
nothern BANK,2020,9,Running Contract,2753,Savings account,3388032
nothern BANK,2020,9,Running Contract,3664,Savings account,23084640
nothern BANK,2020,9,Running Contract,4746,NRI account,11672460
nothern BANK,2020,9,Running Contract,5395,Salary account,9807408
nothern BANK,2020,9,Running Contract,5837,Salary account,12624084
nothern BANK,2020,9,Running Contract,6699,Savings account,6996000
nothern BANK,2020,9,Running Contract,8026,NRI account,4745916
nothern BANK,2020,9,Running Contract,8268,Savings account,620352
nothern BANK,2020,9,Running Contract,10065,Savings account,30189504
nothern BANK,2020,10,Running Contract,378,NRI account,20275200
nothern BANK,2020,10,Running Contract,1906,Savings account,3506256
nothern BANK,2020,10,Running Contract,3448,Salary account,3913848
nothern BANK,2020,10,Running Contract,3942,Savings account,7621992
nothern BANK,2020,10,Running Contract,5445,Savings account,2675664
nothern BANK,2020,10,Running Contract,5477,NRI account,30397104
nothern BANK,2020,10,Running Contract,6097,Salary account,602784
nothern BANK,2020,10,Running Contract,7542,Savings account,41948220
nothern BANK,2020,10,Running Contract,7890,Salary account,5078016
nothern BANK,2020,10,Running Contract,7894,Salary account,12557808
nothern BANK,2020,10,Running Contract,10679,NRI account,4747392
nothern BANK,2020,10,Running Contract,11027,Savings account,2645280
nothern BANK,2020,11,Running Contract,1580,Salary account,15346224
nothern BANK,2020,11,Running Contract,4725,NRI account,4038336
nothern BANK,2020,11,Running Contract,4784,NRI account,2633472
nothern BANK,2020,11,Running Contract,7176,NRI account,10808820
nothern BANK,2020,11,Running Contract,8158,NRI account,13368096
nothern BANK,2020,11,Running Contract,9631,Salary account,3923568
nothern BANK,2020,12,Running Contract,339,Salary account,31360020
nothern BANK,2020,12,Running Contract,2445,NRI account,20521200
nothern BANK,2020,12,Running Contract,2986,Salary account,1809816
nothern BANK,2020,12,Running Contract,4052,NRI account,4563504
nothern BANK,2020,12,Running Contract,4342,Salary account,7609728
nothern BANK,2020,12,Running Contract,4631,NRI account,4201344
nothern BANK,2020,12,Running Contract,5602,Salary account,8875200
nothern BANK,2020,12,Running Contract,6157,Salary account,17602320
nothern BANK,2020,12,Running Contract,6686,Savings account,6989760
nothern BANK,2020,12,Running Contract,6902,Savings account,2811240
nothern BANK,2020,12,Running Contract,7594,Savings account,11350368
nothern BANK,2020,12,Running Contract,7745,Savings account,4420008
nothern BANK,2020,12,Running Contract,10280,Salary account,17754120
nothern BANK,2020,12,Running Contract,10711,Savings account,1620060
nothern BANK,2020,12,Running Contract,11244,NRI account,12928080
Sky Bank,2020,1,Running Contract,4473,Salary account,5825520
Sky Bank,2020,1,Running Contract,5358,Salary account,4647120
Sky Bank,2020,1,Running Contract,5591,Savings account,7765800
Sky Bank,2020,1,Running Contract,5724,Savings account,15581520
Sky Bank,2020,1,Running Contract,7637,NRI account,5071248
Sky Bank,2020,1,Running Contract,8931,NRI account,17698500
Sky Bank,2020,1,Running Contract,11271,Salary account,3231360
Sky Bank,2020,2,Running Contract,1244,Savings account,1077120
Sky Bank,2020,2,Running Contract,2246,NRI account,13721400
Sky Bank,2020,2,Running Contract,2247,Savings account,4132728
Sky Bank,2020,2,Running Contract,3353,Savings account,1898832
Sky Bank,2020,2,Running Contract,4803,Savings account,1714944
Sky Bank,2020,2,Running Contract,5072,NRI account,12065760
Sky Bank,2020,2,Running Contract,5269,Savings account,2935500
Sky Bank,2020,2,Running Contract,6950,Savings account,3329760
Sky Bank,2020,2,Running Contract,7262,Salary account,952380
Sky Bank,2020,2,Running Contract,10215,Savings account,1639248
Sky Bank,2020,3,Running Contract,2134,Savings account,412776
Sky Bank,2020,3,Running Contract,4033,Salary account,337152
Sky Bank,2020,3,Running Contract,4681,NRI account,9594816
Sky Bank,2020,3,Running Contract,4715,Savings account,485880
Sky Bank,2020,3,Running Contract,4969,NRI account,1051260
Sky Bank,2020,3,Running Contract,5317,NRI account,450900
Sky Bank,2020,3,Running Contract,7674,Salary account,3401568
Sky Bank,2020,3,Running Contract,9235,NRI account,7245360
Sky Bank,2020,3,Running Contract,9504,NRI account,16381440
Sky Bank,2020,3,Running Contract,10351,NRI account,5943168
Sky Bank,2020,3,Running Contract,11069,Salary account,7862976
Sky Bank,2020,4,Running Contract,675,Savings account,7259040
Sky Bank,2020,4,Running Contract,1252,NRI account,9332820
Sky Bank,2020,4,Running Contract,5181,Savings account,16363920
Sky Bank,2020,4,Running Contract,6856,Salary account,6092856
Sky Bank,2020,4,Running Contract,9225,NRI account,11990688
Sky Bank,2020,4,Running Contract,9377,Savings account,7395264
Sky Bank,2020,4,Running Contract,10954,NRI account,355680
Sky Bank,2020,5,Running Contract,314,Salary account,3208320
Sky Bank,2020,5,Running Contract,2350,NRI account,1437696
Sky Bank,2020,5,Running Contract,2754,Savings account,15087600
Sky Bank,2020,5,Running Contract,2872,Savings account,3219840
Sky Bank,2020,5,Running Contract,4293,NRI account,2462940
Sky Bank,2020,5,Running Contract,4999,NRI account,6276384
Sky Bank,2020,5,Running Contract,5118,Salary account,3779472
Sky Bank,2020,5,Running Contract,6510,NRI account,230976
Sky Bank,2020,5,Running Contract,6649,Savings account,2506500
Sky Bank,2020,5,Running Contract,8094,Savings account,661284
Sky Bank,2020,5,Running Contract,10233,Savings account,8609760
Sky Bank,2020,6,Running Contract,1093,Salary account,18099888
Sky Bank,2020,6,Running Contract,2516,Salary account,27996480
Sky Bank,2020,6,Running Contract,3418,Savings account,2279904
Sky Bank,2020,6,Running Contract,6265,NRI account,1135680
Sky Bank,2020,6,Running Contract,6461,Savings account,5432832
Sky Bank,2020,6,Running Contract,7045,Salary account,288720
Sky Bank,2020,6,Running Contract,8772,Savings account,2471616
Sky Bank,2020,6,Running Contract,9241,Savings account,2852400
Sky Bank,2020,6,Running Contract,9353,NRI account,5092632
Sky Bank,2020,6,Running Contract,9677,NRI account,221340
Sky Bank,2020,6,Running Contract,10063,Salary account,1167120
Sky Bank,2020,6,Running Contract,10202,Salary account,11911536
Sky Bank,2020,6,Running Contract,11096,Salary account,213300
Sky Bank,2020,7,Running Contract,319,NRI account,24354000
Sky Bank,2020,7,Running Contract,525,Savings account,4418064
Sky Bank,2020,7,Running Contract,1270,Salary account,1794528
Sky Bank,2020,7,Running Contract,1528,Savings account,5541552
Sky Bank,2020,7,Running Contract,4099,NRI account,1297536
Sky Bank,2020,7,Running Contract,6678,Salary account,24728256
Sky Bank,2020,8,Running Contract,2064,Savings account,83628
Sky Bank,2020,8,Running Contract,2334,Savings account,1594296
Sky Bank,2020,8,Running Contract,4190,NRI account,25969920
Sky Bank,2020,8,Running Contract,4949,Savings account,1449600
Sky Bank,2020,8,Running Contract,5362,Salary account,1622784
Sky Bank,2020,8,Running Contract,6592,Salary account,4297260
Sky Bank,2020,8,Running Contract,7565,Savings account,4758624
Sky Bank,2020,8,Running Contract,8114,NRI account,5958000
Sky Bank,2020,8,Running Contract,8169,Salary account,5682840
Sky Bank,2020,8,Running Contract,9424,Salary account,83628
Sky Bank,2020,8,Running Contract,9859,Salary account,4208400
Sky Bank,2020,8,Running Contract,10905,Savings account,228480
Sky Bank,2020,9,Running Contract,110,Salary account,2926368
Sky Bank,2020,9,Running Contract,1242,Salary account,642720
Sky Bank,2020,9,Running Contract,1374,Salary account,3113088
Sky Bank,2020,9,Running Contract,2753,Savings account,2391552
Sky Bank,2020,9,Running Contract,3664,Savings account,7061184
Sky Bank,2020,9,Running Contract,5395,Salary account,7909200
Sky Bank,2020,9,Running Contract,5837,Salary account,7467768
Sky Bank,2020,9,Running Contract,6699,Savings account,2416800
Sky Bank,2020,9,Running Contract,8268,Savings account,112008
Sky Bank,2020,9,Running Contract,10065,Savings account,19296384
Sky Bank,2020,10,Running Contract,378,NRI account,11059200
Sky Bank,2020,10,Running Contract,1906,Savings account,674280
Sky Bank,2020,10,Running Contract,3448,Salary account,1785264
Sky Bank,2020,10,Running Contract,3942,Savings account,1824984
Sky Bank,2020,10,Running Contract,5477,NRI account,20963520
Sky Bank,2020,10,Running Contract,7542,Savings account,16542960
Sky Bank,2020,10,Running Contract,7890,Salary account,3332448
Sky Bank,2020,10,Running Contract,7894,Salary account,10107504
Sky Bank,2020,10,Running Contract,11027,Savings account,625248
Sky Bank,2020,11,Running Contract,1580,Salary account,12820896
Sky Bank,2020,11,Running Contract,7176,NRI account,203940
Sky Bank,2020,11,Running Contract,8158,NRI account,4296888
Sky Bank,2020,11,Running Contract,9631,Salary account,1129512
Sky Bank,2020,12,Running Contract,339,Salary account,4212540
Sky Bank,2020,12,Running Contract,2445,NRI account,8794800
Sky Bank,2020,12,Running Contract,2986,Salary account,867720
Sky Bank,2020,12,Running Contract,4342,Salary account,5106528
Sky Bank,2020,12,Running Contract,4631,NRI account,87528
Sky Bank,2020,12,Running Contract,5602,Salary account,6745152
Sky Bank,2020,12,Running Contract,6157,Salary account,991680
Sky Bank,2020,12,Running Contract,6686,Savings account,4659840
Sky Bank,2020,12,Running Contract,6902,Savings account,345240
Sky Bank,2020,12,Running Contract,7594,Savings account,5218560
Sky Bank,2020,12,Running Contract,7745,Savings account,155088
Sky Bank,2020,12,Running Contract,10280,Salary account,1044360
Sky Bank,2020,12,Running Contract,10711,Savings account,459420
Sky Bank,2020,1,Running Contract,4473,Salary account,657720
Sky Bank,2020,1,Running Contract,5358,Salary account,1981860
Sky Bank,2020,1,Running Contract,5724,Savings account,6279120
Sky Bank,2020,1,Running Contract,11271,Salary account,471240
Sky Bank,2020,3,Running Contract,4681,NRI account,1951488
Sky Bank,2020,3,Running Contract,9235,NRI account,2498400
Sky Bank,2020,3,Running Contract,10351,NRI account,3104640
Sky Bank,2020,3,Running Contract,11069,Salary account,4527168
Sky Bank,2020,4,Running Contract,675,Savings account,1738080
Sky Bank,2020,4,Running Contract,1252,NRI account,1925820
Sky Bank,2020,4,Running Contract,6856,Salary account,2859912
Sky Bank,2020,4,Running Contract,9377,Savings account,1399104
Sky Bank,2020,5,Running Contract,5118,Salary account,958176
Sky Bank,2020,5,Running Contract,6649,Savings account,802080
Sky Bank,2020,6,Running Contract,2516,Salary account,1866432
Sky Bank,2020,6,Running Contract,9353,NRI account,377232
Sky Bank,2020,7,Running Contract,319,NRI account,4059000
Sky Bank,2020,8,Running Contract,4190,NRI account,3652020
Sky Bank,2020,8,Running Contract,8114,NRI account,695100
Sky Bank,2020,8,Running Contract,8169,Salary account,391920
Sky Bank,2020,10,Running Contract,5477,NRI account,1048176
Sky Bank,2019,1,Running Contract,2496,Savings account,8916480
Sky Bank,2019,1,Running Contract,4503,NRI account,10152000
Sky Bank,2019,1,Running Contract,4907,NRI account,5336928
Sky Bank,2019,1,Running Contract,5126,Savings account,1241472
Sky Bank,2019,2,Running Contract,3112,Savings account,10966224
Sky Bank,2019,2,Running Contract,8092,Salary account,2917200
Sky Bank,2019,2,Running Contract,10884,Savings account,5677200
Sky Bank,2019,3,Running Contract,1772,Savings account,12370068
Sky Bank,2019,3,Running Contract,2912,Savings account,30412800
Sky Bank,2019,3,Running Contract,4852,Savings account,12584700
Sky Bank,2019,3,Running Contract,8327,Savings account,21552336
Sky Bank,2019,3,Running Contract,10728,NRI account,7578144
Sky Bank,2019,4,Running Contract,1967,NRI account,17202528
Sky Bank,2019,4,Running Contract,2352,NRI account,3411360
Sky Bank,2019,4,Running Contract,2456,Savings account,10651728
Sky Bank,2019,5,Running Contract,940,Salary account,17625360
Sky Bank,2019,5,Running Contract,3608,Savings account,9689760
Sky Bank,2019,5,Running Contract,5794,Savings account,5562000
Sky Bank,2019,5,Running Contract,7614,NRI account,20197296
Sky Bank,2019,5,Running Contract,8411,Savings account,13237200
Sky Bank,2019,5,Running Contract,8547,Savings account,19204776
Sky Bank,2019,6,Running Contract,1766,NRI account,1953900
Sky Bank,2019,6,Running Contract,2572,Savings account,29160000
Sky Bank,2019,6,Running Contract,5422,NRI account,31354800
Sky Bank,2019,6,Running Contract,9006,Salary account,13046880
Sky Bank,2019,6,Running Contract,9645,NRI account,6693624
Sky Bank,2019,7,Running Contract,1698,NRI account,5394024
Sky Bank,2019,7,Running Contract,1886,Salary account,5686380
Sky Bank,2019,7,Running Contract,2268,Savings account,1191564
Sky Bank,2019,7,Running Contract,3679,NRI account,28471296
Sky Bank,2019,7,Running Contract,5541,NRI account,2284800
Sky Bank,2019,7,Running Contract,6985,Savings account,6483456
Sky Bank,2019,7,Running Contract,8680,NRI account,3171492
Sky Bank,2019,7,Running Contract,9790,NRI account,10315536
Sky Bank,2019,7,Running Contract,10001,Savings account,1294992
Sky Bank,2019,8,Running Contract,2580,NRI account,5181720
Sky Bank,2019,8,Running Contract,4650,NRI account,22512000
Sky Bank,2019,8,Running Contract,4994,Savings account,9303984
Sky Bank,2019,8,Running Contract,6289,NRI account,6593664
Sky Bank,2019,8,Running Contract,6358,Salary account,15682272
Sky Bank,2019,8,Running Contract,9928,NRI account,5181720
Sky Bank,2019,8,Running Contract,11054,NRI account,5956800
Sky Bank,2019,9,Running Contract,2143,Savings account,3501540
Sky Bank,2019,9,Running Contract,2994,NRI account,1706040
Sky Bank,2019,9,Running Contract,6397,Savings account,10680180
Sky Bank,2019,9,Running Contract,7136,Salary account,4966308
Sky Bank,2019,9,Running Contract,8533,Salary account,16708608
Sky Bank,2019,9,Running Contract,10019,NRI account,11696400
Sky Bank,2019,9,Running Contract,10436,NRI account,2067048
Sky Bank,2019,9,Running Contract,10762,Salary account,3992256
Sky Bank,2019,10,Running Contract,501,NRI account,15252840
Sky Bank,2019,10,Running Contract,1862,Salary account,25747800
Sky Bank,2019,10,Running Contract,3230,Savings account,5865984
Sky Bank,2019,10,Running Contract,4447,Salary account,7324272
Sky Bank,2019,10,Running Contract,4585,Salary account,1487088
Sky Bank,2019,10,Running Contract,6688,Salary account,528264
Sky Bank,2019,10,Running Contract,7795,Savings account,34979280
Sky Bank,2019,10,Running Contract,9024,Savings account,4592640
Sky Bank,2019,10,Running Contract,11186,Savings account,24332520
Sky Bank,2019,11,Running Contract,1250,Savings account,5661840
Sky Bank,2019,11,Running Contract,3115,Salary account,11241300
Sky Bank,2019,11,Running Contract,4948,Savings account,17268480
Sky Bank,2019,11,Running Contract,4981,Savings account,9504384
Sky Bank,2019,11,Running Contract,5263,NRI account,19341000
Sky Bank,2019,11,Running Contract,9510,Savings account,6391728
Sky Bank,2019,11,Running Contract,9548,Savings account,1062048
Sky Bank,2019,11,Running Contract,10297,Savings account,21892416
Sky Bank,2019,12,Running Contract,3021,Savings account,4357248
Sky Bank,2019,12,Running Contract,8972,NRI account,1620864
Sky Bank,2019,12,Running Contract,9030,NRI account,11826816
Sky Bank,2019,12,Running Contract,10520,Salary account,11692800
Sky Bank,2019,12,Running Contract,10963,Savings account,9728208
Sky Bank,2019,1,Running Contract,2496,Savings account,11063040
Sky Bank,2019,1,Running Contract,4503,NRI account,10422720
Sky Bank,2019,1,Running Contract,4907,NRI account,7313568
Sky Bank,2019,1,Running Contract,5126,Savings account,834432
Sky Bank,2019,2,Running Contract,3112,Savings account,9241200
Sky Bank,2019,2,Running Contract,8092,Salary account,2805000
Sky Bank,2019,2,Running Contract,10884,Savings account,4201128
Sky Bank,2019,3,Running Contract,1772,Savings account,9328248
Sky Bank,2019,3,Running Contract,2912,Savings account,33073920
Sky Bank,2019,3,Running Contract,4852,Savings account,7892100
Sky Bank,2019,3,Running Contract,8327,Savings account,5202288
Sky Bank,2019,3,Running Contract,10728,NRI account,7578144
Sky Bank,2019,4,Running Contract,1967,NRI account,8725920
Sky Bank,2019,4,Running Contract,2352,NRI account,2472000
Sky Bank,2019,4,Running Contract,2456,Savings account,1607808
Sky Bank,2019,5,Running Contract,940,Salary account,14782560
Sky Bank,2019,5,Running Contract,3608,Savings account,10174248
Sky Bank,2019,5,Running Contract,5794,Savings account,3584400
Sky Bank,2019,5,Running Contract,7614,NRI account,13144272
Sky Bank,2019,5,Running Contract,8411,Savings account,13016580
Sky Bank,2019,5,Running Contract,8547,Savings account,6920640
Sky Bank,2019,6,Running Contract,1766,NRI account,2164320
Sky Bank,2019,6,Running Contract,2572,Savings account,23400000
Sky Bank,2019,6,Running Contract,5422,NRI account,32461440
Sky Bank,2019,6,Running Contract,9006,Salary account,20315856
Sky Bank,2019,7,Running Contract,2268,Savings account,969408
Sky Bank,2019,7,Running Contract,3679,NRI account,5783232
Sky Bank,2019,7,Running Contract,5541,NRI account,1338240
Sky Bank,2019,7,Running Contract,6985,Savings account,1935360
Sky Bank,2019,7,Running Contract,9790,NRI account,1473648
Sky Bank,2019,7,Running Contract,10001,Savings account,533232
Sky Bank,2019,8,Running Contract,2580,NRI account,536040
Sky Bank,2019,8,Running Contract,4650,NRI account,2814000
Sky Bank,2019,8,Running Contract,6289,NRI account,2911488
Sky Bank,2019,8,Running Contract,6358,Salary account,6759600
Sky Bank,2019,8,Running Contract,9928,NRI account,536040
Sky Bank,2019,9,Running Contract,6397,Savings account,5973660
Sky Bank,2019,9,Running Contract,7136,Salary account,2964960
Sky Bank,2019,9,Running Contract,8533,Salary account,522144
Sky Bank,2019,9,Running Contract,10019,NRI account,9357120
Sky Bank,2019,9,Running Contract,10762,Salary account,481824
Sky Bank,2019,10,Running Contract,501,NRI account,3155760
Sky Bank,2019,10,Running Contract,1862,Salary account,11487480
Sky Bank,2019,10,Running Contract,3230,Savings account,1698048
Sky Bank,2019,10,Running Contract,7795,Savings account,33118680
Sky Bank,2019,10,Running Contract,11186,Savings account,19230540
Sky Bank,2019,11,Running Contract,4948,Savings account,2158560
Sky Bank,2019,11,Running Contract,5263,NRI account,5249700
Sky Bank,2019,12,Running Contract,9030,NRI account,9959424
Sky Bank,2019,12,Running Contract,10520,Salary account,3758400
Sky Bank,2019,12,Running Contract,10963,Savings account,5211540
nothern BANK,2019,1,Running Contract,2496,Savings account,6604800
nothern BANK,2019,1,Running Contract,4503,NRI account,6768000
nothern BANK,2019,1,Running Contract,4907,NRI account,4645104
nothern BANK,2019,1,Running Contract,5126,Savings account,1200768
nothern BANK,2019,2,Running Contract,3112,Savings account,10473360
nothern BANK,2019,2,Running Contract,8092,Salary account,2692800
nothern BANK,2019,2,Running Contract,10884,Savings account,5904288
nothern BANK,2019,3,Running Contract,1772,Savings account,9328248
nothern BANK,2019,3,Running Contract,2912,Savings account,28131840
nothern BANK,2019,3,Running Contract,4852,Savings account,11091600
nothern BANK,2019,3,Running Contract,8327,Savings account,13377312
nothern BANK,2019,3,Running Contract,10728,NRI account,8815392
nothern BANK,2019,4,Running Contract,1967,NRI account,13712160
nothern BANK,2019,4,Running Contract,2352,NRI account,3015840
nothern BANK,2019,4,Running Contract,2456,Savings account,9646848
nothern BANK,2019,5,Running Contract,940,Salary account,14498280
nothern BANK,2019,5,Running Contract,3608,Savings account,8074800
nothern BANK,2019,5,Running Contract,5794,Savings account,5562000
nothern BANK,2019,5,Running Contract,7614,NRI account,16029600
nothern BANK,2019,5,Running Contract,8411,Savings account,10810380
nothern BANK,2019,5,Running Contract,8547,Savings account,16436520
nothern BANK,2019,6,Running Contract,1766,NRI account,1833660
nothern BANK,2019,6,Running Contract,2572,Savings account,27720000
nothern BANK,2019,6,Running Contract,5422,NRI account,29510400
nothern BANK,2019,6,Running Contract,9006,Salary account,13046880
nothern BANK,2019,6,Running Contract,9645,NRI account,8455104
nothern BANK,2019,7,Running Contract,1698,NRI account,8374932
nothern BANK,2019,7,Running Contract,1886,Salary account,6823656
nothern BANK,2019,7,Running Contract,2268,Savings account,1090584
nothern BANK,2019,7,Running Contract,3679,NRI account,27136704
nothern BANK,2019,7,Running Contract,5541,NRI account,1958400
nothern BANK,2019,7,Running Contract,6985,Savings account,7064064
nothern BANK,2019,7,Running Contract,8680,NRI account,3942936
nothern BANK,2019,7,Running Contract,9790,NRI account,8306016
nothern BANK,2019,7,Running Contract,10001,Savings account,1161684
nothern BANK,2019,8,Running Contract,2580,NRI account,5539080
nothern BANK,2019,8,Running Contract,4650,NRI account,21708000
nothern BANK,2019,8,Running Contract,4994,Savings account,22484628
nothern BANK,2019,8,Running Contract,6289,NRI account,4881024
nothern BANK,2019,8,Running Contract,6358,Salary account,12437664
nothern BANK,2019,8,Running Contract,9928,NRI account,5539080
nothern BANK,2019,8,Running Contract,11054,NRI account,7297080
nothern BANK,2019,9,Running Contract,2143,Savings account,4287600
nothern BANK,2019,9,Running Contract,2994,NRI account,3022128
nothern BANK,2019,9,Running Contract,6397,Savings account,9413040
nothern BANK,2019,9,Running Contract,7136,Salary account,5262804
nothern BANK,2019,9,Running Contract,8533,Salary account,16882656
nothern BANK,2019,9,Running Contract,10019,NRI account,13060980
nothern BANK,2019,9,Running Contract,10436,NRI account,3426948
nothern BANK,2019,9,Running Contract,10762,Salary account,4405248
nothern BANK,2019,10,Running Contract,501,NRI account,12886020
nothern BANK,2019,10,Running Contract,1862,Salary account,24163320
nothern BANK,2019,10,Running Contract,3230,Savings account,6251904
nothern BANK,2019,10,Running Contract,4447,Salary account,12142872
nothern BANK,2019,10,Running Contract,4585,Salary account,4008672
nothern BANK,2019,10,Running Contract,6688,Salary account,1424016
nothern BANK,2019,10,Running Contract,7795,Savings account,23815680
nothern BANK,2019,10,Running Contract,9024,Savings account,5157888
nothern BANK,2019,10,Running Contract,11186,Savings account,19623000
nothern BANK,2019,11,Running Contract,1250,Savings account,7488240
nothern BANK,2019,11,Running Contract,3115,Salary account,14774280
nothern BANK,2019,11,Running Contract,4948,Savings account,24463680
nothern BANK,2019,11,Running Contract,4981,Savings account,10939008
nothern BANK,2019,11,Running Contract,5263,NRI account,16854300
nothern BANK,2019,11,Running Contract,9510,Savings account,13468284
nothern BANK,2019,11,Running Contract,9548,Savings account,2493504
nothern BANK,2019,11,Running Contract,10297,Savings account,26523504
nothern BANK,2019,12,Running Contract,3021,Savings account,7936416
nothern BANK,2019,12,Running Contract,8972,NRI account,3016608
nothern BANK,2019,12,Running Contract,9030,NRI account,10270656
nothern BANK,2019,12,Running Contract,10520,Salary account,37166400
nothern BANK,2019,12,Running Contract,10963,Savings account,7180344
nanital BANK,2019,4,Running Contract,2456,Savings account,9244896
nanital BANK,2019,5,Running Contract,940,Salary account,13361160
nanital BANK,2019,5,Running Contract,3608,Savings account,11466216
nanital BANK,2019,5,Running Contract,5794,Savings account,9517200
nanital BANK,2019,5,Running Contract,7614,NRI account,16029600
nanital BANK,2019,5,Running Contract,8411,Savings account,11031000
nanital BANK,2019,5,Running Contract,8547,Savings account,10380960
nanital BANK,2019,6,Running Contract,1766,NRI account,1593180
nanital BANK,2019,6,Running Contract,2572,Savings account,23760000
nanital BANK,2019,6,Running Contract,5422,NRI account,15492960
nanital BANK,2019,6,Running Contract,9006,Salary account,12487728
nanital BANK,2019,6,Running Contract,9645,NRI account,7926660
nanital BANK,2019,7,Running Contract,1698,NRI account,8091036
nanital BANK,2019,7,Running Contract,1886,Salary account,6336252
nanital BANK,2019,7,Running Contract,2268,Savings account,1070388
nanital BANK,2019,7,Running Contract,3679,NRI account,26246976
nanital BANK,2019,7,Running Contract,5541,NRI account,2023680
nanital BANK,2019,7,Running Contract,6985,Savings account,5515776
nanital BANK,2019,7,Running Contract,8680,NRI account,3771504
nanital BANK,2019,7,Running Contract,9790,NRI account,11253312
nanital BANK,2019,7,Running Contract,10001,Savings account,1104552
nanital BANK,2019,8,Running Contract,2580,NRI account,5092380
nanital BANK,2019,8,Running Contract,4650,NRI account,22110000
nanital BANK,2019,8,Running Contract,4994,Savings account,13697532
nanital BANK,2019,8,Running Contract,6289,NRI account,6850560
nanital BANK,2019,8,Running Contract,6358,Salary account,11085744
nanital BANK,2019,8,Running Contract,9928,NRI account,5092380
nanital BANK,2019,8,Running Contract,11054,NRI account,6999240
nanital BANK,2019,9,Running Contract,2143,Savings account,4144680
nanital BANK,2019,9,Running Contract,2994,NRI account,2778408
nanital BANK,2019,9,Running Contract,6397,Savings account,8507940
nanital BANK,2019,9,Running Contract,7136,Salary account,4150944
nanital BANK,2019,9,Running Contract,8533,Salary account,12357408
nanital BANK,2019,9,Running Contract,10019,NRI account,9357120
nanital BANK,2019,9,Running Contract,10436,NRI account,3209364
nanital BANK,2019,9,Running Contract,10762,Salary account,3785760
nanital BANK,2019,10,Running Contract,501,NRI account,22353300
nanital BANK,2019,10,Running Contract,1862,Salary account,19013760
nanital BANK,2019,10,Running Contract,3230,Savings account,4399488
nanital BANK,2019,10,Running Contract,4447,Salary account,11179152
nanital BANK,2019,10,Running Contract,4585,Salary account,3556080
nanital BANK,2019,10,Running Contract,6688,Salary account,1378080
nanital BANK,2019,10,Running Contract,7795,Savings account,30141720
nanital BANK,2019,10,Running Contract,9024,Savings account,4451328
nanital BANK,2019,10,Running Contract,11186,Savings account,20800380
nanital BANK,2019,11,Running Contract,1250,Savings account,6027120
nanital BANK,2019,11,Running Contract,3115,Salary account,11883660
nanital BANK,2019,11,Running Contract,4948,Savings account,21225840
nanital BANK,2019,11,Running Contract,4981,Savings account,10042368
nanital BANK,2019,11,Running Contract,5263,NRI account,16578000
nanital BANK,2019,11,Running Contract,9510,Savings account,12326904
nanital BANK,2019,11,Running Contract,9548,Savings account,2401152
nanital BANK,2019,11,Running Contract,10297,Savings account,23576448
nanital BANK,2019,12,Running Contract,3021,Savings account,5913408
nanital BANK,2019,12,Running Contract,8972,NRI account,2881536
nanital BANK,2019,12,Running Contract,9030,NRI account,10115040
nanital BANK,2019,12,Running Contract,10520,Salary account,20880000
nanital BANK,2019,12,Running Contract,10963,Savings account,7643592
nanital BANK,2019,1,Running Contract,2496,Savings account,5944320
nanital BANK,2019,1,Running Contract,4503,NRI account,7174080
nanital BANK,2019,1,Running Contract,4907,NRI account,3953280
nanital BANK,2019,1,Running Contract,5126,Savings account,1099008
nanital BANK,2019,2,Running Contract,3112,Savings account,6653664
nanital BANK,2019,2,Running Contract,8092,Salary account,2187900
nanital BANK,2019,2,Running Contract,10884,Savings account,6699096
nanital BANK,2019,3,Running Contract,1772,Savings account,10950552
nanital BANK,2019,3,Running Contract,2912,Savings account,30032640
nanital BANK,2019,3,Running Contract,4852,Savings account,10878300
nanital BANK,2019,3,Running Contract,8327,Savings account,16845504
nanital BANK,2019,3,Running Contract,10728,NRI account,7887456
nanital BANK,2019,4,Running Contract,1967,NRI account,18199776
nanital BANK,2019,4,Running Contract,2352,NRI account,2916960
Raiffeisen bank,2019,7,Running Contract,1886,Salary account,4711572
Kameron bank,2019,9,Running Contract,7136,Salary account,2816712
Kameron bank,2019,10,Running Contract,6688,Salary account,1171368
Max bank,2019,6,Running Contract,9006,Salary account,9319200
Max bank,2019,9,Running Contract,7136,Salary account,2816712
Max bank,2019,11,Running Contract,3115,Salary account,8029500
Moneta Money Bank,2019,7,Running Contract,1886,Salary account,5523912
Moneta Money Bank,2019,8,Running Contract,6358,Salary account,7841136
Moneta Money Bank,2019,10,Running Contract,4585,Salary account,1681056
PPF Bank,2019,11,Running Contract,3115,Salary account,9314220
DBS BANK,2019,5,Running Contract,940,Salary account,852840
DBS BANK,2019,6,Running Contract,9006,Salary account,6337056
Fio bank,2019,2,Running Contract,8092,Salary account,1907400
Fio bank,2019,7,Running Contract,1886,Salary account,4711572
Hypotecni bank,2019,9,Running Contract,10762,Salary account,2271456
Hypotecni bank,2019,10,Running Contract,4447,Salary account,5011344
Trinity Bank,2019,8,Running Contract,6358,Salary account,10544976
Trinity Bank,2019,10,Running Contract,1862,Salary account,17429280
Trinity Bank,2019,10,Running Contract,6688,Salary account,597168
UniCredit Bank,2019,12,Running Contract,10520,Salary account,10440000
Air Bank,2019,6,Running Contract,9006,Salary account,5591520
Air Bank,2019,8,Running Contract,6358,Salary account,11626512
Air Bank,2019,9,Running Contract,8533,Salary account,4699296
Air Bank,2019,9,Running Contract,10762,Salary account,1858464
Air Bank,2019,10,Running Contract,1862,Salary account,10299120
Air Bank,2019,10,Running Contract,4585,Salary account,1681056
Bank Creditas,2019,2,Running Contract,8092,Salary account,2412300
Bank Creditas,2019,5,Running Contract,940,Salary account,13929720
Bank Creditas,2019,9,Running Contract,7136,Salary account,4818060
Bank Creditas,2019,11,Running Contract,3115,Salary account,10598940
Czech export bank,2019,5,Running Contract,940,Salary account,8812680
Czech export bank,2019,10,Running Contract,6688,Salary account,597168
Raiffeisen bank,2019,2,Running Contract,3112,Savings account,5544720
Raiffeisen bank,2019,4,Running Contract,2456,Savings account,7034160
Raiffeisen bank,2019,5,Running Contract,8411,Savings account,10810380
Raiffeisen bank,2019,11,Running Contract,4948,Savings account,8994000
Kameron bank,2019,3,Running Contract,1772,Savings account,9328248
Kameron bank,2019,5,Running Contract,3608,Savings account,8074800
Kameron bank,2019,5,Running Contract,8547,Savings account,5363496
Kameron bank,2019,7,Running Contract,2268,Savings account,585684
Kameron bank,2019,10,Running Contract,7795,Savings account,9675120
Kameron bank,2019,10,Running Contract,9024,Savings account,2190336
Kameron bank,2019,12,Running Contract,3021,Savings account,3890400
Kameron bank,2019,12,Running Contract,10963,Savings account,2779488
Max bank,2019,3,Running Contract,8327,Savings account,8918208
Max bank,2019,10,Running Contract,11186,Savings account,10596420
Moneta Money Bank,2019,1,Running Contract,2496,Savings account,8421120
Moneta Money Bank,2019,1,Running Contract,5126,Savings account,732672
Moneta Money Bank,2019,3,Running Contract,2912,Savings account,12925440
Moneta Money Bank,2019,5,Running Contract,8411,Savings account,7059840
Moneta Money Bank,2019,6,Running Contract,2572,Savings account,17640000
Moneta Money Bank,2019,9,Running Contract,6397,Savings account,13033440
Moneta Money Bank,2019,10,Running Contract,9024,Savings account,1907712
Moneta Money Bank,2019,11,Running Contract,1250,Savings account,4566000
Moneta Money Bank,2019,11,Running Contract,4981,Savings account,4483200
PPF Bank,2019,2,Running Contract,3112,Savings account,4189344
PPF Bank,2019,2,Running Contract,10884,Savings account,3860496
PPF Bank,2019,3,Running Contract,1772,Savings account,8517096
PPF Bank,2019,3,Running Contract,8327,Savings account,8422752
PPF Bank,2019,11,Running Contract,1250,Savings account,11323680
PPF Bank,2019,12,Running Contract,3021,Savings account,4979712
DBS BANK,2019,1,Running Contract,2496,Savings account,5283840
DBS BANK,2019,2,Running Contract,3112,Savings account,1355376
DBS BANK,2019,3,Running Contract,2912,Savings account,4561920
DBS BANK,2019,5,Running Contract,3608,Savings account,4198896
DBS BANK,2019,5,Running Contract,8411,Savings account,661860
DBS BANK,2019,6,Running Contract,2572,Savings account,1440000
DBS BANK,2019,10,Running Contract,11186,Savings account,1177380
Fio bank,2019,2,Running Contract,10884,Savings account,4655304
Fio bank,2019,3,Running Contract,4852,Savings account,8318700
Fio bank,2019,3,Running Contract,8327,Savings account,8918208
Fio bank,2019,5,Running Contract,3608,Savings account,5006376
Hypotecni bank,2019,3,Running Contract,1772,Savings account,6692004
Hypotecni bank,2019,7,Running Contract,10001,Savings account,571320
Hypotecni bank,2019,10,Running Contract,11186,Savings account,17660700
Hypotecni bank,2019,11,Running Contract,4948,Savings account,10433040
Hypotecni bank,2019,11,Running Contract,10297,Savings account,10525200
J&T Bank,2019,5,Running Contract,5794,Savings account,3955200
J&T Bank,2019,5,Running Contract,8411,Savings account,9707280
J&T Bank,2019,10,Running Contract,11186,Savings account,19230540
J&T Bank,2019,11,Running Contract,10297,Savings account,13051248
Trinity Bank,2019,2,Running Contract,10884,Savings account,4655304
Trinity Bank,2019,4,Running Contract,2456,Savings account,8039040
Trinity Bank,2019,11,Running Contract,9510,Savings account,5706900
UniCredit Bank,2019,1,Running Contract,2496,Savings account,5944320
UniCredit Bank,2019,8,Running Contract,4994,Savings account,7236432
UniCredit Bank,2019,9,Running Contract,2143,Savings account,2215260
Air Bank,2019,1,Running Contract,5126,Savings account,814080
Air Bank,2019,3,Running Contract,4852,Savings account,7252200
Air Bank,2019,4,Running Contract,2456,Savings account,6431232
Air Bank,2019,10,Running Contract,3230,Savings account,2083968
Air Bank,2019,11,Running Contract,1250,Savings account,5113920
Air Bank,2019,11,Running Contract,4981,Savings account,5559168
Air Bank,2019,11,Running Contract,9548,Savings account,1200576
Bank Creditas,2019,6,Running Contract,2572,Savings account,10800000
Bank Creditas,2019,7,Running Contract,2268,Savings account,848232
Bank Creditas,2019,7,Running Contract,6985,Savings account,6193152
Czech export bank,2019,2,Running Contract,3112,Savings account,5544720
Czech export bank,2019,2,Running Contract,10884,Savings account,5223024
Czech export bank,2019,5,Running Contract,8411,Savings account,9707280
Czech export bank,2019,9,Running Contract,2143,Savings account,2000880
Czech export bank,2019,11,Running Contract,9548,Savings account,1154400
Raiffeisen bank,2019,4,Running Contract,1967,NRI account,8725920
Raiffeisen bank,2019,6,Running Contract,1766,NRI account,1412820
Raiffeisen bank,2019,6,Running Contract,9645,NRI account,5460588
Raiffeisen bank,2019,7,Running Contract,3679,NRI account,12901056
Raiffeisen bank,2019,8,Running Contract,2580,NRI account,2590860
Raiffeisen bank,2019,8,Running Contract,4650,NRI account,13668000
Raiffeisen bank,2019,8,Running Contract,9928,NRI account,2590860
Raiffeisen bank,2019,8,Running Contract,11054,NRI account,4169760
Raiffeisen bank,2019,10,Running Contract,501,NRI account,6837480
Kameron bank,2019,1,Running Contract,4907,NRI account,5336928
Kameron bank,2019,4,Running Contract,2352,NRI account,1582080
Kameron bank,2019,6,Running Contract,5422,NRI account,17337360
Kameron bank,2019,7,Running Contract,9790,NRI account,4956816
Kameron bank,2019,8,Running Contract,2580,NRI account,3037560
Kameron bank,2019,8,Running Contract,9928,NRI account,3037560
Kameron bank,2019,9,Running Contract,10436,NRI account,1468692
Max bank,2019,3,Running Contract,10728,NRI account,6650208
Max bank,2019,6,Running Contract,9645,NRI account,6165180
Max bank,2019,7,Running Contract,1698,NRI account,4116492
Max bank,2019,7,Running Contract,5541,NRI account,1305600
Max bank,2019,7,Running Contract,8680,NRI account,2485764
Max bank,2019,7,Running Contract,9790,NRI account,3885072
Max bank,2019,12,Running Contract,9030,NRI account,10581888
Moneta Money Bank,2019,4,Running Contract,2352,NRI account,2125920
Moneta Money Bank,2019,8,Running Contract,6289,NRI account,2483328
Moneta Money Bank,2019,8,Running Contract,11054,NRI account,5212200
Moneta Money Bank,2019,11,Running Contract,5263,NRI account,9946800
PPF Bank,2019,1,Running Contract,4907,NRI account,3557952
DBS BANK,2019,1,Running Contract,4907,NRI account,4743936
DBS BANK,2019,3,Running Contract,10728,NRI account,154656
DBS BANK,2019,6,Running Contract,1766,NRI account,360720
DBS BANK,2019,6,Running Contract,5422,NRI account,3688800
Fio bank,2019,1,Running Contract,4907,NRI account,5435760
Fio bank,2019,3,Running Contract,10728,NRI account,5103648
Fio bank,2019,7,Running Contract,5541,NRI account,1305600
Fio bank,2019,7,Running Contract,9790,NRI account,4956816
Fio bank,2019,9,Running Contract,10019,NRI account,5263380
Hypotecni bank,2019,3,Running Contract,10728,NRI account,7423488
Hypotecni bank,2019,5,Running Contract,7614,NRI account,9938352
Hypotecni bank,2019,6,Running Contract,5422,NRI account,17337360
Hypotecni bank,2019,7,Running Contract,5541,NRI account,946560
Hypotecni bank,2019,7,Running Contract,8680,NRI account,2914344
Hypotecni bank,2019,9,Running Contract,2994,NRI account,2680920
J&T Bank,2019,6,Running Contract,1766,NRI account,901800
J&T Bank,2019,7,Running Contract,1698,NRI account,4116492
J&T Bank,2019,7,Running Contract,3679,NRI account,15570240
J&T Bank,2019,12,Running Contract,8972,NRI account,1080576
Trinity Bank,2019,4,Running Contract,2352,NRI account,2076480
Trinity Bank,2019,6,Running Contract,1766,NRI account,1412820
Trinity Bank,2019,6,Running Contract,5422,NRI account,17337360
Trinity Bank,2019,6,Running Contract,9645,NRI account,5460588
Trinity Bank,2019,7,Running Contract,9790,NRI account,4956816
Trinity Bank,2019,8,Running Contract,11054,NRI account,4616520
Trinity Bank,2019,12,Running Contract,8972,NRI account,1215648
UniCredit Bank,2019,4,Running Contract,2352,NRI account,2125920
UniCredit Bank,2019,11,Running Contract,5263,NRI account,7183800
Air Bank,2019,1,Running Contract,4503,NRI account,4872960
Air Bank,2019,1,Running Contract,4907,NRI account,5336928
Air Bank,2019,4,Running Contract,1967,NRI account,7977984
Air Bank,2019,6,Running Contract,1766,NRI account,1412820
Air Bank,2019,6,Running Contract,5422,NRI account,11435280
Air Bank,2019,8,Running Contract,4650,NRI account,13266000
Air Bank,2019,12,Running Contract,8972,NRI account,1215648
Air Bank,2019,12,Running Contract,9030,NRI account,6691488
Bank Creditas,2019,7,Running Contract,8680,NRI account,2485764
Bank Creditas,2019,8,Running Contract,4650,NRI account,11256000
Czech export bank,2019,5,Running Contract,7614,NRI account,14747232
Czech export bank,2019,6,Running Contract,1766,NRI account,1412820
Czech export bank,2019,7,Running Contract,3679,NRI account,15570240
Czech export bank,2019,7,Running Contract,8680,NRI account,2485764
nothern BANK,2018,1,Running Contract,2245,NRI account,14613984
nothern BANK,2018,2,Running Contract,817,NRI account,30694500
nothern BANK,2018,2,Running Contract,4413,Salary account,10400160
nothern BANK,2018,2,Running Contract,6353,Salary account,4955040
nothern BANK,2018,2,Running Contract,7819,Salary account,958272
nothern BANK,2018,3,Running Contract,2228,Savings account,7995936
nothern BANK,2018,3,Running Contract,9869,NRI account,18898920
nothern BANK,2018,4,Running Contract,4079,Savings account,6041088
nothern BANK,2018,4,Running Contract,5628,Salary account,13976040
nothern BANK,2018,5,Running Contract,854,Savings account,5145744
nothern BANK,2018,5,Running Contract,960,Salary account,10398300
nothern BANK,2018,5,Running Contract,3629,Salary account,6667920
nothern BANK,2018,6,Running Contract,7190,NRI account,3421440
nothern BANK,2018,6,Running Contract,8377,Savings account,21270060
nothern BANK,2018,7,Running Contract,4774,NRI account,33950256
nothern BANK,2018,7,Running Contract,5632,NRI account,21134400
nothern BANK,2018,7,Running Contract,10440,Savings account,3300000
nothern BANK,2018,8,Running Contract,8776,Savings account,2480832
nothern BANK,2018,9,Running Contract,915,Savings account,16406256
nothern BANK,2018,9,Running Contract,8492,Savings account,6267780
nothern BANK,2018,9,Running Contract,9493,NRI account,10000464
nothern BANK,2018,10,Running Contract,8405,NRI account,19700280
nothern BANK,2018,10,Running Contract,10942,NRI account,24218040
nothern BANK,2018,10,Running Contract,11349,NRI account,23933160
nothern BANK,2018,11,Running Contract,789,Salary account,3068352
nothern BANK,2018,11,Running Contract,2218,Savings account,10194240
nothern BANK,2018,11,Running Contract,9627,NRI account,13684608
nothern BANK,2018,12,Running Contract,1011,Savings account,10200000
nothern BANK,2018,12,Running Contract,5742,Savings account,11395440
nothern BANK,2018,12,Running Contract,6924,NRI account,10328640
nothern BANK,2018,12,Running Contract,7562,Salary account,17647200
nothern BANK,2018,12,Running Contract,7606,NRI account,16117920
nothern BANK,2018,12,Running Contract,8899,NRI account,13035360
Raiffeisen bank,2018,2,Running Contract,4413,Salary account,13055520
Raiffeisen bank,2018,2,Running Contract,7819,Salary account,1249920
Raiffeisen bank,2018,5,Running Contract,854,Savings account,5058528
Raiffeisen bank,2018,10,Running Contract,11349,NRI account,15955440
Raiffeisen bank,2018,11,Running Contract,9627,NRI account,9041616
Kameron bank,2018,2,Running Contract,817,NRI account,24771000
Kameron bank,2018,4,Running Contract,4079,Savings account,9379584
Kameron bank,2018,5,Running Contract,854,Savings account,5145744
Kameron bank,2018,7,Running Contract,10440,Savings account,2520000
Kameron bank,2018,9,Running Contract,9493,NRI account,7547520
Kameron bank,2018,10,Running Contract,10942,NRI account,15726000
Kameron bank,2018,11,Running Contract,789,Salary account,2703072
Kameron bank,2018,11,Running Contract,2218,Savings account,8919960
Kameron bank,2018,12,Running Contract,7606,NRI account,8442720
Max bank,2018,1,Running Contract,2245,NRI account,16353744
Max bank,2018,2,Running Contract,4413,Salary account,11949120
Max bank,2018,2,Running Contract,7819,Salary account,979104
Max bank,2018,5,Running Contract,3629,Salary account,9525600
Max bank,2018,9,Running Contract,915,Savings account,14548944
Max bank,2018,10,Running Contract,8405,NRI account,13577220
Max bank,2018,12,Running Contract,6924,NRI account,7210560
Moneta Money Bank,2018,2,Running Contract,817,NRI account,28540500
Moneta Money Bank,2018,10,Running Contract,11349,NRI account,34430160
Moneta Money Bank,2018,12,Running Contract,5742,Savings account,8372160
PPF Bank,2018,5,Running Contract,854,Savings account,5145744
PPF Bank,2018,7,Running Contract,10440,Savings account,3540000
PPF Bank,2018,10,Running Contract,10942,NRI account,11951760
PPF Bank,2018,12,Running Contract,1011,Savings account,9792000
PPF Bank,2018,12,Running Contract,6924,NRI account,10718400
DBS BANK,2018,2,Running Contract,817,NRI account,22617000
DBS BANK,2018,2,Running Contract,4413,Salary account,10400160
DBS BANK,2018,2,Running Contract,6353,Salary account,4795200
DBS BANK,2018,2,Running Contract,7819,Salary account,1499904
DBS BANK,2018,3,Running Contract,2228,Savings account,3904992
DBS BANK,2018,3,Running Contract,9869,NRI account,21551400
DBS BANK,2018,4,Running Contract,4079,Savings account,14148864
DBS BANK,2018,4,Running Contract,5628,Salary account,5410080
DBS BANK,2018,5,Running Contract,854,Savings account,5320176
DBS BANK,2018,5,Running Contract,960,Salary account,756240
DBS BANK,2018,5,Running Contract,3629,Salary account,8731800
DBS BANK,2018,6,Running Contract,7190,NRI account,4181760
DBS BANK,2018,6,Running Contract,8377,Savings account,9592380
DBS BANK,2018,7,Running Contract,4774,NRI account,28369392
DBS BANK,2018,7,Running Contract,5632,NRI account,1142400
DBS BANK,2018,7,Running Contract,10440,Savings account,3660000
DBS BANK,2018,8,Running Contract,8776,Savings account,577728
DBS BANK,2018,9,Running Contract,8492,Savings account,2575800
DBS BANK,2018,10,Running Contract,8405,NRI account,9583920
DBS BANK,2018,10,Running Contract,10942,NRI account,13524360
DBS BANK,2018,11,Running Contract,2218,Savings account,546120
DBS BANK,2018,11,Running Contract,9627,NRI account,13684608
DBS BANK,2018,12,Running Contract,1011,Savings account,204000
DBS BANK,2018,12,Running Contract,6924,NRI account,5066880
DBS BANK,2018,12,Running Contract,8899,NRI account,3258840
Fio bank,2018,2,Running Contract,4413,Salary account,10400160
Fio bank,2018,4,Running Contract,4079,Savings account,9379584
Fio bank,2018,4,Running Contract,5628,Salary account,9918480
Fio bank,2018,5,Running Contract,960,Salary account,9453000
Fio bank,2018,5,Running Contract,3629,Salary account,9525600
Fio bank,2018,6,Running Contract,8377,Savings account,37535400
Fio bank,2018,12,Running Contract,1011,Savings account,7344000
Hypotecni bank,2018,2,Running Contract,7819,Salary account,1249920
Hypotecni bank,2018,4,Running Contract,4079,Savings account,7153920
Hypotecni bank,2018,5,Running Contract,3629,Salary account,10319400
Hypotecni bank,2018,6,Running Contract,7190,NRI account,3738240
Hypotecni bank,2018,9,Running Contract,9493,NRI account,7736208
Hypotecni bank,2018,12,Running Contract,1011,Savings account,8976000
J&T Bank,2018,2,Running Contract,6353,Salary account,3756240
J&T Bank,2018,2,Running Contract,7819,Salary account,1249920
J&T Bank,2018,3,Running Contract,2228,Savings account,8367840
J&T Bank,2018,3,Running Contract,9869,NRI account,14920200
J&T Bank,2018,5,Running Contract,960,Salary account,8696760
J&T Bank,2018,5,Running Contract,3629,Salary account,9525600
J&T Bank,2018,8,Running Contract,8776,Savings account,1359360
J&T Bank,2018,12,Running Contract,6924,NRI account,9938880
J&T Bank,2018,12,Running Contract,7562,Salary account,14551200
J&T Bank,2018,12,Running Contract,7606,NRI account,8442720
J&T Bank,2018,12,Running Contract,8899,NRI account,4512240
Trinity Bank,2018,2,Running Contract,6353,Salary account,4475520
Trinity Bank,2018,7,Running Contract,4774,NRI account,19533024
Trinity Bank,2018,9,Running Contract,915,Savings account,13310736
Trinity Bank,2018,9,Running Contract,8492,Savings account,3434400
UniCredit Bank,2018,2,Running Contract,7819,Salary account,1249920
UniCredit Bank,2018,3,Running Contract,9869,NRI account,19562040
UniCredit Bank,2018,5,Running Contract,3629,Salary account,6826680
UniCredit Bank,2018,6,Running Contract,7190,NRI account,2724480
UniCredit Bank,2018,6,Running Contract,8377,Savings account,19601820
UniCredit Bank,2018,9,Running Contract,915,Savings account,12072528
UniCredit Bank,2018,12,Running Contract,7606,NRI account,7099560
nanital BANK,2018,1,Running Contract,2245,NRI account,26444352
nanital BANK,2018,2,Running Contract,817,NRI account,28002000
nanital BANK,2018,2,Running Contract,4413,Salary account,8408640
nanital BANK,2018,2,Running Contract,6353,Salary account,4395600
nanital BANK,2018,2,Running Contract,7819,Salary account,958272
nanital BANK,2018,3,Running Contract,2228,Savings account,10785216
nanital BANK,2018,3,Running Contract,9869,NRI account,17241120
nanital BANK,2018,4,Running Contract,4079,Savings account,10492416
nanital BANK,2018,4,Running Contract,5628,Salary account,12398100
nanital BANK,2018,5,Running Contract,854,Savings account,3837504
nanital BANK,2018,5,Running Contract,960,Salary account,11343600
nanital BANK,2018,5,Running Contract,3629,Salary account,5874120
nanital BANK,2018,6,Running Contract,7190,NRI account,3421440
nanital BANK,2018,6,Running Contract,8377,Savings account,25023600
nanital BANK,2018,7,Running Contract,4774,NRI account,32555040
nanital BANK,2018,7,Running Contract,5632,NRI account,15708000
nanital BANK,2018,7,Running Contract,10440,Savings account,3120000
nanital BANK,2018,8,Running Contract,8776,Savings account,2446848
nanital BANK,2018,9,Running Contract,915,Savings account,17334912
nanital BANK,2018,9,Running Contract,8492,Savings account,6096060
nanital BANK,2018,9,Running Contract,9493,NRI account,8490960
nanital BANK,2018,10,Running Contract,8405,NRI account,18102960
nanital BANK,2018,10,Running Contract,10942,NRI account,22330920
nanital BANK,2018,10,Running Contract,11349,NRI account,20994000
nanital BANK,2018,11,Running Contract,789,Salary account,2703072
nanital BANK,2018,11,Running Contract,2218,Savings account,10012200
nanital BANK,2018,11,Running Contract,9627,NRI account,18816336
nanital BANK,2018,12,Running Contract,1011,Savings account,9792000
nanital BANK,2018,12,Running Contract,5742,Savings account,11162880
nanital BANK,2018,12,Running Contract,6924,NRI account,9354240
nanital BANK,2018,12,Running Contract,7562,Salary account,17337600
nanital BANK,2018,12,Running Contract,7606,NRI account,8058960
nanital BANK,2018,12,Running Contract,8899,NRI account,11656620
ADB BANK,2018,1,Running Contract,2245,NRI account,11830368
ADB BANK,2018,2,Running Contract,6353,Salary account,319680
ADB BANK,2018,2,Running Contract,7819,Salary account,374976
ADB BANK,2018,3,Running Contract,9869,NRI account,4310280
ADB BANK,2018,4,Running Contract,4079,Savings account,1112832
ADB BANK,2018,5,Running Contract,854,Savings account,872160
ADB BANK,2018,5,Running Contract,3629,Salary account,2222640
ADB BANK,2018,6,Running Contract,7190,NRI account,633600
ADB BANK,2018,6,Running Contract,8377,Savings account,834120
ADB BANK,2018,7,Running Contract,10440,Savings account,600000
Air Bank,2018,3,Running Contract,9869,NRI account,19562040
Air Bank,2018,5,Running Contract,960,Salary account,8129580
Air Bank,2018,7,Running Contract,10440,Savings account,3540000
Air Bank,2018,9,Running Contract,9493,NRI account,8490960
Air Bank,2018,10,Running Contract,8405,NRI account,13577220
Air Bank,2018,11,Running Contract,2218,Savings account,6735480
Air Bank,2018,12,Running Contract,7562,Salary account,11145600
Bank Creditas,2018,3,Running Contract,2228,Savings account,8553792
Bank Creditas,2018,4,Running Contract,4079,Savings account,9379584
Bank Creditas,2018,7,Running Contract,5632,NRI account,11709600
Bank Creditas,2018,9,Running Contract,8492,Savings account,4207140
Bank Creditas,2018,10,Running Contract,8405,NRI account,13577220
Czech export bank,2018,2,Running Contract,6353,Salary account,4475520
Czech export bank,2018,5,Running Contract,854,Savings account,3750288
Czech export bank,2018,10,Running Contract,8405,NRI account,10116360
Czech export bank,2018,11,Running Contract,789,Salary account,6136704
Czech export bank,2018,12,Running Contract,8899,NRI account,6141660
DBS BANK,2018,1,Running Contract,2245,NRI account,29227968
Sky Bank,2018,1,Running Contract,2245,NRI account,21573024
Sky Bank,2018,2,Running Contract,817,NRI account,30156000
Sky Bank,2018,2,Running Contract,4413,Salary account,9736320
Sky Bank,2018,2,Running Contract,6353,Salary account,4875120
Sky Bank,2018,2,Running Contract,7819,Salary account,1270752
Sky Bank,2018,3,Running Contract,2228,Savings account,14876160
Sky Bank,2018,3,Running Contract,9869,NRI account,18235800
Sky Bank,2018,4,Running Contract,4079,Savings account,12241152
Sky Bank,2018,4,Running Contract,5628,Salary account,13525200
Sky Bank,2018,5,Running Contract,854,Savings account,4709664
Sky Bank,2018,5,Running Contract,960,Salary account,10398300
Sky Bank,2018,5,Running Contract,3629,Salary account,6667920
Sky Bank,2018,6,Running Contract,7190,NRI account,3358080
Sky Bank,2018,6,Running Contract,8377,Savings account,21687120
Sky Bank,2018,7,Running Contract,4774,NRI account,33950256
Sky Bank,2018,7,Running Contract,5632,NRI account,23704800
Sky Bank,2018,7,Running Contract,10440,Savings account,3360000
Sky Bank,2018,8,Running Contract,8776,Savings account,2514816
Sky Bank,2018,9,Running Contract,915,Savings account,14858496
Sky Bank,2018,9,Running Contract,8492,Savings account,6439500
Sky Bank,2018,9,Running Contract,9493,NRI account,8868336
Sky Bank,2018,10,Running Contract,8405,NRI account,19966500
Sky Bank,2018,10,Running Contract,10942,NRI account,20129280
Sky Bank,2018,10,Running Contract,11349,NRI account,21833760
Sky Bank,2018,11,Running Contract,789,Salary account,3214464
Sky Bank,2018,11,Running Contract,2218,Savings account,9830160
Sky Bank,2018,11,Running Contract,9627,NRI account,9285984
Sky Bank,2018,12,Running Contract,1011,Savings account,9588000
Sky Bank,2018,12,Running Contract,5742,Savings account,18372240
Sky Bank,2018,12,Running Contract,6924,NRI account,8769600
Sky Bank,2018,12,Running Contract,7562,Salary account,15789600
Sky Bank,2018,12,Running Contract,7606,NRI account,14199120
Sky Bank,2018,12,Running Contract,8899,NRI account,8523120
Sky Bank,2018,1,Running Contract,2245,NRI account,20529168
Sky Bank,2018,2,Running Contract,817,NRI account,28540500
Sky Bank,2018,2,Running Contract,4413,Salary account,10842720
Sky Bank,2018,2,Running Contract,6353,Salary account,4715280
Sky Bank,2018,2,Running Contract,7819,Salary account,1249920
Sky Bank,2018,3,Running Contract,2228,Savings account,11529024
Sky Bank,2018,3,Running Contract,9869,NRI account,18898920
Sky Bank,2018,4,Running Contract,4079,Savings account,13195008
Sky Bank,2018,4,Running Contract,5628,Salary account,15103140
Sky Bank,2018,5,Running Contract,854,Savings account,5494608
Sky Bank,2018,5,Running Contract,960,Salary account,10020180
Sky Bank,2018,5,Running Contract,3629,Salary account,8096760
Sky Bank,2018,6,Running Contract,7190,NRI account,3738240
Sky Bank,2018,6,Running Contract,8377,Savings account,38786580
Sky Bank,2018,7,Running Contract,4774,NRI account,33020112
Sky Bank,2018,7,Running Contract,5632,NRI account,19135200
Sky Bank,2018,7,Running Contract,10440,Savings account,3660000
Sky Bank,2018,8,Running Contract,8776,Savings account,2752704
Sky Bank,2018,9,Running Contract,915,Savings account,13001184
Sky Bank,2018,9,Running Contract,8492,Savings account,6954660
Sky Bank,2018,9,Running Contract,9493,NRI account,5660640
Sky Bank,2018,10,Running Contract,8405,NRI account,22362480
Sky Bank,2018,10,Running Contract,10942,NRI account,29564880
Sky Bank,2018,10,Running Contract,11349,NRI account,9657240
Sky Bank,2018,11,Running Contract,789,Salary account,3579744
Sky Bank,2018,11,Running Contract,2218,Savings account,9284040
Sky Bank,2018,11,Running Contract,9627,NRI account,23214960
Sky Bank,2018,12,Running Contract,1011,Savings account,9588000
Sky Bank,2018,12,Running Contract,5742,Savings account,6976800
Sky Bank,2018,12,Running Contract,6924,NRI account,11692800
Sky Bank,2018,12,Running Contract,7562,Salary account,14551200
Sky Bank,2018,12,Running Contract,7606,NRI account,14199120
Sky Bank,2018,12,Running Contract,8899,NRI account,11531280
nanital BANK,2022,8,Running Contract,9093,Salary account,12872400
nanital BANK,2022,12,Running Contract,344,NRI account,5755860
nanital BANK,2022,12,Running Contract,2345,NRI account,8186880
nanital BANK,2022,12,Running Contract,6226,NRI account,21526560
Raiffeisen bank,2022,4,Running Contract,5385,Salary account,8512380
Raiffeisen bank,2022,6,Running Contract,1811,Salary account,13888680
Raiffeisen bank,2022,12,Running Contract,6226,NRI account,19134720
J&T Bank,2022,12,Running Contract,344,NRI account,4847040
Kameron bank,2022,2,Running Contract,5313,Salary account,18941580
Kameron bank,2022,5,Running Contract,8321,Salary account,4986240
Kameron bank,2022,8,Running Contract,9093,Salary account,11736600
Max bank,2022,2,Running Contract,5313,Salary account,18941580
Max bank,2022,6,Running Contract,1811,Salary account,15085980
Max bank,2022,12,Running Contract,6226,NRI account,25911600
Moneta Money Bank,2022,1,Running Contract,1071,Savings account,14938800
Moneta Money Bank,2022,12,Running Contract,2345,NRI account,12380160
PPF Bank,2022,6,Running Contract,4260,Salary account,15162720
nanital BANK,2022,1,Running Contract,1071,Savings account,12660000
nanital BANK,2022,2,Running Contract,5313,Salary account,12327060
nanital BANK,2022,4,Running Contract,5385,Salary account,6272280
nanital BANK,2022,4,Running Contract,10079,Savings account,10527300
nanital BANK,2022,5,Running Contract,2933,Salary account,20711520
nanital BANK,2022,5,Running Contract,8321,Salary account,6054720
nanital BANK,2022,6,Running Contract,1811,Salary account,9338940
nanital BANK,2022,6,Running Contract,4260,Salary account,7581360
nanital BANK,2022,6,Running Contract,8558,Savings account,14129640
nanital BANK,2022,7,Running Contract,2824,NRI account,2977140
DBS BANK,2022,1,Running Contract,1071,Savings account,16711200
DBS BANK,2022,2,Running Contract,5313,Salary account,24353460
DBS BANK,2022,4,Running Contract,5385,Salary account,6720300
DBS BANK,2022,4,Running Contract,10079,Savings account,15707400
DBS BANK,2022,5,Running Contract,2933,Salary account,14988600
DBS BANK,2022,5,Running Contract,8321,Salary account,6945120
DBS BANK,2022,6,Running Contract,1811,Salary account,10775700
DBS BANK,2022,6,Running Contract,4260,Salary account,11249760
DBS BANK,2022,6,Running Contract,8558,Savings account,15571440
DBS BANK,2022,7,Running Contract,2824,NRI account,2876220
DBS BANK,2022,8,Running Contract,9093,Salary account,15901200
DBS BANK,2022,12,Running Contract,344,NRI account,6159780
DBS BANK,2022,12,Running Contract,2345,NRI account,10183680
DBS BANK,2022,12,Running Contract,6226,NRI account,22323840
Fio bank,2022,2,Running Contract,5313,Salary account,17438280
Fio bank,2022,8,Running Contract,9093,Salary account,11736600
Fio bank,2022,12,Running Contract,2345,NRI account,21365760
Hypotecni bank,2022,5,Running Contract,8321,Salary account,5698560
Hypotecni bank,2022,12,Running Contract,344,NRI account,5755860
nothern BANK,2022,1,Running Contract,1071,Savings account,18483600
nothern BANK,2022,2,Running Contract,5313,Salary account,27360060
nothern BANK,2022,4,Running Contract,5385,Salary account,6570960
nothern BANK,2022,4,Running Contract,10079,Savings account,11195700
nothern BANK,2022,5,Running Contract,2933,Salary account,19348920
nothern BANK,2022,5,Running Contract,8321,Salary account,6499920
nothern BANK,2022,6,Running Contract,1811,Salary account,11973000
nothern BANK,2022,6,Running Contract,4260,Salary account,8070480
nothern BANK,2022,6,Running Contract,8558,Savings account,21338640
nothern BANK,2022,7,Running Contract,2824,NRI account,2977140
nothern BANK,2022,8,Running Contract,9093,Salary account,13818900
nothern BANK,2022,12,Running Contract,344,NRI account,5654880
nothern BANK,2022,12,Running Contract,2345,NRI account,8186880
nothern BANK,2022,12,Running Contract,6226,NRI account,23918400
Sky Bank,2022,1,Running Contract,1071,Savings account,14179200
Sky Bank,2022,2,Running Contract,5313,Salary account,15634320
Sky Bank,2022,4,Running Contract,5385,Salary account,6122940
Sky Bank,2022,4,Running Contract,10079,Savings account,7853700
Sky Bank,2022,5,Running Contract,2933,Salary account,11718360
Sky Bank,2022,5,Running Contract,8321,Salary account,6499920
Sky Bank,2022,6,Running Contract,1811,Salary account,10536240
Sky Bank,2022,6,Running Contract,4260,Salary account,9293280
Sky Bank,2022,6,Running Contract,8558,Savings account,15283080
Sky Bank,2022,7,Running Contract,2824,NRI account,3078060
Sky Bank,2022,8,Running Contract,9093,Salary account,13818900
Sky Bank,2022,12,Running Contract,344,NRI account,5755860
Sky Bank,2022,12,Running Contract,2345,NRI account,8985600
Sky Bank,2022,12,Running Contract,6226,NRI account,18337440
Sky Bank,2022,1,Running Contract,1071,Savings account,13419600
Sky Bank,2022,2,Running Contract,5313,Salary account,14131020
Sky Bank,2022,4,Running Contract,5385,Salary account,6570960
Sky Bank,2022,4,Running Contract,10079,Savings account,9858900
Sky Bank,2022,5,Running Contract,2933,Salary account,16078680
Sky Bank,2022,5,Running Contract,8321,Salary account,6499920
Sky Bank,2022,6,Running Contract,1811,Salary account,11733540
Sky Bank,2022,6,Running Contract,4260,Salary account,9048720
Sky Bank,2022,6,Running Contract,8558,Savings account,14706360
Sky Bank,2022,7,Running Contract,2824,NRI account,2926680
Sky Bank,2022,8,Running Contract,9093,Salary account,13818900
Sky Bank,2022,12,Running Contract,344,NRI account,5856840
Sky Bank,2022,12,Running Contract,2345,NRI account,9185280
Sky Bank,2022,12,Running Contract,6226,NRI account,22323840
Trinity Bank,2022,6,Running Contract,1811,Salary account,12930840
Trinity Bank,2022,6,Running Contract,4260,Salary account,13206240
Trinity Bank,2022,7,Running Contract,2824,NRI account,2926680
UniCredit Bank,2022,2,Running Contract,5313,Salary account,18941580
UniCredit Bank,2022,5,Running Contract,2933,Salary account,17713800
ADB BANK,2022,1,Running Contract,1071,Savings account,8862000
ADB BANK,2022,2,Running Contract,5313,Salary account,12327060
ADB BANK,2022,4,Running Contract,5385,Salary account,3434820
ADB BANK,2022,4,Running Contract,10079,Savings account,8355000
ADB BANK,2022,5,Running Contract,2933,Salary account,13080960
ADB BANK,2022,5,Running Contract,8321,Salary account,4184880
ADB BANK,2022,6,Running Contract,1811,Salary account,1676220
ADB BANK,2022,6,Running Contract,4260,Salary account,1222800
ADB BANK,2022,7,Running Contract,2824,NRI account,353220
ADB BANK,2022,8,Running Contract,9093,Salary account,5679000
ADB BANK,2022,12,Running Contract,344,NRI account,403920
ADB BANK,2022,12,Running Contract,2345,NRI account,998400
ADB BANK,2022,12,Running Contract,6226,NRI account,5979600
Air Bank,2022,4,Running Contract,5385,Salary account,19414200
Air Bank,2022,4,Running Contract,10079,Savings account,9524700
Air Bank,2022,5,Running Contract,2933,Salary account,14988600
Air Bank,2022,7,Running Contract,2824,NRI account,2674380
Bank Creditas,2022,6,Running Contract,1811,Salary account,13888680
Czech export bank,2022,6,Running Contract,4260,Salary account,14184480
Czech export bank,2022,6,Running Contract,8558,Savings account,15571440
Czech export bank,2022,8,Running Contract,9093,Salary account,10032900
Raiffeisen bank,2021,9,Contract Finished,8261,Salary account,5533920
Raiffeisen bank,2021,9,Contract Finished,11265,Savings account,4170252
Raiffeisen bank,2021,12,Contract Finished,7123,Salary account,2444832
Raiffeisen bank,2021,12,Contract Finished,9236,NRI account,1039392
Raiffeisen bank,2021,12,Contract Finished,10320,Savings account,31428540
J&T Bank,2021,9,Contract Finished,11013,Salary account,17858100
J&T Bank,2021,11,Contract Finished,5270,NRI account,1910592
J&T Bank,2021,12,Contract Finished,6701,Salary account,3434400
Kameron bank,2021,7,Contract Finished,1801,Salary account,11285280
Kameron bank,2021,9,Contract Finished,8261,Salary account,2108160
Kameron bank,2021,12,Contract Finished,9034,Savings account,2365176
Kameron bank,2021,12,Contract Finished,9236,NRI account,5110344
Kameron bank,2021,12,Contract Finished,10320,Savings account,16883100
Max bank,2021,12,Contract Finished,9034,Savings account,457776
Moneta Money Bank,2021,7,Contract Finished,9188,Salary account,24907680
Moneta Money Bank,2021,9,Contract Finished,8261,Salary account,5533920
Moneta Money Bank,2021,12,Contract Finished,2705,Salary account,5727168
Moneta Money Bank,2021,12,Contract Finished,9034,Savings account,2517768
PPF Bank,2021,9,Contract Finished,8261,Salary account,5973120
PPF Bank,2021,9,Contract Finished,11013,Salary account,18132840
PPF Bank,2021,11,Contract Finished,5270,NRI account,5731776
PPF Bank,2021,11,Contract Finished,10364,NRI account,811188
nanital BANK,2021,7,Contract Finished,1801,Salary account,13442760
nanital BANK,2021,7,Contract Finished,9188,Salary account,5337360
nanital BANK,2021,8,Contract Finished,1843,Salary account,6030828
nanital BANK,2021,9,Contract Finished,8261,Salary account,4743360
nanital BANK,2021,9,Contract Finished,11013,Salary account,14286480
nanital BANK,2021,9,Contract Finished,11265,Savings account,2586612
nanital BANK,2021,10,Contract Finished,10973,NRI account,12970944
nanital BANK,2021,11,Contract Finished,4894,NRI account,7372512
nanital BANK,2021,11,Contract Finished,5270,NRI account,5174520
nanital BANK,2021,11,Contract Finished,10364,NRI account,1578528
nanital BANK,2021,12,Contract Finished,2705,Salary account,6008832
nanital BANK,2021,12,Contract Finished,6701,Salary account,6105600
nanital BANK,2021,12,Contract Finished,7123,Salary account,3573216
nanital BANK,2021,12,Contract Finished,9034,Savings account,2517768
nanital BANK,2021,12,Contract Finished,9236,NRI account,7015896
nanital BANK,2021,12,Contract Finished,10320,Savings account,11168820
DBS BANK,2021,7,Contract Finished,1801,Salary account,10289520
DBS BANK,2021,7,Contract Finished,9188,Salary account,7243560
DBS BANK,2021,8,Contract Finished,1843,Salary account,5078592
DBS BANK,2021,9,Contract Finished,8261,Salary account,4919040
DBS BANK,2021,9,Contract Finished,11013,Salary account,16484400
DBS BANK,2021,9,Contract Finished,11265,Savings account,2956128
DBS BANK,2021,10,Contract Finished,10973,NRI account,11890032
DBS BANK,2021,11,Contract Finished,4894,NRI account,5383104
DBS BANK,2021,11,Contract Finished,5270,NRI account,4935696
DBS BANK,2021,11,Contract Finished,10364,NRI account,1403136
DBS BANK,2021,12,Contract Finished,2705,Salary account,4131072
DBS BANK,2021,12,Contract Finished,6701,Salary account,6487200
DBS BANK,2021,12,Contract Finished,7123,Salary account,3949344
DBS BANK,2021,12,Contract Finished,9034,Savings account,1983696
DBS BANK,2021,12,Contract Finished,9236,NRI account,6063120
DBS BANK,2021,12,Contract Finished,10320,Savings account,13506480
Fio bank,2021,7,Contract Finished,1801,Salary account,11285280
Fio bank,2021,8,Contract Finished,1843,Salary account,18409896
Fio bank,2021,12,Contract Finished,2705,Salary account,6196608
Hypotecni bank,2021,9,Contract Finished,11265,Savings account,3536796
Hypotecni bank,2021,12,Contract Finished,7123,Salary account,564192
nothern BANK,2021,7,Contract Finished,1801,Salary account,9625680
nothern BANK,2021,7,Contract Finished,9188,Salary account,5591520
nothern BANK,2021,8,Contract Finished,1843,Salary account,5396004
nothern BANK,2021,9,Contract Finished,8261,Salary account,5182560
nothern BANK,2021,9,Contract Finished,11013,Salary account,14835960
nothern BANK,2021,9,Contract Finished,11265,Savings account,2639400
nothern BANK,2021,10,Contract Finished,10973,NRI account,11117952
nothern BANK,2021,11,Contract Finished,4894,NRI account,8191680
nothern BANK,2021,11,Contract Finished,5270,NRI account,5254128
nothern BANK,2021,11,Contract Finished,10364,NRI account,1666224
nothern BANK,2021,12,Contract Finished,2705,Salary account,5633280
nothern BANK,2021,12,Contract Finished,6701,Salary account,9349200
nothern BANK,2021,12,Contract Finished,7123,Salary account,3761280
nothern BANK,2021,12,Contract Finished,9034,Savings account,2594064
nothern BANK,2021,12,Contract Finished,9236,NRI account,7448976
nothern BANK,2021,12,Contract Finished,10320,Savings account,11688300
Trinity Bank,2021,11,Contract Finished,10364,NRI account,1468908
UniCredit Bank,2021,11,Contract Finished,4894,NRI account,7723584
ADB BANK,2021,7,Contract Finished,1801,Salary account,10455480
ADB BANK,2021,7,Contract Finished,9188,Salary account,5210280
ADB BANK,2021,8,Contract Finished,1843,Salary account,3914748
ADB BANK,2021,9,Contract Finished,8261,Salary account,2810880
ADB BANK,2021,9,Contract Finished,11013,Salary account,10165380
ADB BANK,2021,9,Contract Finished,11265,Savings account,2692188
ADB BANK,2021,10,Contract Finished,10973,NRI account,8647296
ADB BANK,2021,11,Contract Finished,4894,NRI account,1989408
ADB BANK,2021,11,Contract Finished,5270,NRI account,4060008
ADB BANK,2021,11,Contract Finished,10364,NRI account,1052352
ADB BANK,2021,12,Contract Finished,2705,Salary account,1596096
ADB BANK,2021,12,Contract Finished,6701,Salary account,4865400
ADB BANK,2021,12,Contract Finished,7123,Salary account,2162736
ADB BANK,2021,12,Contract Finished,9034,Savings account,953700
ADB BANK,2021,12,Contract Finished,9236,NRI account,1472472
ADB BANK,2021,12,Contract Finished,10320,Savings account,3636360
Air Bank,2021,7,Contract Finished,1801,Salary account,11285280
Air Bank,2021,9,Contract Finished,8261,Salary account,5533920
Air Bank,2021,9,Contract Finished,11013,Salary account,35716200
Air Bank,2021,12,Contract Finished,2705,Salary account,3379968
Air Bank,2021,12,Contract Finished,9034,Savings account,2327028
Air Bank,2021,12,Contract Finished,9236,NRI account,5196960
Bank Creditas,2021,11,Contract Finished,4894,NRI account,2808576
Bank Creditas,2021,12,Contract Finished,9034,Savings account,2327028
Czech export bank,2021,7,Contract Finished,1801,Salary account,5974560
Czech export bank,2021,7,Contract Finished,9188,Salary account,16774560
Czech export bank,2021,9,Contract Finished,8261,Salary account,5533920
Czech export bank,2021,10,Contract Finished,10973,NRI account,7411968
nothern BANK,2019,1,Contract Finished,7815,Salary account,13089024
nothern BANK,2019,1,Contract Finished,11138,Savings account,7549920
nothern BANK,2019,2,Contract Finished,3804,Savings account,4048128
nothern BANK,2019,4,Contract Finished,5574,NRI account,2677680
nothern BANK,2019,5,Contract Finished,67,NRI account,8463960
nothern BANK,2019,6,Contract Finished,2322,Savings account,3103440
nothern BANK,2019,7,Contract Finished,846,NRI account,10290720
nothern BANK,2019,7,Contract Finished,5033,Salary account,649800
nothern BANK,2019,7,Contract Finished,8127,Savings account,12470400
nothern BANK,2019,8,Contract Finished,544,Salary account,4831056
nothern BANK,2019,8,Contract Finished,4851,Savings account,7932288
nothern BANK,2019,8,Contract Finished,5593,NRI account,3949464
nothern BANK,2019,8,Contract Finished,7184,Salary account,7937640
nothern BANK,2019,8,Contract Finished,11359,NRI account,2917296
nothern BANK,2019,9,Contract Finished,4476,Salary account,881136
nothern BANK,2019,9,Contract Finished,7926,Salary account,6729600
nothern BANK,2019,9,Contract Finished,9814,Salary account,9712968
nothern BANK,2019,10,Contract Finished,2062,Savings account,5084856
nothern BANK,2019,10,Contract Finished,2106,Savings account,4365360
nothern BANK,2019,10,Contract Finished,8039,NRI account,5335200
nothern BANK,2019,10,Contract Finished,9422,Savings account,5084856
nothern BANK,2019,11,Contract Finished,132,NRI account,6456120
nothern BANK,2019,11,Contract Finished,2153,Savings account,2400840
nothern BANK,2019,11,Contract Finished,3754,NRI account,3427200
nothern BANK,2019,11,Contract Finished,5001,NRI account,7377504
nothern BANK,2019,11,Contract Finished,6434,Salary account,6608160
nothern BANK,2019,11,Contract Finished,7859,Savings account,3966600
nothern BANK,2019,12,Contract Finished,10411,Savings account,8638560
nothern BANK,2019,12,Contract Finished,11362,NRI account,7505664
Raiffeisen bank,2019,1,Contract Finished,7815,Salary account,8346624
Raiffeisen bank,2019,2,Contract Finished,3804,Savings account,759024
Raiffeisen bank,2019,6,Contract Finished,2322,Savings account,1111680
Raiffeisen bank,2019,10,Contract Finished,2106,Savings account,1218240
Raiffeisen bank,2019,11,Contract Finished,2153,Savings account,1969920
Raiffeisen bank,2019,11,Contract Finished,7859,Savings account,3245400
Raiffeisen bank,2019,12,Contract Finished,11362,NRI account,4399872
Kameron bank,2019,7,Contract Finished,8127,Savings account,3741120
Kameron bank,2019,8,Contract Finished,7184,Salary account,9649680
Kameron bank,2019,8,Contract Finished,11359,NRI account,2485104
Kameron bank,2019,10,Contract Finished,8039,NRI account,2901600
Kameron bank,2019,11,Contract Finished,2153,Savings account,1908360
Kameron bank,2019,11,Contract Finished,3754,NRI account,2330496
Max bank,2019,5,Contract Finished,67,NRI account,7634160
Max bank,2019,9,Contract Finished,4476,Salary account,364608
Max bank,2019,10,Contract Finished,8039,NRI account,2246400
Max bank,2019,11,Contract Finished,3754,NRI account,2056320
Max bank,2019,11,Contract Finished,7859,Savings account,865440
Moneta Money Bank,2019,4,Contract Finished,5574,NRI account,2365284
Moneta Money Bank,2019,5,Contract Finished,67,NRI account,8298000
Moneta Money Bank,2019,8,Contract Finished,5593,NRI account,532512
Moneta Money Bank,2019,8,Contract Finished,7184,Salary account,5914320
Moneta Money Bank,2019,9,Contract Finished,4476,Salary account,683640
Moneta Money Bank,2019,9,Contract Finished,7926,Salary account,2018880
Moneta Money Bank,2019,11,Contract Finished,3754,NRI account,1645056
Moneta Money Bank,2019,11,Contract Finished,6434,Salary account,2643264
Moneta Money Bank,2019,12,Contract Finished,10411,Savings account,6664032
PPF Bank,2019,1,Contract Finished,7815,Salary account,8346624
PPF Bank,2019,2,Contract Finished,3804,Savings account,3605364
PPF Bank,2019,7,Contract Finished,8127,Savings account,7014600
PPF Bank,2019,10,Contract Finished,2106,Savings account,3147120
PPF Bank,2019,10,Contract Finished,8039,NRI account,2901600
PPF Bank,2019,11,Contract Finished,2153,Savings account,738720
nanital BANK,2019,5,Contract Finished,67,NRI account,8629920
nanital BANK,2019,6,Contract Finished,2322,Savings account,1945440
nanital BANK,2019,7,Contract Finished,846,NRI account,14594112
nanital BANK,2019,7,Contract Finished,5033,Salary account,684000
nanital BANK,2019,7,Contract Finished,8127,Savings account,11223360
nanital BANK,2019,8,Contract Finished,544,Salary account,4922208
nanital BANK,2019,8,Contract Finished,4851,Savings account,11615136
nanital BANK,2019,8,Contract Finished,5593,NRI account,4171344
nanital BANK,2019,8,Contract Finished,7184,Salary account,7470720
nanital BANK,2019,8,Contract Finished,11359,NRI account,3079368
nanital BANK,2019,9,Contract Finished,4476,Salary account,805176
nanital BANK,2019,9,Contract Finished,7926,Salary account,3617160
nanital BANK,2019,9,Contract Finished,9814,Salary account,10866984
nanital BANK,2019,10,Contract Finished,2062,Savings account,5257224
nanital BANK,2019,10,Contract Finished,2106,Savings account,5076000
nanital BANK,2019,10,Contract Finished,8039,NRI account,5896800
nanital BANK,2019,10,Contract Finished,9422,Savings account,5343408
nanital BANK,2019,11,Contract Finished,132,NRI account,5660160
nanital BANK,2019,11,Contract Finished,2153,Savings account,2647080
nanital BANK,2019,11,Contract Finished,3754,NRI account,3084480
nanital BANK,2019,11,Contract Finished,5001,NRI account,4734816
nanital BANK,2019,11,Contract Finished,6434,Salary account,5837208
nanital BANK,2019,11,Contract Finished,7859,Savings account,4110840
nanital BANK,2019,12,Contract Finished,10411,Savings account,7527888
nanital BANK,2019,12,Contract Finished,11362,NRI account,7246848
DBS BANK,2019,2,Contract Finished,3804,Savings account,2277072
DBS BANK,2019,4,Contract Finished,5574,NRI account,714048
DBS BANK,2019,5,Contract Finished,67,NRI account,829800
DBS BANK,2019,7,Contract Finished,8127,Savings account,467640
DBS BANK,2019,8,Contract Finished,11359,NRI account,378168
DBS BANK,2019,9,Contract Finished,4476,Salary account,60768
Fio bank,2019,4,Contract Finished,5574,NRI account,2186772
Fio bank,2019,6,Contract Finished,2322,Savings account,2084400
Fio bank,2019,7,Contract Finished,5033,Salary account,410400
Fio bank,2019,8,Contract Finished,7184,Salary account,5914320
Fio bank,2019,9,Contract Finished,9814,Salary account,865512
Fio bank,2019,10,Contract Finished,2062,Savings account,1034208
Fio bank,2019,10,Contract Finished,9422,Savings account,1034208
Hypotecni bank,2019,2,Contract Finished,3804,Savings account,3352356
Hypotecni bank,2019,7,Contract Finished,846,NRI account,4490496
Hypotecni bank,2019,11,Contract Finished,132,NRI account,1061280
J&T Bank,2019,2,Contract Finished,3804,Savings account,3352356
J&T Bank,2019,4,Contract Finished,5574,NRI account,535536
J&T Bank,2019,7,Contract Finished,5033,Salary account,421800
J&T Bank,2019,11,Contract Finished,2153,Savings account,4186080
J&T Bank,2019,12,Contract Finished,10411,Savings account,3702240
Trinity Bank,2019,6,Contract Finished,2322,Savings account,2084400
Trinity Bank,2019,7,Contract Finished,5033,Salary account,558600
Trinity Bank,2019,8,Contract Finished,544,Salary account,2187648
Trinity Bank,2019,8,Contract Finished,5593,NRI account,1420032
Trinity Bank,2019,8,Contract Finished,7184,Salary account,5914320
Trinity Bank,2019,8,Contract Finished,11359,NRI account,648288
Trinity Bank,2019,9,Contract Finished,4476,Salary account,683640
Trinity Bank,2019,10,Contract Finished,2062,Savings account,2930256
Trinity Bank,2019,10,Contract Finished,9422,Savings account,2930256
Trinity Bank,2019,11,Contract Finished,6434,Salary account,3414216
UniCredit Bank,2019,1,Contract Finished,7815,Salary account,4552704
UniCredit Bank,2019,8,Contract Finished,4851,Savings account,3399552
UniCredit Bank,2019,8,Contract Finished,11359,NRI account,2755224
UniCredit Bank,2019,10,Contract Finished,8039,NRI account,2901600
UniCredit Bank,2019,11,Contract Finished,3754,NRI account,2056320
UniCredit Bank,2019,12,Contract Finished,11362,NRI account,7505664
nanital BANK,2019,1,Contract Finished,7815,Salary account,10243584
nanital BANK,2019,1,Contract Finished,11138,Savings account,8808240
nanital BANK,2019,2,Contract Finished,3804,Savings account,3795120
nanital BANK,2019,4,Contract Finished,5574,NRI account,2454540
Air Bank,2019,1,Contract Finished,11138,Savings account,2157120
Air Bank,2019,5,Contract Finished,67,NRI account,11617200
Air Bank,2019,8,Contract Finished,544,Salary account,3919536
Air Bank,2019,8,Contract Finished,4851,Savings account,3966144
Air Bank,2019,9,Contract Finished,4476,Salary account,683640
Air Bank,2019,10,Contract Finished,2062,Savings account,2499336
Air Bank,2019,10,Contract Finished,9422,Savings account,2499336
Air Bank,2019,11,Contract Finished,3754,NRI account,1987776
Air Bank,2019,12,Contract Finished,11362,NRI account,4399872
Bank Creditas,2019,1,Contract Finished,7815,Salary account,8156928
Bank Creditas,2019,6,Contract Finished,2322,Savings account,4168800
Bank Creditas,2019,10,Contract Finished,2062,Savings account,2499336
Bank Creditas,2019,10,Contract Finished,9422,Savings account,2499336
Bank Creditas,2019,12,Contract Finished,10411,Savings account,7404480
Bank Creditas,2019,12,Contract Finished,11362,NRI account,4399872
Czech export bank,2019,8,Contract Finished,11359,NRI account,2485104
Czech export bank,2019,11,Contract Finished,3754,NRI account,2056320
Czech export bank,2019,11,Contract Finished,5001,NRI account,6166272
nothern BANK,2020,1,Contract Finished,2018,Salary account,1810440
nothern BANK,2020,1,Contract Finished,9242,NRI account,1738800
nothern BANK,2020,2,Contract Finished,825,Savings account,3131484
nothern BANK,2020,2,Contract Finished,9494,NRI account,6776256
nothern BANK,2020,3,Contract Finished,3455,NRI account,3777984
nothern BANK,2020,3,Contract Finished,4361,Savings account,5319204
nothern BANK,2020,3,Contract Finished,4863,Salary account,4260480
nothern BANK,2020,3,Contract Finished,6792,Savings account,1082592
nothern BANK,2020,3,Contract Finished,8688,Savings account,4418700
nothern BANK,2020,3,Contract Finished,10049,NRI account,5223024
nothern BANK,2020,3,Contract Finished,10807,NRI account,3777984
nothern BANK,2020,4,Contract Finished,176,Salary account,2333760
nothern BANK,2020,4,Contract Finished,4415,NRI account,4960680
nothern BANK,2020,4,Contract Finished,11079,Savings account,6291456
nothern BANK,2020,5,Contract Finished,3229,Savings account,2302416
nothern BANK,2020,5,Contract Finished,9263,Salary account,2176680
nothern BANK,2020,6,Contract Finished,4626,Salary account,1600704
nothern BANK,2020,6,Contract Finished,6440,Salary account,2350896
nothern BANK,2020,6,Contract Finished,7957,NRI account,3818100
nothern BANK,2020,6,Contract Finished,10361,Savings account,4344000
nothern BANK,2020,7,Contract Finished,8742,Savings account,1922352
nothern BANK,2020,7,Contract Finished,9513,Salary account,1209384
nothern BANK,2020,7,Contract Finished,10068,NRI account,4668480
nothern BANK,2020,8,Contract Finished,97,NRI account,6584064
nothern BANK,2020,8,Contract Finished,718,Salary account,5386080
nothern BANK,2020,8,Contract Finished,2116,NRI account,4989600
nothern BANK,2020,8,Contract Finished,3249,Savings account,3951192
nothern BANK,2020,8,Contract Finished,7907,Savings account,5453952
nothern BANK,2020,9,Contract Finished,1329,Savings account,1011360
nothern BANK,2020,9,Contract Finished,3637,Salary account,953904
nothern BANK,2020,10,Contract Finished,11141,NRI account,2831220
nothern BANK,2020,10,Contract Finished,11231,NRI account,4196160
nothern BANK,2020,11,Contract Finished,666,NRI account,927960
nothern BANK,2020,11,Contract Finished,2187,NRI account,4170816
nothern BANK,2020,12,Contract Finished,25,NRI account,2634012
nothern BANK,2020,12,Contract Finished,3329,Savings account,1174128
nothern BANK,2020,12,Contract Finished,5196,Salary account,2474544
nothern BANK,2020,12,Contract Finished,7424,Salary account,2634012
nothern BANK,2020,12,Contract Finished,8505,Savings account,2142000
nothern BANK,2020,12,Contract Finished,10789,Savings account,4256424
Raiffeisen bank,2020,8,Contract Finished,718,Salary account,3000816
Kameron bank,2020,3,Contract Finished,4361,Savings account,1081872
Kameron bank,2020,3,Contract Finished,6792,Savings account,463968
Kameron bank,2020,4,Contract Finished,176,Salary account,713856
Kameron bank,2020,4,Contract Finished,4415,NRI account,2813520
Kameron bank,2020,9,Contract Finished,1329,Savings account,540960
Kameron bank,2020,10,Contract Finished,11231,NRI account,1607040
Kameron bank,2020,11,Contract Finished,666,NRI account,351120
Kameron bank,2020,12,Contract Finished,25,NRI account,817452
Kameron bank,2020,12,Contract Finished,7424,Salary account,817452
Kameron bank,2020,12,Contract Finished,10789,Savings account,1144200
Max bank,2020,3,Contract Finished,3455,NRI account,2226312
Max bank,2020,3,Contract Finished,10807,NRI account,2226312
Max bank,2020,4,Contract Finished,11079,Savings account,4915200
Max bank,2020,6,Contract Finished,6440,Salary account,414864
Max bank,2020,6,Contract Finished,10361,Savings account,2606400
Max bank,2020,9,Contract Finished,1329,Savings account,282240
Max bank,2020,10,Contract Finished,11231,NRI account,1696320
Max bank,2020,11,Contract Finished,666,NRI account,150480
Max bank,2020,12,Contract Finished,8505,Savings account,514080
Moneta Money Bank,2020,2,Contract Finished,9494,NRI account,1401984
Moneta Money Bank,2020,3,Contract Finished,6792,Savings account,463968
Moneta Money Bank,2020,3,Contract Finished,10049,NRI account,1099584
Moneta Money Bank,2020,4,Contract Finished,176,Salary account,329472
Moneta Money Bank,2020,7,Contract Finished,8742,Savings account,397728
Moneta Money Bank,2020,8,Contract Finished,3249,Savings account,817488
Moneta Money Bank,2020,10,Contract Finished,11231,NRI account,2053440
Moneta Money Bank,2020,11,Contract Finished,666,NRI account,351120
Moneta Money Bank,2020,12,Contract Finished,3329,Savings account,423456
Moneta Money Bank,2020,12,Contract Finished,10789,Savings account,2288400
PPF Bank,2020,1,Contract Finished,9242,NRI account,278208
PPF Bank,2020,2,Contract Finished,9494,NRI account,3271296
PPF Bank,2020,5,Contract Finished,9263,Salary account,1028976
PPF Bank,2020,6,Contract Finished,4626,Salary account,400176
PPF Bank,2020,8,Contract Finished,7907,Savings account,2532192
PPF Bank,2020,12,Contract Finished,25,NRI account,817452
PPF Bank,2020,12,Contract Finished,7424,Salary account,817452
PPF Bank,2020,12,Contract Finished,10789,Savings account,549216
nanital BANK,2020,1,Contract Finished,2018,Salary account,1964520
nanital BANK,2020,1,Contract Finished,9242,NRI account,1877904
nanital BANK,2020,2,Contract Finished,825,Savings account,3715320
nanital BANK,2020,2,Contract Finished,9494,NRI account,7944576
nanital BANK,2020,3,Contract Finished,3455,NRI account,3777984
nanital BANK,2020,3,Contract Finished,4361,Savings account,5589672
nanital BANK,2020,3,Contract Finished,4863,Salary account,4716960
nanital BANK,2020,3,Contract Finished,6792,Savings account,1116960
nanital BANK,2020,3,Contract Finished,8688,Savings account,5302440
nanital BANK,2020,3,Contract Finished,10049,NRI account,5681184
nanital BANK,2020,3,Contract Finished,10807,NRI account,3777984
nanital BANK,2020,4,Contract Finished,176,Salary account,1949376
nanital BANK,2020,4,Contract Finished,4415,NRI account,5034720
nanital BANK,2020,4,Contract Finished,11079,Savings account,5996544
nanital BANK,2020,5,Contract Finished,3229,Savings account,2068272
nanital BANK,2020,5,Contract Finished,9263,Salary account,2216256
nanital BANK,2020,6,Contract Finished,4626,Salary account,2234316
nanital BANK,2020,6,Contract Finished,6440,Salary account,2005176
nanital BANK,2020,6,Contract Finished,7957,NRI account,3088800
nanital BANK,2020,6,Contract Finished,10361,Savings account,3735840
nanital BANK,2020,7,Contract Finished,8742,Savings account,2452656
nanital BANK,2020,7,Contract Finished,9513,Salary account,1026144
nanital BANK,2020,7,Contract Finished,10068,NRI account,5446560
nanital BANK,2020,8,Contract Finished,97,NRI account,5452428
nanital BANK,2020,8,Contract Finished,718,Salary account,6386352
nanital BANK,2020,8,Contract Finished,2116,NRI account,4620000
nanital BANK,2020,8,Contract Finished,3249,Savings account,4087440
nanital BANK,2020,8,Contract Finished,7907,Savings account,7304400
nanital BANK,2020,9,Contract Finished,1329,Savings account,917280
nanital BANK,2020,9,Contract Finished,3637,Salary account,869736
nanital BANK,2020,10,Contract Finished,11141,NRI account,3370500
nanital BANK,2020,10,Contract Finished,11231,NRI account,4731840
nanital BANK,2020,11,Contract Finished,666,NRI account,777480
nanital BANK,2020,11,Contract Finished,2187,NRI account,3208320
nanital BANK,2020,12,Contract Finished,25,NRI account,1665180
nanital BANK,2020,12,Contract Finished,3329,Savings account,1135632
nanital BANK,2020,12,Contract Finished,5196,Salary account,5587680
nanital BANK,2020,12,Contract Finished,7424,Salary account,1665180
nanital BANK,2020,12,Contract Finished,8505,Savings account,3041640
nanital BANK,2020,12,Contract Finished,10789,Savings account,3798744
Fio bank,2020,3,Contract Finished,4863,Salary account,2206320
Fio bank,2020,4,Contract Finished,176,Salary account,713856
Fio bank,2020,4,Contract Finished,4415,NRI account,2813520
Fio bank,2020,5,Contract Finished,3229,Savings account,468288
Fio bank,2020,8,Contract Finished,718,Salary account,2000544
Fio bank,2020,8,Contract Finished,2116,NRI account,2587200
Fio bank,2020,9,Contract Finished,1329,Savings account,540960
Fio bank,2020,10,Contract Finished,11141,NRI account,539280
Hypotecni bank,2020,1,Contract Finished,2018,Salary account,1502280
Hypotecni bank,2020,3,Contract Finished,8688,Savings account,815760
Hypotecni bank,2020,5,Contract Finished,3229,Savings account,1365840
Hypotecni bank,2020,6,Contract Finished,7957,NRI account,1544400
Hypotecni bank,2020,7,Contract Finished,9513,Salary account,732960
Hypotecni bank,2020,7,Contract Finished,10068,NRI account,933696
Hypotecni bank,2020,11,Contract Finished,2187,NRI account,641664
Hypotecni bank,2020,12,Contract Finished,25,NRI account,817452
Hypotecni bank,2020,12,Contract Finished,7424,Salary account,817452
J&T Bank,2020,3,Contract Finished,10049,NRI account,2565696
J&T Bank,2020,6,Contract Finished,10361,Savings account,1042560
J&T Bank,2020,8,Contract Finished,97,NRI account,5658180
J&T Bank,2020,9,Contract Finished,1329,Savings account,635040
J&T Bank,2020,10,Contract Finished,11231,NRI account,1071360
J&T Bank,2020,12,Contract Finished,5196,Salary account,1197360
Trinity Bank,2020,3,Contract Finished,3455,NRI account,809568
Trinity Bank,2020,3,Contract Finished,4863,Salary account,2510640
Trinity Bank,2020,3,Contract Finished,10807,NRI account,809568
Trinity Bank,2020,4,Contract Finished,4415,NRI account,888480
Trinity Bank,2020,5,Contract Finished,9263,Salary account,1226856
Trinity Bank,2020,6,Contract Finished,7957,NRI account,1544400
Trinity Bank,2020,7,Contract Finished,8742,Savings account,629736
Trinity Bank,2020,8,Contract Finished,2116,NRI account,3696000
Trinity Bank,2020,8,Contract Finished,7907,Savings account,1168704
UniCredit Bank,2020,3,Contract Finished,4863,Salary account,912960
UniCredit Bank,2020,4,Contract Finished,4415,NRI account,2813520
UniCredit Bank,2020,7,Contract Finished,8742,Savings account,596592
UniCredit Bank,2020,8,Contract Finished,97,NRI account,1234512
UniCredit Bank,2020,8,Contract Finished,718,Salary account,2077488
UniCredit Bank,2020,9,Contract Finished,3637,Salary account,168336
Air Bank,2020,2,Contract Finished,825,Savings account,2176116
Air Bank,2020,3,Contract Finished,6792,Savings account,670176
Air Bank,2020,5,Contract Finished,3229,Savings account,1365840
Air Bank,2020,5,Contract Finished,9263,Salary account,474912
Air Bank,2020,6,Contract Finished,7957,NRI account,514800
Air Bank,2020,7,Contract Finished,8742,Savings account,596592
Air Bank,2020,8,Contract Finished,3249,Savings account,1498728
Air Bank,2020,9,Contract Finished,3637,Salary account,476952
Air Bank,2020,12,Contract Finished,25,NRI account,363312
Air Bank,2020,12,Contract Finished,3329,Savings account,230976
Air Bank,2020,12,Contract Finished,5196,Salary account,957888
Air Bank,2020,12,Contract Finished,7424,Salary account,363312
Bank Creditas,2020,1,Contract Finished,2018,Salary account,462240
Bank Creditas,2020,3,Contract Finished,10049,NRI account,2657328
Bank Creditas,2020,5,Contract Finished,9263,Salary account,1028976
Bank Creditas,2020,8,Contract Finished,97,NRI account,5555304
Bank Creditas,2020,9,Contract Finished,3637,Salary account,476952
Bank Creditas,2020,11,Contract Finished,666,NRI account,351120
Czech export bank,2020,3,Contract Finished,4361,Savings account,3065304
Czech export bank,2020,3,Contract Finished,4863,Salary account,2206320
Czech export bank,2020,4,Contract Finished,176,Salary account,713856
Czech export bank,2020,4,Contract Finished,4415,NRI account,2813520
nothern BANK,2018,1,Contract Finished,816,Salary account,3792672
nothern BANK,2018,1,Contract Finished,2419,NRI account,8910144
nothern BANK,2018,1,Contract Finished,3747,NRI account,3895380
nothern BANK,2018,1,Contract Finished,7523,Savings account,24808248
nothern BANK,2018,1,Contract Finished,7857,Savings account,4291056
nothern BANK,2018,1,Contract Finished,9640,Salary account,4814208
nothern BANK,2018,2,Contract Finished,4414,Salary account,6902904
nothern BANK,2018,2,Contract Finished,6472,Salary account,2676168
nothern BANK,2018,3,Contract Finished,3064,Salary account,1110240
nothern BANK,2018,3,Contract Finished,6030,NRI account,1864368
nothern BANK,2018,3,Contract Finished,7607,Savings account,2252688
nothern BANK,2018,3,Contract Finished,8316,Savings account,13343616
nothern BANK,2018,3,Contract Finished,8564,Salary account,4830840
nothern BANK,2018,4,Contract Finished,1762,NRI account,12407400
nothern BANK,2018,4,Contract Finished,2361,NRI account,9556992
nothern BANK,2018,4,Contract Finished,3752,Salary account,1299480
nothern BANK,2018,4,Contract Finished,8625,Savings account,3926232
nothern BANK,2018,4,Contract Finished,9591,Savings account,8900520
nothern BANK,2018,4,Contract Finished,9828,Savings account,7849200
nothern BANK,2018,5,Contract Finished,1256,Savings account,3837456
nothern BANK,2018,5,Contract Finished,9472,Savings account,3239244
nothern BANK,2018,6,Contract Finished,8159,Salary account,1816824
nothern BANK,2018,6,Contract Finished,8489,Salary account,15123240
nothern BANK,2018,6,Contract Finished,9656,NRI account,10186128
nothern BANK,2018,6,Contract Finished,10630,Savings account,13480320
nothern BANK,2018,7,Contract Finished,5650,NRI account,6014112
nothern BANK,2018,8,Contract Finished,1375,NRI account,2629488
nothern BANK,2018,8,Contract Finished,3489,NRI account,2689368
nothern BANK,2018,8,Contract Finished,4580,Salary account,1637820
nothern BANK,2018,8,Contract Finished,4727,Savings account,6027840
nothern BANK,2018,8,Contract Finished,4825,Salary account,1155384
nothern BANK,2018,9,Contract Finished,9897,Savings account,2025408
nothern BANK,2018,10,Contract Finished,4423,NRI account,3101112
nothern BANK,2018,10,Contract Finished,6738,NRI account,1857492
nothern BANK,2018,10,Contract Finished,7861,NRI account,1398528
nothern BANK,2018,10,Contract Finished,10093,Savings account,11121408
nothern BANK,2018,10,Contract Finished,10663,Salary account,13781484
nothern BANK,2018,11,Contract Finished,2343,NRI account,5562816
nothern BANK,2018,11,Contract Finished,5774,Salary account,1714680
nothern BANK,2018,11,Contract Finished,7546,Savings account,2265408
nothern BANK,2018,11,Contract Finished,9731,Savings account,4210452
nothern BANK,2018,12,Contract Finished,2227,Salary account,8367840
nothern BANK,2018,12,Contract Finished,7765,Savings account,1818960
nothern BANK,2018,12,Contract Finished,9583,NRI account,9319368
nothern BANK,2018,12,Contract Finished,11042,Salary account,11291904
Raiffeisen bank,2018,1,Contract Finished,7857,Savings account,4154832
Raiffeisen bank,2018,3,Contract Finished,7607,Savings account,1871952
Raiffeisen bank,2018,5,Contract Finished,9472,Savings account,2183760
Raiffeisen bank,2018,8,Contract Finished,4825,Salary account,1176780
Raiffeisen bank,2018,11,Contract Finished,2343,NRI account,2384064
Kameron bank,2018,5,Contract Finished,1256,Savings account,3695328
Kameron bank,2018,5,Contract Finished,9472,Savings account,436752
Kameron bank,2018,8,Contract Finished,4580,Salary account,930120
Kameron bank,2018,11,Contract Finished,7546,Savings account,503424
Kameron bank,2018,11,Contract Finished,9731,Savings account,5120820
Kameron bank,2018,12,Contract Finished,11042,Salary account,10206144
Max bank,2018,1,Contract Finished,3747,NRI account,3971760
Max bank,2018,1,Contract Finished,9640,Salary account,5349120
Max bank,2018,3,Contract Finished,8564,Salary account,4524120
Max bank,2018,4,Contract Finished,8625,Savings account,1135296
Max bank,2018,4,Contract Finished,9828,Savings account,3038400
Max bank,2018,6,Contract Finished,10630,Savings account,8524320
Max bank,2018,8,Contract Finished,4727,Savings account,4520880
Max bank,2018,11,Contract Finished,2343,NRI account,4370784
Max bank,2018,11,Contract Finished,5774,Salary account,1184688
Max bank,2018,12,Contract Finished,11042,Salary account,9337536
Moneta Money Bank,2018,1,Contract Finished,9640,Salary account,4967040
Moneta Money Bank,2018,3,Contract Finished,7607,Savings account,761472
Moneta Money Bank,2018,4,Contract Finished,9828,Savings account,8482200
Moneta Money Bank,2018,6,Contract Finished,8159,Salary account,714816
Moneta Money Bank,2018,6,Contract Finished,8489,Salary account,9551520
Moneta Money Bank,2018,7,Contract Finished,5650,NRI account,8971872
Moneta Money Bank,2018,10,Contract Finished,4423,NRI account,2658096
Moneta Money Bank,2018,10,Contract Finished,7861,NRI account,852228
Moneta Money Bank,2018,10,Contract Finished,10093,Savings account,8341056
PPF Bank,2018,1,Contract Finished,3747,NRI account,7943520
PPF Bank,2018,3,Contract Finished,3064,Salary account,956040
PPF Bank,2018,4,Contract Finished,3752,Salary account,835380
PPF Bank,2018,5,Contract Finished,1256,Savings account,2558304
PPF Bank,2018,8,Contract Finished,4727,Savings account,4951440
PPF Bank,2018,9,Contract Finished,9897,Savings account,3616800
PPF Bank,2018,10,Contract Finished,10663,Salary account,15601680
PPF Bank,2018,11,Contract Finished,7546,Savings account,2181504
PPF Bank,2018,11,Contract Finished,9731,Savings account,4096656
PPF Bank,2018,12,Contract Finished,7765,Savings account,335808
DBS BANK,2018,3,Contract Finished,3064,Salary account,1063980
DBS BANK,2018,3,Contract Finished,6030,NRI account,1892616
DBS BANK,2018,3,Contract Finished,7607,Savings account,2252688
DBS BANK,2018,3,Contract Finished,8316,Savings account,5660928
DBS BANK,2018,3,Contract Finished,8564,Salary account,5290920
DBS BANK,2018,4,Contract Finished,1762,NRI account,14392584
DBS BANK,2018,4,Contract Finished,2361,NRI account,7206912
DBS BANK,2018,4,Contract Finished,3752,Salary account,74256
DBS BANK,2018,4,Contract Finished,8625,Savings account,5061528
DBS BANK,2018,4,Contract Finished,9591,Savings account,10366488
DBS BANK,2018,4,Contract Finished,9828,Savings account,8608800
DBS BANK,2018,5,Contract Finished,1256,Savings account,2558304
DBS BANK,2018,5,Contract Finished,9472,Savings account,3312036
DBS BANK,2018,6,Contract Finished,8489,Salary account,19899000
DBS BANK,2018,6,Contract Finished,9656,NRI account,13534992
DBS BANK,2018,8,Contract Finished,1375,NRI account,1586760
DBS BANK,2018,8,Contract Finished,3489,NRI account,44088
DBS BANK,2018,8,Contract Finished,4580,Salary account,181980
DBS BANK,2018,8,Contract Finished,4825,Salary account,534900
DBS BANK,2018,10,Contract Finished,6738,NRI account,530712
DBS BANK,2018,10,Contract Finished,10093,Savings account,4633920
DBS BANK,2018,10,Contract Finished,10663,Salary account,13521456
DBS BANK,2018,11,Contract Finished,2343,NRI account,99336
DBS BANK,2018,11,Contract Finished,7546,Savings account,335616
DBS BANK,2018,11,Contract Finished,9731,Savings account,341388
DBS BANK,2018,12,Contract Finished,2227,Salary account,1487616
DBS BANK,2018,12,Contract Finished,7765,Savings account,391776
DBS BANK,2018,12,Contract Finished,9583,NRI account,1675392
Fio bank,2018,1,Contract Finished,816,Salary account,2868816
Fio bank,2018,1,Contract Finished,7523,Savings account,10384848
Fio bank,2018,1,Contract Finished,7857,Savings account,4427280
Fio bank,2018,1,Contract Finished,9640,Salary account,4967040
Fio bank,2018,2,Contract Finished,6472,Salary account,517968
Fio bank,2018,4,Contract Finished,1762,NRI account,22581468
Fio bank,2018,4,Contract Finished,9591,Savings account,6701568
Fio bank,2018,6,Contract Finished,8159,Salary account,1250928
Fio bank,2018,8,Contract Finished,4727,Savings account,4520880
Fio bank,2018,10,Contract Finished,4423,NRI account,2805768
Hypotecni bank,2018,1,Contract Finished,7857,Savings account,817344
Hypotecni bank,2018,1,Contract Finished,9640,Salary account,1910400
Hypotecni bank,2018,3,Contract Finished,6030,NRI account,677952
Hypotecni bank,2018,3,Contract Finished,8564,Salary account,4830840
Hypotecni bank,2018,4,Contract Finished,9591,Savings account,2617800
Hypotecni bank,2018,6,Contract Finished,8159,Salary account,1250928
Hypotecni bank,2018,10,Contract Finished,7861,NRI account,1638900
Hypotecni bank,2018,10,Contract Finished,10093,Savings account,11584800
Hypotecni bank,2018,11,Contract Finished,9731,Savings account,5576004
J&T Bank,2018,4,Contract Finished,1762,NRI account,13648140
J&T Bank,2018,8,Contract Finished,1375,NRI account,2357472
J&T Bank,2018,10,Contract Finished,4423,NRI account,2805768
Trinity Bank,2018,1,Contract Finished,7857,Savings account,4086720
Trinity Bank,2018,2,Contract Finished,4414,Salary account,2333376
Trinity Bank,2018,3,Contract Finished,3064,Salary account,956040
Trinity Bank,2018,3,Contract Finished,8564,Salary account,4447440
Trinity Bank,2018,6,Contract Finished,9656,NRI account,3348864
Trinity Bank,2018,7,Contract Finished,5650,NRI account,2366208
Trinity Bank,2018,10,Contract Finished,6738,NRI account,2009124
Trinity Bank,2018,10,Contract Finished,10093,Savings account,22937904
Trinity Bank,2018,11,Contract Finished,7546,Savings account,2013696
Trinity Bank,2018,12,Contract Finished,2227,Salary account,4369872
Trinity Bank,2018,12,Contract Finished,7765,Savings account,1287264
Trinity Bank,2018,12,Contract Finished,9583,NRI account,4921464
Trinity Bank,2018,12,Contract Finished,11042,Salary account,7817472
UniCredit Bank,2018,1,Contract Finished,3747,NRI account,916560
UniCredit Bank,2018,1,Contract Finished,7857,Savings account,4154832
UniCredit Bank,2018,4,Contract Finished,1762,NRI account,13648140
UniCredit Bank,2018,4,Contract Finished,2361,NRI account,8303616
UniCredit Bank,2018,8,Contract Finished,1375,NRI account,1088064
UniCredit Bank,2018,10,Contract Finished,7861,NRI account,852228
UniCredit Bank,2018,10,Contract Finished,10663,Salary account,9361008
UniCredit Bank,2018,12,Contract Finished,2227,Salary account,2231424
UniCredit Bank,2018,12,Contract Finished,9583,NRI account,2617800
nanital BANK,2018,1,Contract Finished,816,Salary account,4084416
nanital BANK,2018,1,Contract Finished,2419,NRI account,7664640
nanital BANK,2018,1,Contract Finished,3747,NRI account,3513480
nanital BANK,2018,1,Contract Finished,7523,Savings account,22212036
nanital BANK,2018,1,Contract Finished,7857,Savings account,4222944
nanital BANK,2018,1,Contract Finished,9640,Salary account,4432128
nanital BANK,2018,2,Contract Finished,4414,Salary account,6708456
nanital BANK,2018,2,Contract Finished,6472,Salary account,2935152
nanital BANK,2018,3,Contract Finished,3064,Salary account,1094820
nanital BANK,2018,3,Contract Finished,6030,NRI account,1892616
nanital BANK,2018,3,Contract Finished,7607,Savings account,2316144
nanital BANK,2018,3,Contract Finished,8316,Savings account,13747968
nanital BANK,2018,3,Contract Finished,8564,Salary account,4677480
nanital BANK,2018,4,Contract Finished,1762,NRI account,12903696
nanital BANK,2018,4,Contract Finished,2361,NRI account,7520256
nanital BANK,2018,4,Contract Finished,3752,Salary account,1299480
nanital BANK,2018,4,Contract Finished,8625,Savings account,3122064
nanital BANK,2018,4,Contract Finished,9591,Savings account,3560208
nanital BANK,2018,4,Contract Finished,9828,Savings account,7596000
nanital BANK,2018,5,Contract Finished,1256,Savings account,3837456
nanital BANK,2018,5,Contract Finished,9472,Savings account,2038176
nanital BANK,2018,6,Contract Finished,8159,Salary account,1935960
nanital BANK,2018,6,Contract Finished,8489,Salary account,16715160
nanital BANK,2018,6,Contract Finished,9656,NRI account,10046592
nanital BANK,2018,6,Contract Finished,10630,Savings account,12489120
nanital BANK,2018,7,Contract Finished,5650,NRI account,6014112
nanital BANK,2018,8,Contract Finished,1375,NRI account,2992176
nanital BANK,2018,8,Contract Finished,3489,NRI account,2777544
nanital BANK,2018,8,Contract Finished,4580,Salary account,1819800
nanital BANK,2018,8,Contract Finished,4727,Savings account,6996600
nanital BANK,2018,8,Contract Finished,4825,Salary account,920028
nanital BANK,2018,9,Contract Finished,9897,Savings account,2133912
nanital BANK,2018,10,Contract Finished,4423,NRI account,6719076
nanital BANK,2018,10,Contract Finished,6738,NRI account,2009124
nanital BANK,2018,10,Contract Finished,7861,NRI account,1354824
nanital BANK,2018,10,Contract Finished,10093,Savings account,10426320
nanital BANK,2018,10,Contract Finished,10663,Salary account,11701260
nanital BANK,2018,11,Contract Finished,2343,NRI account,6357504
nanital BANK,2018,11,Contract Finished,5774,Salary account,1870560
nanital BANK,2018,11,Contract Finished,7546,Savings account,2223456
nanital BANK,2018,11,Contract Finished,9731,Savings account,4210452
nanital BANK,2018,12,Contract Finished,2227,Salary account,9204624
nanital BANK,2018,12,Contract Finished,7765,Savings account,2462592
nanital BANK,2018,12,Contract Finished,9583,NRI account,10261776
nanital BANK,2018,12,Contract Finished,11042,Salary account,10206144
ADB BANK,2018,1,Contract Finished,816,Salary account,680736
ADB BANK,2018,1,Contract Finished,2419,NRI account,479040
ADB BANK,2018,1,Contract Finished,7857,Savings account,885456
ADB BANK,2018,1,Contract Finished,9640,Salary account,2521728
ADB BANK,2018,2,Contract Finished,4414,Salary account,972240
ADB BANK,2018,3,Contract Finished,3064,Salary account,447180
ADB BANK,2018,3,Contract Finished,6030,NRI account,367224
ADB BANK,2018,3,Contract Finished,7607,Savings account,380736
ADB BANK,2018,3,Contract Finished,8564,Salary account,766800
ADB BANK,2018,4,Contract Finished,1762,NRI account,248148
ADB BANK,2018,4,Contract Finished,8625,Savings account,425736
ADB BANK,2018,4,Contract Finished,9591,Savings account,5654448
ADB BANK,2018,4,Contract Finished,9828,Savings account,2911800
ADB BANK,2018,5,Contract Finished,9472,Savings account,873504
ADB BANK,2018,6,Contract Finished,8489,Salary account,3449160
ADB BANK,2018,6,Contract Finished,9656,NRI account,697680
ADB BANK,2018,10,Contract Finished,10663,Salary account,260028
Air Bank,2018,4,Contract Finished,2361,NRI account,5640192
Air Bank,2018,4,Contract Finished,3752,Salary account,222768
Air Bank,2018,4,Contract Finished,8625,Savings account,2790936
Air Bank,2018,8,Contract Finished,3489,NRI account,1939872
Air Bank,2018,8,Contract Finished,4727,Savings account,2583360
Air Bank,2018,9,Contract Finished,9897,Savings account,1519056
Air Bank,2018,10,Contract Finished,10663,Salary account,28863108
Bank Creditas,2018,1,Contract Finished,2419,NRI account,1149696
Bank Creditas,2018,2,Contract Finished,4414,Salary account,11472432
Bank Creditas,2018,2,Contract Finished,6472,Salary account,2546676
Bank Creditas,2018,3,Contract Finished,3064,Salary account,185040
Bank Creditas,2018,3,Contract Finished,8316,Savings account,3234816
Bank Creditas,2018,3,Contract Finished,8564,Salary account,1917000
Bank Creditas,2018,5,Contract Finished,1256,Savings account,3695328
Bank Creditas,2018,6,Contract Finished,8489,Salary account,15653880
Bank Creditas,2018,8,Contract Finished,3489,NRI account,1058112
Bank Creditas,2018,8,Contract Finished,4580,Salary account,242640
Bank Creditas,2018,9,Contract Finished,9897,Savings account,1482888
Bank Creditas,2018,10,Contract Finished,6738,NRI account,454896
Bank Creditas,2018,10,Contract Finished,10093,Savings account,12511584
Bank Creditas,2018,11,Contract Finished,5774,Salary account,748224
Bank Creditas,2018,11,Contract Finished,7546,Savings account,4027392
Czech export bank,2018,1,Contract Finished,816,Salary account,1166976
Czech export bank,2018,6,Contract Finished,9656,NRI account,8232624
Czech export bank,2018,6,Contract Finished,10630,Savings account,4757760
Czech export bank,2018,8,Contract Finished,4825,Salary account,256752
Czech export bank,2018,10,Contract Finished,7861,NRI account,852228
Czech export bank,2018,11,Contract Finished,5774,Salary account,1184688
Czech export bank,2018,11,Contract Finished,9731,Savings account,5120820
DBS BANK,2018,1,Contract Finished,816,Salary account,4376160
DBS BANK,2018,1,Contract Finished,2419,NRI account,7664640
DBS BANK,2018,1,Contract Finished,3747,NRI account,2520540
DBS BANK,2018,1,Contract Finished,7523,Savings account,4903956
DBS BANK,2018,1,Contract Finished,7857,Savings account,4767840
DBS BANK,2018,1,Contract Finished,9640,Salary account,4584960
DBS BANK,2018,2,Contract Finished,4414,Salary account,6125112
DBS BANK,2018,2,Contract Finished,6472,Salary account,1856052
PPF Bank,2022,7,Contract Finished,3354,Savings account,283860
PPF Bank,2022,7,Contract Finished,5228,Savings account,11471328
PPF Bank,2022,7,Contract Finished,9265,Savings account,514488
PPF Bank,2022,8,Contract Finished,8519,Salary account,4780032
PPF Bank,2022,8,Contract Finished,9403,NRI account,7857720
PPF Bank,2022,9,Contract Finished,5481,Savings account,10040832
PPF Bank,2022,9,Contract Finished,7965,NRI account,3930300
PPF Bank,2022,10,Contract Finished,2167,Salary account,10215360
PPF Bank,2022,11,Contract Finished,290,Savings account,6926976
PPF Bank,2022,11,Contract Finished,7133,Salary account,2871648
PPF Bank,2022,12,Contract Finished,4337,Salary account,1233792
Raiffeisen bank,2022,2,Contract Finished,10940,NRI account,11469384
Raiffeisen bank,2022,3,Contract Finished,7485,NRI account,5928000
Raiffeisen bank,2022,5,Contract Finished,173,Savings account,11948112
Raiffeisen bank,2022,5,Contract Finished,5256,NRI account,6982848
Raiffeisen bank,2022,6,Contract Finished,8051,NRI account,14582400
Raiffeisen bank,2022,7,Contract Finished,3354,Savings account,288840
Raiffeisen bank,2022,7,Contract Finished,8129,Savings account,2690496
Raiffeisen bank,2022,8,Contract Finished,5215,Savings account,1960152
Raiffeisen bank,2022,8,Contract Finished,8519,Salary account,970944
Raiffeisen bank,2022,9,Contract Finished,3834,NRI account,1521432
Raiffeisen bank,2022,9,Contract Finished,4427,Salary account,5444592
Raiffeisen bank,2022,11,Contract Finished,5991,Savings account,3419136
Raiffeisen bank,2022,12,Contract Finished,1978,Salary account,20109600
Raiffeisen bank,2022,12,Contract Finished,6425,Savings account,440208
J&T Bank,2022,1,Contract Finished,11111,Salary account,7029360
J&T Bank,2022,2,Contract Finished,1166,Savings account,7153920
J&T Bank,2022,2,Contract Finished,1603,Salary account,947232
J&T Bank,2022,4,Contract Finished,5891,NRI account,4628064
J&T Bank,2022,5,Contract Finished,173,Savings account,11948112
J&T Bank,2022,6,Contract Finished,8027,Salary account,931680
J&T Bank,2022,6,Contract Finished,9337,Salary account,1251072
J&T Bank,2022,7,Contract Finished,2762,Savings account,7574112
J&T Bank,2022,8,Contract Finished,4259,NRI account,8759520
J&T Bank,2022,9,Contract Finished,3050,NRI account,5222448
J&T Bank,2022,9,Contract Finished,4427,Salary account,1053792
J&T Bank,2022,11,Contract Finished,7133,Salary account,2871648
J&T Bank,2022,12,Contract Finished,10738,Salary account,14846976
Kameron bank,2022,1,Contract Finished,8475,NRI account,505728
Kameron bank,2022,5,Contract Finished,7454,Savings account,4051968
Kameron bank,2022,6,Contract Finished,8051,NRI account,9999360
Kameron bank,2022,6,Contract Finished,10439,Salary account,3637440
Kameron bank,2022,7,Contract Finished,8129,Savings account,4558896
Kameron bank,2022,7,Contract Finished,10911,NRI account,8796564
Kameron bank,2022,8,Contract Finished,4259,NRI account,4140864
Kameron bank,2022,8,Contract Finished,9104,NRI account,8259840
Kameron bank,2022,9,Contract Finished,3050,NRI account,11439648
Kameron bank,2022,9,Contract Finished,9307,NRI account,2765664
Kameron bank,2022,11,Contract Finished,7133,Salary account,1752192
Max bank,2022,3,Contract Finished,6555,Savings account,7646400
Max bank,2022,3,Contract Finished,7485,NRI account,5472000
Max bank,2022,3,Contract Finished,11135,Savings account,6574608
Max bank,2022,5,Contract Finished,173,Savings account,1257696
Max bank,2022,6,Contract Finished,4576,Savings account,10807344
Max bank,2022,6,Contract Finished,7844,Salary account,2198016
Max bank,2022,7,Contract Finished,2762,Savings account,7574112
Max bank,2022,10,Contract Finished,6040,NRI account,751104
Max bank,2022,10,Contract Finished,6363,NRI account,210096
Max bank,2022,11,Contract Finished,290,Savings account,6926976
Max bank,2022,11,Contract Finished,5622,NRI account,996192
Max bank,2022,11,Contract Finished,5991,Savings account,3419136
Max bank,2022,11,Contract Finished,8041,Savings account,5054400
Max bank,2022,12,Contract Finished,1978,Salary account,12722400
Max bank,2022,12,Contract Finished,10738,Salary account,4175712
Moneta Money Bank,2022,2,Contract Finished,1166,Savings account,10134720
Moneta Money Bank,2022,3,Contract Finished,2694,Savings account,1099584
Moneta Money Bank,2022,3,Contract Finished,7753,Salary account,1292400
Moneta Money Bank,2022,5,Contract Finished,8173,Salary account,5222100
Moneta Money Bank,2022,6,Contract Finished,8027,Salary account,5046600
Moneta Money Bank,2022,7,Contract Finished,3354,Savings account,59760
Moneta Money Bank,2022,8,Contract Finished,9403,NRI account,4351968
Moneta Money Bank,2022,9,Contract Finished,3050,NRI account,5554032
Moneta Money Bank,2022,9,Contract Finished,5952,Savings account,8333160
Moneta Money Bank,2022,10,Contract Finished,1012,Savings account,5301936
Moneta Money Bank,2022,10,Contract Finished,6040,NRI account,751104
PPF Bank,2022,5,Contract Finished,813,NRI account,291744
Fio bank,2022,1,Contract Finished,2,Salary account,5261880
Fio bank,2022,1,Contract Finished,7401,Savings account,5261880
Fio bank,2022,5,Contract Finished,813,NRI account,1726152
Fio bank,2022,5,Contract Finished,7454,Savings account,7027632
Fio bank,2022,6,Contract Finished,6273,Salary account,2096640
Fio bank,2022,7,Contract Finished,10911,NRI account,4726512
Fio bank,2022,8,Contract Finished,5215,Savings account,1799244
Fio bank,2022,8,Contract Finished,8260,Salary account,8085744
Fio bank,2022,10,Contract Finished,2167,Salary account,4086144
Fio bank,2022,10,Contract Finished,6040,NRI account,281664
Fio bank,2022,11,Contract Finished,6148,Salary account,1434240
Hypotecni bank,2022,1,Contract Finished,8475,NRI account,1243248
Hypotecni bank,2022,2,Contract Finished,1603,Salary account,4972968
Hypotecni bank,2022,3,Contract Finished,7445,Savings account,1328832
Hypotecni bank,2022,5,Contract Finished,6930,Savings account,622656
Hypotecni bank,2022,6,Contract Finished,10439,Salary account,8487360
Hypotecni bank,2022,7,Contract Finished,3354,Savings account,278880
Hypotecni bank,2022,9,Contract Finished,3834,NRI account,276624
Hypotecni bank,2022,9,Contract Finished,5952,Savings account,8474400
Hypotecni bank,2022,10,Contract Finished,4448,Salary account,6938784
Trinity Bank,2022,1,Contract Finished,8475,NRI account,1243248
Trinity Bank,2022,2,Contract Finished,1166,Savings account,9538560
Trinity Bank,2022,3,Contract Finished,8330,NRI account,681384
Trinity Bank,2022,4,Contract Finished,5891,NRI account,782208
Trinity Bank,2022,5,Contract Finished,9833,Salary account,5955552
Trinity Bank,2022,7,Contract Finished,2762,Savings account,2673216
Trinity Bank,2022,7,Contract Finished,9265,Savings account,5144880
Trinity Bank,2022,8,Contract Finished,10788,Savings account,549216
Trinity Bank,2022,9,Contract Finished,3674,Savings account,1795728
Trinity Bank,2022,9,Contract Finished,5952,Savings account,3389760
Trinity Bank,2022,9,Contract Finished,9307,NRI account,3268512
Trinity Bank,2022,10,Contract Finished,1012,Savings account,2061864
Trinity Bank,2022,10,Contract Finished,6040,NRI account,739368
Trinity Bank,2022,11,Contract Finished,5622,NRI account,5645088
UniCredit Bank,2022,1,Contract Finished,11111,Salary account,3893184
UniCredit Bank,2022,2,Contract Finished,1603,Salary account,4972968
UniCredit Bank,2022,5,Contract Finished,8173,Salary account,964080
UniCredit Bank,2022,6,Contract Finished,11065,Savings account,3398640
UniCredit Bank,2022,8,Contract Finished,5120,Salary account,15526656
UniCredit Bank,2022,8,Contract Finished,8260,Salary account,15497676
UniCredit Bank,2022,9,Contract Finished,3834,NRI account,1521432
UniCredit Bank,2022,9,Contract Finished,5952,Savings account,8333160
UniCredit Bank,2022,11,Contract Finished,5991,Savings account,2930688
Air Bank,2022,2,Contract Finished,10940,NRI account,7118928
Air Bank,2022,5,Contract Finished,9833,Salary account,6346080
Air Bank,2022,7,Contract Finished,10911,NRI account,8271396
Air Bank,2022,8,Contract Finished,5120,Salary account,18761376
Air Bank,2022,9,Contract Finished,3834,NRI account,3065916
Air Bank,2022,9,Contract Finished,5952,Savings account,17513760
Air Bank,2022,9,Contract Finished,7965,NRI account,857520
Air Bank,2022,11,Contract Finished,290,Savings account,5937408
Air Bank,2022,11,Contract Finished,6148,Salary account,3286800
Air Bank,2022,11,Contract Finished,7133,Salary account,2871648
Air Bank,2022,12,Contract Finished,2962,NRI account,374976
Bank Creditas,2022,1,Contract Finished,2,Salary account,7609488
Bank Creditas,2022,1,Contract Finished,7401,Savings account,7609488
Bank Creditas,2022,3,Contract Finished,2694,Savings account,6047712
Bank Creditas,2022,5,Contract Finished,9833,Salary account,5955552
Bank Creditas,2022,6,Contract Finished,7844,Salary account,5586624
Bank Creditas,2022,7,Contract Finished,4937,NRI account,3453696
Bank Creditas,2022,8,Contract Finished,4259,NRI account,1911168
Bank Creditas,2022,9,Contract Finished,5481,Savings account,13387776
Bank Creditas,2022,11,Contract Finished,5622,NRI account,5645088
Bank Creditas,2022,11,Contract Finished,7133,Salary account,2871648
Bank Creditas,2022,12,Contract Finished,1978,Salary account,13543200
Czech export bank,2022,1,Contract Finished,2486,Salary account,294192
Czech export bank,2022,3,Contract Finished,7485,NRI account,2188800
Czech export bank,2022,3,Contract Finished,11135,Savings account,10409796
Czech export bank,2022,5,Contract Finished,7769,NRI account,9411840
Czech export bank,2022,5,Contract Finished,9833,Salary account,1171584
Czech export bank,2022,6,Contract Finished,10439,Salary account,9245160
Czech export bank,2022,7,Contract Finished,4937,NRI account,19714848
Czech export bank,2022,7,Contract Finished,5228,Savings account,4171392
Czech export bank,2022,8,Contract Finished,8519,Salary account,5153472
Czech export bank,2022,8,Contract Finished,10105,NRI account,2925504
Czech export bank,2022,10,Contract Finished,8982,NRI account,8431560
Czech export bank,2022,12,Contract Finished,1978,Salary account,12722400
ADB BANK,2022,1,Contract Finished,2,Salary account,3157128
ADB BANK,2022,1,Contract Finished,2486,Salary account,1789668
ADB BANK,2022,1,Contract Finished,7401,Savings account,3157128
ADB BANK,2022,1,Contract Finished,8475,NRI account,273936
ADB BANK,2022,1,Contract Finished,11111,Salary account,5082768
ADB BANK,2022,2,Contract Finished,1166,Savings account,4471200
ADB BANK,2022,2,Contract Finished,1603,Salary account,2762760
ADB BANK,2022,2,Contract Finished,10940,NRI account,1977480
ADB BANK,2022,3,Contract Finished,2694,Savings account,4123440
ADB BANK,2022,3,Contract Finished,6555,Savings account,11469600
ADB BANK,2022,3,Contract Finished,7445,Savings account,4263336
ADB BANK,2022,3,Contract Finished,7485,NRI account,1185600
ADB BANK,2022,3,Contract Finished,7753,Salary account,4394160
ADB BANK,2022,3,Contract Finished,8330,NRI account,382800
ADB BANK,2022,3,Contract Finished,11135,Savings account,1278396
ADB BANK,2022,4,Contract Finished,5891,NRI account,2868096
ADB BANK,2022,5,Contract Finished,173,Savings account,419232
ADB BANK,2022,5,Contract Finished,813,NRI account,1021104
ADB BANK,2022,5,Contract Finished,5256,NRI account,581904
ADB BANK,2022,5,Contract Finished,6930,Savings account,311328
ADB BANK,2022,5,Contract Finished,7454,Savings account,2279232
ADB BANK,2022,5,Contract Finished,7769,NRI account,2941200
ADB BANK,2022,5,Contract Finished,8173,Salary account,1285440
ADB BANK,2022,5,Contract Finished,9833,Salary account,1562112
ADB BANK,2022,6,Contract Finished,4576,Savings account,9606528
ADB BANK,2022,6,Contract Finished,6273,Salary account,1135680
ADB BANK,2022,6,Contract Finished,7844,Salary account,274752
ADB BANK,2022,6,Contract Finished,8027,Salary account,1397520
ADB BANK,2022,6,Contract Finished,8051,NRI account,8124480
ADB BANK,2022,6,Contract Finished,9337,Salary account,990432
ADB BANK,2022,6,Contract Finished,10439,Salary account,454680
ADB BANK,2022,6,Contract Finished,11065,Savings account,2774400
ADB BANK,2022,7,Contract Finished,2762,Savings account,8019648
ADB BANK,2022,7,Contract Finished,3354,Savings account,29880
ADB BANK,2022,7,Contract Finished,4937,NRI account,9209856
ADB BANK,2022,7,Contract Finished,5228,Savings account,3649968
ADB BANK,2022,7,Contract Finished,8129,Savings account,1718928
ADB BANK,2022,7,Contract Finished,9265,Savings account,2097528
ADB BANK,2022,7,Contract Finished,10911,NRI account,3151008
ADB BANK,2022,8,Contract Finished,5120,Salary account,3881664
ADB BANK,2022,8,Contract Finished,5215,Savings account,365700
ADB BANK,2022,8,Contract Finished,8260,Salary account,8085744
ADB BANK,2022,8,Contract Finished,8519,Salary account,3062208
ADB BANK,2022,8,Contract Finished,9403,NRI account,5681736
ADB BANK,2022,8,Contract Finished,10105,NRI account,3291192
ADB BANK,2022,8,Contract Finished,10788,Savings account,228840
ADB BANK,2022,9,Contract Finished,3050,NRI account,2155296
ADB BANK,2022,9,Contract Finished,3674,Savings account,897864
ADB BANK,2022,9,Contract Finished,3834,NRI account,1267860
ADB BANK,2022,9,Contract Finished,4427,Salary account,2107584
ADB BANK,2022,9,Contract Finished,5481,Savings account,2091840
ADB BANK,2022,9,Contract Finished,5952,Savings account,1129920
ADB BANK,2022,9,Contract Finished,7965,NRI account,142920
ADB BANK,2022,9,Contract Finished,9307,NRI account,2598048
ADB BANK,2022,10,Contract Finished,2167,Salary account,2213328
ADB BANK,2022,10,Contract Finished,4448,Salary account,4047624
ADB BANK,2022,10,Contract Finished,6040,NRI account,434232
ADB BANK,2022,10,Contract Finished,6363,NRI account,332652
ADB BANK,2022,10,Contract Finished,8982,NRI account,5697000
ADB BANK,2022,11,Contract Finished,290,Savings account,123696
ADB BANK,2022,11,Contract Finished,5622,NRI account,6807312
ADB BANK,2022,11,Contract Finished,5991,Savings account,244224
ADB BANK,2022,11,Contract Finished,6148,Salary account,59760
ADB BANK,2022,11,Contract Finished,7133,Salary account,486720
ADB BANK,2022,11,Contract Finished,8041,Savings account,982800
ADB BANK,2022,12,Contract Finished,1978,Salary account,4104000
ADB BANK,2022,12,Contract Finished,2962,NRI account,781200
ADB BANK,2022,12,Contract Finished,4337,Salary account,205632
ADB BANK,2022,12,Contract Finished,6425,Savings account,1760832
ADB BANK,2022,12,Contract Finished,10738,Salary account,4407696
nothern BANK,2022,1,Contract Finished,2,Salary account,4857120
nothern BANK,2022,1,Contract Finished,2486,Salary account,2525148
nothern BANK,2022,1,Contract Finished,7401,Savings account,4857120
nothern BANK,2022,1,Contract Finished,8475,NRI account,1770048
nothern BANK,2022,1,Contract Finished,11111,Salary account,9516672
nothern BANK,2022,2,Contract Finished,1166,Savings account,6408720
nothern BANK,2022,2,Contract Finished,1603,Salary account,5525520
nothern BANK,2022,2,Contract Finished,10940,NRI account,14435604
nothern BANK,2022,3,Contract Finished,2694,Savings account,6597504
nothern BANK,2022,3,Contract Finished,6555,Savings account,19540800
nothern BANK,2022,3,Contract Finished,7445,Savings account,5758272
nothern BANK,2022,3,Contract Finished,7485,NRI account,5472000
nothern BANK,2022,3,Contract Finished,7753,Salary account,4549248
nothern BANK,2022,3,Contract Finished,8330,NRI account,597168
nothern BANK,2022,3,Contract Finished,11135,Savings account,13149216
nothern BANK,2022,4,Contract Finished,5891,NRI account,4823616
nothern BANK,2022,5,Contract Finished,173,Savings account,6707712
nothern BANK,2022,5,Contract Finished,813,NRI account,1337160
nothern BANK,2022,5,Contract Finished,5256,NRI account,15905376
nothern BANK,2022,5,Contract Finished,6930,Savings account,1764192
nothern BANK,2022,5,Contract Finished,7454,Savings account,2785728
nothern BANK,2022,5,Contract Finished,7769,NRI account,13529520
nothern BANK,2022,5,Contract Finished,8173,Salary account,5704140
nothern BANK,2022,5,Contract Finished,9833,Salary account,6834240
nothern BANK,2022,6,Contract Finished,4576,Savings account,19513260
nothern BANK,2022,6,Contract Finished,6273,Salary account,6377280
nothern BANK,2022,6,Contract Finished,7844,Salary account,5403456
nothern BANK,2022,6,Contract Finished,8027,Salary account,4891320
nothern BANK,2022,6,Contract Finished,8051,NRI account,9582720
nothern BANK,2022,6,Contract Finished,9337,Salary account,6568128
nothern BANK,2022,6,Contract Finished,10439,Salary account,9396720
nothern BANK,2022,6,Contract Finished,11065,Savings account,4369680
nothern BANK,2022,7,Contract Finished,2762,Savings account,11138400
nothern BANK,2022,7,Contract Finished,3354,Savings account,368520
nothern BANK,2022,7,Contract Finished,4937,NRI account,7195200
nothern BANK,2022,7,Contract Finished,5228,Savings account,12340368
nothern BANK,2022,7,Contract Finished,8129,Savings account,4558896
nothern BANK,2022,7,Contract Finished,9265,Savings account,4274208
nothern BANK,2022,7,Contract Finished,10911,NRI account,7089768
nothern BANK,2022,8,Contract Finished,4259,NRI account,5096448
nothern BANK,2022,8,Contract Finished,5120,Salary account,21025680
nothern BANK,2022,8,Contract Finished,5215,Savings account,1082472
nothern BANK,2022,8,Contract Finished,8260,Salary account,12353220
nothern BANK,2022,8,Contract Finished,8519,Salary account,5302848
nothern BANK,2022,8,Contract Finished,9104,NRI account,14454720
nothern BANK,2022,8,Contract Finished,9403,NRI account,7615944
nothern BANK,2022,8,Contract Finished,10105,NRI account,12067704
nothern BANK,2022,8,Contract Finished,10788,Savings account,4302192
nothern BANK,2022,9,Contract Finished,3050,NRI account,5388240
nothern BANK,2022,9,Contract Finished,3674,Savings account,2197404
nothern BANK,2022,9,Contract Finished,3834,NRI account,1567536
nothern BANK,2022,9,Contract Finished,4427,Salary account,4127352
nothern BANK,2022,9,Contract Finished,5481,Savings account,11714304
nothern BANK,2022,9,Contract Finished,5952,Savings account,9039360
nothern BANK,2022,9,Contract Finished,7965,NRI account,4930740
nothern BANK,2022,9,Contract Finished,9307,NRI account,4064688
nothern BANK,2022,10,Contract Finished,1012,Savings account,8247456
nothern BANK,2022,10,Contract Finished,2167,Salary account,11747664
nothern BANK,2022,10,Contract Finished,4448,Salary account,16190496
nothern BANK,2022,10,Contract Finished,6040,NRI account,786312
nothern BANK,2022,10,Contract Finished,6363,NRI account,1190544
nothern BANK,2022,10,Contract Finished,8982,NRI account,20964960
nothern BANK,2022,11,Contract Finished,290,Savings account,9771984
nothern BANK,2022,11,Contract Finished,5622,NRI account,4067784
nothern BANK,2022,11,Contract Finished,5991,Savings account,3907584
nothern BANK,2022,11,Contract Finished,6148,Salary account,4601520
nothern BANK,2022,11,Contract Finished,7133,Salary account,2725632
nothern BANK,2022,11,Contract Finished,8041,Savings account,13057200
nothern BANK,2022,12,Contract Finished,1978,Salary account,9439200
nothern BANK,2022,12,Contract Finished,2962,NRI account,2812320
nothern BANK,2022,12,Contract Finished,4337,Salary account,3547152
nothern BANK,2022,12,Contract Finished,6425,Savings account,2641248
nothern BANK,2022,12,Contract Finished,10738,Salary account,8351424
DBS BANK,2022,1,Contract Finished,2,Salary account,3966648
DBS BANK,2022,1,Contract Finished,2486,Salary account,1838700
DBS BANK,2022,1,Contract Finished,7401,Savings account,3966648
DBS BANK,2022,1,Contract Finished,8475,NRI account,1348608
DBS BANK,2022,1,Contract Finished,11111,Salary account,4866480
DBS BANK,2022,2,Contract Finished,1166,Savings account,6855840
DBS BANK,2022,2,Contract Finished,1603,Salary account,4499352
DBS BANK,2022,2,Contract Finished,10940,NRI account,10678392
DBS BANK,2022,3,Contract Finished,2694,Savings account,5681184
DBS BANK,2022,3,Contract Finished,6555,Savings account,12956400
DBS BANK,2022,3,Contract Finished,7445,Savings account,4152600
DBS BANK,2022,3,Contract Finished,7485,NRI account,4468800
DBS BANK,2022,3,Contract Finished,7753,Salary account,2584800
DBS BANK,2022,3,Contract Finished,8330,NRI account,581856
DBS BANK,2022,3,Contract Finished,11135,Savings account,9131400
DBS BANK,2022,4,Contract Finished,5891,NRI account,3911040
DBS BANK,2022,5,Contract Finished,173,Savings account,5240400
DBS BANK,2022,5,Contract Finished,813,NRI account,1191288
DBS BANK,2022,5,Contract Finished,5256,NRI account,16875216
DBS BANK,2022,5,Contract Finished,6930,Savings account,1608528
DBS BANK,2022,5,Contract Finished,7454,Savings account,3925344
DBS BANK,2022,5,Contract Finished,7769,NRI account,18235440
DBS BANK,2022,5,Contract Finished,8173,Salary account,4900740
DBS BANK,2022,5,Contract Finished,9833,Salary account,6150816
DBS BANK,2022,6,Contract Finished,4576,Savings account,23115708
DBS BANK,2022,6,Contract Finished,6273,Salary account,4105920
DBS BANK,2022,6,Contract Finished,7844,Salary account,4396032
DBS BANK,2022,6,Contract Finished,8027,Salary account,4736040
DBS BANK,2022,6,Contract Finished,8051,NRI account,13124160
DBS BANK,2022,6,Contract Finished,9337,Salary account,4743648
DBS BANK,2022,6,Contract Finished,10439,Salary account,6820200
DBS BANK,2022,6,Contract Finished,11065,Savings account,4855200
DBS BANK,2022,7,Contract Finished,2762,Savings account,10470096
DBS BANK,2022,7,Contract Finished,3354,Savings account,278880
DBS BANK,2022,7,Contract Finished,4937,NRI account,10648896
DBS BANK,2022,7,Contract Finished,5228,Savings account,12514176
DBS BANK,2022,7,Contract Finished,8129,Savings account,4783104
DBS BANK,2022,7,Contract Finished,9265,Savings account,2770320
DBS BANK,2022,7,Contract Finished,10911,NRI account,7352352
DBS BANK,2022,8,Contract Finished,4259,NRI account,2468592
DBS BANK,2022,8,Contract Finished,5120,Salary account,21672624
DBS BANK,2022,8,Contract Finished,5215,Savings account,965448
DBS BANK,2022,8,Contract Finished,8260,Salary account,13700844
DBS BANK,2022,8,Contract Finished,8519,Salary account,5078784
DBS BANK,2022,8,Contract Finished,9104,NRI account,12389760
DBS BANK,2022,8,Contract Finished,9403,NRI account,7011504
DBS BANK,2022,8,Contract Finished,10105,NRI account,11580120
DBS BANK,2022,8,Contract Finished,10788,Savings account,2105328
DBS BANK,2022,9,Contract Finished,3050,NRI account,5885616
DBS BANK,2022,9,Contract Finished,3674,Savings account,1913868
DBS BANK,2022,9,Contract Finished,3834,NRI account,1659744
DBS BANK,2022,9,Contract Finished,4427,Salary account,5708040
DBS BANK,2022,9,Contract Finished,5481,Savings account,12341856
DBS BANK,2022,9,Contract Finished,5952,Savings account,8898120
DBS BANK,2022,9,Contract Finished,7965,NRI account,4216140
DBS BANK,2022,9,Contract Finished,9307,NRI account,2807568
DBS BANK,2022,10,Contract Finished,1012,Savings account,2258232
DBS BANK,2022,10,Contract Finished,2167,Salary account,11407152
DBS BANK,2022,10,Contract Finished,4448,Salary account,13106592
DBS BANK,2022,10,Contract Finished,6040,NRI account,833256
DBS BANK,2022,10,Contract Finished,6363,NRI account,1138020
DBS BANK,2022,10,Contract Finished,8982,NRI account,16635240
DBS BANK,2022,11,Contract Finished,290,Savings account,7174368
DBS BANK,2022,11,Contract Finished,5622,NRI account,7720488
DBS BANK,2022,11,Contract Finished,5991,Savings account,3480192
DBS BANK,2022,11,Contract Finished,6148,Salary account,3406320
DBS BANK,2022,11,Contract Finished,7133,Salary account,2920320
DBS BANK,2022,11,Contract Finished,8041,Savings account,6318000
DBS BANK,2022,12,Contract Finished,1978,Salary account,11901600
DBS BANK,2022,12,Contract Finished,2962,NRI account,3124800
DBS BANK,2022,12,Contract Finished,4337,Salary account,3341520
DBS BANK,2022,12,Contract Finished,6425,Savings account,2934720
DBS BANK,2022,12,Contract Finished,10738,Salary account,6843528
nanital BANK,2022,8,Contract Finished,8260,Salary account,15946884
nanital BANK,2022,8,Contract Finished,8519,Salary account,4780032
nanital BANK,2022,8,Contract Finished,9104,NRI account,10324800
nanital BANK,2022,8,Contract Finished,9403,NRI account,7495056
nanital BANK,2022,8,Contract Finished,10105,NRI account,11823912
nanital BANK,2022,8,Contract Finished,10788,Savings account,4119120
nanital BANK,2022,9,Contract Finished,3050,NRI account,4642176
nanital BANK,2022,9,Contract Finished,3674,Savings account,2268288
nanital BANK,2022,9,Contract Finished,3834,NRI account,1290912
nanital BANK,2022,9,Contract Finished,4427,Salary account,3776088
nanital BANK,2022,9,Contract Finished,5481,Savings account,11505120
nanital BANK,2022,9,Contract Finished,5952,Savings account,8756880
nanital BANK,2022,9,Contract Finished,7965,NRI account,5859720
nanital BANK,2022,9,Contract Finished,9307,NRI account,3897072
nanital BANK,2022,10,Contract Finished,1012,Savings account,6774696
nanital BANK,2022,10,Contract Finished,2167,Salary account,10726128
nanital BANK,2022,10,Contract Finished,4448,Salary account,12721104
nanital BANK,2022,10,Contract Finished,6040,NRI account,774576
nanital BANK,2022,10,Contract Finished,6363,NRI account,1155528
nanital BANK,2022,10,Contract Finished,8982,NRI account,20281320
nanital BANK,2022,11,Contract Finished,290,Savings account,6184800
nanital BANK,2022,11,Contract Finished,5622,NRI account,4814928
nanital BANK,2022,11,Contract Finished,5991,Savings account,3052800
nanital BANK,2022,11,Contract Finished,6148,Salary account,4362480
nanital BANK,2022,11,Contract Finished,7133,Salary account,2530944
nanital BANK,2022,11,Contract Finished,8041,Savings account,11512800
nanital BANK,2022,12,Contract Finished,1978,Salary account,10875600
nanital BANK,2022,12,Contract Finished,2962,NRI account,1687392
nanital BANK,2022,12,Contract Finished,4337,Salary account,4421088
nanital BANK,2022,12,Contract Finished,6425,Savings account,2641248
nanital BANK,2022,12,Contract Finished,10738,Salary account,11483208
nanital BANK,2022,1,Contract Finished,2,Salary account,4857120
nanital BANK,2022,1,Contract Finished,2486,Salary account,2034828
nanital BANK,2022,1,Contract Finished,7401,Savings account,4857120
nanital BANK,2022,1,Contract Finished,8475,NRI account,1664688
nanital BANK,2022,1,Contract Finished,11111,Salary account,9192240
nanital BANK,2022,2,Contract Finished,1166,Savings account,7452000
nanital BANK,2022,2,Contract Finished,1603,Salary account,5209776
nanital BANK,2022,2,Contract Finished,10940,NRI account,13842360
nanital BANK,2022,3,Contract Finished,2694,Savings account,6505872
nanital BANK,2022,3,Contract Finished,6555,Savings account,15717600
nanital BANK,2022,3,Contract Finished,7445,Savings account,3432816
nanital BANK,2022,3,Contract Finished,7485,NRI account,3830400
nanital BANK,2022,3,Contract Finished,7753,Salary account,5221296
nanital BANK,2022,3,Contract Finished,8330,NRI account,589512
nanital BANK,2022,3,Contract Finished,11135,Savings account,13331844
nanital BANK,2022,4,Contract Finished,5891,NRI account,4497696
nanital BANK,2022,5,Contract Finished,173,Savings account,7650984
nanital BANK,2022,5,Contract Finished,813,NRI account,1215600
nanital BANK,2022,5,Contract Finished,5256,NRI account,14159664
nanital BANK,2022,5,Contract Finished,6930,Savings account,1660416
nanital BANK,2022,5,Contract Finished,7454,Savings account,2785728
nanital BANK,2022,5,Contract Finished,7769,NRI account,15098160
nanital BANK,2022,5,Contract Finished,8173,Salary account,4981080
nanital BANK,2022,5,Contract Finished,9833,Salary account,6834240
nanital BANK,2022,6,Contract Finished,4576,Savings account,17712036
nanital BANK,2022,6,Contract Finished,6273,Salary account,6988800
nanital BANK,2022,6,Contract Finished,7844,Salary account,5403456
nanital BANK,2022,6,Contract Finished,8027,Salary account,4425480
nanital BANK,2022,6,Contract Finished,8051,NRI account,9374400
nanital BANK,2022,6,Contract Finished,9337,Salary account,4535136
nanital BANK,2022,6,Contract Finished,10439,Salary account,9396720
nanital BANK,2022,6,Contract Finished,11065,Savings account,4022880
nanital BANK,2022,7,Contract Finished,2762,Savings account,9022104
nanital BANK,2022,7,Contract Finished,3354,Savings account,343620
nanital BANK,2022,7,Contract Finished,4937,NRI account,9065952
nanital BANK,2022,7,Contract Finished,5228,Savings account,11992752
nanital BANK,2022,7,Contract Finished,8129,Savings account,4334688
nanital BANK,2022,7,Contract Finished,9265,Savings account,3047352
nanital BANK,2022,7,Contract Finished,10911,NRI account,8271396
nanital BANK,2022,8,Contract Finished,4259,NRI account,5096448
nanital BANK,2022,8,Contract Finished,5120,Salary account,24260400
nanital BANK,2022,8,Contract Finished,5215,Savings account,1067844
Sky Bank,2022,1,Contract Finished,2,Salary account,3966648
Sky Bank,2022,1,Contract Finished,2486,Salary account,2353536
Sky Bank,2022,1,Contract Finished,7401,Savings account,3966648
Sky Bank,2022,1,Contract Finished,8475,NRI account,1559328
Sky Bank,2022,1,Contract Finished,11111,Salary account,8651520
Sky Bank,2022,2,Contract Finished,1166,Savings account,6110640
Sky Bank,2022,2,Contract Finished,1603,Salary account,5209776
Sky Bank,2022,2,Contract Finished,10940,NRI account,12062628
Sky Bank,2022,3,Contract Finished,2694,Savings account,6505872
Sky Bank,2022,3,Contract Finished,6555,Savings account,14443200
Sky Bank,2022,3,Contract Finished,7445,Savings account,4041864
Sky Bank,2022,3,Contract Finished,7485,NRI account,3921600
Sky Bank,2022,3,Contract Finished,7753,Salary account,2636496
Sky Bank,2022,3,Contract Finished,8330,NRI account,551232
Sky Bank,2022,3,Contract Finished,11135,Savings account,10957680
Sky Bank,2022,4,Contract Finished,5891,NRI account,4106592
Sky Bank,2022,5,Contract Finished,173,Savings account,6917328
Sky Bank,2022,5,Contract Finished,813,NRI account,1385784
Sky Bank,2022,5,Contract Finished,5256,NRI account,12413952
Sky Bank,2022,5,Contract Finished,6930,Savings account,1530696
Sky Bank,2022,5,Contract Finished,7454,Savings account,2722416
Sky Bank,2022,5,Contract Finished,7769,NRI account,9411840
Sky Bank,2022,5,Contract Finished,8173,Salary account,5382780
Sky Bank,2022,5,Contract Finished,9833,Salary account,6248448
Sky Bank,2022,6,Contract Finished,4576,Savings account,22215096
Sky Bank,2022,6,Contract Finished,6273,Salary account,6115200
Sky Bank,2022,6,Contract Finished,7844,Salary account,5037120
Sky Bank,2022,6,Contract Finished,8027,Salary account,4658400
Sky Bank,2022,6,Contract Finished,8051,NRI account,11249280
Sky Bank,2022,6,Contract Finished,9337,Salary account,4535136
Sky Bank,2022,6,Contract Finished,10439,Salary account,8032680
Sky Bank,2022,6,Contract Finished,11065,Savings account,4092240
Sky Bank,2022,7,Contract Finished,2762,Savings account,4789512
Sky Bank,2022,7,Contract Finished,3354,Savings account,343620
Sky Bank,2022,7,Contract Finished,4937,NRI account,8922048
Sky Bank,2022,7,Contract Finished,5228,Savings account,10776096
Sky Bank,2022,7,Contract Finished,8129,Savings account,3811536
Sky Bank,2022,7,Contract Finished,9265,Savings account,3601416
Sky Bank,2022,7,Contract Finished,10911,NRI account,6039432
Sky Bank,2022,8,Contract Finished,4259,NRI account,4300128
Sky Bank,2022,8,Contract Finished,5120,Salary account,17790960
Sky Bank,2022,8,Contract Finished,5215,Savings account,980076
Sky Bank,2022,8,Contract Finished,8260,Salary account,11230200
Sky Bank,2022,8,Contract Finished,8519,Salary account,4630656
Sky Bank,2022,8,Contract Finished,9104,NRI account,10152720
Sky Bank,2022,8,Contract Finished,9403,NRI account,6286176
Sky Bank,2022,8,Contract Finished,10105,NRI account,9629784
Sky Bank,2022,8,Contract Finished,10788,Savings account,3295296
Sky Bank,2022,9,Contract Finished,3050,NRI account,4725072
Sky Bank,2022,9,Contract Finished,3674,Savings account,1961124
Sky Bank,2022,9,Contract Finished,3834,NRI account,1475328
Sky Bank,2022,9,Contract Finished,4427,Salary account,5005512
Sky Bank,2022,9,Contract Finished,5481,Savings account,11714304
Sky Bank,2022,9,Contract Finished,5952,Savings account,6638280
Sky Bank,2022,9,Contract Finished,7965,NRI account,3072780
Sky Bank,2022,9,Contract Finished,9307,NRI account,2639952
Sky Bank,2022,10,Contract Finished,1012,Savings account,7461984
Sky Bank,2022,10,Contract Finished,2167,Salary account,9704592
Sky Bank,2022,10,Contract Finished,4448,Salary account,15997752
Sky Bank,2022,10,Contract Finished,6040,NRI account,680688
Sky Bank,2022,10,Contract Finished,6363,NRI account,980448
Sky Bank,2022,10,Contract Finished,8982,NRI account,18230400
Sky Bank,2022,11,Contract Finished,290,Savings account,10637856
Sky Bank,2022,11,Contract Finished,5622,NRI account,5146992
Sky Bank,2022,11,Contract Finished,5991,Savings account,3663360
Sky Bank,2022,11,Contract Finished,6148,Salary account,3824640
Sky Bank,2022,11,Contract Finished,7133,Salary account,2968992
Sky Bank,2022,11,Contract Finished,8041,Savings account,12214800
Sky Bank,2022,12,Contract Finished,1978,Salary account,10875600
Sky Bank,2022,12,Contract Finished,2962,NRI account,2499840
Sky Bank,2022,12,Contract Finished,4337,Salary account,4164048
Sky Bank,2022,12,Contract Finished,6425,Savings account,2494512
Sky Bank,2022,12,Contract Finished,10738,Salary account,7655472
Sky Bank,2022,1,Contract Finished,2,Salary account,4938072
Sky Bank,2022,1,Contract Finished,2486,Salary account,2206440
Sky Bank,2022,1,Contract Finished,7401,Savings account,4938072
Sky Bank,2022,1,Contract Finished,8475,NRI account,1791120
Sky Bank,2022,1,Contract Finished,11111,Salary account,4433904
Sky Bank,2022,2,Contract Finished,1166,Savings account,8346240
Sky Bank,2022,2,Contract Finished,1603,Salary account,5209776
Sky Bank,2022,2,Contract Finished,10940,NRI account,12655872
Sky Bank,2022,3,Contract Finished,2694,Savings account,6597504
Sky Bank,2022,3,Contract Finished,6555,Savings account,10407600
Sky Bank,2022,3,Contract Finished,7445,Savings account,6699528
Sky Bank,2022,3,Contract Finished,7485,NRI account,5198400
Sky Bank,2022,3,Contract Finished,7753,Salary account,5066208
Sky Bank,2022,3,Contract Finished,8330,NRI account,612480
Sky Bank,2022,3,Contract Finished,11135,Savings account,10592424
Sky Bank,2022,4,Contract Finished,5891,NRI account,4432512
Sky Bank,2022,5,Contract Finished,173,Savings account,7650984
Sky Bank,2022,5,Contract Finished,813,NRI account,1288536
Sky Bank,2022,5,Contract Finished,5256,NRI account,11832048
Sky Bank,2022,5,Contract Finished,6930,Savings account,1712304
Sky Bank,2022,5,Contract Finished,7454,Savings account,2785728
Sky Bank,2022,5,Contract Finished,7769,NRI account,15882480
Sky Bank,2022,5,Contract Finished,8173,Salary account,5463120
Sky Bank,2022,5,Contract Finished,9833,Salary account,6248448
Sky Bank,2022,6,Contract Finished,4576,Savings account,20413872
Sky Bank,2022,6,Contract Finished,6273,Salary account,7687680
Sky Bank,2022,6,Contract Finished,7844,Salary account,5037120
Sky Bank,2022,6,Contract Finished,8027,Salary account,5124240
Sky Bank,2022,6,Contract Finished,8051,NRI account,10416000
Sky Bank,2022,6,Contract Finished,9337,Salary account,4639392
Sky Bank,2022,6,Contract Finished,10439,Salary account,8184240
Sky Bank,2022,6,Contract Finished,11065,Savings account,4369680
Sky Bank,2022,7,Contract Finished,2762,Savings account,9022104
Sky Bank,2022,7,Contract Finished,3354,Savings account,373500
Sky Bank,2022,7,Contract Finished,4937,NRI account,11800128
Sky Bank,2022,7,Contract Finished,5228,Savings account,10949904
Sky Bank,2022,7,Contract Finished,8129,Savings account,4259952
Sky Bank,2022,7,Contract Finished,9265,Savings account,3838872
Sky Bank,2022,7,Contract Finished,10911,NRI account,6433308
Sky Bank,2022,8,Contract Finished,4259,NRI account,4618656
Sky Bank,2022,8,Contract Finished,5120,Salary account,21996096
Sky Bank,2022,8,Contract Finished,5215,Savings account,1082472
Sky Bank,2022,8,Contract Finished,8260,Salary account,10107180
Sky Bank,2022,8,Contract Finished,8519,Salary account,5452224
Sky Bank,2022,8,Contract Finished,9104,NRI account,13422240
Sky Bank,2022,8,Contract Finished,9403,NRI account,5681736
Sky Bank,2022,8,Contract Finished,10105,NRI account,8776512
Sky Bank,2022,8,Contract Finished,10788,Savings account,2288400
Sky Bank,2022,9,Contract Finished,3050,NRI account,5305344
Sky Bank,2022,9,Contract Finished,3674,Savings account,2339172
Sky Bank,2022,9,Contract Finished,3834,NRI account,1636692
Sky Bank,2022,9,Contract Finished,4427,Salary account,5356776
Sky Bank,2022,9,Contract Finished,5481,Savings account,11086752
Sky Bank,2022,9,Contract Finished,5952,Savings account,8050680
Sky Bank,2022,9,Contract Finished,7965,NRI account,5931180
Sky Bank,2022,9,Contract Finished,9307,NRI account,4944672
Sky Bank,2022,10,Contract Finished,1012,Savings account,7952904
Sky Bank,2022,10,Contract Finished,2167,Salary account,9534336
Sky Bank,2022,10,Contract Finished,4448,Salary account,13684824
Sky Bank,2022,10,Contract Finished,6040,NRI account,751104
Sky Bank,2022,10,Contract Finished,6363,NRI account,1155528
Sky Bank,2022,10,Contract Finished,8982,NRI account,16863120
Sky Bank,2022,11,Contract Finished,290,Savings account,6926976
Sky Bank,2022,11,Contract Finished,5622,NRI account,5977152
Sky Bank,2022,11,Contract Finished,5991,Savings account,3846528
Sky Bank,2022,11,Contract Finished,6148,Salary account,3824640
Sky Bank,2022,11,Contract Finished,7133,Salary account,2628288
Sky Bank,2022,11,Contract Finished,8041,Savings account,12214800
Sky Bank,2022,12,Contract Finished,1978,Salary account,9028800
Sky Bank,2022,12,Contract Finished,2962,NRI account,1906128
Sky Bank,2022,12,Contract Finished,4337,Salary account,3855600
Sky Bank,2022,12,Contract Finished,6425,Savings account,2824668
Sky Bank,2022,12,Contract Finished,10738,Salary account,5915592
Sky Bank,2018,1,Contract Finished,816,Salary account,4133040
Sky Bank,2018,1,Contract Finished,2419,NRI account,7185600
Sky Bank,2018,1,Contract Finished,3747,NRI account,4888320
Sky Bank,2018,1,Contract Finished,7523,Savings account,23654376
Sky Bank,2018,1,Contract Finished,7857,Savings account,4086720
Sky Bank,2018,1,Contract Finished,9640,Salary account,3285888
Sky Bank,2018,2,Contract Finished,4414,Salary account,5833440
Sky Bank,2018,2,Contract Finished,6472,Salary account,3021480
Sky Bank,2018,3,Contract Finished,3064,Salary account,1094820
Sky Bank,2018,3,Contract Finished,6030,NRI account,1610136
Sky Bank,2018,3,Contract Finished,7607,Savings account,1871952
Sky Bank,2018,3,Contract Finished,8316,Savings account,11187072
Sky Bank,2018,3,Contract Finished,8564,Salary account,4830840
Sky Bank,2018,4,Contract Finished,1762,NRI account,14640732
Sky Bank,2018,4,Contract Finished,2361,NRI account,8930304
Sky Bank,2018,4,Contract Finished,3752,Salary account,1280916
Sky Bank,2018,4,Contract Finished,8625,Savings account,4541184
Sky Bank,2018,4,Contract Finished,9591,Savings account,5654448
Sky Bank,2018,4,Contract Finished,9828,Savings account,5570400
Sky Bank,2018,5,Contract Finished,1256,Savings account,4121712
Sky Bank,2018,5,Contract Finished,9472,Savings account,2329344
Sky Bank,2018,6,Contract Finished,8159,Salary account,1608336
Sky Bank,2018,6,Contract Finished,8489,Salary account,17776440
Sky Bank,2018,6,Contract Finished,9656,NRI account,9069840
Sky Bank,2018,6,Contract Finished,10630,Savings account,11894400
Sky Bank,2018,7,Contract Finished,5650,NRI account,4929600
Sky Bank,2018,8,Contract Finished,1375,NRI account,2538816
Sky Bank,2018,8,Contract Finished,3489,NRI account,2468928
Sky Bank,2018,8,Contract Finished,4580,Salary account,1011000
Sky Bank,2018,8,Contract Finished,4727,Savings account,4628520
Sky Bank,2018,8,Contract Finished,4825,Salary account,1155384
Sky Bank,2018,9,Contract Finished,9897,Savings account,1627560
Sky Bank,2018,10,Contract Finished,4423,NRI account,4060980
Sky Bank,2018,10,Contract Finished,6738,NRI account,1857492
Sky Bank,2018,10,Contract Finished,7861,NRI account,1354824
Sky Bank,2018,10,Contract Finished,10093,Savings account,11121408
Sky Bank,2018,10,Contract Finished,10663,Salary account,13261428
Sky Bank,2018,11,Contract Finished,2343,NRI account,5662152
Sky Bank,2018,11,Contract Finished,5774,Salary account,1745856
Sky Bank,2018,11,Contract Finished,7546,Savings account,1929792
Sky Bank,2018,11,Contract Finished,9731,Savings account,5007024
Sky Bank,2018,12,Contract Finished,2227,Salary account,5206656
Sky Bank,2018,12,Contract Finished,7765,Savings account,1259280
Sky Bank,2018,12,Contract Finished,9583,NRI account,6073296
Sky Bank,2018,12,Contract Finished,11042,Salary account,10423296
Sky Bank,2018,1,Contract Finished,816,Salary account,2820192
Sky Bank,2018,1,Contract Finished,2419,NRI account,6802368
Sky Bank,2018,1,Contract Finished,3747,NRI account,4430040
Sky Bank,2018,1,Contract Finished,7523,Savings account,24519780
Sky Bank,2018,1,Contract Finished,7857,Savings account,3473712
Sky Bank,2018,1,Contract Finished,9640,Salary account,3515136
Sky Bank,2018,2,Contract Finished,4414,Salary account,6027888
Sky Bank,2018,2,Contract Finished,6472,Salary account,2805660
Sky Bank,2018,3,Contract Finished,3064,Salary account,971460
Sky Bank,2018,3,Contract Finished,6030,NRI account,1610136
Sky Bank,2018,3,Contract Finished,7607,Savings account,1998864
Sky Bank,2018,3,Contract Finished,8316,Savings account,9030528
Sky Bank,2018,3,Contract Finished,8564,Salary account,5214240
Sky Bank,2018,4,Contract Finished,1762,NRI account,16874064
Sky Bank,2018,4,Contract Finished,2361,NRI account,10027008
Sky Bank,2018,4,Contract Finished,3752,Salary account,909636
Sky Bank,2018,4,Contract Finished,8625,Savings account,4872312
Sky Bank,2018,4,Contract Finished,9591,Savings account,4397904
Sky Bank,2018,4,Contract Finished,9828,Savings account,6836400
Sky Bank,2018,5,Contract Finished,1256,Savings account,4690224
Sky Bank,2018,5,Contract Finished,9472,Savings account,2074572
Sky Bank,2018,6,Contract Finished,8159,Salary account,1191360
Sky Bank,2018,6,Contract Finished,8489,Salary account,20960280
Sky Bank,2018,6,Contract Finished,9656,NRI account,11721024
Sky Bank,2018,6,Contract Finished,10630,Savings account,8722560
Sky Bank,2018,7,Contract Finished,5650,NRI account,3746496
Sky Bank,2018,8,Contract Finished,1375,NRI account,2946840
Sky Bank,2018,8,Contract Finished,3489,NRI account,2204400
Sky Bank,2018,8,Contract Finished,4580,Salary account,1516500
Sky Bank,2018,8,Contract Finished,4727,Savings account,3552120
Sky Bank,2018,8,Contract Finished,4825,Salary account,1219572
Sky Bank,2018,9,Contract Finished,9897,Savings account,1302048
Sky Bank,2018,10,Contract Finished,4423,NRI account,2362752
Sky Bank,2018,10,Contract Finished,6738,NRI account,2160756
Sky Bank,2018,10,Contract Finished,7861,NRI account,699264
Sky Bank,2018,10,Contract Finished,10093,Savings account,15987024
Sky Bank,2018,10,Contract Finished,10663,Salary account,16381764
Sky Bank,2018,11,Contract Finished,2343,NRI account,5562816
Sky Bank,2018,11,Contract Finished,5774,Salary account,872928
Sky Bank,2018,11,Contract Finished,7546,Savings account,2559072
Sky Bank,2018,11,Contract Finished,9731,Savings account,5576004
Sky Bank,2018,12,Contract Finished,2227,Salary account,8088912
Sky Bank,2018,12,Contract Finished,7765,Savings account,1539120
Sky Bank,2018,12,Contract Finished,9583,NRI account,9005232
Sky Bank,2018,12,Contract Finished,11042,Salary account,9988992
Sky Bank,2019,1,Contract Finished,7815,Salary account,12899328
Sky Bank,2019,1,Contract Finished,11138,Savings account,8538600
Sky Bank,2019,2,Contract Finished,3804,Savings account,3415608
Sky Bank,2019,4,Contract Finished,5574,NRI account,2856192
Sky Bank,2019,5,Contract Finished,67,NRI account,8795880
Sky Bank,2019,6,Contract Finished,2322,Savings account,3010800
Sky Bank,2019,7,Contract Finished,846,NRI account,12535968
Sky Bank,2019,7,Contract Finished,5033,Salary account,706800
Sky Bank,2019,7,Contract Finished,8127,Savings account,13093920
Sky Bank,2019,8,Contract Finished,544,Salary account,5104512
Sky Bank,2019,8,Contract Finished,4851,Savings account,5807568
Sky Bank,2019,8,Contract Finished,5593,NRI account,2662560
Sky Bank,2019,8,Contract Finished,7184,Salary account,10739160
Sky Bank,2019,8,Contract Finished,11359,NRI account,2917296
Sky Bank,2019,9,Contract Finished,4476,Salary account,1063440
Sky Bank,2019,9,Contract Finished,7926,Salary account,3533040
Sky Bank,2019,9,Contract Finished,9814,Salary account,9616800
Sky Bank,2019,10,Contract Finished,2062,Savings account,3447360
Sky Bank,2019,10,Contract Finished,2106,Savings account,4872960
Sky Bank,2019,10,Contract Finished,8039,NRI account,4305600
Sky Bank,2019,10,Contract Finished,9422,Savings account,3447360
Sky Bank,2019,11,Contract Finished,132,NRI account,4068240
Sky Bank,2019,11,Contract Finished,2153,Savings account,2954880
Sky Bank,2019,11,Contract Finished,3754,NRI account,2673216
Sky Bank,2019,11,Contract Finished,5001,NRI account,9469632
Sky Bank,2019,11,Contract Finished,6434,Salary account,6938568
Sky Bank,2019,11,Contract Finished,7859,Savings account,4182960
Sky Bank,2019,12,Contract Finished,10411,Savings account,4566096
Sky Bank,2019,12,Contract Finished,11362,NRI account,8023296
Sky Bank,2020,1,Contract Finished,2018,Salary account,2465280
Sky Bank,2020,1,Contract Finished,9242,NRI account,1112832
Sky Bank,2020,2,Contract Finished,825,Savings account,2494572
Sky Bank,2020,2,Contract Finished,9494,NRI account,3855456
Sky Bank,2020,3,Contract Finished,3455,NRI account,2091384
Sky Bank,2020,3,Contract Finished,4361,Savings account,3425928
Sky Bank,2020,3,Contract Finished,4863,Salary account,2814960
Sky Bank,2020,3,Contract Finished,6792,Savings account,549888
Sky Bank,2020,3,Contract Finished,8688,Savings account,339900
Sky Bank,2020,3,Contract Finished,10049,NRI account,3573648
Sky Bank,2020,3,Contract Finished,10807,NRI account,2091384
Sky Bank,2020,4,Contract Finished,176,Salary account,741312
Sky Bank,2020,4,Contract Finished,4415,NRI account,5330880
Sky Bank,2020,4,Contract Finished,11079,Savings account,6389760
Sky Bank,2020,5,Contract Finished,3229,Savings account,3004848
Sky Bank,2020,5,Contract Finished,9263,Salary account,1187280
Sky Bank,2020,6,Contract Finished,4626,Salary account,1300572
Sky Bank,2020,6,Contract Finished,6440,Salary account,207432
Sky Bank,2020,6,Contract Finished,7957,NRI account,3474900
Sky Bank,2020,6,Contract Finished,10361,Savings account,1998240
Sky Bank,2020,7,Contract Finished,9513,Salary account,604692
Sky Bank,2020,8,Contract Finished,97,NRI account,3497784
Sky Bank,2020,8,Contract Finished,718,Salary account,2462208
Sky Bank,2020,8,Contract Finished,2116,NRI account,4435200
Sky Bank,2020,8,Contract Finished,3249,Savings account,476868
Sky Bank,2020,8,Contract Finished,7907,Savings account,2921760
Sky Bank,2020,9,Contract Finished,1329,Savings account,164640
Sky Bank,2020,9,Contract Finished,3637,Salary account,869736
Sky Bank,2020,11,Contract Finished,666,NRI account,526680
Sky Bank,2020,11,Contract Finished,2187,NRI account,3689568
Sky Bank,2020,12,Contract Finished,25,NRI account,1120212
Sky Bank,2020,12,Contract Finished,3329,Savings account,134736
Sky Bank,2020,12,Contract Finished,7424,Salary account,1120212
Sky Bank,2020,12,Contract Finished,10789,Savings account,1006896
Sky Bank,2019,1,Contract Finished,7815,Salary account,12519936
Sky Bank,2019,1,Contract Finished,11138,Savings account,2067240
Sky Bank,2019,2,Contract Finished,3804,Savings account,3795120
Sky Bank,2019,4,Contract Finished,5574,NRI account,3123960
Sky Bank,2019,5,Contract Finished,67,NRI account,8795880
Sky Bank,2019,6,Contract Finished,2322,Savings account,3751920
Sky Bank,2019,7,Contract Finished,5033,Salary account,205200
Sky Bank,2019,7,Contract Finished,8127,Savings account,12002760
Sky Bank,2019,8,Contract Finished,544,Salary account,2096496
Sky Bank,2019,8,Contract Finished,7184,Salary account,3735360
Sky Bank,2019,8,Contract Finished,11359,NRI account,2647176
Sky Bank,2019,9,Contract Finished,4476,Salary account,896328
Sky Bank,2019,9,Contract Finished,9814,Salary account,7789608
Sky Bank,2019,10,Contract Finished,8039,NRI account,280800
Sky Bank,2019,11,Contract Finished,5001,NRI account,110112
Sky Bank,2019,11,Contract Finished,6434,Salary account,1211496
Sky Bank,2019,11,Contract Finished,7859,Savings account,2235720
Sky Bank,2019,12,Contract Finished,10411,Savings account,863856
Sky Bank,2019,12,Contract Finished,11362,NRI account,905856
Sky Bank,2020,1,Contract Finished,2018,Salary account,1117080
Sky Bank,2020,4,Contract Finished,4415,NRI account,1851000
Sky Bank,2020,4,Contract Finished,11079,Savings account,491520
Sky Bank,2020,5,Contract Finished,3229,Savings account,195120
Sky Bank,2020,6,Contract Finished,7957,NRI account,729300
Sky Bank,2020,9,Contract Finished,3637,Salary account,98196
Sky Bank,2021,7,Contract Finished,1801,Salary account,12281040
Sky Bank,2021,7,Contract Finished,9188,Salary account,6226920
Sky Bank,2021,8,Contract Finished,1843,Salary account,4655376
Sky Bank,2021,9,Contract Finished,8261,Salary account,5358240
Sky Bank,2021,9,Contract Finished,11013,Salary account,14286480
Sky Bank,2021,9,Contract Finished,11265,Savings account,3484008
Sky Bank,2021,10,Contract Finished,10973,NRI account,12507696
Sky Bank,2021,11,Contract Finished,4894,NRI account,6436320
Sky Bank,2021,11,Contract Finished,5270,NRI account,4617264
Sky Bank,2021,11,Contract Finished,10364,NRI account,1271592
Sky Bank,2021,12,Contract Finished,2705,Salary account,4131072
Sky Bank,2021,12,Contract Finished,6701,Salary account,6391800
Sky Bank,2021,12,Contract Finished,7123,Salary account,1410480
Sky Bank,2021,12,Contract Finished,9034,Savings account,2479620
Sky Bank,2021,12,Contract Finished,9236,NRI account,7362360
Sky Bank,2021,12,Contract Finished,10320,Savings account,13246740
Sky Bank,2021,7,Contract Finished,1801,Salary account,8463960
Sky Bank,2021,7,Contract Finished,9188,Salary account,5083200
Sky Bank,2021,8,Contract Finished,1843,Salary account,5184396
Sky Bank,2021,9,Contract Finished,8261,Salary account,5797440
Sky Bank,2021,9,Contract Finished,11013,Salary account,14835960
Sky Bank,2021,9,Contract Finished,11265,Savings account,3431220
Sky Bank,2021,10,Contract Finished,10973,NRI account,8184048
Sky Bank,2021,11,Contract Finished,4894,NRI account,7957632
Sky Bank,2021,11,Contract Finished,5270,NRI account,4935696
Sky Bank,2021,11,Contract Finished,10364,NRI account,1403136
Sky Bank,2021,12,Contract Finished,2705,Salary account,4412736
Sky Bank,2021,12,Contract Finished,6701,Salary account,8967600
Sky Bank,2021,12,Contract Finished,7123,Salary account,4137408
Sky Bank,2021,12,Contract Finished,9034,Savings account,2632212
Sky Bank,2021,12,Contract Finished,9236,NRI account,7708824
Sky Bank,2021,12,Contract Finished,10320,Savings account,12727260
Sky Bank,2018,1,Client in debt,3166,Salary account,12086592
Sky Bank,2018,1,Client in debt,6715,Salary account,7445520
Sky Bank,2018,1,Loan Not Paid,6118,NRI account,23817024
Sky Bank,2018,2,Client in debt,3678,Savings account,21181380
Sky Bank,2018,2,Client in debt,9750,NRI account,11683056
Sky Bank,2018,3,Client in debt,1247,NRI account,5483280
Sky Bank,2018,3,Client in debt,5700,Salary account,6635520
Sky Bank,2018,3,Loan Not Paid,11021,Salary account,12335832
Sky Bank,2018,4,Loan Not Paid,1993,Savings account,3488400
Sky Bank,2018,5,Loan Not Paid,347,Salary account,11795112
Sky Bank,2018,11,Loan Not Paid,4081,Salary account,8550048
Sky Bank,2018,11,Loan Not Paid,6609,NRI account,2406240
Sky Bank,2019,2,Client in debt,4995,Salary account,11221956
Sky Bank,2019,2,Client in debt,5735,NRI account,17442000
Sky Bank,2019,2,Loan Not Paid,5066,Savings account,2959488
Sky Bank,2019,2,Loan Not Paid,6400,Salary account,2606688
Sky Bank,2019,3,Client in debt,9017,NRI account,6514560
Sky Bank,2019,4,Client in debt,808,Savings account,18974208
Sky Bank,2019,4,Client in debt,3037,NRI account,10837476
Sky Bank,2019,4,Client in debt,5213,Salary account,24073200
Sky Bank,2019,4,Loan Not Paid,19,Salary account,2210148
Sky Bank,2019,4,Loan Not Paid,7418,Salary account,2452356
Sky Bank,2019,5,Loan Not Paid,4462,NRI account,2858640
Sky Bank,2019,8,Client in debt,1583,NRI account,32635008
Sky Bank,2019,8,Client in debt,3084,NRI account,12422088
Sky Bank,2019,9,Client in debt,2236,Savings account,4323384
Sky Bank,2019,9,Loan Not Paid,9199,Salary account,736200
Sky Bank,2019,12,Client in debt,3189,NRI account,12664260
Sky Bank,2020,1,Client in debt,10365,Salary account,11728800
Sky Bank,2020,2,Client in debt,6158,Savings account,2975040
Sky Bank,2020,2,Client in debt,9052,Salary account,6693768
Sky Bank,2020,3,Client in debt,3967,Salary account,1184400
Sky Bank,2020,3,Client in debt,4618,Salary account,1667400
Sky Bank,2020,4,Client in debt,472,Salary account,1180800
Sky Bank,2020,4,Client in debt,2051,NRI account,19689960
Sky Bank,2020,5,Client in debt,3859,NRI account,13824000
Sky Bank,2020,6,Client in debt,9138,NRI account,6805500
Sky Bank,2020,6,Client in debt,9633,Salary account,4280256
Sky Bank,2020,7,Client in debt,8381,Savings account,6005664
Sky Bank,2020,8,Client in debt,4127,Savings account,1814400
Sky Bank,2020,8,Loan Not Paid,1888,Salary account,401520
Sky Bank,2020,8,Loan Not Paid,4320,Savings account,1335360
Sky Bank,2020,9,Client in debt,6083,Salary account,2526048
Sky Bank,2020,9,Client in debt,7966,Salary account,473280
Sky Bank,2020,9,Loan Not Paid,3273,Salary account,5670720
Sky Bank,2020,10,Client in debt,8085,Salary account,12499200
Sky Bank,2020,11,Client in debt,2335,NRI account,25977600
Sky Bank,2020,11,Client in debt,5267,Salary account,11508768
Sky Bank,2020,11,Client in debt,10857,Savings account,4241160
Sky Bank,2020,12,Client in debt,103,Salary account,2653200
Sky Bank,2020,12,Client in debt,4794,Savings account,465504
Sky Bank,2021,1,Client in debt,6075,Salary account,4079520
Sky Bank,2018,1,Client in debt,3166,Salary account,12975312
Sky Bank,2018,1,Client in debt,6715,Salary account,8134920
Sky Bank,2018,1,Loan Not Paid,6118,NRI account,20027952
Sky Bank,2018,2,Client in debt,3678,Savings account,21813660
Sky Bank,2018,2,Client in debt,9750,NRI account,12593424
Sky Bank,2018,3,Client in debt,1247,NRI account,8972640
Sky Bank,2018,3,Client in debt,5700,Salary account,6531840
Sky Bank,2018,3,Loan Not Paid,11021,Salary account,12842784
Sky Bank,2018,4,Loan Not Paid,1993,Savings account,2599200
Sky Bank,2018,5,Loan Not Paid,347,Salary account,12544008
Sky Bank,2018,11,Loan Not Paid,4081,Salary account,2344368
Sky Bank,2018,11,Loan Not Paid,6609,NRI account,3428892
Sky Bank,2019,2,Client in debt,4995,Salary account,7481304
Sky Bank,2019,2,Client in debt,5735,NRI account,26163000
Sky Bank,2019,2,Loan Not Paid,5066,Savings account,554904
Sky Bank,2019,2,Loan Not Paid,6400,Salary account,651672
Sky Bank,2019,3,Client in debt,9017,NRI account,501120
Sky Bank,2019,4,Client in debt,808,Savings account,6899712
Sky Bank,2019,4,Client in debt,3037,NRI account,25565328
Sky Bank,2019,4,Client in debt,5213,Salary account,4493664
Sky Bank,2019,4,Loan Not Paid,19,Salary account,1362420
Sky Bank,2019,4,Loan Not Paid,7418,Salary account,1604628
Sky Bank,2019,5,Loan Not Paid,4462,NRI account,66480
Sky Bank,2019,8,Client in debt,1583,NRI account,22922208
Sky Bank,2019,9,Client in debt,2236,Savings account,1394640
Sky Bank,2019,12,Client in debt,3189,NRI account,1110900
Sky Bank,2020,1,Client in debt,10365,Salary account,2345760
Sky Bank,2020,2,Client in debt,9052,Salary account,1511496
Sky Bank,2020,4,Client in debt,2051,NRI account,587760
Sky Bank,2020,9,Loan Not Paid,3273,Salary account,94512
Sky Bank,2021,7,Loan Not Paid,1787,Salary account,9639600
Sky Bank,2021,9,Loan Not Paid,5428,Savings account,8387712
Sky Bank,2021,12,Loan Not Paid,6034,Salary account,26477640
Sky Bank,2021,12,Loan Not Paid,10266,NRI account,5142432
Sky Bank,2022,2,Loan Not Paid,8073,Salary account,3994920
Sky Bank,2022,5,Loan Not Paid,6473,Salary account,6229548
Sky Bank,2022,5,Loan Not Paid,10131,Savings account,14215608
Sky Bank,2022,6,Loan Not Paid,5442,Salary account,7863480
Sky Bank,2022,6,Loan Not Paid,5927,Salary account,7238928
Sky Bank,2022,7,Client in debt,426,Salary account,10586520
Sky Bank,2022,7,Loan Not Paid,790,NRI account,12487680
Sky Bank,2022,7,Loan Not Paid,2176,Savings account,14655312
Sky Bank,2022,7,Loan Not Paid,6051,NRI account,19366200
Sky Bank,2022,9,Loan Not Paid,7824,NRI account,7398144
Sky Bank,2022,9,Loan Not Paid,8566,Savings account,12201660
Sky Bank,2022,11,Loan Not Paid,1106,Savings account,13863744
Sky Bank,2022,11,Loan Not Paid,1527,Savings account,10499328
Sky Bank,2022,12,Client in debt,10451,Salary account,34288740
Sky Bank,2021,3,Client in debt,8225,NRI account,144816
Sky Bank,2021,7,Loan Not Paid,1787,Salary account,8772036
Sky Bank,2021,9,Loan Not Paid,5428,Savings account,13455288
Sky Bank,2021,12,Loan Not Paid,6034,Salary account,24619560
Sky Bank,2021,12,Loan Not Paid,10266,NRI account,7411152
Sky Bank,2022,2,Loan Not Paid,8073,Salary account,3748320
Sky Bank,2022,5,Loan Not Paid,6473,Salary account,5075928
Sky Bank,2022,5,Loan Not Paid,10131,Savings account,17446428
Sky Bank,2022,6,Loan Not Paid,5442,Salary account,11358360
Sky Bank,2022,6,Loan Not Paid,5927,Salary account,7413360
Sky Bank,2022,7,Client in debt,426,Salary account,11594760
Sky Bank,2022,7,Loan Not Paid,790,NRI account,19147776
Sky Bank,2022,7,Loan Not Paid,2176,Savings account,17048016
Sky Bank,2022,7,Loan Not Paid,6051,NRI account,17152920
Sky Bank,2022,9,Loan Not Paid,7824,NRI account,7967232
Sky Bank,2022,9,Loan Not Paid,8566,Savings account,10129680
Sky Bank,2022,11,Loan Not Paid,1106,Savings account,15404160
Sky Bank,2022,11,Loan Not Paid,1527,Savings account,11811744
Sky Bank,2022,12,Client in debt,10451,Salary account,33322860
nothern BANK,2018,1,Client in debt,3166,Salary account,12086592
nothern BANK,2018,1,Client in debt,6715,Salary account,7445520
nothern BANK,2018,1,Loan Not Paid,6118,NRI account,19757304
nothern BANK,2018,2,Client in debt,3678,Savings account,18652260
nothern BANK,2018,2,Client in debt,9750,NRI account,14110704
nothern BANK,2018,3,Client in debt,1247,NRI account,7178112
nothern BANK,2018,3,Client in debt,5700,Salary account,6428160
nothern BANK,2018,3,Loan Not Paid,11021,Salary account,12842784
nothern BANK,2018,4,Loan Not Paid,1993,Savings account,5403600
nothern BANK,2018,5,Loan Not Paid,347,Salary account,15165144
nothern BANK,2018,11,Loan Not Paid,4081,Salary account,7446816
nothern BANK,2018,11,Loan Not Paid,6609,NRI account,1985148
nothern BANK,2019,2,Client in debt,4995,Salary account,6449400
nothern BANK,2019,2,Client in debt,5735,NRI account,21511800
nothern BANK,2019,2,Loan Not Paid,5066,Savings account,3945984
nothern BANK,2019,2,Loan Not Paid,6400,Salary account,4272072
nothern BANK,2019,3,Client in debt,9017,NRI account,7115904
nothern BANK,2019,4,Client in debt,808,Savings account,14877504
nothern BANK,2019,4,Client in debt,3037,NRI account,20285532
nothern BANK,2019,4,Client in debt,5213,Salary account,23752224
nothern BANK,2019,4,Loan Not Paid,19,Salary account,1907388
nothern BANK,2019,4,Loan Not Paid,7418,Salary account,3209256
nothern BANK,2019,5,Loan Not Paid,4462,NRI account,3589920
nothern BANK,2019,8,Client in debt,1583,NRI account,28361376
nothern BANK,2019,8,Client in debt,3084,NRI account,13436136
nothern BANK,2019,9,Client in debt,2236,Savings account,8646768
nothern BANK,2019,9,Loan Not Paid,9199,Salary account,2179152
nothern BANK,2019,12,Client in debt,3189,NRI account,11553360
nothern BANK,2020,1,Client in debt,10365,Salary account,16941600
nothern BANK,2020,2,Client in debt,6158,Savings account,6198000
nothern BANK,2020,2,Client in debt,9052,Salary account,6837720
nothern BANK,2020,3,Client in debt,3967,Salary account,5668200
nothern BANK,2020,3,Client in debt,4618,Salary account,3668280
nothern BANK,2020,4,Client in debt,472,Salary account,10627200
nothern BANK,2020,4,Client in debt,2051,NRI account,16751160
nothern BANK,2020,5,Client in debt,3859,NRI account,16281600
nothern BANK,2020,6,Client in debt,9138,NRI account,15244320
nothern BANK,2020,6,Client in debt,9633,Salary account,5588112
nothern BANK,2020,7,Client in debt,442,Salary account,5367600
nothern BANK,2020,7,Client in debt,8381,Savings account,36033984
nothern BANK,2020,8,Client in debt,4127,Savings account,3830400
nothern BANK,2020,8,Loan Not Paid,1888,Salary account,3556320
nothern BANK,2020,8,Loan Not Paid,4320,Savings account,4211520
nothern BANK,2020,9,Client in debt,6083,Salary account,43664544
nothern BANK,2020,9,Client in debt,7966,Salary account,30289920
nothern BANK,2020,9,Loan Not Paid,3273,Salary account,7088400
nothern BANK,2020,10,Client in debt,8085,Salary account,16405200
nothern BANK,2020,11,Client in debt,2335,NRI account,42754800
nothern BANK,2020,11,Client in debt,3711,NRI account,18439200
nothern BANK,2020,11,Client in debt,5267,Salary account,9439776
nothern BANK,2020,11,Client in debt,7052,Salary account,831636
nothern BANK,2020,11,Client in debt,10857,Savings account,23133600
nothern BANK,2020,12,Client in debt,103,Salary account,20960280
nothern BANK,2020,12,Client in debt,4794,Savings account,26068224
nothern BANK,2021,1,Client in debt,6075,Salary account,27740736
nothern BANK,2021,3,Client in debt,8225,NRI account,2606688
nothern BANK,2021,7,Client in debt,4858,NRI account,9049968
nothern BANK,2021,7,Loan Not Paid,1787,Salary account,5205384
nothern BANK,2021,9,Loan Not Paid,5428,Savings account,14154264
nothern BANK,2021,10,Client in debt,37,Salary account,7325040
nothern BANK,2021,12,Loan Not Paid,6034,Salary account,31587360
nothern BANK,2021,12,Loan Not Paid,10266,NRI account,8696760
nothern BANK,2022,2,Loan Not Paid,8073,Salary account,4192200
nothern BANK,2022,5,Loan Not Paid,6473,Salary account,6767904
nothern BANK,2022,5,Loan Not Paid,10131,Savings account,21108024
nothern BANK,2022,6,Loan Not Paid,5442,Salary account,7863480
nothern BANK,2022,6,Loan Not Paid,5927,Salary account,7238928
nothern BANK,2022,7,Client in debt,426,Salary account,11090640
nothern BANK,2022,7,Loan Not Paid,790,NRI account,13736448
nothern BANK,2022,7,Loan Not Paid,2176,Savings account,11066256
nothern BANK,2022,7,Loan Not Paid,6051,NRI account,17706240
nothern BANK,2022,9,Loan Not Paid,7824,NRI account,15934464
nothern BANK,2022,9,Loan Not Paid,8566,Savings account,19108260
nothern BANK,2022,11,Loan Not Paid,1106,Savings account,15981816
nothern BANK,2022,11,Loan Not Paid,1527,Savings account,13944420
nothern BANK,2022,12,Client in debt,10451,Salary account,36220500
nanital BANK,2022,9,Loan Not Paid,7824,NRI account,14037504
nanital BANK,2022,9,Loan Not Paid,8566,Savings account,14273640
nanital BANK,2022,11,Loan Not Paid,1106,Savings account,11938224
nanital BANK,2022,11,Loan Not Paid,1527,Savings account,9515016
nanital BANK,2022,12,Client in debt,10451,Salary account,27527580
nanital BANK,2019,5,Loan Not Paid,4462,NRI account,5517840
nanital BANK,2019,8,Client in debt,1583,NRI account,33800544
nanital BANK,2019,8,Client in debt,3084,NRI account,18252864
nanital BANK,2019,9,Client in debt,2236,Savings account,6973200
nanital BANK,2019,9,Loan Not Paid,9199,Salary account,2296944
nanital BANK,2019,12,Client in debt,3189,NRI account,13552980
nanital BANK,2020,1,Client in debt,10365,Salary account,24500160
nanital BANK,2020,2,Client in debt,6158,Savings account,14875200
nanital BANK,2020,2,Client in debt,9052,Salary account,5110296
nanital BANK,2020,3,Client in debt,3967,Salary account,7191000
nanital BANK,2020,3,Client in debt,4618,Salary account,3468192
nanital BANK,2020,4,Client in debt,472,Salary account,10036800
nanital BANK,2020,4,Client in debt,2051,NRI account,22628760
nanital BANK,2020,5,Client in debt,3859,NRI account,18739200
nanital BANK,2020,6,Client in debt,9138,NRI account,18238740
nanital BANK,2020,6,Client in debt,9633,Salary account,5409768
nanital BANK,2020,7,Client in debt,442,Salary account,14671440
nanital BANK,2020,7,Client in debt,8381,Savings account,26024544
nanital BANK,2020,8,Client in debt,4127,Savings account,3124800
nanital BANK,2020,8,Loan Not Paid,1888,Salary account,4187280
nanital BANK,2020,8,Loan Not Paid,4320,Savings account,3800640
nanital BANK,2020,9,Client in debt,6083,Salary account,27786528
nanital BANK,2020,9,Client in debt,7966,Salary account,41175360
nanital BANK,2020,9,Loan Not Paid,3273,Salary account,6899376
nanital BANK,2020,10,Client in debt,8085,Salary account,13280400
nanital BANK,2020,11,Client in debt,2335,NRI account,38966400
nanital BANK,2020,11,Client in debt,3711,NRI account,23049000
nanital BANK,2020,11,Client in debt,5267,Salary account,7370784
nanital BANK,2020,11,Client in debt,7052,Salary account,3902292
nanital BANK,2020,11,Client in debt,10857,Savings account,29302560
nanital BANK,2020,12,Client in debt,103,Salary account,22021560
nanital BANK,2020,12,Client in debt,4794,Savings account,22344192
nanital BANK,2021,1,Client in debt,6075,Salary account,18765792
nanital BANK,2021,3,Client in debt,8225,NRI account,2968728
nanital BANK,2021,7,Client in debt,4858,NRI account,27485088
nanital BANK,2021,7,Loan Not Paid,1787,Salary account,3855840
nanital BANK,2021,9,Loan Not Paid,5428,Savings account,16425936
nanital BANK,2021,10,Client in debt,37,Salary account,19745760
nanital BANK,2021,12,Loan Not Paid,6034,Salary account,32516400
nanital BANK,2021,12,Loan Not Paid,10266,NRI account,3403080
nanital BANK,2022,2,Loan Not Paid,8073,Salary account,3945600
nanital BANK,2022,5,Loan Not Paid,6473,Salary account,6075732
nanital BANK,2022,5,Loan Not Paid,10131,Savings account,18307980
nanital BANK,2022,6,Loan Not Paid,5442,Salary account,12232080
nanital BANK,2022,6,Loan Not Paid,5927,Salary account,6628416
nanital BANK,2022,7,Client in debt,426,Salary account,15627720
nanital BANK,2022,7,Loan Not Paid,790,NRI account,11238912
nanital BANK,2022,7,Loan Not Paid,2176,Savings account,11066256
nanital BANK,2022,7,Loan Not Paid,6051,NRI account,19089540
nanital BANK,2018,1,Client in debt,3166,Salary account,13508544
nanital BANK,2018,1,Client in debt,6715,Salary account,7859160
nanital BANK,2018,1,Loan Not Paid,6118,NRI account,18133416
nanital BANK,2018,2,Client in debt,3678,Savings account,15490860
nanital BANK,2018,2,Client in debt,9750,NRI account,10620960
nanital BANK,2018,3,Client in debt,1247,NRI account,8175072
nanital BANK,2018,3,Client in debt,5700,Salary account,4250880
nanital BANK,2018,3,Loan Not Paid,11021,Salary account,17236368
nanital BANK,2018,4,Loan Not Paid,1993,Savings account,3693600
nanital BANK,2018,5,Loan Not Paid,347,Salary account,14603472
nanital BANK,2018,11,Loan Not Paid,4081,Salary account,8687952
nanital BANK,2018,11,Loan Not Paid,6609,NRI account,3128112
nanital BANK,2019,2,Client in debt,4995,Salary account,8384220
nanital BANK,2019,2,Client in debt,5735,NRI account,16279200
nanital BANK,2019,2,Loan Not Paid,5066,Savings account,3576048
nanital BANK,2019,2,Loan Not Paid,6400,Salary account,5647824
nanital BANK,2019,3,Client in debt,9017,NRI account,5612544
nanital BANK,2019,4,Client in debt,808,Savings account,14015040
nanital BANK,2019,4,Client in debt,3037,NRI account,8614404
nanital BANK,2019,4,Client in debt,5213,Salary account,21184416
nanital BANK,2019,4,Loan Not Paid,19,Salary account,2028492
nanital BANK,2019,4,Loan Not Paid,7418,Salary account,2452356
Raiffeisen bank,2019,2,Loan Not Paid,5066,Savings account,1972992
Raiffeisen bank,2019,4,Client in debt,3037,NRI account,4446144
Raiffeisen bank,2020,12,Client in debt,4794,Savings account,5120544
Raiffeisen bank,2022,7,Loan Not Paid,2176,Savings account,19141632
Raiffeisen bank,2022,9,Loan Not Paid,7824,NRI account,2086656
Kameron bank,2019,5,Loan Not Paid,4462,NRI account,1063680
Kameron bank,2020,7,Client in debt,8381,Savings account,8007552
Kameron bank,2021,7,Client in debt,4858,NRI account,1340736
Kameron bank,2022,7,Loan Not Paid,6051,NRI account,9683100
Kameron bank,2022,9,Loan Not Paid,8566,Savings account,13813200
Max bank,2018,1,Loan Not Paid,6118,NRI account,8931384
Max bank,2018,11,Loan Not Paid,6609,NRI account,1985148
Max bank,2019,3,Client in debt,9017,NRI account,3708288
Max bank,2020,4,Client in debt,2051,NRI account,4702080
Max bank,2020,11,Client in debt,2335,NRI account,15153600
Max bank,2020,11,Client in debt,10857,Savings account,4241160
Max bank,2020,12,Client in debt,4794,Savings account,9310080
Max bank,2021,3,Client in debt,8225,NRI account,905100
Moneta Money Bank,2018,11,Loan Not Paid,6609,NRI account,2165616
Moneta Money Bank,2020,8,Client in debt,4127,Savings account,2217600
Moneta Money Bank,2020,8,Loan Not Paid,4320,Savings account,564960
Moneta Money Bank,2020,11,Client in debt,2335,NRI account,5412000
Moneta Money Bank,2021,7,Client in debt,4858,NRI account,6033312
Moneta Money Bank,2022,9,Loan Not Paid,7824,NRI account,7587840
PPF Bank,2019,3,Client in debt,9017,NRI account,3006720
PPF Bank,2020,6,Client in debt,9138,NRI account,6261060
PPF Bank,2020,7,Client in debt,8381,Savings account,4671072
DBS BANK,2018,3,Client in debt,1247,NRI account,7975680
DBS BANK,2018,4,Loan Not Paid,1993,Savings account,547200
DBS BANK,2019,4,Client in debt,3037,NRI account,5001912
DBS BANK,2019,8,Client in debt,1583,NRI account,3885120
DBS BANK,2021,9,Loan Not Paid,5428,Savings account,14853240
DBS BANK,2021,12,Loan Not Paid,10266,NRI account,5898672
DBS BANK,2022,5,Loan Not Paid,10131,Savings account,8830908
DBS BANK,2022,7,Loan Not Paid,790,NRI account,13112064
DBS BANK,2022,7,Loan Not Paid,2176,Savings account,25422480
DBS BANK,2022,7,Loan Not Paid,6051,NRI account,21026160
DBS BANK,2022,9,Loan Not Paid,7824,NRI account,1517568
DBS BANK,2022,9,Loan Not Paid,8566,Savings account,12201660
DBS BANK,2022,11,Loan Not Paid,1106,Savings account,9242496
DBS BANK,2022,11,Loan Not Paid,1527,Savings account,10991484
Fio bank,2019,4,Client in debt,808,Savings account,6468480
Fio bank,2019,8,Client in debt,1583,NRI account,9324288
Fio bank,2020,7,Client in debt,8381,Savings account,7673904
Fio bank,2020,8,Client in debt,4127,Savings account,2923200
Hypotecni bank,2019,12,Client in debt,3189,NRI account,4443600
Hypotecni bank,2020,5,Client in debt,3859,NRI account,3072000
Hypotecni bank,2022,11,Loan Not Paid,1106,Savings account,3851040
J&T Bank,2018,2,Client in debt,3678,Savings account,12961740
J&T Bank,2019,2,Loan Not Paid,5066,Savings account,1356432
J&T Bank,2020,8,Client in debt,4127,Savings account,302400
J&T Bank,2020,11,Client in debt,3711,NRI account,4148820
J&T Bank,2020,12,Client in debt,4794,Savings account,9310080
Trinity Bank,2019,2,Loan Not Paid,5066,Savings account,1972992
Trinity Bank,2020,11,Client in debt,2335,NRI account,15694800
Trinity Bank,2020,12,Client in debt,4794,Savings account,9310080
Trinity Bank,2021,12,Loan Not Paid,10266,NRI account,1663728
Trinity Bank,2022,7,Loan Not Paid,2176,Savings account,16748928
Trinity Bank,2022,11,Loan Not Paid,1527,Savings account,5249664
UniCredit Bank,2019,2,Client in debt,5735,NRI account,9011700
UniCredit Bank,2019,8,Client in debt,3084,NRI account,6084288
UniCredit Bank,2020,12,Client in debt,4794,Savings account,9310080
UniCredit Bank,2021,9,Loan Not Paid,5428,Savings account,3145392
UniCredit Bank,2022,7,Loan Not Paid,790,NRI account,8533248
UniCredit Bank,2022,7,Loan Not Paid,2176,Savings account,8374464
UniCredit Bank,2022,9,Loan Not Paid,8566,Savings account,4143960
ADB BANK,2018,2,Client in debt,3678,Savings account,14542440
ADB BANK,2018,3,Client in debt,1247,NRI account,598176
ADB BANK,2021,9,Loan Not Paid,5428,Savings account,8911944
ADB BANK,2021,12,Loan Not Paid,10266,NRI account,2041848
ADB BANK,2022,5,Loan Not Paid,10131,Savings account,1076940
ADB BANK,2022,7,Loan Not Paid,790,NRI account,5411328
ADB BANK,2022,7,Loan Not Paid,2176,Savings account,17347104
ADB BANK,2022,7,Loan Not Paid,6051,NRI account,3596580
ADB BANK,2022,9,Loan Not Paid,8566,Savings account,5755500
ADB BANK,2022,11,Loan Not Paid,1106,Savings account,2118072
ADB BANK,2022,11,Loan Not Paid,1527,Savings account,1148364
Air Bank,2018,3,Client in debt,1247,NRI account,4187232
Air Bank,2019,2,Loan Not Paid,5066,Savings account,2034648
Air Bank,2020,11,Client in debt,2335,NRI account,15694800
Air Bank,2022,5,Loan Not Paid,10131,Savings account,4307760
Bank Creditas,2018,4,Loan Not Paid,1993,Savings account,752400
Bank Creditas,2018,11,Loan Not Paid,6609,NRI account,1564056
Bank Creditas,2020,2,Client in debt,6158,Savings account,2727120
Bank Creditas,2020,6,Client in debt,9138,NRI account,10888800
Bank Creditas,2021,3,Client in debt,8225,NRI account,289632
Bank Creditas,2022,9,Loan Not Paid,7824,NRI account,7398144
Czech export bank,2018,2,Client in debt,9750,NRI account,6827760
Czech export bank,2019,2,Loan Not Paid,5066,Savings account,1972992
Czech export bank,2019,9,Client in debt,2236,Savings account,2510352
Czech export bank,2020,11,Client in debt,2335,NRI account,15153600
Czech export bank,2022,9,Loan Not Paid,8566,Savings account,11971440
DBS BANK,2018,1,Loan Not Paid,6118,NRI account,19216008
DBS BANK,2018,2,Client in debt,3678,Savings account,25607340
DBS BANK,2018,2,Client in debt,9750,NRI account,6676032
Raiffeisen bank,2018,3,Loan Not Paid,11021,Salary account,3717648
Raiffeisen bank,2020,8,Loan Not Paid,1888,Salary account,630960
Raiffeisen bank,2020,10,Client in debt,8085,Salary account,14842800
Raiffeisen bank,2022,5,Loan Not Paid,6473,Salary account,769080
Raiffeisen bank,2022,6,Loan Not Paid,5927,Salary account,5320176
J&T Bank,2022,6,Loan Not Paid,5442,Salary account,1922184
J&T Bank,2022,12,Client in debt,10451,Salary account,28493460
Kameron bank,2019,4,Client in debt,5213,Salary account,12839040
Kameron bank,2020,3,Client in debt,3967,Salary account,1692000
Kameron bank,2020,11,Client in debt,7052,Salary account,767664
Kameron bank,2022,7,Client in debt,426,Salary account,14115360
Max bank,2018,1,Client in debt,3166,Salary account,7998480
Max bank,2018,3,Client in debt,5700,Salary account,3732480
Max bank,2020,4,Client in debt,472,Salary account,3739200
Moneta Money Bank,2018,1,Client in debt,6715,Salary account,6342480
Moneta Money Bank,2020,1,Client in debt,10365,Salary account,7297920
Moneta Money Bank,2020,8,Loan Not Paid,1888,Salary account,1491360
Moneta Money Bank,2020,9,Loan Not Paid,3273,Salary account,850608
Moneta Money Bank,2022,2,Loan Not Paid,8073,Salary account,3057840
Moneta Money Bank,2022,7,Client in debt,426,Salary account,14619480
PPF Bank,2020,4,Client in debt,472,Salary account,5116800
PPF Bank,2020,11,Client in debt,7052,Salary account,1087524
PPF Bank,2021,10,Client in debt,37,Salary account,4458720
PPF Bank,2022,2,Loan Not Paid,8073,Salary account,2909880
PPF Bank,2022,6,Loan Not Paid,5442,Salary account,11358360
DBS BANK,2018,3,Client in debt,5700,Salary account,7257600
DBS BANK,2018,3,Loan Not Paid,11021,Salary account,16898400
DBS BANK,2018,5,Loan Not Paid,347,Salary account,11795112
DBS BANK,2019,2,Client in debt,4995,Salary account,1676844
DBS BANK,2021,7,Loan Not Paid,1787,Salary account,9157620
DBS BANK,2021,12,Loan Not Paid,6034,Salary account,32051880
DBS BANK,2022,2,Loan Not Paid,8073,Salary account,2367360
DBS BANK,2022,5,Loan Not Paid,6473,Salary account,5845008
DBS BANK,2022,6,Loan Not Paid,5442,Salary account,8212968
DBS BANK,2022,6,Loan Not Paid,5927,Salary account,5407392
DBS BANK,2022,7,Client in debt,426,Salary account,20164800
DBS BANK,2022,12,Client in debt,10451,Salary account,40566960
Fio bank,2019,2,Client in debt,4995,Salary account,4256604
Fio bank,2019,2,Loan Not Paid,6400,Salary account,2099832
Fio bank,2019,4,Loan Not Paid,19,Salary account,242208
Fio bank,2019,4,Loan Not Paid,7418,Salary account,242208
Fio bank,2020,2,Client in debt,9052,Salary account,1511496
Fio bank,2021,10,Client in debt,37,Salary account,318480
Fio bank,2022,12,Client in debt,10451,Salary account,28976400
Hypotecni bank,2019,9,Loan Not Paid,9199,Salary account,323928
Hypotecni bank,2020,3,Client in debt,4618,Salary account,1000440
J&T Bank,2018,5,Loan Not Paid,347,Salary account,4118928
J&T Bank,2020,7,Client in debt,442,Salary account,2504880
Trinity Bank,2019,2,Loan Not Paid,6400,Salary account,2099832
Trinity Bank,2020,7,Client in debt,442,Salary account,2504880
Trinity Bank,2021,7,Loan Not Paid,1787,Salary account,385584
Trinity Bank,2022,6,Loan Not Paid,5442,Salary account,10135152
UniCredit Bank,2019,9,Loan Not Paid,9199,Salary account,912888
UniCredit Bank,2020,1,Client in debt,10365,Salary account,7558560
UniCredit Bank,2020,9,Client in debt,6083,Salary account,4330368
UniCredit Bank,2020,9,Client in debt,7966,Salary account,6152640
UniCredit Bank,2020,11,Client in debt,5267,Salary account,1551744
UniCredit Bank,2020,12,Client in debt,103,Salary account,2918520
UniCredit Bank,2021,12,Loan Not Paid,6034,Salary account,22296960
UniCredit Bank,2022,6,Loan Not Paid,5442,Salary account,11707848
UniCredit Bank,2022,7,Client in debt,426,Salary account,12855060
UniCredit Bank,2022,12,Client in debt,10451,Salary account,28493460
ADB BANK,2018,1,Client in debt,3166,Salary account,3732624
ADB BANK,2018,1,Client in debt,6715,Salary account,965160
ADB BANK,2018,3,Client in debt,5700,Salary account,1969920
ADB BANK,2018,3,Loan Not Paid,11021,Salary account,7266312
ADB BANK,2018,5,Loan Not Paid,347,Salary account,561672
ADB BANK,2021,7,Loan Not Paid,1787,Salary account,1638732
ADB BANK,2021,12,Loan Not Paid,6034,Salary account,33909960
ADB BANK,2022,2,Loan Not Paid,8073,Salary account,1479600
ADB BANK,2022,5,Loan Not Paid,6473,Salary account,5229744
ADB BANK,2022,6,Loan Not Paid,5442,Salary account,9436176
ADB BANK,2022,6,Loan Not Paid,5927,Salary account,348864
ADB BANK,2022,7,Client in debt,426,Salary account,1008240
ADB BANK,2022,12,Client in debt,10451,Salary account,8209980
Air Bank,2018,11,Loan Not Paid,4081,Salary account,2344368
Air Bank,2020,1,Client in debt,10365,Salary account,7558560
Air Bank,2020,8,Loan Not Paid,1888,Salary account,1261920
Air Bank,2021,10,Client in debt,37,Salary account,4458720
Air Bank,2022,12,Client in debt,10451,Salary account,21732300
Bank Creditas,2020,6,Client in debt,9633,Salary account,1010616
Bank Creditas,2020,7,Client in debt,442,Salary account,2504880
Bank Creditas,2020,9,Loan Not Paid,3273,Salary account,3402432
Bank Creditas,2020,10,Client in debt,8085,Salary account,2864400
Bank Creditas,2021,1,Client in debt,6075,Salary account,1223856
Czech export bank,2018,1,Client in debt,6715,Salary account,8686440
Czech export bank,2019,2,Loan Not Paid,6400,Salary account,3330768
Czech export bank,2019,4,Client in debt,5213,Salary account,9308304
Czech export bank,2019,4,Loan Not Paid,19,Salary account,1362420
Czech export bank,2019,4,Loan Not Paid,7418,Salary account,1362420
Czech export bank,2020,1,Client in debt,10365,Salary account,13553280
Czech export bank,2020,8,Loan Not Paid,1888,Salary account,2523840
Czech export bank,2021,10,Client in debt,37,Salary account,4458720
Czech export bank,2022,2,Loan Not Paid,8073,Salary account,542520
Czech export bank,2022,6,Loan Not Paid,5927,Salary account,3750288
DBS BANK,2018,1,Client in debt,3166,Salary account,12975312
DBS BANK,2018,1,Client in debt,6715,Salary account,8410680
