ACCOUNT_ID,SUM,COUNT,ACCOUNT_TYPE
4361,524934,5,Savings account
5283,468551,5,Savings account
11317,458521,5,Savings account
11079,417825,5,Savings account
270,416950,5,Savings account
2450,409460,5,Savings account
1519,407238,5,Savings account
8856,401150,5,Savings account
9548,386939,5,Savings account
3507,382782,5,Savings account
3153,364309,5,Savings account
525,360650,5,Savings account
2726,351832,5,Savings account
839,349651,5,Savings account
2547,348708,5,Savings account
4195,346598,5,Savings account
3163,344662,5,Savings account
255,338995,5,Savings account
10297,337529,5,Savings account
4283,336880,5,Savings account
189,335058,5,Savings account
4009,334891,5,Savings account
3230,329071,5,Savings account
3167,325424,5,Savings account
10001,322697,5,Savings account
1029,320687,5,Savings account
10493,319021,5,Savings account
452,316999,5,Savings account
4851,314589,5,Savings account
804,312449,5,Savings account
1581,312391,5,Savings account
7795,311365,5,Savings account
2729,310547,5,Savings account
1482,307336,5,Savings account
3770,305381,5,Savings account
3071,301969,5,Savings account
3233,301747,5,Savings account
1461,301706,5,Savings account
974,300952,5,Savings account
2517,300689,5,Savings account
3725,298312,5,Savings account
679,298131,5,Savings account
618,295683,5,Savings account
1003,294791,5,Savings account
7907,294227,5,Savings account
11138,292769,5,Savings account
2831,292511,5,Savings account
10963,287668,5,Savings account
1611,287036,5,Savings account
2624,286230,5,Savings account
458,282209,5,Savings account
5794,280725,5,Savings account
4276,279709,5,Savings account
4416,279617,5,Savings account
1324,278748,5,Savings account
3235,275083,5,Savings account
3307,274698,5,Savings account
8094,274595,5,Savings account
108,272979,5,Savings account
3249,271647,5,Savings account
3238,270374,5,Savings account
8547,268850,5,Savings account
1427,268587,5,Savings account
1800,268318,5,Savings account
716,268312,5,Savings account
2628,267744,5,Savings account
2026,266064,5,Savings account
4368,265101,5,Savings account
6985,264275,5,Savings account
3865,264246,5,Savings account
1113,263960,5,Savings account
3942,263177,5,Savings account
1798,262816,5,Savings account
1876,261515,5,Savings account
2530,261178,5,Savings account
6649,260875,5,Savings account
6950,258817,5,Savings account
1870,258222,5,Savings account
158,257503,5,Savings account
1342,256237,5,Savings account
9192,255779,5,Savings account
57,255484,5,Savings account
7636,253640,5,Savings account
2278,252123,5,Savings account
675,250885,5,Savings account
1727,249980,5,Savings account
2424,249481,5,Savings account
741,248530,5,Savings account
303,248482,5,Savings account
3111,244759,5,Savings account
2905,244276,5,Savings account
3772,242400,5,Savings account
785,241758,5,Savings account
1348,239898,5,Savings account
48,238946,5,Savings account
5269,238850,5,Savings account
878,238396,5,Savings account
2280,236934,5,Savings account
2953,235282,5,Savings account
2446,234473,5,Savings account
6397,233194,5,Savings account
6686,233022,5,Savings account
2310,231534,5,Savings account
3534,230410,5,Savings account
3947,230385,5,Savings account
52,230201,5,Savings account
1450,228659,5,Savings account
2652,227676,5,Savings account
2890,226093,5,Savings account
2069,226081,5,Savings account
853,222585,5,Savings account
3887,222580,5,Savings account
1360,222074,5,Savings account
1104,221889,5,Savings account
877,221251,5,Savings account
1556,219723,5,Savings account
9153,217562,5,Savings account
3366,214817,5,Savings account
798,213571,5,Savings account
1647,212412,5,Savings account
898,211247,5,Savings account
1560,210480,5,Savings account
2210,209269,5,Savings account
440,208726,5,Savings account
3137,207933,5,Savings account
2914,207193,5,Savings account
964,206031,5,Savings account
2615,204628,5,Savings account
2959,203805,5,Savings account
1663,202762,5,Savings account
2390,202722,5,Savings account
1793,202688,5,Savings account
1421,202335,5,Savings account
260,201994,5,Savings account
2936,201769,5,Savings account
1124,200506,5,Savings account
2399,200238,5,Savings account
2622,198884,5,Savings account
1906,198411,5,Savings account
2441,195571,5,Savings account
692,192368,5,Savings account
3329,191389,5,Savings account
3179,190753,5,Savings account
2499,189128,5,Savings account
120,189065,5,Savings account
1555,188439,5,Savings account
2716,187776,5,Savings account
249,187533,5,Savings account
1627,187526,5,Savings account
3362,185784,5,Savings account
7713,183608,5,Savings account
2059,182530,5,Savings account
581,181924,5,Savings account
6495,180978,5,Savings account
2916,180390,5,Savings account
1395,179287,5,Savings account
622,179184,5,Savings account
2235,177980,5,Savings account
3626,177897,5,Savings account
1638,177585,5,Savings account
1383,175814,5,Savings account
5742,175479,5,Savings account
2394,175441,5,Savings account
1557,174832,5,Savings account
276,174796,5,Savings account
2143,172934,5,Savings account
377,171027,5,Savings account
4082,170701,5,Savings account
3997,169383,5,Savings account
3784,168943,5,Savings account
749,168391,5,Savings account
9031,168353,5,Savings account
1398,166869,5,Savings account
1821,166652,5,Savings account
10361,165963,5,Savings account
3266,165919,5,Savings account
131,164289,5,Savings account
2309,163296,5,Savings account
2258,162349,5,Savings account
560,159817,5,Savings account
6138,158049,5,Savings account
9024,158017,5,Savings account
2165,156917,5,Savings account
1327,154196,5,Savings account
2608,151698,5,Savings account
2610,150809,5,Savings account
2358,148536,5,Savings account
1659,148088,5,Savings account
1187,147892,5,Savings account
3120,146839,5,Savings account
4981,146336,5,Savings account
2961,145159,5,Savings account
3881,142583,5,Savings account
1403,142544,5,Savings account
1728,141844,5,Savings account
2723,140689,5,Savings account
2212,138209,5,Savings account
4328,136894,5,Savings account
3797,135525,5,Savings account
788,133928,5,Savings account
658,133790,5,Savings account
283,133507,5,Savings account
1351,132420,5,Savings account
1716,132351,5,Savings account
827,132229,5,Savings account
958,131304,5,Savings account
2264,130178,5,Savings account
2064,129743,5,Savings account
3021,129616,5,Savings account
113,129253,5,Savings account
3338,127363,5,Savings account
3783,126734,5,Savings account
2468,126515,5,Savings account
2166,125864,5,Savings account
500,125795,5,Savings account
1308,124729,5,Savings account
986,124486,5,Savings account
870,124279,5,Savings account
808,124236,5,Savings account
829,123723,5,Savings account
2205,123589,5,Savings account
2006,122966,5,Savings account
2090,122805,5,Savings account
155,121861,5,Savings account
1799,119166,5,Savings account
2675,119083,5,Savings account
571,119004,5,Savings account
2919,118384,5,Savings account
1503,117778,5,Savings account
3726,117205,5,Savings account
3312,116917,5,Savings account
2821,116841,5,Savings account
3015,116760,5,Savings account
3256,116603,5,Savings account
1296,116294,5,Savings account
2114,115170,5,Savings account
88,115103,5,Savings account
2085,114409,5,Savings account
1213,113750,5,Savings account
1582,113051,5,Savings account
951,112639,5,Savings account
2106,112138,5,Savings account
926,110456,5,Savings account
720,109961,5,Savings account
792,109805,5,Savings account
451,109529,5,Savings account
2893,109116,5,Savings account
3027,107785,5,Savings account
740,106005,5,Savings account
3365,105911,5,Savings account
753,105905,5,Savings account
199,105724,5,Savings account
2317,105598,5,Savings account
3442,104466,5,Savings account
3452,103590,5,Savings account
2469,103227,5,Savings account
1125,101155,5,Savings account
3832,100974,5,Savings account
1081,99440,5,Savings account
2347,96217,5,Savings account
325,96108,5,Savings account
2362,95800,5,Savings account
1473,92792,5,Savings account
2042,92618,5,Savings account
669,92526,5,Savings account
2945,92157,5,Savings account
2757,91322,5,Savings account
920,90486,5,Savings account
843,90373,5,Savings account
895,89681,5,Savings account
3802,89335,5,Savings account
1521,89068,5,Savings account
1631,89014,5,Savings account
1045,87491,5,Savings account
2578,87170,5,Savings account
3908,87071,5,Savings account
602,86676,5,Savings account
2225,85720,5,Savings account
2372,85517,5,Savings account
2045,85056,5,Savings account
1258,84826,5,Savings account
612,84614,5,Savings account
2952,83742,5,Savings account
3515,83162,5,Savings account
296,82552,5,Savings account
350,81919,5,Savings account
528,81773,5,Savings account
2686,81599,5,Savings account
3046,80763,5,Savings account
1964,80339,5,Savings account
3543,79696,5,Savings account
410,79320,5,Savings account
2978,79022,5,Savings account
434,79013,5,Savings account
3676,78405,5,Savings account
2366,77466,5,Savings account
684,77209,5,Savings account
3121,77128,5,Savings account
1082,76951,5,Savings account
2339,76910,5,Savings account
2946,76638,5,Savings account
852,75355,5,Savings account
2688,75298,5,Savings account
1233,75000,5,Savings account
2094,74216,5,Savings account
20,72558,5,Savings account
2636,70452,5,Savings account
3454,68951,5,Savings account
2290,68587,5,Savings account
3530,68395,5,Savings account
546,67711,5,Savings account
1738,67680,5,Savings account
550,66981,5,Savings account
2349,66130,5,Savings account
3097,64226,5,Savings account
3984,63844,5,Savings account
3393,61899,5,Savings account
3347,61296,5,Savings account
2236,48808,5,Savings account
4356,33960,5,Savings account
1910,445010,5,NRI account
10807,408405,5,NRI account
1151,402775,5,NRI account
3455,396121,5,NRI account
3614,395123,5,NRI account
10650,388882,5,NRI account
1237,387193,5,NRI account
2003,386210,5,NRI account
1614,385636,5,NRI account
3672,380151,5,NRI account
990,376325,5,NRI account
596,373725,5,NRI account
1160,373215,5,NRI account
8523,365898,5,NRI account
904,364012,5,NRI account
2514,363563,5,NRI account
3638,360414,5,NRI account
7733,360380,5,NRI account
1777,358500,5,NRI account
2725,349095,5,NRI account
3659,348947,5,NRI account
3051,348300,5,NRI account
501,346069,5,NRI account
1261,342908,5,NRI account
468,342693,5,NRI account
10679,336977,5,NRI account
1567,333768,5,NRI account
3702,331196,5,NRI account
6289,327100,5,NRI account
3503,324672,5,NRI account
7637,323679,5,NRI account
329,320186,5,NRI account
9673,314258,5,NRI account
8038,312069,5,NRI account
388,311423,5,NRI account
1700,308644,5,NRI account
2178,308354,5,NRI account
1951,305556,5,NRI account
660,302719,5,NRI account
2301,299645,5,NRI account
3782,299453,5,NRI account
1681,299451,5,NRI account
4346,297815,5,NRI account
3807,296023,5,NRI account
3437,295012,5,NRI account
1913,290153,5,NRI account
277,289681,5,NRI account
1486,287185,5,NRI account
3074,286384,5,NRI account
3839,284316,5,NRI account
3270,284101,5,NRI account
3421,284001,5,NRI account
5593,282771,5,NRI account
2386,281514,5,NRI account
11382,280892,5,NRI account
10644,279552,5,NRI account
2731,278232,5,NRI account
1350,274826,5,NRI account
429,274551,5,NRI account
2910,273682,5,NRI account
1170,271825,5,NRI account
169,271210,5,NRI account
2074,268890,5,NRI account
5477,268166,5,NRI account
1742,266845,5,NRI account
2957,266143,5,NRI account
1725,265471,5,NRI account
82,265033,5,NRI account
271,264471,5,NRI account
9235,262124,5,NRI account
1778,261925,5,NRI account
1223,260755,5,NRI account
1698,260480,5,NRI account
5357,258837,5,NRI account
4631,258581,5,NRI account
6265,258423,5,NRI account
3795,256831,5,NRI account
649,254040,5,NRI account
3998,251413,5,NRI account
1640,251233,5,NRI account
493,250441,5,NRI account
4293,249725,5,NRI account
1594,249523,5,NRI account
72,246951,5,NRI account
1655,246545,5,NRI account
1369,246386,5,NRI account
2051,245604,5,NRI account
1971,245387,5,NRI account
2602,243848,5,NRI account
1444,241291,5,NRI account
709,239623,5,NRI account
1863,238897,5,NRI account
2254,238812,5,NRI account
7176,238626,5,NRI account
2559,236312,5,NRI account
5735,235004,5,NRI account
418,234977,5,NRI account
213,234459,5,NRI account
621,234012,5,NRI account
1042,233940,5,NRI account
392,229619,5,NRI account
9504,228725,5,NRI account
376,228455,5,NRI account
4503,220884,5,NRI account
1257,220159,5,NRI account
1987,219810,5,NRI account
1251,219280,5,NRI account
761,219002,5,NRI account
3894,217385,5,NRI account
3143,215310,5,NRI account
3,214196,5,NRI account
248,210865,5,NRI account
2206,208793,5,NRI account
3445,206781,5,NRI account
1511,206387,5,NRI account
2944,205890,5,NRI account
2563,204879,5,NRI account
1674,204284,5,NRI account
625,204167,5,NRI account
578,202509,5,NRI account
617,202328,5,NRI account
2532,201857,5,NRI account
393,200408,5,NRI account
2836,200381,5,NRI account
1622,200009,5,NRI account
2990,199398,5,NRI account
1164,199395,5,NRI account
9677,198777,5,NRI account
252,198217,5,NRI account
3520,198096,5,NRI account
3462,197987,5,NRI account
5001,197443,5,NRI account
2333,195738,5,NRI account
137,195529,5,NRI account
1759,195104,5,NRI account
2680,193026,5,NRI account
2720,191242,5,NRI account
3886,189508,5,NRI account
3811,189122,5,NRI account
1577,187209,5,NRI account
4071,185905,5,NRI account
8225,184770,5,NRI account
3946,184481,5,NRI account
1832,183801,5,NRI account
2792,181689,5,NRI account
2400,180275,5,NRI account
2922,180110,5,NRI account
3880,179345,5,NRI account
771,178879,5,NRI account
3827,177719,5,NRI account
1878,175955,5,NRI account
1135,175840,5,NRI account
631,174866,5,NRI account
1046,174686,5,NRI account
3539,173196,5,NRI account
7618,173192,5,NRI account
2440,173172,5,NRI account
1504,172822,5,NRI account
694,171119,5,NRI account
2734,170919,5,NRI account
3036,170778,5,NRI account
3531,168594,5,NRI account
2102,168301,5,NRI account
549,167943,5,NRI account
2454,167559,5,NRI account
3373,166905,5,NRI account
2553,166525,5,NRI account
2801,166396,5,NRI account
1259,165305,5,NRI account
1370,163452,5,NRI account
3588,162144,5,NRI account
2746,162143,5,NRI account
10019,158532,5,NRI account
4383,158424,5,NRI account
867,158194,5,NRI account
121,157296,5,NRI account
676,157263,5,NRI account
3838,156931,5,NRI account
431,156731,5,NRI account
9138,156540,5,NRI account
2947,155828,5,NRI account
2325,155494,5,NRI account
454,154948,5,NRI account
2607,153414,5,NRI account
968,153060,5,NRI account
2692,149658,5,NRI account
2116,148027,5,NRI account
6321,145638,5,NRI account
3189,144733,5,NRI account
2046,142888,5,NRI account
9494,142031,5,NRI account
3817,141575,5,NRI account
2491,141101,5,NRI account
5317,139872,5,NRI account
1092,139530,5,NRI account
918,138987,5,NRI account
3247,138784,5,NRI account
3976,138700,5,NRI account
2012,138261,5,NRI account
2226,136782,5,NRI account
3769,135251,5,NRI account
4329,134854,5,NRI account
3774,134638,5,NRI account
2721,134088,5,NRI account
194,133642,5,NRI account
1785,133513,5,NRI account
1558,132990,5,NRI account
1596,130018,5,NRI account
923,129823,5,NRI account
2604,129545,5,NRI account
3109,128689,5,NRI account
1078,128087,5,NRI account
2591,126652,5,NRI account
1195,126502,5,NRI account
599,125499,5,NRI account
1275,125025,5,NRI account
1744,124996,5,NRI account
3335,124866,5,NRI account
8919,123236,5,NRI account
136,122838,5,NRI account
833,121749,5,NRI account
3285,120952,5,NRI account
1501,120479,5,NRI account
3991,118869,5,NRI account
729,117888,5,NRI account
2575,115804,5,NRI account
326,115397,5,NRI account
3973,114790,5,NRI account
1301,114765,5,NRI account
735,114742,5,NRI account
2685,114658,5,NRI account
375,114401,5,NRI account
3731,113931,5,NRI account
3624,113458,5,NRI account
3009,113005,5,NRI account
3522,112703,5,NRI account
508,111859,5,NRI account
54,111307,5,NRI account
1460,110688,5,NRI account
1609,110596,5,NRI account
204,110379,5,NRI account
3893,109594,5,NRI account
3040,109274,5,NRI account
3022,108921,5,NRI account
536,107167,5,NRI account
3202,107069,5,NRI account
1855,107047,5,NRI account
1002,106227,5,NRI account
3443,105337,5,NRI account
1921,105122,5,NRI account
1013,104850,5,NRI account
1181,104684,5,NRI account
3673,104518,5,NRI account
3158,104053,5,NRI account
687,102681,5,NRI account
865,101733,5,NRI account
664,101084,5,NRI account
2043,101060,5,NRI account
79,98989,5,NRI account
3005,98751,5,NRI account
809,98187,5,NRI account
3904,97961,5,NRI account
265,97284,5,NRI account
55,96745,5,NRI account
2820,96474,5,NRI account
3175,96459,5,NRI account
3943,95120,5,NRI account
1899,94434,5,NRI account
9227,94009,5,NRI account
1155,93912,5,NRI account
2016,93458,5,NRI account
3236,93325,5,NRI account
3916,92687,5,NRI account
2291,92204,5,NRI account
3932,91384,5,NRI account
1530,90879,5,NRI account
1439,90730,5,NRI account
1525,90247,5,NRI account
2621,89732,5,NRI account
3172,89566,5,NRI account
328,89110,5,NRI account
3271,89057,5,NRI account
1954,89004,5,NRI account
2719,88634,5,NRI account
1474,88024,5,NRI account
2526,87398,5,NRI account
342,87283,5,NRI account
174,86021,5,NRI account
143,85311,5,NRI account
413,83618,5,NRI account
637,82391,5,NRI account
2672,80360,5,NRI account
3291,80328,5,NRI account
3438,80135,5,NRI account
1459,80104,5,NRI account
2448,79972,5,NRI account
3203,79741,5,NRI account
3033,79537,5,NRI account
1685,78210,5,NRI account
584,77952,5,NRI account
2180,76700,5,NRI account
450,75678,5,NRI account
459,75500,5,NRI account
405,73929,5,NRI account
2869,72583,5,NRI account
3549,72219,5,NRI account
2076,71029,5,NRI account
975,69308,5,NRI account
935,69059,5,NRI account
305,68848,5,NRI account
1517,66990,5,NRI account
4462,65949,5,NRI account
2221,65176,5,NRI account
2442,63152,5,NRI account
2115,56774,5,NRI account
713,50215,5,NRI account
2260,46576,5,NRI account
1176,44480,5,NRI account
4342,437727,5,Salary account
3151,409952,5,Salary account
463,400832,5,Salary account
2977,398727,5,Salary account
2681,397164,5,Salary account
10445,388971,5,Salary account
3914,386254,5,Salary account
200,364441,5,Salary account
2195,361392,5,Salary account
1446,361317,5,Salary account
3227,359798,5,Salary account
7045,357662,5,Salary account
7180,349835,5,Salary account
2796,346558,5,Salary account
665,345989,5,Salary account
2279,342925,5,Salary account
10280,342238,5,Salary account
1646,340604,5,Salary account
4253,336373,5,Salary account
1380,336308,5,Salary account
1634,335698,5,Salary account
521,333796,5,Salary account
472,331793,5,Salary account
2889,329082,5,Salary account
1718,325102,5,Salary account
1374,319559,5,Salary account
1757,310627,5,Salary account
3776,309294,5,Salary account
2323,309246,5,Salary account
2521,308291,5,Salary account
3330,308039,5,Salary account
3253,306472,5,Salary account
2355,305564,5,Salary account
101,303980,5,Salary account
3206,298593,5,Salary account
3956,297342,5,Salary account
1526,295965,5,Salary account
9814,294960,5,Salary account
1365,292877,5,Salary account
7990,290044,5,Salary account
1756,288436,5,Salary account
420,286291,5,Salary account
2159,285641,5,Salary account
3058,281376,5,Salary account
1924,273783,5,Salary account
795,271509,5,Salary account
969,268991,5,Salary account
4150,268672,5,Salary account
487,268140,5,Salary account
3750,267883,5,Salary account
3836,264773,5,Salary account
363,261066,5,Salary account
84,260948,5,Salary account
5305,256918,5,Salary account
3059,255725,5,Salary account
2067,253586,5,Salary account
10520,250695,5,Salary account
1847,249335,5,Salary account
4585,248661,5,Salary account
6872,247606,5,Salary account
1109,244977,5,Salary account
1763,244873,5,Salary account
1022,244072,5,Salary account
2516,241145,5,Salary account
3192,240993,5,Salary account
3453,238756,5,Salary account
11096,238599,5,Salary account
1483,238566,5,Salary account
2408,238460,5,Salary account
9037,236881,5,Salary account
1895,236465,5,Salary account
8533,236131,5,Salary account
2863,235950,5,Salary account
2973,235753,5,Salary account
11069,233772,5,Salary account
8320,233591,5,Salary account
911,232337,5,Salary account
1948,231823,5,Salary account
2998,231518,5,Salary account
2866,230753,5,Salary account
7632,229392,5,Salary account
2209,228101,5,Salary account
3874,228094,5,Salary account
7894,227972,5,Salary account
3963,226740,5,Salary account
11333,226020,5,Salary account
1836,225539,5,Salary account
1388,224492,5,Salary account
2028,223794,5,Salary account
336,223738,5,Salary account
917,222219,5,Salary account
3940,221995,5,Salary account
2483,220869,5,Salary account
3485,219237,5,Salary account
4519,217537,5,Salary account
1911,216095,5,Salary account
1319,215755,5,Salary account
1810,215747,5,Salary account
7890,214355,5,Salary account
3186,213661,5,Salary account
10652,213167,5,Salary account
2430,210517,5,Salary account
908,210036,5,Salary account
257,209412,5,Salary account
3921,208358,5,Salary account
2924,206679,5,Salary account
6511,205560,5,Salary account
3826,203014,5,Salary account
3556,202766,5,Salary account
1656,202639,5,Salary account
558,202103,5,Salary account
3758,201397,5,Salary account
980,201071,5,Salary account
1737,198432,5,Salary account
7262,198297,5,Salary account
880,198282,5,Salary account
2740,198095,5,Salary account
836,197694,5,Salary account
2119,197401,5,Salary account
70,194841,5,Salary account
4144,194631,5,Salary account
2371,194148,5,Salary account
3559,194022,5,Salary account
2243,193890,5,Salary account
3180,190933,5,Salary account
3845,189059,5,Salary account
896,188099,5,Salary account
1405,186803,5,Salary account
2107,185760,5,Salary account
5817,184133,5,Salary account
891,183212,5,Salary account
2808,179747,5,Salary account
3736,178530,5,Salary account
3276,178030,5,Salary account
2646,175892,5,Salary account
2281,174980,5,Salary account
6157,173023,5,Salary account
1265,171667,5,Salary account
3645,170279,5,Salary account
2432,169171,5,Salary account
3930,169168,5,Salary account
725,168531,5,Salary account
2233,167899,5,Salary account
4033,164934,5,Salary account
763,164707,5,Salary account
3280,159911,5,Salary account
2185,158926,5,Salary account
1880,158185,5,Salary account
2230,157202,5,Salary account
3463,157010,5,Salary account
206,156860,5,Salary account
2856,155672,5,Salary account
3392,153835,5,Salary account
516,152920,5,Salary account
9052,152498,5,Salary account
2397,152066,5,Salary account
3351,151537,5,Salary account
4467,150207,5,Salary account
455,149225,5,Salary account
1788,148993,5,Salary account
3585,148837,5,Salary account
75,148774,5,Salary account
1986,148597,5,Salary account
3895,147691,5,Salary account
2603,145181,5,Salary account
3710,144437,5,Salary account
2505,142805,5,Salary account
335,141257,5,Salary account
332,140266,5,Salary account
1901,138931,5,Salary account
580,138255,5,Salary account
3498,137316,5,Salary account
9631,137159,5,Salary account
2015,132824,5,Salary account
932,132582,5,Salary account
24,132254,5,Salary account
3854,132026,5,Salary account
5290,131790,5,Salary account
1390,130532,5,Salary account
3661,129788,5,Salary account
1702,129445,5,Salary account
2157,128377,5,Salary account
217,127348,5,Salary account
9424,127261,5,Salary account
8085,127152,5,Salary account
3254,125776,5,Salary account
822,124033,5,Salary account
114,123404,5,Salary account
997,123144,5,Salary account
3924,121011,5,Salary account
569,120280,5,Salary account
3643,119600,5,Salary account
2730,117759,5,Salary account
3989,116303,5,Salary account
302,115370,5,Salary account
3966,114260,5,Salary account
1514,114223,5,Salary account
313,113463,5,Salary account
2743,111330,5,Salary account
3148,108522,5,Salary account
2717,105384,5,Salary account
1185,104815,5,Salary account
2066,104533,5,Salary account
2439,104157,5,Salary account
3029,103458,5,Salary account
3557,103175,5,Salary account
3119,103087,5,Salary account
3525,102918,5,Salary account
2473,102897,5,Salary account
1542,102846,5,Salary account
166,102835,5,Salary account
3537,102627,5,Salary account
888,102303,5,Salary account
3721,102161,5,Salary account
1492,101259,5,Salary account
2387,100308,5,Salary account
2955,99468,5,Salary account
2348,98294,5,Salary account
2017,97716,5,Salary account
171,97071,5,Salary account
832,95817,5,Salary account
1021,94046,5,Salary account
2567,91646,5,Salary account
3144,90531,5,Salary account
2105,88385,5,Salary account
2658,88032,5,Salary account
2420,87907,5,Salary account
1859,87728,5,Salary account
1774,86632,5,Salary account
9199,86076,5,Salary account
3635,85815,5,Salary account
734,85805,5,Salary account
2805,85527,5,Salary account
224,85271,5,Salary account
3800,84721,5,Salary account
794,83697,5,Salary account
806,82036,5,Salary account
2223,79632,5,Salary account
1346,79498,5,Salary account
1055,79145,5,Salary account
178,78568,5,Salary account
3409,77514,5,Salary account
1823,77411,5,Salary account
3043,76004,5,Salary account
98,70741,5,Salary account
714,70031,5,Salary account
3856,68289,5,Salary account
3232,67579,5,Salary account
831,65854,5,Salary account
1377,64711,5,Salary account
2373,64322,5,Salary account
4081,62668,5,Salary account
3560,56991,5,Salary account
124,55517,5,Salary account
1347,52697,5,Salary account
1318,51301,5,Salary account
442,46360,5,Salary account
3746,353348,4,Savings account
2004,341580,4,Savings account
10065,339198,4,Savings account
3953,333920,4,Savings account
893,333891,4,Savings account
1869,330206,4,Savings account
2885,328181,4,Savings account
4456,307691,4,Savings account
1067,306931,4,Savings account
1408,306503,4,Savings account
3664,306415,4,Savings account
6922,300782,4,Savings account
1058,298136,4,Savings account
1867,289175,4,Savings account
1500,286343,4,Savings account
2080,285269,4,Savings account
1654,284110,4,Savings account
1452,279114,4,Savings account
4375,276807,4,Savings account
2111,274844,4,Savings account
2775,274266,4,Savings account
3389,272429,4,Savings account
1036,271031,4,Savings account
3116,270191,4,Savings account
3562,269464,4,Savings account
3766,269105,4,Savings account
3315,261893,4,Savings account
2640,260278,4,Savings account
447,257362,4,Savings account
1112,256192,4,Savings account
253,254782,4,Savings account
1532,253927,4,Savings account
10148,253263,4,Savings account
32,251642,4,Savings account
4949,248932,4,Savings account
1709,246859,4,Savings account
2724,242236,4,Savings account
3694,238164,4,Savings account
603,238004,4,Savings account
6910,230107,4,Savings account
1900,227729,4,Savings account
3322,226896,4,Savings account
1344,226402,4,Savings account
4349,225642,4,Savings account
840,224776,4,Savings account
3495,224372,4,Savings account
871,221832,4,Savings account
116,219714,4,Savings account
1396,218786,4,Savings account
2816,218607,4,Savings account
256,218549,4,Savings account
145,216048,4,Savings account
1907,213951,4,Savings account
4047,212620,4,Savings account
3088,212598,4,Savings account
4994,212440,4,Savings account
858,211001,4,Savings account
1328,209972,4,Savings account
819,208764,4,Savings account
4268,208346,4,Savings account
1857,205512,4,Savings account
1672,204599,4,Savings account
1208,204570,4,Savings account
2950,202801,4,Savings account
739,200647,4,Savings account
2600,199314,4,Savings account
133,199086,4,Savings account
4715,197726,4,Savings account
1817,196270,4,Savings account
803,196131,4,Savings account
2232,195711,4,Savings account
3128,194040,4,Savings account
3591,193837,4,Savings account
3294,193396,4,Savings account
1528,192053,4,Savings account
6461,191165,4,Savings account
2048,189600,4,Savings account
2870,189211,4,Savings account
3418,188365,4,Savings account
6061,188024,4,Savings account
987,187811,4,Savings account
1996,184018,4,Savings account
8688,183822,4,Savings account
994,182252,4,Savings account
1776,181408,4,Savings account
2963,180897,4,Savings account
1660,179946,4,Savings account
2811,179296,4,Savings account
5661,179122,4,Savings account
1916,178096,4,Savings account
2593,176797,4,Savings account
1549,176779,4,Savings account
568,176695,4,Savings account
2413,176024,4,Savings account
430,175588,4,Savings account
282,175065,4,Savings account
3789,173265,4,Savings account
3590,172388,4,Savings account
268,171233,4,Savings account
2033,169994,4,Savings account
1739,169760,4,Savings account
850,167954,4,Savings account
9510,166520,4,Savings account
1791,166270,4,Savings account
2319,164242,4,Savings account
824,163386,4,Savings account
3690,163199,4,Savings account
3016,162826,4,Savings account
2041,161938,4,Savings account
284,161905,4,Savings account
2071,161373,4,Savings account
2077,160350,4,Savings account
3349,160332,4,Savings account
526,157724,4,Savings account
3540,156933,4,Savings account
181,156603,4,Savings account
732,156579,4,Savings account
1480,156498,4,Savings account
2395,156466,4,Savings account
10774,155792,4,Savings account
1130,155275,4,Savings account
2275,155093,4,Savings account
1692,153788,4,Savings account
5181,153419,4,Savings account
1260,153350,4,Savings account
3321,153236,4,Savings account
2540,150562,4,Savings account
3665,149607,4,Savings account
2289,149200,4,Savings account
3996,147197,4,Savings account
1508,146985,4,Savings account
3422,146970,4,Savings account
10018,146141,4,Savings account
1102,145553,4,Savings account
3451,144418,4,Savings account
1650,143299,4,Savings account
3532,141860,4,Savings account
9730,137132,4,Savings account
2509,136676,4,Savings account
3706,136618,4,Savings account
3979,135893,4,Savings account
4263,134866,4,Savings account
210,134145,4,Savings account
3553,133889,4,Savings account
910,132302,4,Savings account
825,131910,4,Savings account
2674,131701,4,Savings account
77,130042,4,Savings account
2533,129996,4,Savings account
2605,129639,4,Savings account
399,129197,4,Savings account
6158,129127,4,Savings account
157,128972,4,Savings account
4803,128552,4,Savings account
760,126184,4,Savings account
971,125751,4,Savings account
4538,124962,4,Savings account
3239,124201,4,Savings account
2065,122494,4,Savings account
3085,122144,4,Savings account
2173,121881,4,Savings account
1010,121574,4,Savings account
1393,120397,4,Savings account
1447,119329,4,Savings account
2560,118323,4,Savings account
1712,118000,4,Savings account
2969,116900,4,Savings account
5,115547,4,Savings account
2631,114129,4,Savings account
2522,111938,4,Savings account
2455,111767,4,Savings account
3732,111750,4,Savings account
586,109671,4,Savings account
962,108916,4,Savings account
1995,107789,4,Savings account
800,107495,4,Savings account
646,106982,4,Savings account
2690,106967,4,Savings account
1551,106627,4,Savings account
8645,106595,4,Savings account
2060,106474,4,Savings account
2531,105325,4,Savings account
3093,104334,4,Savings account
3773,104180,4,Savings account
258,103996,4,Savings account
2135,102662,4,Savings account
2964,101552,4,Savings account
8998,101192,4,Savings account
3350,101138,4,Savings account
703,101124,4,Savings account
3937,101073,4,Savings account
364,101073,4,Savings account
2657,100684,4,Savings account
3023,100268,4,Savings account
2422,100183,4,Savings account
2500,100124,4,Savings account
934,99718,4,Savings account
10345,99096,4,Savings account
2416,97882,4,Savings account
938,97016,4,Savings account
2452,96639,4,Savings account
2774,96114,4,Savings account
2502,94293,4,Savings account
12,93722,4,Savings account
3281,93711,4,Savings account
570,91284,4,Savings account
3652,90104,4,Savings account
2459,89490,4,Savings account
4439,88081,4,Savings account
4320,87975,4,Savings account
3067,87843,4,Savings account
4589,86669,4,Savings account
2196,86497,4,Savings account
1881,86036,4,Savings account
7745,85347,4,Savings account
3639,85021,4,Savings account
4273,84197,4,Savings account
1434,84048,4,Savings account
323,83102,4,Savings account
1724,82131,4,Savings account
3140,82102,4,Savings account
3174,82018,4,Savings account
1974,81412,4,Savings account
1860,80455,4,Savings account
5164,80288,4,Savings account
3211,79017,4,Savings account
6927,78060,4,Savings account
682,76669,4,Savings account
3952,76290,4,Savings account
1669,75358,4,Savings account
2761,74163,4,Savings account
1271,73972,4,Savings account
129,73332,4,Savings account
591,73264,4,Savings account
2152,70190,4,Savings account
3125,69301,4,Savings account
3169,68845,4,Savings account
3568,68284,4,Savings account
547,68206,4,Savings account
2208,67764,4,Savings account
2565,67555,4,Savings account
2558,67061,4,Savings account
292,66031,4,Savings account
2481,65100,4,Savings account
3910,65078,4,Savings account
3574,64336,4,Savings account
3889,63998,4,Savings account
2049,63287,4,Savings account
2492,62626,4,Savings account
799,62505,4,Savings account
214,60969,4,Savings account
3062,59066,4,Savings account
2703,57718,4,Savings account
3846,57390,4,Savings account
3961,56023,4,Savings account
2614,55829,4,Savings account
3139,55438,4,Savings account
2850,55424,4,Savings account
1573,54261,4,Savings account
2791,54115,4,Savings account
156,46866,4,Savings account
2979,46827,4,Savings account
1932,44630,4,Savings account
2556,43946,4,Savings account
2937,42543,4,Savings account
2776,39778,4,Savings account
2055,39305,4,Savings account
10857,36106,4,Savings account
5429,17330,4,Savings account
4533,374728,4,NRI account
1963,358512,4,NRI account
285,317931,4,NRI account
2930,307870,4,NRI account
2187,304211,4,NRI account
4052,298418,4,NRI account
10134,295922,4,NRI account
10436,294916,4,NRI account
4784,292991,4,NRI account
2288,292150,4,NRI account
2635,290942,4,NRI account
1289,289893,4,NRI account
3875,287070,4,NRI account
3427,286682,4,NRI account
11328,286607,4,NRI account
2263,282735,4,NRI account
606,282444,4,NRI account
3957,281968,4,NRI account
4354,277662,4,NRI account
2164,275441,4,NRI account
846,273661,4,NRI account
1935,270604,4,NRI account
1253,265124,4,NRI account
9225,264893,4,NRI account
2445,260031,4,NRI account
2653,258390,4,NRI account
7049,258247,4,NRI account
3154,257889,4,NRI account
1598,256356,4,NRI account
3502,253253,4,NRI account
3755,251846,4,NRI account
3468,251716,4,NRI account
766,250456,4,NRI account
2034,249868,4,NRI account
291,248391,4,NRI account
2337,246219,4,NRI account
1538,245565,4,NRI account
3300,244934,4,NRI account
4858,244773,4,NRI account
3899,237504,4,NRI account
2650,237452,4,NRI account
3303,237263,4,NRI account
4258,235938,4,NRI account
2409,235788,4,NRI account
1323,235150,4,NRI account
1722,233548,4,NRI account
2825,230785,4,NRI account
11327,228440,4,NRI account
3200,226689,4,NRI account
3162,221750,4,NRI account
5194,220744,4,NRI account
2332,220716,4,NRI account
1035,219367,4,NRI account
5698,219292,4,NRI account
2561,218673,4,NRI account
2994,218544,4,NRI account
3185,218088,4,NRI account
2506,217913,4,NRI account
2760,217814,4,NRI account
4161,215680,4,NRI account
1872,214131,4,NRI account
10,213656,4,NRI account
1790,213446,4,NRI account
2772,213179,4,NRI account
1254,211989,4,NRI account
9560,211647,4,NRI account
3343,210162,4,NRI account
4116,209997,4,NRI account
6463,209114,4,NRI account
3386,208343,4,NRI account
993,206441,4,NRI account
1196,205979,4,NRI account
1103,205402,4,NRI account
976,205370,4,NRI account
4471,204670,4,NRI account
132,204051,4,NRI account
281,203848,4,NRI account
221,202103,4,NRI account
4091,200017,4,NRI account
486,199516,4,NRI account
503,199431,4,NRI account
1929,198072,4,NRI account
3397,196454,4,NRI account
150,196294,4,NRI account
2594,194756,4,NRI account
3589,194630,4,NRI account
348,193347,4,NRI account
3228,191769,4,NRI account
3118,191692,4,NRI account
2781,191223,4,NRI account
2904,190880,4,NRI account
11244,190587,4,NRI account
6510,188455,4,NRI account
242,184178,4,NRI account
685,183783,4,NRI account
755,183765,4,NRI account
3842,183293,4,NRI account
534,183278,4,NRI account
2095,182902,4,NRI account
2112,181849,4,NRI account
3297,180057,4,NRI account
10257,179333,4,NRI account
412,178482,4,NRI account
7559,178404,4,NRI account
683,178006,4,NRI account
797,177858,4,NRI account
4026,177390,4,NRI account
2917,177250,4,NRI account
3470,177250,4,NRI account
3012,176421,4,NRI account
1645,174897,4,NRI account
373,174034,4,NRI account
3913,173773,4,NRI account
2909,173378,4,NRI account
9242,173332,4,NRI account
1266,172519,4,NRI account
696,171864,4,NRI account
1841,171251,4,NRI account
3506,170190,4,NRI account
3066,170125,4,NRI account
3446,169938,4,NRI account
1090,169248,4,NRI account
3377,165765,4,NRI account
10954,165749,4,NRI account
780,165668,4,NRI account
3170,165333,4,NRI account
2942,164775,4,NRI account
3890,163799,4,NRI account
3597,163411,4,NRI account
698,163139,4,NRI account
1199,163080,4,NRI account
9208,162489,4,NRI account
444,161284,4,NRI account
286,159096,4,NRI account
409,159080,4,NRI account
2783,158749,4,NRI account
1502,158337,4,NRI account
9646,157332,4,NRI account
3851,156897,4,NRI account
945,156501,4,NRI account
4269,155531,4,NRI account
530,155522,4,NRI account
2246,154772,4,NRI account
595,154181,4,NRI account
3830,153758,4,NRI account
2303,151948,4,NRI account
4725,150825,4,NRI account
1928,150680,4,NRI account
1358,149260,4,NRI account
2265,147392,4,NRI account
2780,147221,4,NRI account
3986,144555,4,NRI account
3376,144549,4,NRI account
1980,144167,4,NRI account
3431,143725,4,NRI account
3219,143231,4,NRI account
4442,143195,4,NRI account
2402,142513,4,NRI account
916,142188,4,NRI account
3518,141767,4,NRI account
1070,141321,4,NRI account
3544,140204,4,NRI account
1188,139625,4,NRI account
1587,139254,4,NRI account
1432,138079,4,NRI account
264,137424,4,NRI account
3813,135796,4,NRI account
553,134514,4,NRI account
1733,132411,4,NRI account
3974,131437,4,NRI account
1607,130191,4,NRI account
1814,129933,4,NRI account
3286,128872,4,NRI account
3494,128468,4,NRI account
3430,127752,4,NRI account
1149,126601,4,NRI account
2597,126028,4,NRI account
223,124155,4,NRI account
3615,121129,4,NRI account
2191,120158,4,NRI account
1190,119598,4,NRI account
10710,119324,4,NRI account
1523,119143,4,NRI account
2595,117916,4,NRI account
1618,115230,4,NRI account
118,114878,4,NRI account
3945,111591,4,NRI account
1122,111493,4,NRI account
2083,111217,4,NRI account
1049,108475,4,NRI account
3398,107854,4,NRI account
3511,106448,4,NRI account
2644,106234,4,NRI account
1736,106168,4,NRI account
1574,105672,4,NRI account
1665,105444,4,NRI account
2117,104439,4,NRI account
1219,103475,4,NRI account
6512,102835,4,NRI account
3104,102345,4,NRI account
3191,101921,4,NRI account
5024,101446,4,NRI account
3657,101423,4,NRI account
996,101016,4,NRI account
3126,99834,4,NRI account
1769,99665,4,NRI account
2406,99281,4,NRI account
2407,99237,4,NRI account
2784,98406,4,NRI account
805,98046,4,NRI account
76,97952,4,NRI account
514,97871,4,NRI account
1096,97222,4,NRI account
752,94596,4,NRI account
695,92789,4,NRI account
2999,92163,4,NRI account
564,90197,4,NRI account
2359,89843,4,NRI account
3866,89576,4,NRI account
3858,89341,4,NRI account
579,89192,4,NRI account
3084,88864,4,NRI account
1933,87365,4,NRI account
3433,86960,4,NRI account
1008,85066,4,NRI account
3742,84541,4,NRI account
3859,84475,4,NRI account
3417,84217,4,NRI account
3031,84006,4,NRI account
193,82746,4,NRI account
639,82654,4,NRI account
2696,82367,4,NRI account
1448,79969,4,NRI account
801,79686,4,NRI account
2193,79404,4,NRI account
889,78110,4,NRI account
2939,78040,4,NRI account
783,76975,4,NRI account
1707,74927,4,NRI account
2081,74097,4,NRI account
1064,73911,4,NRI account
1717,73486,4,NRI account
1600,71658,4,NRI account
1354,71552,4,NRI account
2103,71550,4,NRI account
909,71349,4,NRI account
1311,70699,4,NRI account
2846,70162,4,NRI account
3870,70135,4,NRI account
2878,69183,4,NRI account
3610,68398,4,NRI account
3934,67744,4,NRI account
349,67522,4,NRI account
4001,67408,4,NRI account
1209,66704,4,NRI account
3581,66071,4,NRI account
3176,65645,4,NRI account
3013,65584,4,NRI account
1960,61608,4,NRI account
879,58321,4,NRI account
3490,57400,4,NRI account
1668,57107,4,NRI account
906,54757,4,NRI account
1740,54263,4,NRI account
58,54164,4,NRI account
3182,53856,4,NRI account
644,53430,4,NRI account
3524,51128,4,NRI account
3852,50620,4,NRI account
1279,50101,4,NRI account
3671,48482,4,NRI account
2312,43773,4,NRI account
398,43135,4,NRI account
3922,38602,4,NRI account
4616,381907,4,Salary account
3290,374589,4,Salary account
2086,361569,4,Salary account
1407,344791,4,Salary account
51,339456,4,Salary account
6592,336043,4,Salary account
3471,329220,4,Salary account
2466,318429,4,Salary account
3967,302093,4,Salary account
1004,297276,4,Salary account
1478,296376,4,Salary account
3578,293387,4,Salary account
278,288035,4,Salary account
2764,287711,4,Salary account
2084,287252,4,Salary account
356,284643,4,Salary account
532,281477,4,Salary account
3993,281329,4,Salary account
733,281288,4,Salary account
4447,274665,4,Salary account
2737,274581,4,Salary account
2689,274359,4,Salary account
1591,272667,4,Salary account
390,269902,4,Salary account
2625,268752,4,Salary account
2887,268412,4,Salary account
3130,267674,4,Salary account
3877,266537,4,Salary account
1732,265670,4,Salary account
1026,265604,4,Salary account
5572,258084,4,Salary account
782,258082,4,Salary account
7721,256959,4,Salary account
1893,256540,4,Salary account
3749,256270,4,Salary account
963,255560,4,Salary account
6678,252850,4,Salary account
2369,252520,4,Salary account
95,251816,4,Salary account
2389,247977,4,Salary account
3526,246208,4,Salary account
3499,243192,4,Salary account
1384,242931,4,Salary account
1218,240595,4,Salary account
2728,240434,4,Salary account
10613,240260,4,Salary account
756,236800,4,Salary account
3848,233320,4,Salary account
3696,233180,4,Salary account
2169,231833,4,Salary account
537,230461,4,Salary account
4086,230340,4,Salary account
7,229493,4,Salary account
1586,227749,4,Salary account
10022,226722,4,Salary account
1679,226097,4,Salary account
2803,225206,4,Salary account
1389,222687,4,Salary account
4626,219405,4,Salary account
2211,218524,4,Salary account
3733,216212,4,Salary account
2156,215913,4,Salary account
949,215668,4,Salary account
491,209199,4,Salary account
4010,208392,4,Salary account
6440,207894,4,Salary account
226,207469,4,Salary account
2287,205291,4,Salary account
1920,205175,4,Salary account
513,202317,4,Salary account
3346,202316,4,Salary account
1580,202311,4,Salary account
3387,199724,4,Salary account
2759,199135,4,Salary account
2360,198149,4,Salary account
7926,197970,4,Salary account
2108,197134,4,Salary account
3907,196530,4,Salary account
3269,195877,4,Salary account
3324,195725,4,Salary account
2040,194932,4,Salary account
3010,192924,4,Salary account
9179,192723,4,Salary account
337,191447,4,Salary account
312,189726,4,Salary account
1576,188856,4,Salary account
1945,187940,4,Salary account
3161,186687,4,Salary account
656,183899,4,Salary account
3449,181803,4,Salary account
1293,180369,4,Salary account
1435,179976,4,Salary account
3439,178590,4,Salary account
2898,177134,4,Salary account
1710,176852,4,Salary account
5267,176750,4,Salary account
2104,175643,4,Salary account
4014,175507,4,Salary account
967,174700,4,Salary account
4109,174609,4,Salary account
955,174363,4,Salary account
3411,174219,4,Salary account
690,170560,4,Salary account
7997,170300,4,Salary account
613,169094,4,Salary account
9513,168464,4,Salary account
402,168183,4,Salary account
8639,167421,4,Salary account
2142,165616,4,Salary account
1111,164220,4,Salary account
2812,163872,4,Salary account
251,163222,4,Salary account
5395,162888,4,Salary account
4103,162334,4,Salary account
414,160647,4,Salary account
1623,160001,4,Salary account
5837,159785,4,Salary account
3014,158586,4,Salary account
5196,157714,4,Salary account
2702,157030,4,Salary account
1510,156953,4,Salary account
1361,155635,4,Salary account
6083,155004,4,Salary account
2976,152971,4,Salary account
330,152289,4,Salary account
2619,147058,4,Salary account
3647,144947,4,Salary account
2498,144925,4,Salary account
1571,144269,4,Salary account
2376,143916,4,Salary account
1298,143822,4,Salary account
407,143607,4,Salary account
14,142997,4,Salary account
1976,142937,4,Salary account
614,142820,4,Salary account
5063,142033,4,Salary account
30,141748,4,Salary account
1368,139413,4,Salary account
812,139330,4,Salary account
3448,138047,4,Salary account
4105,137670,4,Salary account
103,136964,4,Salary account
2515,135433,4,Salary account
5602,134552,4,Salary account
2329,134197,4,Salary account
3339,133262,4,Salary account
2891,131077,4,Salary account
2160,130748,4,Salary account
1391,129517,4,Salary account
2727,128725,4,Salary account
4186,126342,4,Salary account
2294,125671,4,Salary account
3359,124753,4,Salary account
2551,124732,4,Salary account
2535,124431,4,Salary account
3193,124057,4,Salary account
3098,123844,4,Salary account
2744,122431,4,Salary account
3793,122176,4,Salary account
7052,121937,4,Salary account
2851,121775,4,Salary account
984,120229,4,Salary account
6097,120163,4,Salary account
1682,119969,4,Salary account
2921,119896,4,Salary account
2722,119514,4,Salary account
1550,119466,4,Salary account
1262,118055,4,Salary account
3155,117156,4,Salary account
2539,116797,4,Salary account
1040,116642,4,Salary account
9633,116604,4,Salary account
1215,116452,4,Salary account
2656,116416,4,Salary account
1488,116249,4,Salary account
293,115716,4,Salary account
1833,115248,4,Salary account
308,115081,4,Salary account
3190,114804,4,Salary account
2215,114414,4,Salary account
502,114279,4,Salary account
2988,114096,4,Salary account
3741,112864,4,Salary account
3692,112425,4,Salary account
2826,112089,4,Salary account
10478,110477,4,Salary account
130,110284,4,Salary account
4,109829,4,Salary account
2679,109355,4,Salary account
2997,108450,4,Salary account
3565,107724,4,Salary account
229,107013,4,Salary account
2630,106964,4,Salary account
5125,104780,4,Salary account
1616,104068,4,Salary account
3075,103279,4,Salary account
272,102696,4,Salary account
2172,97939,4,Salary account
2718,97928,4,Salary account
2147,97602,4,Salary account
3100,97343,4,Salary account
4618,96939,4,Salary account
2507,94829,4,Salary account
3689,94003,4,Salary account
3301,93838,4,Salary account
1177,93806,4,Salary account
2403,93005,4,Salary account
3803,92790,4,Salary account
1988,92391,4,Salary account
3328,91619,4,Salary account
3331,90984,4,Salary account
745,90527,4,Salary account
2882,88620,4,Salary account
2231,88279,4,Salary account
464,88237,4,Salary account
927,87057,4,Salary account
2835,85856,4,Salary account
3819,85462,4,Salary account
1216,84693,4,Salary account
4121,82984,4,Salary account
3504,82689,4,Salary account
1027,81110,4,Salary account
1915,81018,4,Salary account
2149,80760,4,Salary account
912,80119,4,Salary account
2485,79977,4,Salary account
691,78296,4,Salary account
1024,77944,4,Salary account
3406,77257,4,Salary account
3884,76661,4,Salary account
1657,76573,4,Salary account
3214,76165,4,Salary account
1608,74494,4,Salary account
834,74329,4,Salary account
3245,73018,4,Salary account
3423,72184,4,Salary account
966,71946,4,Salary account
2883,71781,4,Salary account
2127,71708,4,Salary account
1226,70626,4,Salary account
3686,69615,4,Salary account
152,68280,4,Salary account
2144,68035,4,Salary account
6075,67997,4,Salary account
1765,67876,4,Salary account
736,66773,4,Salary account
383,66544,4,Salary account
636,65698,4,Salary account
13,65399,4,Salary account
3823,65294,4,Salary account
1593,64969,4,Salary account
2133,64949,4,Salary account
3857,64135,4,Salary account
3964,63837,4,Salary account
3044,63776,4,Salary account
2029,63700,4,Salary account
3561,63566,4,Salary account
7966,62356,4,Salary account
3828,62020,4,Salary account
2981,61871,4,Salary account
3501,61828,4,Salary account
876,61225,4,Salary account
1747,60737,4,Salary account
3432,60120,4,Salary account
49,59085,4,Salary account
2832,57923,4,Salary account
2438,57596,4,Salary account
1546,57502,4,Salary account
3703,56517,4,Salary account
483,54920,4,Salary account
611,54620,4,Salary account
3911,53431,4,Salary account
2874,53356,4,Salary account
3025,52814,4,Salary account
246,49562,4,Salary account
215,48667,4,Salary account
1615,44442,4,Salary account
1056,19679,4,Salary account
7859,554366,6,Savings account
3296,482163,6,Savings account
2929,466458,6,Savings account
6897,462181,6,Savings account
1939,458697,6,Savings account
1962,455514,6,Savings account
10215,454502,6,Savings account
10670,453837,6,Savings account
9201,452603,6,Savings account
2472,449107,6,Savings account
294,432055,6,Savings account
4478,430270,6,Savings account
1305,414009,6,Savings account
2268,413211,6,Savings account
1037,408444,6,Savings account
2790,406079,6,Savings account
3467,401335,6,Savings account
18,400073,6,Savings account
1039,396714,6,Savings account
65,386213,6,Savings account
8776,382421,6,Savings account
5372,380791,6,Savings account
6636,376625,6,Savings account
427,376110,6,Savings account
10789,375196,6,Savings account
1819,372610,6,Savings account
4264,371311,6,Savings account
3090,365747,6,Savings account
3521,362830,6,Savings account
2732,359575,6,Savings account
2912,358880,6,Savings account
1770,356600,6,Savings account
2057,355512,6,Savings account
2817,354449,6,Savings account
1552,353038,6,Savings account
9377,352163,6,Savings account
3480,351426,6,Savings account
3864,350614,6,Savings account
2741,349497,6,Savings account
830,347007,6,Savings account
10905,344095,6,Savings account
1309,343962,6,Savings account
8,343557,6,Savings account
4434,341858,6,Savings account
1568,341402,6,Savings account
1194,339192,6,Savings account
2436,336126,6,Savings account
2384,335843,6,Savings account
4000,334548,6,Savings account
4296,333279,6,Savings account
1984,332009,6,Savings account
3348,327854,6,Savings account
3788,326357,6,Savings account
2134,324004,6,Savings account
8316,319325,6,Savings account
1129,319190,6,Savings account
2873,319043,6,Savings account
8268,319036,6,Savings account
7542,317725,6,Savings account
4377,317166,6,Savings account
1363,316620,6,Savings account
1009,316062,6,Savings account
2099,315050,6,Savings account
2222,315045,6,Savings account
773,313009,6,Savings account
179,310996,6,Savings account
3510,310610,6,Savings account
3883,307985,6,Savings account
4330,307347,6,Savings account
481,304792,6,Savings account
1225,304656,6,Savings account
855,302841,6,Savings account
1220,302276,6,Savings account
807,301158,6,Savings account
1095,300013,6,Savings account
3426,299842,6,Savings account
2859,299394,6,Savings account
1706,297535,6,Savings account
3743,291392,6,Savings account
3405,288664,6,Savings account
3003,288073,6,Savings account
4484,287167,6,Savings account
4055,284294,6,Savings account
10906,279682,6,Savings account
2795,279355,6,Savings account
2903,277445,6,Savings account
4034,275133,6,Savings account
4948,274030,6,Savings account
2751,273975,6,Savings account
56,273285,6,Savings account
128,270771,6,Savings account
1231,270329,6,Savings account
135,270272,6,Savings account
2087,268640,6,Savings account
2326,268382,6,Savings account
4159,264347,6,Savings account
5366,264259,6,Savings account
2334,262611,6,Savings account
1335,255470,6,Savings account
3528,255451,6,Savings account
10404,255374,6,Savings account
5129,254855,6,Savings account
9241,252330,6,Savings account
11320,251291,6,Savings account
7487,250539,6,Savings account
2847,248100,6,Savings account
715,246649,6,Savings account
2463,246642,6,Savings account
227,246483,6,Savings account
4660,246238,6,Savings account
3810,246136,6,Savings account
2971,244894,6,Savings account
201,244320,6,Savings account
1280,243821,6,Savings account
3384,243731,6,Savings account
3605,243486,6,Savings account
3753,239616,6,Savings account
3805,239364,6,Savings account
372,239099,6,Savings account
956,238766,6,Savings account
3492,238514,6,Savings account
3124,238263,6,Savings account
8381,237882,6,Savings account
2753,236068,6,Savings account
711,232737,6,Savings account
3476,229629,6,Savings account
539,229157,6,Savings account
1496,226716,6,Savings account
1159,226336,6,Savings account
1620,224553,6,Savings account
1952,218878,6,Savings account
4437,215651,6,Savings account
3399,214747,6,Savings account
3737,213994,6,Savings account
7523,212616,6,Savings account
1044,212500,6,Savings account
6792,212193,6,Savings account
1683,211869,6,Savings account
7449,210510,6,Savings account
9041,210293,6,Savings account
1520,209473,6,Savings account
1089,209269,6,Savings account
3920,206677,6,Savings account
1897,202836,6,Savings account
11027,199951,6,Savings account
2960,199677,6,Savings account
1904,198707,6,Savings account
2025,195184,6,Savings account
1820,194956,6,Savings account
10630,194785,6,Savings account
2677,191916,6,Savings account
3478,191894,6,Savings account
1597,190837,6,Savings account
774,187147,6,Savings account
3660,187034,6,Savings account
1236,187034,6,Savings account
2092,186364,6,Savings account
4347,185645,6,Savings account
2665,184841,6,Savings account
7203,183862,6,Savings account
8558,179496,6,Savings account
3656,177988,6,Savings account
4385,177144,6,Savings account
2747,173909,6,Savings account
953,172222,6,Savings account
3583,172071,6,Savings account
3902,167786,6,Savings account
3554,166846,6,Savings account
2316,165506,6,Savings account
1690,163941,6,Savings account
492,163093,6,Savings account
1334,161118,6,Savings account
650,160929,6,Savings account
2906,160870,6,Savings account
433,158948,6,Savings account
2872,158238,6,Savings account
1997,155220,6,Savings account
1333,150336,6,Savings account
1613,149238,6,Savings account
99,148577,6,Savings account
3363,148448,6,Savings account
5767,147670,6,Savings account
4852,147347,6,Savings account
3641,146295,6,Savings account
6902,146218,6,Savings account
754,145634,6,Savings account
1183,144900,6,Savings account
6453,144742,6,Savings account
1250,141686,6,Savings account
1993,140989,6,Savings account
662,140256,6,Savings account
3205,140195,6,Savings account
8742,139008,6,Savings account
674,138454,6,Savings account
1721,138000,6,Savings account
726,137677,6,Savings account
533,137140,6,Savings account
2545,136789,6,Savings account
1927,136681,6,Savings account
810,135839,6,Savings account
5126,135314,6,Savings account
1142,134799,6,Savings account
3825,134041,6,Savings account
1973,133643,6,Savings account
1908,133486,6,Savings account
900,133483,6,Savings account
357,132463,6,Savings account
1649,132439,6,Savings account
8772,132337,6,Savings account
1505,132257,6,Savings account
1713,131348,6,Savings account
2871,131205,6,Savings account
5369,130640,6,Savings account
1846,130393,6,Savings account
1936,128640,6,Savings account
1325,125691,6,Savings account
2965,124155,6,Savings account
2075,122756,6,Savings account
1376,122327,6,Savings account
1479,121882,6,Savings account
3079,121140,6,Savings account
3248,120912,6,Savings account
4088,120549,6,Savings account
1704,119331,6,Savings account
823,118329,6,Savings account
331,117969,6,Savings account
959,117886,6,Savings account
5343,115369,6,Savings account
1548,113940,6,Savings account
1426,113893,6,Savings account
2935,113761,6,Savings account
3482,109540,6,Savings account
3234,108289,6,Savings account
1141,108062,6,Savings account
10036,107055,6,Savings account
1955,106912,6,Savings account
728,106430,6,Savings account
2525,106412,6,Savings account
7240,106149,6,Savings account
2019,104656,6,Savings account
1117,103037,6,Savings account
3317,102358,6,Savings account
3888,101701,6,Savings account
2562,101633,6,Savings account
842,101457,6,Savings account
1562,101135,6,Savings account
894,100888,6,Savings account
1697,100399,6,Savings account
2474,100281,6,Savings account
2414,99754,6,Savings account
557,98841,6,Savings account
1241,98222,6,Savings account
2465,98014,6,Savings account
3004,97753,6,Savings account
592,96348,6,Savings account
338,95565,6,Savings account
607,94715,6,Savings account
924,94075,6,Savings account
2058,93290,6,Savings account
3434,91917,6,Savings account
2570,88090,6,Savings account
1206,86032,6,Savings account
3374,85827,6,Savings account
2888,82490,6,Savings account
2566,80407,6,Savings account
3677,79331,6,Savings account
3240,62093,6,Savings account
1539,59684,6,Savings account
4127,59515,6,Savings account
1139,508793,6,NRI account
4350,504389,6,NRI account
7614,491500,6,NRI account
266,489182,6,NRI account
981,487331,6,NRI account
1749,469208,6,NRI account
1518,467144,6,NRI account
498,464968,6,NRI account
1758,457854,6,NRI account
2840,454885,6,NRI account
3646,449666,6,NRI account
2877,447404,6,NRI account
2190,438337,6,NRI account
3372,422108,6,NRI account
3472,419848,6,NRI account
3579,417503,6,NRI account
9167,417425,6,NRI account
3311,413627,6,NRI account
2894,413349,6,NRI account
4969,412354,6,NRI account
3713,411491,6,NRI account
1174,408130,6,NRI account
43,406943,6,NRI account
3727,406877,6,NRI account
1991,406751,6,NRI account
2030,405725,6,NRI account
8931,404523,6,NRI account
3199,398910,6,NRI account
7944,398613,6,NRI account
478,393931,6,NRI account
1467,385338,6,NRI account
3970,383182,6,NRI account
2972,382294,6,NRI account
9928,379584,6,NRI account
3663,379467,6,NRI account
1599,377363,6,NRI account
11231,376047,6,NRI account
2580,375766,6,NRI account
8759,375272,6,NRI account
3847,372296,6,NRI account
2175,370747,6,NRI account
1998,369843,6,NRI account
1273,366680,6,NRI account
3756,366413,6,NRI account
2853,363588,6,NRI account
1653,363386,6,NRI account
1252,361965,6,NRI account
9104,360671,6,NRI account
1147,358006,6,NRI account
311,356589,6,NRI account
7011,356386,6,NRI account
523,355788,6,NRI account
4774,355511,6,NRI account
2411,344004,6,NRI account
3709,339246,6,NRI account
3584,339187,6,NRI account
3760,338426,6,NRI account
2490,338099,6,NRI account
2328,337307,6,NRI account
5632,336798,6,NRI account
3849,331559,6,NRI account
5650,331398,6,NRI account
1583,330071,6,NRI account
9707,327226,6,NRI account
9750,327206,6,NRI account
4245,327103,6,NRI account
1938,326932,6,NRI account
1180,325321,6,NRI account
3134,323366,6,NRI account
1684,323275,6,NRI account
1796,323118,6,NRI account
1547,323094,6,NRI account
9203,322459,6,NRI account
9030,319565,6,NRI account
1903,319251,6,NRI account
3586,317004,6,NRI account
2383,315588,6,NRI account
577,313419,6,NRI account
506,312976,6,NRI account
3131,310514,6,NRI account
11054,309674,6,NRI account
5263,306774,6,NRI account
2745,303622,6,NRI account
524,299020,6,NRI account
422,298057,6,NRI account
1694,294984,6,NRI account
9627,292758,6,NRI account
1091,289708,6,NRI account
3767,287826,6,NRI account
3408,286326,6,NRI account
97,285081,6,NRI account
2267,284461,6,NRI account
2163,283892,6,NRI account
2583,281278,6,NRI account
3809,279180,6,NRI account
1357,278909,6,NRI account
11349,278356,6,NRI account
619,276850,6,NRI account
1826,273881,6,NRI account
913,272750,6,NRI account
1077,271840,6,NRI account
1871,271463,6,NRI account
9645,269737,6,NRI account
2773,268845,6,NRI account
2655,268792,6,NRI account
1512,267726,6,NRI account
1554,266427,6,NRI account
3650,263398,6,NRI account
3872,263011,6,NRI account
6118,262815,6,NRI account
1967,258820,6,NRI account
3786,258450,6,NRI account
1641,255726,6,NRI account
2039,255411,6,NRI account
2350,253680,6,NRI account
5868,253398,6,NRI account
1789,251354,6,NRI account
2858,250681,6,NRI account
1068,248995,6,NRI account
22,248419,6,NRI account
2460,247409,6,NRI account
355,246353,6,NRI account
3806,246206,6,NRI account
2599,243619,6,NRI account
3279,240758,6,NRI account
859,240212,6,NRI account
3631,239270,6,NRI account
1227,236256,6,NRI account
1353,234512,6,NRI account
604,234129,6,NRI account
2047,233597,6,NRI account
3735,233404,6,NRI account
2750,230662,6,NRI account
381,228644,6,NRI account
1372,228308,6,NRI account
3812,228050,6,NRI account
2788,227151,6,NRI account
2830,226786,6,NRI account
3491,225543,6,NRI account
8972,224937,6,NRI account
1889,220099,6,NRI account
2855,219768,6,NRI account
2192,217842,6,NRI account
693,213134,6,NRI account
5011,209404,6,NRI account
540,209098,6,NRI account
4119,208956,6,NRI account
1157,208335,6,NRI account
3903,206951,6,NRI account
241,206877,6,NRI account
1331,201324,6,NRI account
565,199952,6,NRI account
628,199358,6,NRI account
9353,199326,6,NRI account
2585,199015,6,NRI account
1359,196941,6,NRI account
1463,194054,6,NRI account
1193,190532,6,NRI account
954,189392,6,NRI account
2648,189036,6,NRI account
31,188871,6,NRI account
3357,185790,6,NRI account
3763,182886,6,NRI account
419,180347,6,NRI account
5758,178829,6,NRI account
4237,177239,6,NRI account
4287,176559,6,NRI account
3223,176424,6,NRI account
746,175817,6,NRI account
1957,169772,6,NRI account
1047,169307,6,NRI account
2663,167203,6,NRI account
3572,166143,6,NRI account
432,163960,6,NRI account
391,163628,6,NRI account
3728,162385,6,NRI account
874,162064,6,NRI account
1969,161823,6,NRI account
1633,160836,6,NRI account
1858,159879,6,NRI account
42,159172,6,NRI account
2577,157721,6,NRI account
2344,156688,6,NRI account
2967,155407,6,NRI account
4355,153781,6,NRI account
3407,152440,6,NRI account
1711,149821,6,NRI account
4173,149753,6,NRI account
1469,148887,6,NRI account
3045,147514,6,NRI account
2536,147200,6,NRI account
615,143348,6,NRI account
1629,143195,6,NRI account
4093,141252,6,NRI account
230,140331,6,NRI account
5740,139509,6,NRI account
3037,138638,6,NRI account
2691,138392,6,NRI account
522,136802,6,NRI account
3876,136519,6,NRI account
2642,136229,6,NRI account
3595,136177,6,NRI account
2931,136075,6,NRI account
1340,135864,6,NRI account
821,135070,6,NRI account
1918,134679,6,NRI account
1961,132676,6,NRI account
608,130087,6,NRI account
436,129272,6,NRI account
2364,128807,6,NRI account
2252,127253,6,NRI account
1589,126260,6,NRI account
561,125245,6,NRI account
1696,125042,6,NRI account
936,124853,6,NRI account
3006,124483,6,NRI account
1624,123932,6,NRI account
1094,121012,6,NRI account
1038,120022,6,NRI account
1326,118743,6,NRI account
3621,118119,6,NRI account
261,117693,6,NRI account
10049,116185,6,NRI account
267,115473,6,NRI account
905,114814,6,NRI account
5472,114553,6,NRI account
3178,114011,6,NRI account
3061,112584,6,NRI account
1349,112450,6,NRI account
3250,110776,6,NRI account
231,107371,6,NRI account
1307,106172,6,NRI account
515,104554,6,NRI account
1917,103666,6,NRI account
10351,100833,6,NRI account
9017,99020,6,NRI account
406,96893,6,NRI account
3080,95599,6,NRI account
1812,95153,6,NRI account
3582,94562,6,NRI account
731,94516,6,NRI account
3092,93725,6,NRI account
781,93386,6,NRI account
490,89718,6,NRI account
3765,88980,6,NRI account
1341,88418,6,NRI account
505,88222,6,NRI account
3318,86452,6,NRI account
1212,86157,6,NRI account
957,81475,6,NRI account
1,81008,6,NRI account
762,78462,6,NRI account
3412,77701,6,NRI account
2346,35112,6,NRI account
3869,559589,6,Salary account
3402,513132,6,Salary account
4743,505336,6,Salary account
3466,499015,6,Salary account
4321,480259,6,Salary account
610,468647,6,Salary account
776,463187,6,Salary account
4078,462323,6,Salary account
3368,457445,6,Salary account
1862,454148,6,Salary account
786,446377,6,Salary account
1097,441596,6,Salary account
7562,438858,6,Salary account
1184,438445,6,Salary account
2986,438299,6,Salary account
9491,436143,6,Salary account
1540,432966,6,Salary account
1723,423520,6,Salary account
3141,414084,6,Salary account
1417,412664,6,Salary account
2321,406581,6,Salary account
154,405329,6,Salary account
299,398856,6,Salary account
11295,397692,6,Salary account
2000,395485,6,Salary account
2353,393269,6,Salary account
4343,393133,6,Salary account
1093,392652,6,Salary account
5213,392624,6,Salary account
1272,385509,6,Salary account
6062,384201,6,Salary account
544,380954,6,Salary account
3160,379812,6,Salary account
1559,378929,6,Salary account
1073,375299,6,Salary account
2749,368533,6,Salary account
219,367707,6,Salary account
8212,366226,6,Salary account
2767,365818,6,Salary account
699,365487,6,Salary account
730,364453,6,Salary account
4225,364067,6,Salary account
2219,363918,6,Salary account
1914,362485,6,Salary account
3255,361687,6,Salary account
7774,360549,6,Salary account
8784,350004,6,Salary account
5358,338879,6,Salary account
10645,338729,6,Salary account
3944,336567,6,Salary account
1579,335080,6,Salary account
1804,335043,6,Salary account
3538,333994,6,Salary account
2968,330977,6,Salary account
3220,330465,6,Salary account
2239,329002,6,Salary account
2132,328519,6,Salary account
4473,323011,6,Salary account
4408,320777,6,Salary account
10227,319556,6,Salary account
110,318342,6,Salary account
3355,309247,6,Salary account
2864,308956,6,Salary account
1471,308647,6,Salary account
820,307401,6,Salary account
3862,305726,6,Salary account
106,302087,6,Salary account
4659,301972,6,Salary account
2044,300495,6,Salary account
2428,297048,6,Salary account
3771,294701,6,Salary account
3000,293396,6,Salary account
624,292391,6,Salary account
7231,291727,6,Salary account
1626,287246,6,Salary account
3298,286519,6,Salary account
848,284960,6,Salary account
2096,279133,6,Salary account
6688,278910,6,Salary account
3464,278189,6,Salary account
1470,277470,6,Salary account
562,276375,6,Salary account
2609,276073,6,Salary account
3277,274359,6,Salary account
1825,272536,6,Salary account
190,271673,6,Salary account
3484,271469,6,Salary account
2367,267550,6,Salary account
314,266370,6,Salary account
6434,266360,6,Salary account
1838,265929,6,Salary account
8957,265559,6,Salary account
3115,261728,6,Salary account
3925,260723,6,Salary account
2131,259029,6,Salary account
3181,258635,6,Salary account
1075,258566,6,Salary account
1023,257656,6,Salary account
4543,255522,6,Salary account
1768,255284,6,Salary account
3688,254886,6,Salary account
2660,251832,6,Salary account
3983,251399,6,Salary account
5065,250188,6,Salary account
1051,248399,6,Salary account
2713,247949,6,Salary account
3216,245183,6,Salary account
4526,241756,6,Salary account
3001,241331,6,Salary account
3601,238170,6,Salary account
7674,234662,6,Salary account
4596,234564,6,Salary account
10202,233971,6,Salary account
2056,232587,6,Salary account
10762,232357,6,Salary account
1941,229208,6,Salary account
1886,229142,6,Salary account
3055,225585,6,Salary account
1228,225266,6,Salary account
5118,222951,6,Salary account
875,221903,6,Salary account
5628,221902,6,Salary account
4463,220110,6,Salary account
3486,219917,6,Salary account
2970,219767,6,Salary account
3378,219750,6,Salary account
942,219617,6,Salary account
9,219396,6,Salary account
5984,215064,6,Salary account
269,214406,6,Salary account
1436,212542,6,Salary account
701,210740,6,Salary account
245,209230,6,Salary account
5912,207145,6,Salary account
718,206981,6,Salary account
10656,204766,6,Salary account
802,203498,6,Salary account
318,202390,6,Salary account
1420,199911,6,Salary account
1458,195923,6,Salary account
1065,195575,6,Salary account
3764,193146,6,Salary account
4995,191503,6,Salary account
1741,191339,6,Salary account
1053,190711,6,Salary account
3273,187623,6,Salary account
7082,187244,6,Salary account
4254,186401,6,Salary account
3971,186347,6,Salary account
1472,186030,6,Salary account
324,183504,6,Salary account
3550,182679,6,Salary account
3824,179980,6,Salary account
4550,176976,6,Salary account
1238,176571,6,Salary account
8092,174789,6,Salary account
3251,171197,6,Salary account
3680,168267,6,Salary account
1211,168057,6,Salary account
2714,167086,6,Salary account
826,164421,6,Salary account
3132,162783,6,Salary account
2244,161988,6,Salary account
1484,158288,6,Salary account
63,157102,6,Salary account
2886,155305,6,Salary account
937,151587,6,Salary account
3436,151091,6,Salary account
531,150924,6,Salary account
3231,149090,6,Salary account
1083,149011,6,Salary account
921,148072,6,Salary account
11,147644,6,Salary account
1248,147626,6,Salary account
1052,146091,6,Salary account
1416,144788,6,Salary account
933,144649,6,Salary account
9140,144250,6,Salary account
2005,143508,6,Salary account
3224,143101,6,Salary account
551,143045,6,Salary account
5387,142969,6,Salary account
1670,141132,6,Salary account
1848,137067,6,Salary account
3394,136855,6,Salary account
2374,136634,6,Salary account
2203,136367,6,Salary account
10904,136022,6,Salary account
941,132888,6,Salary account
7418,131895,6,Salary account
3358,131542,6,Salary account
659,130942,6,Salary account
838,130429,6,Salary account
1989,130306,6,Salary account
1905,129571,6,Salary account
1794,129479,6,Salary account
416,128813,6,Salary account
2715,126058,6,Salary account
37,123223,6,Salary account
80,122946,6,Salary account
1529,121178,6,Salary account
3667,120660,6,Salary account
2520,120268,6,Salary account
3326,119889,6,Salary account
19,118646,6,Salary account
53,116429,6,Salary account
1295,115918,6,Salary account
789,115666,6,Salary account
2032,115261,6,Salary account
2286,114521,6,Salary account
791,114242,6,Salary account
275,113728,6,Salary account
3024,113666,6,Salary account
2923,112568,6,Salary account
3320,111885,6,Salary account
1270,110868,6,Salary account
301,109534,6,Salary account
3041,109522,6,Salary account
814,106434,6,Salary account
1423,105983,6,Salary account
3734,105507,6,Salary account
2255,105333,6,Salary account
333,105001,6,Salary account
2018,103256,6,Salary account
3712,100359,6,Salary account
3729,98575,6,Salary account
2833,97397,6,Salary account
3941,97122,6,Salary account
633,94266,6,Salary account
972,93555,6,Salary account
1137,93402,6,Salary account
2341,92874,6,Salary account
1316,92810,6,Salary account
1642,91568,6,Salary account
873,82589,6,Salary account
2589,73234,6,Salary account
479,67756,6,Salary account
4059,67271,6,Salary account
1173,63880,6,Salary account
3785,575844,7,NRI account
1332,568708,7,NRI account
3069,558313,7,NRI account
4999,556876,7,NRI account
2641,552064,7,NRI account
2072,539174,7,NRI account
1837,538032,7,NRI account
4255,530508,7,NRI account
2001,516060,7,NRI account
9493,512009,7,NRI account
319,507297,7,NRI account
397,503318,7,NRI account
3225,497649,7,NRI account
66,495808,7,NRI account
8899,495740,7,NRI account
2375,495211,7,NRI account
1032,491215,7,NRI account
2245,486170,7,NRI account
950,486114,7,NRI account
1805,483526,7,NRI account
2419,479829,7,NRI account
574,461543,7,NRI account
4035,460337,7,NRI account
9455,459009,7,NRI account
666,457333,7,NRI account
3505,457045,7,NRI account
2467,452434,7,NRI account
9583,435325,7,NRI account
378,433473,7,NRI account
5072,432869,7,NRI account
7769,430492,7,NRI account
2699,430217,7,NRI account
3323,428164,7,NRI account
6030,426828,7,NRI account
8982,426523,7,NRI account
10105,417607,7,NRI account
1786,415948,7,NRI account
2493,414408,7,NRI account
1507,412882,7,NRI account
3896,409064,7,NRI account
1247,407672,7,NRI account
1375,405803,7,NRI account
7957,404799,7,NRI account
8158,400625,7,NRI account
4352,396638,7,NRI account
991,395451,7,NRI account
10942,391416,7,NRI account
50,391259,7,NRI account
222,383890,7,NRI account
3687,380519,7,NRI account
8330,376456,7,NRI account
10973,376387,7,NRI account
2987,375270,7,NRI account
6806,373932,7,NRI account
6363,373012,7,NRI account
3898,371456,7,NRI account
353,369853,7,NRI account
4681,368019,7,NRI account
1943,367735,7,NRI account
446,366085,7,NRI account
186,364893,7,NRI account
354,362665,7,NRI account
1031,361656,7,NRI account
1680,357203,7,NRI account
1287,357006,7,NRI account
2298,355664,7,NRI account
1966,353568,7,NRI account
7606,350886,7,NRI account
545,350448,7,NRI account
2962,348593,7,NRI account
4099,346802,7,NRI account
5256,345858,7,NRI account
78,341150,7,NRI account
2911,339886,7,NRI account
5541,339794,7,NRI account
3995,335979,7,NRI account
2504,335244,7,NRI account
1337,333513,7,NRI account
3287,332733,7,NRI account
2711,332475,7,NRI account
5483,331537,7,NRI account
2623,329327,7,NRI account
25,328977,7,NRI account
2139,328372,7,NRI account
119,327544,7,NRI account
3272,327363,7,NRI account
3855,325050,7,NRI account
2839,324272,7,NRI account
400,319959,7,NRI account
3738,319180,7,NRI account
2070,318514,7,NRI account
8114,317091,7,NRI account
300,316053,7,NRI account
3799,315131,7,NRI account
462,314134,7,NRI account
4423,313988,7,NRI account
3969,312203,7,NRI account
1965,310451,7,NRI account
3679,306684,7,NRI account
2940,305378,7,NRI account
3008,305114,7,NRI account
6738,304205,7,NRI account
1126,302273,7,NRI account
2588,300466,7,NRI account
471,300058,7,NRI account
1561,299633,7,NRI account
3210,299385,7,NRI account
2503,298906,7,NRI account
1314,297997,7,NRI account
1499,297374,7,NRI account
3965,296386,7,NRI account
7181,292422,7,NRI account
1285,291778,7,NRI account
274,290019,7,NRI account
1442,289502,7,NRI account
6609,285698,7,NRI account
1475,282162,7,NRI account
1604,278622,7,NRI account
3489,273515,7,NRI account
1269,273109,7,NRI account
3926,270407,7,NRI account
322,267575,7,NRI account
2121,265858,7,NRI account
7099,265537,7,NRI account
3127,264137,7,NRI account
2315,263303,7,NRI account
817,262939,7,NRI account
473,261467,7,NRI account
1114,260192,7,NRI account
2343,259852,7,NRI account
3699,253429,7,NRI account
10266,253350,7,NRI account
2393,250232,7,NRI account
415,248524,7,NRI account
3622,247745,7,NRI account
2022,243384,7,NRI account
2576,243254,7,NRI account
4650,243035,7,NRI account
901,240369,7,NRI account
1590,238310,7,NRI account
3575,237938,7,NRI account
3701,234520,7,NRI account
1413,234261,7,NRI account
489,230752,7,NRI account
654,224809,7,NRI account
3648,222290,7,NRI account
3860,221227,7,NRI account
460,220637,7,NRI account
2809,218250,7,NRI account
4190,208825,7,NRI account
2865,208182,7,NRI account
860,206232,7,NRI account
1465,202980,7,NRI account
1830,201695,7,NRI account
496,197903,7,NRI account
890,197894,7,NRI account
2841,197272,7,NRI account
2925,195725,7,NRI account
1865,195153,7,NRI account
767,190823,7,NRI account
790,190794,7,NRI account
435,190521,7,NRI account
742,178912,7,NRI account
2868,177431,7,NRI account
1509,175804,7,NRI account
1806,172605,7,NRI account
3226,171684,7,NRI account
3380,169003,7,NRI account
3284,168045,7,NRI account
597,167046,7,NRI account
2596,166671,7,NRI account
1625,165438,7,NRI account
3458,161523,7,NRI account
995,161010,7,NRI account
1630,160258,7,NRI account
747,159509,7,NRI account
2292,159074,7,NRI account
3419,154474,7,NRI account
2755,153269,7,NRI account
2654,149263,7,NRI account
2307,147731,7,NRI account
538,145653,7,NRI account
3246,145650,7,NRI account
721,145176,7,NRI account
2148,145127,7,NRI account
3975,144031,7,NRI account
8680,141516,7,NRI account
3101,137820,7,NRI account
3623,137768,7,NRI account
2361,130911,7,NRI account
3594,129277,7,NRI account
234,126055,7,NRI account
127,118385,7,NRI account
3288,117373,7,NRI account
6051,111520,7,NRI account
1100,84259,7,NRI account
2305,-3894,7,NRI account
339,681615,7,Salary account
940,644568,7,Salary account
1203,566202,7,Salary account
1919,566102,7,Salary account
1605,565124,7,Salary account
3654,556909,7,Salary account
1410,533854,7,Salary account
863,522175,7,Salary account
33,519027,7,Salary account
4863,511477,7,Salary account
4448,509830,7,Salary account
6472,509759,7,Salary account
3781,508482,7,Salary account
648,504851,7,Salary account
3552,504455,7,Salary account
2867,500108,7,Salary account
3086,496094,7,Salary account
2486,493436,7,Salary account
1127,491170,7,Salary account
3791,486656,7,Salary account
1411,485996,7,Salary account
1132,484204,7,Salary account
2647,484171,7,Salary account
627,480427,7,Salary account
886,476585,7,Salary account
977,474992,7,Salary account
6701,467297,7,Salary account
2581,467147,7,Salary account
3637,461474,7,Salary account
1080,460754,7,Salary account
2592,458411,7,Salary account
2574,457643,7,Salary account
9859,456802,7,Salary account
2789,451093,7,Salary account
2527,446670,7,Salary account
2009,445754,7,Salary account
1803,443108,7,Salary account
2819,442416,7,Salary account
3752,440531,7,Salary account
517,434231,7,Salary account
1835,431309,7,Salary account
4337,421358,7,Salary account
3653,418006,7,Salary account
3779,417237,7,Salary account
2227,416501,7,Salary account
3787,416468,7,Salary account
3497,415507,7,Salary account
748,415186,7,Salary account
1834,415102,7,Salary account
2554,414623,7,Salary account
1076,406517,7,Salary account
4580,395698,7,Salary account
11042,392495,7,Salary account
7753,389947,7,Salary account
844,389454,7,Salary account
3917,386983,7,Salary account
73,380355,7,Salary account
180,378570,7,Salary account
3166,377147,7,Salary account
1797,376743,7,Salary account
3820,374647,7,Salary account
6273,370658,7,Salary account
36,366042,7,Salary account
750,366023,7,Salary account
3135,365035,7,Salary account
9006,361848,7,Salary account
366,360931,7,Salary account
925,354547,7,Salary account
3237,354307,7,Salary account
3361,353311,7,Salary account
3682,351337,7,Salary account
837,347352,7,Salary account
7136,346261,7,Salary account
2552,343354,7,Salary account
1062,342956,7,Salary account
930,341189,7,Salary account
176,338114,7,Salary account
11021,337303,7,Salary account
1999,329862,7,Salary account
38,328194,7,Salary account
8159,325006,7,Salary account
3837,324646,7,Salary account
3425,324500,7,Salary account
1017,324244,7,Salary account
3049,321786,7,Salary account
2431,320576,7,Salary account
856,316628,7,Salary account
1394,316157,7,Salary account
882,314746,7,Salary account
2458,312892,7,Salary account
6358,312793,7,Salary account
3039,312577,7,Salary account
1944,312160,7,Salary account
3201,311898,7,Salary account
2881,310522,7,Salary account
7437,310219,7,Salary account
2078,308560,7,Salary account
3545,308209,7,Salary account
1621,306917,7,Salary account
2639,302567,7,Salary account
1896,300764,7,Salary account
8926,298338,7,Salary account
5774,297615,7,Salary account
2880,297371,7,Salary account
1664,296363,7,Salary account
7424,294561,7,Salary account
4240,292098,7,Salary account
979,290119,7,Salary account
2616,286767,7,Salary account
5362,284381,7,Salary account
5133,283650,7,Salary account
2511,281831,7,Salary account
2876,281047,7,Salary account
1851,278967,7,Salary account
3072,276218,7,Salary account
1635,276062,7,Salary account
3370,274686,7,Salary account
1294,273342,7,Salary account
1705,269067,7,Salary account
6473,268827,7,Salary account
1902,267978,7,Salary account
9337,266552,7,Salary account
6034,260215,7,Salary account
6,259274,7,Salary account
5033,253122,7,Salary account
6856,250819,7,Salary account
347,250138,7,Salary account
2487,241726,7,Salary account
700,241296,7,Salary account
81,240852,7,Salary account
2620,236571,7,Salary account
3840,235659,7,Salary account
1958,232934,7,Salary account
1843,231712,7,Salary account
3283,231352,7,Salary account
689,230236,7,Salary account
126,230044,7,Salary account
1267,226687,7,Salary account
3718,220172,7,Salary account
3841,219621,7,Salary account
1315,216271,7,Salary account
851,213843,7,Salary account
3939,213006,7,Salary account
3555,211840,7,Salary account
1887,210956,7,Salary account
3599,208817,7,Salary account
1898,206224,7,Salary account
2269,205826,7,Salary account
638,202801,7,Salary account
3863,202784,7,Salary account
1441,201480,7,Salary account
1708,199455,7,Salary account
3183,196527,7,Salary account
2425,192773,7,Salary account
484,191763,7,Salary account
1771,191492,7,Salary account
1787,190827,7,Salary account
4825,184533,7,Salary account
1829,184015,7,Salary account
3684,183861,7,Salary account
9263,182451,7,Salary account
3655,182097,7,Salary account
973,180419,7,Salary account
2234,178631,7,Salary account
1888,178488,7,Salary account
1302,178122,7,Salary account
2497,177252,7,Salary account
1317,176886,7,Salary account
6400,176577,7,Salary account
1802,176436,7,Salary account
3275,171663,7,Salary account
3936,168726,7,Salary account
1852,164475,7,Salary account
306,163232,7,Salary account
1086,162123,7,Salary account
3457,161771,7,Salary account
3878,156701,7,Salary account
629,156269,7,Salary account
8169,154247,7,Salary account
352,151707,7,Salary account
1570,151080,7,Salary account
2382,150072,7,Salary account
3535,145412,7,Salary account
3536,144847,7,Salary account
1979,144170,7,Salary account
985,141390,7,Salary account
594,140605,7,Salary account
1445,140563,7,Salary account
939,138427,7,Salary account
359,136847,7,Salary account
343,135735,7,Salary account
582,134106,7,Salary account
518,130293,7,Salary account
2434,129997,7,Salary account
2259,128086,7,Salary account
3244,127024,7,Salary account
3292,125649,7,Salary account
2154,124505,7,Salary account
5700,122435,7,Salary account
379,113000,7,Salary account
2123,111715,7,Salary account
3780,110583,7,Salary account
1879,109540,7,Salary account
2437,109174,7,Salary account
1059,105994,7,Salary account
3336,101953,7,Salary account
3305,95377,7,Salary account
2590,84324,7,Salary account
9635,58687,7,Salary account
5092,2385,7,Salary account
3778,587665,7,Savings account
1772,581715,7,Savings account
1695,577153,7,Savings account
1610,556140,7,Savings account
1780,555805,7,Savings account
8132,549514,7,Savings account
3923,546600,7,Savings account
404,540965,7,Savings account
2572,535904,7,Savings account
9703,527673,7,Savings account
1813,508370,7,Savings account
4131,503751,7,Savings account
2695,503279,7,Savings account
915,492798,7,Savings account
2218,489473,7,Savings account
188,486673,7,Savings account
2216,482967,7,Savings account
456,477150,7,Savings account
3683,473371,7,Savings account
697,472325,7,Savings account
6555,468897,7,Savings account
3693,468854,7,Savings account
1169,459065,7,Savings account
1824,458063,7,Savings account
775,447905,7,Savings account
2884,442320,7,Savings account
2915,441995,7,Savings account
2122,439430,7,Savings account
23,437848,7,Savings account
6930,435283,7,Savings account
3674,433954,7,Savings account
2664,433779,7,Savings account
4514,433202,7,Savings account
3891,429797,7,Savings account
3465,426244,7,Savings account
3757,426218,7,Savings account
59,426218,7,Savings account
1286,424000,7,Savings account
2544,420776,7,Savings account
3628,419206,7,Savings account
3364,418262,7,Savings account
2250,416189,7,Savings account
3796,411508,7,Savings account
8492,411279,7,Savings account
497,407745,7,Savings account
6699,407589,7,Savings account
8127,404625,7,Savings account
4470,399519,7,Savings account
408,395536,7,Savings account
3938,394991,7,Savings account
411,392753,7,Savings account
1527,390887,7,Savings account
3915,381432,7,Savings account
652,380884,7,Savings account
2237,379576,7,Savings account
2456,374317,7,Savings account
172,369932,7,Savings account
4066,369556,7,Savings account
346,368293,7,Savings account
10411,367523,7,Savings account
8041,365332,7,Savings account
345,359971,7,Savings account
289,356724,7,Savings account
922,354505,7,Savings account
9422,351896,7,Savings account
2062,351562,7,Savings account
5546,345549,7,Savings account
3026,343515,7,Savings account
928,343449,7,Savings account
3479,342152,7,Savings account
1535,340218,7,Savings account
2153,337762,7,Savings account
1108,337284,7,Savings account
2707,336898,7,Savings account
3390,336110,7,Savings account
944,335132,7,Savings account
2054,334304,7,Savings account
3289,334054,7,Savings account
374,333059,7,Savings account
998,332881,7,Savings account
2758,331875,7,Savings account
3608,328769,7,Savings account
2137,327769,7,Savings account
2763,327710,7,Savings account
1207,326858,7,Savings account
2378,326561,7,Savings account
10233,322551,7,Savings account
1012,321488,7,Savings account
2701,321152,7,Savings account
2742,319884,7,Savings account
197,319381,7,Savings account
141,316982,7,Savings account
15,315270,7,Savings account
3570,314272,7,Savings account
8327,311952,7,Savings account
1116,311779,7,Savings account
3730,306125,7,Savings account
2247,305651,7,Savings account
1453,302634,7,Savings account
717,302298,7,Savings account
2798,302257,7,Savings account
2754,300140,7,Savings account
1397,298650,7,Savings account
1760,296873,7,Savings account
1425,294258,7,Savings account
9897,284902,7,Savings account
2228,281352,7,Savings account
2895,279280,7,Savings account
243,275676,7,Savings account
7565,275459,7,Savings account
1128,274879,7,Savings account
4576,274663,7,Savings account
3267,274047,7,Savings account
3316,271770,7,Savings account
2771,271191,7,Savings account
1306,267840,7,Savings account
3369,267705,7,Savings account
7765,266649,7,Savings account
10079,264599,7,Savings account
1071,264321,7,Savings account
3229,263086,7,Savings account
2401,261047,7,Savings account
1578,260898,7,Savings account
3410,260492,7,Savings account
11065,260189,7,Savings account
1158,259661,7,Savings account
899,257050,7,Savings account
6706,255513,7,Savings account
209,254729,7,Savings account
5428,248979,7,Savings account
1030,247633,7,Savings account
2673,247170,7,Savings account
115,242619,7,Savings account
1414,241622,7,Savings account
3978,233902,7,Savings account
1105,231575,7,Savings account
3509,230794,7,Savings account
3567,228199,7,Savings account
8934,223067,7,Savings account
4134,223049,7,Savings account
4171,222798,7,Savings account
626,220536,7,Savings account
1399,211572,7,Savings account
1246,210990,7,Savings account
2435,209754,7,Savings account
3533,209352,7,Savings account
3371,207889,7,Savings account
929,206545,7,Savings account
2538,206310,7,Savings account
2151,205662,7,Savings account
7445,205290,7,Savings account
2213,205155,7,Savings account
1054,205095,7,Savings account
3152,203285,7,Savings account
10131,202622,7,Savings account
988,202218,7,Savings account
3068,201250,7,Savings account
2810,200333,7,Savings account
6425,199965,7,Savings account
1320,198500,7,Savings account
288,196880,7,Savings account
1701,196002,7,Savings account
3184,190077,7,Savings account
1205,189190,7,Savings account
2662,189048,7,Savings account
3353,188996,7,Savings account
575,188974,7,Savings account
1367,188041,7,Savings account
3918,187976,7,Savings account
563,187637,7,Savings account
1106,187441,7,Savings account
992,187247,7,Savings account
474,185639,7,Savings account
27,185477,7,Savings account
1329,184716,7,Savings account
2365,182718,7,Savings account
1856,181536,7,Savings account
2101,180853,7,Savings account
4511,178281,7,Savings account
208,177721,7,Savings account
2336,173354,7,Savings account
4418,173190,7,Savings account
7465,170658,7,Savings account
2027,169863,7,Savings account
1371,167518,7,Savings account
1312,165872,7,Savings account
1714,165413,7,Savings account
2736,161449,7,Savings account
1088,160859,7,Savings account
382,158690,7,Savings account
2475,158176,7,Savings account
2557,157363,7,Savings account
2088,155455,7,Savings account
10788,154482,7,Savings account
3146,152131,7,Savings account
1382,149387,7,Savings account
2457,148676,7,Savings account
3717,148156,7,Savings account
2297,146209,7,Savings account
2496,145744,7,Savings account
1144,143188,7,Savings account
710,139231,7,Savings account
1691,138645,7,Savings account
965,138165,7,Savings account
632,137874,7,Savings account
1020,133505,7,Savings account
2524,124348,7,Savings account
2331,116406,7,Savings account
2709,114265,7,Savings account
702,112788,7,Savings account
238,111850,7,Savings account
3587,102249,7,Savings account
237,102182,7,Savings account
3310,99099,7,Savings account
6281,74324,7,Savings account
3345,53089,7,Savings account
3678,48315,7,Savings account
1005,682992,8,Salary account
960,663538,8,Salary account
1016,659694,8,Salary account
3617,615080,8,Salary account
8260,613160,8,Salary account
2035,603468,8,Salary account
1297,576185,8,Salary account
3293,553675,8,Salary account
3367,550193,8,Salary account
759,548032,8,Salary account
6148,542892,8,Salary account
10063,542854,8,Salary account
1861,538181,8,Salary account
651,534918,8,Salary account
1970,524325,8,Salary account
3850,522595,8,Salary account
8173,519880,8,Salary account
5120,519136,8,Salary account
2242,512376,8,Salary account
816,509644,8,Salary account
3636,499827,8,Salary account
1050,499430,8,Salary account
361,494978,8,Salary account
1592,493263,8,Salary account
3147,492568,8,Salary account
2167,488457,8,Salary account
3440,487490,8,Salary account
160,479023,8,Salary account
7123,473761,8,Salary account
8027,468867,8,Salary account
327,456482,8,Salary account
3487,454496,8,Salary account
978,454293,8,Salary account
3391,452310,8,Salary account
2410,450206,8,Salary account
572,446532,8,Salary account
1782,436494,8,Salary account
3948,419505,8,Salary account
2541,418331,8,Salary account
461,414469,8,Salary account
7844,413225,8,Salary account
7184,411214,8,Salary account
10738,406127,8,Salary account
704,404175,8,Salary account
11111,403064,8,Salary account
1200,402405,8,Salary account
2146,398220,8,Salary account
2241,394405,8,Salary account
8489,383006,8,Salary account
3327,382140,8,Salary account
8321,381135,8,Salary account
1449,359094,8,Salary account
4413,356343,8,Salary account
3259,352388,8,Salary account
657,348565,8,Salary account
2549,344870,8,Salary account
2974,344607,8,Salary account
362,340878,8,Salary account
2,331676,8,Salary account
3133,331259,8,Salary account
2670,329520,8,Salary account
1947,325831,8,Salary account
2433,319715,8,Salary account
7815,315212,8,Salary account
2933,314091,8,Salary account
3835,309711,8,Salary account
2276,307048,8,Salary account
10365,304887,8,Salary account
3157,304186,8,Salary account
1197,302208,8,Salary account
1686,299198,8,Salary account
719,297850,8,Salary account
1401,297311,8,Salary account
6715,296253,8,Salary account
3196,296101,8,Salary account
2306,290994,8,Salary account
2862,288366,8,Salary account
3306,287170,8,Salary account
2302,287086,8,Salary account
1242,285896,8,Salary account
3912,282896,8,Salary account
4414,282856,8,Salary account
3429,278371,8,Salary account
2038,275499,8,Salary account
2799,273192,8,Salary account
102,267226,8,Salary account
841,265898,8,Salary account
3042,265889,8,Salary account
1268,261921,8,Salary account
2712,260889,8,Salary account
3145,258186,8,Salary account
9188,257432,8,Salary account
3927,257252,8,Salary account
317,255525,8,Salary account
112,252985,8,Salary account
2671,249971,8,Salary account
3604,248968,8,Salary account
2082,248470,8,Salary account
1118,244112,8,Salary account
5385,243317,8,Salary account
3493,237015,8,Salary account
192,236092,8,Salary account
1545,235429,8,Salary account
467,232681,8,Salary account
3469,231327,8,Salary account
2739,225627,8,Salary account
2293,222822,8,Salary account
2177,217972,8,Salary account
2388,217540,8,Salary account
2489,217062,8,Salary account
1990,214020,8,Salary account
11271,212548,8,Salary account
2327,211141,8,Salary account
2186,210411,8,Salary account
1602,209750,8,Salary account
2985,208586,8,Salary account
3566,207939,8,Salary account
3548,207343,8,Salary account
3613,206789,8,Salary account
1429,206125,8,Salary account
3954,201917,8,Salary account
2907,200991,8,Salary account
787,199971,8,Salary account
1831,196867,8,Salary account
2569,196436,8,Salary account
3691,195682,8,Salary account
3960,194983,8,Salary account
2861,194138,8,Salary account
1234,193475,8,Salary account
2534,193364,8,Salary account
764,192429,8,Salary account
519,192351,8,Salary account
2528,190720,8,Salary account
3670,189643,8,Salary account
5927,188445,8,Salary account
2396,187490,8,Salary account
151,186421,8,Salary account
609,185866,8,Salary account
216,185756,8,Salary account
465,184479,8,Salary account
630,183354,8,Salary account
1168,183041,8,Salary account
1277,181927,8,Salary account
1299,181010,8,Salary account
1792,180621,8,Salary account
1601,180234,8,Salary account
1775,177656,8,Salary account
751,175794,8,Salary account
1892,175699,8,Salary account
1322,174615,8,Salary account
389,174073,8,Salary account
688,173793,8,Salary account
142,173746,8,Salary account
3474,169618,8,Salary account
1937,169225,8,Salary account
1628,167561,8,Salary account
123,164712,8,Salary account
3775,164423,8,Salary account
2513,161137,8,Salary account
1477,157186,8,Salary account
2949,156400,8,Salary account
989,155682,8,Salary account
884,155664,8,Salary account
3640,154454,8,Salary account
2508,154298,8,Salary account
2377,151978,8,Salary account
1816,149096,8,Salary account
1406,148188,8,Salary account
857,148064,8,Salary account
887,147968,8,Salary account
3078,147564,8,Salary account
3243,144485,8,Salary account
542,143932,8,Salary account
4427,143761,8,Salary account
3792,143495,8,Salary account
3977,141826,8,Salary account
2980,139781,8,Salary account
3483,136655,8,Salary account
2150,130729,8,Salary account
2958,126854,8,Salary account
3028,119917,8,Salary account
2476,119863,8,Salary account
10711,664332,8,Savings account
885,661709,8,Savings account
7594,637518,8,Savings account
11186,628743,8,Savings account
5228,626177,8,Savings account
4727,608309,8,Savings account
3609,588298,8,Savings account
3112,585016,8,Savings account
2170,564615,8,Savings account
5481,551199,8,Savings account
1204,550375,8,Savings account
1392,544539,8,Savings account
2818,535246,8,Savings account
1146,510366,8,Savings account
3618,503258,8,Savings account
3107,499471,8,Savings account
1352,497848,8,Savings account
212,493427,8,Savings account
10884,491989,8,Savings account
1079,482008,8,Savings account
2543,479804,8,Savings account
225,478531,8,Savings account
9265,477992,8,Savings account
3612,469267,8,Savings account
9159,468756,8,Savings account
3675,465908,8,Savings account
3136,458209,8,Savings account
2694,456185,8,Savings account
1136,452890,8,Savings account
2179,450979,8,Savings account
897,439632,8,Savings account
1201,432319,8,Savings account
8625,430475,8,Savings account
5215,428149,8,Savings account
9472,427274,8,Savings account
3909,424173,8,Savings account
1011,419218,8,Savings account
3808,418856,8,Savings account
2651,418444,8,Savings account
1678,410896,8,Savings account
100,407220,8,Savings account
3241,405125,8,Savings account
3258,404493,8,Savings account
2697,400627,8,Savings account
1249,389489,8,Savings account
9828,383260,8,Savings account
1536,382118,8,Savings account
10320,378616,8,Savings account
3720,372216,8,Savings account
2037,365485,8,Savings account
2951,364356,8,Savings account
8129,362025,8,Savings account
494,361037,8,Savings account
5445,360004,8,Savings account
5724,357211,8,Savings account
11135,350519,8,Savings account
7607,346120,8,Savings account
428,344645,8,Savings account
3600,343315,8,Savings account
26,339171,8,Savings account
1534,330717,8,Savings account
8377,327889,8,Savings account
2470,322993,8,Savings account
2902,322749,8,Savings account
7401,312619,8,Savings account
395,306934,8,Savings account
3593,305488,8,Savings account
892,296680,8,Savings account
107,292055,8,Savings account
1256,291844,8,Savings account
1666,287548,8,Savings account
1844,285815,8,Savings account
1994,283724,8,Savings account
470,282681,8,Savings account
183,281176,8,Savings account
2482,277519,8,Savings account
3063,276898,8,Savings account
3982,271533,8,Savings account
3032,268337,8,Savings account
1153,267896,8,Savings account
3168,266727,8,Savings account
29,265126,8,Savings account
576,264347,8,Savings account
401,263652,8,Savings account
2002,263546,8,Savings account
2768,263237,8,Savings account
1422,259041,8,Savings account
9883,257873,8,Savings account
2322,255988,8,Savings account
1161,255038,8,Savings account
1107,246527,8,Savings account
744,245659,8,Savings account
1222,245571,8,Savings account
2357,243006,8,Savings account
3571,240136,8,Savings account
1784,233146,8,Savings account
3261,232057,8,Savings account
640,231989,8,Savings account
2253,231375,8,Savings account
1874,231077,8,Savings account
83,229641,8,Savings account
9591,226153,8,Savings account
1516,225703,8,Savings account
1930,222807,8,Savings account
1189,220868,8,Savings account
1575,219221,8,Savings account
1827,218641,8,Savings account
3435,215483,8,Savings account
3542,213025,8,Savings account
504,212944,8,Savings account
2363,210601,8,Savings account
3576,209908,8,Savings account
3759,209661,8,Savings account
2814,207681,8,Savings account
220,205993,8,Savings account
3252,204950,8,Savings account
2342,204653,8,Savings account
1584,201802,8,Savings account
520,197097,8,Savings account
3099,194850,8,Savings account
2989,194335,8,Savings account
1487,193789,8,Savings account
616,193283,8,Savings account
1451,191056,8,Savings account
2849,190542,8,Savings account
40,189999,8,Savings account
3514,187212,8,Savings account
1419,186399,8,Savings account
2161,186386,8,Savings account
3164,181177,8,Savings account
2627,179163,8,Savings account
3047,177669,8,Savings account
1719,177637,8,Savings account
117,177411,8,Savings account
11265,176983,8,Savings account
559,176099,8,Savings account
1926,170754,8,Savings account
2110,170662,8,Savings account
2220,169919,8,Savings account
35,168614,8,Savings account
907,168101,8,Savings account
1048,167092,8,Savings account
321,166927,8,Savings account
2061,166733,8,Savings account
2010,165889,8,Savings account
548,165844,8,Savings account
3117,165448,8,Savings account
1115,164972,8,Savings account
423,162597,8,Savings account
2793,160131,8,Savings account
2271,159846,8,Savings account
2823,157737,8,Savings account
3129,155518,8,Savings account
914,152334,8,Savings account
1288,150853,8,Savings account
2667,150089,8,Savings account
1476,149055,8,Savings account
1588,148812,8,Savings account
2256,146411,8,Savings account
601,145622,8,Savings account
903,144009,8,Savings account
3625,143524,8,Savings account
1244,139252,8,Savings account
1940,139144,8,Savings account
168,139105,8,Savings account
7454,132994,8,Savings account
3108,125832,8,Savings account
4794,116789,8,Savings account
1673,111518,8,Savings account
449,110737,8,Savings account
3477,110208,8,Savings account
1485,767180,8,NRI account
5891,724351,8,NRI account
2282,712502,8,NRI account
437,695852,8,NRI account
6226,672044,8,NRI account
862,626092,8,NRI account
9790,625109,8,NRI account
5574,622955,8,NRI account
2550,620407,8,NRI account
2838,605052,8,NRI account
1750,602666,8,NRI account
4894,600421,8,NRI account
1934,592944,8,NRI account
5270,568445,8,NRI account
4318,567402,8,NRI account
2824,566832,8,NRI account
2008,564491,8,NRI account
9307,561288,8,NRI account
7861,561267,8,NRI account
334,558006,8,NRI account
2124,557757,8,NRI account
2555,523301,8,NRI account
2501,515476,8,NRI account
3053,492227,8,NRI account
3580,488872,8,NRI account
2352,482245,8,NRI account
3513,482163,8,NRI account
2582,481657,8,NRI account
8039,479816,8,NRI account
67,471152,8,NRI account
4259,469177,8,NRI account
3972,460717,8,NRI account
1292,454743,8,NRI account
2494,449424,8,NRI account
757,449229,8,NRI account
403,448430,8,NRI account
2638,447162,8,NRI account
2834,444428,8,NRI account
10940,443242,8,NRI account
3260,440143,8,NRI account
3091,431456,8,NRI account
2429,418185,8,NRI account
228,417362,8,NRI account
1345,415566,8,NRI account
9656,414994,8,NRI account
3980,404606,8,NRI account
1730,401147,8,NRI account
1544,399962,8,NRI account
10364,391095,8,NRI account
2464,390052,8,NRI account
3955,382517,8,NRI account
2568,375929,8,NRI account
344,365534,8,NRI account
3649,364704,8,NRI account
6924,363520,8,NRI account
280,360086,8,NRI account
4013,358968,8,NRI account
3697,355931,8,NRI account
2421,355102,8,NRI account
165,354182,8,NRI account
2632,347892,8,NRI account
1495,346151,8,NRI account
4937,339538,8,NRI account
8051,334656,8,NRI account
10728,332747,8,NRI account
813,324640,8,NRI account
1815,319157,8,NRI account
535,318282,8,NRI account
11362,317131,8,NRI account
2519,308732,8,NRI account
947,305678,8,NRI account
2738,302487,8,NRI account
1743,298659,8,NRI account
1975,295793,8,NRI account
9403,293181,8,NRI account
3456,290750,8,NRI account
2345,290487,8,NRI account
3651,287398,8,NRI account
1123,287386,8,NRI account
3751,285584,8,NRI account
7965,285008,8,NRI account
3704,279079,8,NRI account
1822,279036,8,NRI account
1565,276501,8,NRI account
861,268230,8,NRI account
2063,257749,8,NRI account
3822,256915,8,NRI account
2140,250027,8,NRI account
7190,246760,8,NRI account
146,243456,8,NRI account
2802,241657,8,NRI account
7824,238997,8,NRI account
1912,231801,8,NRI account
2606,227257,8,NRI account
2546,226950,8,NRI account
1925,224788,8,NRI account
1134,224093,8,NRI account
2488,222295,8,NRI account
153,220866,8,NRI account
1497,219338,8,NRI account
1688,213221,8,NRI account
1731,211160,8,NRI account
3777,205620,8,NRI account
1972,204037,8,NRI account
2687,202595,8,NRI account
2453,202396,8,NRI account
1675,201512,8,NRI account
2020,197387,8,NRI account
943,193089,8,NRI account
1671,192125,8,NRI account
743,191297,8,NRI account
3264,188599,8,NRI account
3030,188191,8,NRI account
3076,187011,8,NRI account
1291,185948,8,NRI account
162,183338,8,NRI account
3868,181680,8,NRI account
3592,181134,8,NRI account
2928,178652,8,NRI account
1440,177822,8,NRI account
3547,176921,8,NRI account
2417,176073,8,NRI account
1069,175643,8,NRI account
44,175322,8,NRI account
2618,174722,8,NRI account
1931,174393,8,NRI account
1652,174215,8,NRI account
187,174195,8,NRI account
1617,173416,8,NRI account
3197,172707,8,NRI account
1239,171463,8,NRI account
3171,168959,8,NRI account
62,168435,8,NRI account
3844,165338,8,NRI account
10915,164243,8,NRI account
2778,160941,8,NRI account
737,160297,8,NRI account
3142,158189,8,NRI account
1481,158009,8,NRI account
3644,156792,8,NRI account
1381,156618,8,NRI account
1057,156424,8,NRI account
3352,155153,8,NRI account
3747,154814,8,NRI account
1179,148352,8,NRI account
1152,148162,8,NRI account
161,145717,8,NRI account
1909,144339,8,NRI account
2128,142255,8,NRI account
2155,141563,8,NRI account
1875,140165,8,NRI account
1773,139922,8,NRI account
2257,131230,8,NRI account
552,130379,8,NRI account
815,122646,8,NRI account
1689,120553,8,NRI account
3981,119923,8,NRI account
3892,77397,8,NRI account
2335,42908,8,NRI account
3634,282739,3,Salary account
712,259110,3,Salary account
4003,246108,3,Salary account
3444,245511,3,Salary account
5648,233219,3,Salary account
159,231521,3,Salary account
453,229785,3,Salary account
3344,228618,3,Salary account
2678,227183,3,Salary account
2611,224003,3,Salary account
2934,220776,3,Salary account
1734,220584,3,Salary account
2844,219975,3,Salary account
1385,209506,3,Salary account
2633,205934,3,Salary account
2854,199155,3,Salary account
1456,195801,3,Salary account
3265,194861,3,Salary account
10562,193672,3,Salary account
4493,191938,3,Salary account
3794,191031,3,Salary account
2845,189741,3,Salary account
1063,187988,3,Salary account
2782,186440,3,Salary account
1752,186216,3,Salary account
1255,185862,3,Salary account
3204,182270,3,Salary account
184,181594,3,Salary account
3459,173387,3,Salary account
589,171701,3,Salary account
2197,170283,3,Salary account
1808,168925,3,Salary account
3681,168541,3,Salary account
2537,167203,3,Salary account
2138,166510,3,Salary account
1110,165201,3,Salary account
139,163965,3,Salary account
4214,163562,3,Salary account
3596,162811,3,Salary account
1839,161944,3,Salary account
3950,160083,3,Salary account
1894,159346,3,Salary account
4158,158808,3,Salary account
3020,158730,3,Salary account
1662,158485,3,Salary account
4336,153940,3,Salary account
1007,150739,3,Salary account
2752,147220,3,Salary account
2827,145390,3,Salary account
10799,141960,3,Salary account
167,140316,3,Salary account
2314,140016,3,Salary account
3360,139899,3,Salary account
1745,135381,3,Salary account
4069,134929,3,Salary account
11123,134497,3,Salary account
3994,133473,3,Salary account
2804,132592,3,Salary account
480,131948,3,Salary account
2447,131631,3,Salary account
2443,131465,3,Salary account
2182,130993,3,Salary account
371,130259,3,Salary account
21,129965,3,Salary account
3122,128502,3,Salary account
7828,127447,3,Salary account
2274,127431,3,Salary account
2857,126554,3,Salary account
2564,125386,3,Salary account
10005,124064,3,Salary account
9433,123553,3,Salary account
4438,123446,3,Salary account
1178,123151,3,Salary account
1619,121536,3,Salary account
3057,121268,3,Salary account
1783,120510,3,Salary account
3708,120122,3,Salary account
3060,120024,3,Salary account
2184,119145,3,Salary account
1229,118982,3,Salary account
9528,117745,3,Salary account
1232,117689,3,Salary account
1303,117428,3,Salary account
3905,117029,3,Salary account
770,117023,3,Salary account
488,114800,3,Salary account
4266,110044,3,Salary account
3798,110041,3,Salary account
2806,109398,3,Salary account
417,109251,3,Salary account
1140,106616,3,Salary account
2380,105500,3,Salary account
3070,104689,3,Salary account
3314,103695,3,Salary account
3523,103606,3,Salary account
4386,102579,3,Salary account
140,101188,3,Salary account
847,100828,3,Salary account
4480,100675,3,Salary account
3401,99803,3,Salary account
10558,99792,3,Salary account
2229,99418,3,Salary account
1950,99323,3,Salary account
2398,98202,3,Salary account
4405,96119,3,Salary account
1101,95907,3,Salary account
3573,93132,3,Salary account
1885,92601,3,Salary account
3385,92519,3,Salary account
3517,91641,3,Salary account
5180,89631,3,Salary account
2356,89284,3,Salary account
3987,89131,3,Salary account
3460,88714,3,Salary account
3019,86508,3,Salary account
2807,82824,3,Salary account
567,82580,3,Salary account
4768,80730,3,Salary account
2324,79500,3,Salary account
3177,78625,3,Salary account
3194,77078,3,Salary account
828,73186,3,Salary account
3843,72816,3,Salary account
1310,71248,3,Salary account
868,70126,3,Salary account
1455,64293,3,Salary account
2995,63243,3,Salary account
705,62680,3,Salary account
3209,62064,3,Salary account
2573,59207,3,Salary account
3722,58498,3,Salary account
1015,57170,3,Salary account
469,56912,3,Salary account
1061,55092,3,Salary account
8896,52900,3,Salary account
1985,50837,3,Salary account
3985,44780,3,Salary account
3282,44562,3,Salary account
262,42500,3,Salary account
475,42268,3,Salary account
236,40700,3,Salary account
4588,34695,3,Salary account
7033,27973,3,Salary account
182,22400,3,Salary account
1735,22154,3,Salary account
2571,306283,3,Savings account
2444,293067,3,Savings account
1074,269138,3,Savings account
3496,258992,3,Savings account
3861,249467,3,Savings account
2897,243164,3,Savings account
3089,236734,3,Savings account
2262,235847,3,Savings account
2710,234058,3,Savings account
1632,233961,3,Savings account
1066,223448,3,Savings account
2966,221719,3,Savings account
3546,219426,3,Savings account
2908,215472,3,Savings account
386,211318,3,Savings account
1754,211255,3,Savings account
3723,209446,3,Savings account
3897,204956,3,Savings account
185,196569,3,Savings account
5944,196130,3,Savings account
645,194971,3,Savings account
1693,188044,3,Savings account
3700,186410,3,Savings account
1854,184226,3,Savings account
10607,183760,3,Savings account
2708,182791,3,Savings account
970,182293,3,Savings account
3603,180713,3,Savings account
1795,180563,3,Savings account
360,179361,3,Savings account
2800,177870,3,Savings account
4092,177736,3,Savings account
1121,177193,3,Savings account
5505,172475,3,Savings account
2266,171884,3,Savings account
3077,170799,3,Savings account
3114,170378,3,Savings account
5878,170015,3,Savings account
1764,169645,3,Savings account
2118,168921,3,Savings account
1274,166657,3,Savings account
1087,165773,3,Savings account
1606,164557,3,Savings account
232,164525,3,Savings account
2351,164211,3,Savings account
3262,163704,3,Savings account
1263,163106,3,Savings account
263,162867,3,Savings account
1355,162515,3,Savings account
2385,161506,3,Savings account
3815,160227,3,Savings account
593,159210,3,Savings account
4424,158438,3,Savings account
4286,158090,3,Savings account
8628,157634,3,Savings account
647,156773,3,Savings account
2418,156379,3,Savings account
1214,155186,3,Savings account
1154,152576,3,Savings account
512,151979,3,Savings account
845,150263,3,Savings account
3633,150170,3,Savings account
170,148840,3,Savings account
2901,147776,3,Savings account
1612,147098,3,Savings account
122,146486,3,Savings account
2370,146304,3,Savings account
1243,146045,3,Savings account
3508,143875,3,Savings account
2993,143269,3,Savings account
2296,143215,3,Savings account
3933,142871,3,Savings account
1946,142210,3,Savings account
590,140912,3,Savings account
952,140199,3,Savings account
4008,139600,3,Savings account
1182,137548,3,Savings account
919,135853,3,Savings account
8713,133124,3,Savings account
6866,132109,3,Savings account
11325,131399,3,Savings account
600,131062,3,Savings account
2194,126763,3,Savings account
2073,125980,3,Savings account
2207,125105,3,Savings account
85,124943,3,Savings account
2983,124586,3,Savings account
3598,121617,3,Savings account
946,121002,3,Savings account
1564,120896,3,Savings account
205,118304,3,Savings account
3149,117963,3,Savings account
1715,117863,3,Savings account
1543,117762,3,Savings account
5692,117347,3,Savings account
1198,116877,3,Savings account
3632,116013,3,Savings account
680,115635,3,Savings account
3990,115286,3,Savings account
105,114648,3,Savings account
3102,113681,3,Savings account
2285,113286,3,Savings account
1304,112414,3,Savings account
1866,111382,3,Savings account
3816,111200,3,Savings account
779,109107,3,Savings account
5726,107715,3,Savings account
529,107537,3,Savings account
554,106860,3,Savings account
3867,106737,3,Savings account
6505,105701,3,Savings account
2920,104704,3,Savings account
3695,102771,3,Savings account
93,102539,3,Savings account
304,101803,3,Savings account
2013,98754,3,Savings account
2637,98238,3,Savings account
2174,96889,3,Savings account
765,96882,3,Savings account
3719,95746,3,Savings account
1336,94585,3,Savings account
1418,92943,3,Savings account
3519,90920,3,Savings account
961,90203,3,Savings account
8505,88864,3,Savings account
1781,88593,3,Savings account
4488,88213,3,Savings account
2706,87100,3,Savings account
3541,86452,3,Savings account
673,86250,3,Savings account
3569,85320,3,Savings account
3992,84319,3,Savings account
1677,83649,3,Savings account
10812,83235,3,Savings account
3188,82456,3,Savings account
2794,81134,3,Savings account
1034,80798,3,Savings account
2756,79285,3,Savings account
605,78608,3,Savings account
1667,77914,3,Savings account
2304,77344,3,Savings account
2579,76716,3,Savings account
3668,76600,3,Savings account
2404,75579,3,Savings account
297,72644,3,Savings account
9333,72381,3,Savings account
1060,70862,3,Savings account
3821,69291,3,Savings account
9156,66547,3,Savings account
2024,65999,3,Savings account
4753,65960,3,Savings account
1703,65320,3,Savings account
3304,64462,3,Savings account
9051,63570,3,Savings account
341,60997,3,Savings account
2272,60890,3,Savings account
2217,59000,3,Savings account
3138,58968,3,Savings account
4090,57003,3,Savings account
2261,52637,3,Savings account
4204,51962,3,Savings account
3018,48187,3,Savings account
1028,47200,3,Savings account
3105,46796,3,Savings account
849,44204,3,Savings account
708,43000,3,Savings account
3814,39000,3,Savings account
7520,37241,3,Savings account
10243,308956,3,NRI account
191,280725,3,NRI account
3325,268628,3,NRI account
2126,253052,3,NRI account
1043,244623,3,NRI account
3906,240803,3,NRI account
8026,239511,3,NRI account
4537,238453,3,NRI account
1636,235865,3,NRI account
811,233977,3,NRI account
3395,233672,3,NRI account
2125,228953,3,NRI account
3931,226862,3,NRI account
7156,222054,3,NRI account
3968,221042,3,NRI account
3403,218865,3,NRI account
1922,218041,3,NRI account
2899,217740,3,NRI account
11141,215531,3,NRI account
2162,208508,3,NRI account
3337,207061,3,NRI account
4746,206012,3,NRI account
17,204943,3,NRI account
2130,204879,3,NRI account
2954,201631,3,NRI account
2141,200181,3,NRI account
2109,195300,3,NRI account
2224,194518,3,NRI account
3278,191144,3,NRI account
2240,187338,3,NRI account
125,181252,3,NRI account
2598,176782,3,NRI account
641,174976,3,NRI account
367,172613,3,NRI account
3919,172346,3,NRI account
3563,170979,3,NRI account
3038,170896,3,NRI account
2629,169874,3,NRI account
1264,165940,3,NRI account
2766,165750,3,NRI account
511,165636,3,NRI account
7274,164446,3,NRI account
598,162620,3,NRI account
2381,161246,3,NRI account
3527,158965,3,NRI account
466,156100,3,NRI account
2354,154409,3,NRI account
2956,151116,3,NRI account
424,150107,3,NRI account
10068,148332,3,NRI account
1982,148232,3,NRI account
1210,147353,3,NRI account
1085,147327,3,NRI account
3801,146854,3,NRI account
706,144878,3,NRI account
3606,144487,3,NRI account
1956,143699,3,NRI account
1491,140482,3,NRI account
1192,135564,3,NRI account
250,134960,3,NRI account
1585,134953,3,NRI account
1443,134402,3,NRI account
1284,133664,3,NRI account
3577,133270,3,NRI account
2693,133036,3,NRI account
2992,132581,3,NRI account
2295,131338,3,NRI account
3833,130262,3,NRI account
1245,129346,3,NRI account
4389,128131,3,NRI account
1890,127665,3,NRI account
4475,127538,3,NRI account
2091,126302,3,NRI account
1807,126163,3,NRI account
1845,125998,3,NRI account
2311,124870,3,NRI account
240,123528,3,NRI account
4102,123123,3,NRI account
2612,122577,3,NRI account
4454,122565,3,NRI account
1464,122165,3,NRI account
872,121905,3,NRI account
2787,121502,3,NRI account
3217,121004,3,NRI account
653,120760,3,NRI account
2451,120280,3,NRI account
3274,119631,3,NRI account
2659,119368,3,NRI account
573,119155,3,NRI account
1729,118576,3,NRI account
1171,118340,3,NRI account
1379,118132,3,NRI account
3928,117977,3,NRI account
195,117002,3,NRI account
2214,116309,3,NRI account
1490,114872,3,NRI account
3342,114306,3,NRI account
3450,112900,3,NRI account
2548,110067,3,NRI account
2875,110044,3,NRI account
3263,109908,3,NRI account
1498,109874,3,NRI account
3308,108418,3,NRI account
3602,106760,3,NRI account
2668,104847,3,NRI account
10220,104134,3,NRI account
9826,102176,3,NRI account
2391,100668,3,NRI account
2837,100365,3,NRI account
4332,100056,3,NRI account
3242,99848,3,NRI account
3711,99050,3,NRI account
2405,98878,3,NRI account
69,97931,3,NRI account
2843,97650,3,NRI account
2415,97257,3,NRI account
439,95692,3,NRI account
309,95606,3,NRI account
864,94998,3,NRI account
1424,94550,3,NRI account
768,94137,3,NRI account
3564,94076,3,NRI account
1751,93910,3,NRI account
295,93772,3,NRI account
1072,93272,3,NRI account
1977,90730,3,NRI account
3381,89575,3,NRI account
778,88800,3,NRI account
3959,88456,3,NRI account
2204,87337,3,NRI account
3949,86933,3,NRI account
1240,83954,3,NRI account
218,83815,3,NRI account
3334,82384,3,NRI account
2918,82062,3,NRI account
2270,81242,3,NRI account
5250,76337,3,NRI account
2879,75312,3,NRI account
1572,75222,3,NRI account
2113,74289,3,NRI account
1321,73645,3,NRI account
3082,71609,3,NRI account
10694,70612,3,NRI account
4458,70442,3,NRI account
587,67100,3,NRI account
3415,66719,3,NRI account
164,65169,3,NRI account
1330,64588,3,NRI account
421,63437,3,NRI account
3698,63105,3,NRI account
1992,62355,3,NRI account
1014,62242,3,NRI account
2053,61993,3,NRI account
1541,60902,3,NRI account
2661,59901,3,NRI account
2852,58900,3,NRI account
1431,57969,3,NRI account
3512,57650,3,NRI account
1524,57622,3,NRI account
1362,57594,3,NRI account
2765,57162,3,NRI account
2777,55900,3,NRI account
1165,52569,3,NRI account
4379,49650,3,NRI account
2477,49307,3,NRI account
138,49200,3,NRI account
1687,48122,3,NRI account
1553,48025,3,NRI account
620,47800,3,NRI account
2601,45900,3,NRI account
1884,44047,3,NRI account
91,41655,3,NRI account
507,37457,3,NRI account
7101,33459,3,NRI account
8341,26764,3,NRI account
3962,23300,3,NRI account
3745,777426,9,NRI account
441,742754,9,NRI account
1779,710650,9,NRI account
3754,657194,9,NRI account
3999,652799,9,NRI account
9869,639733,9,NRI account
3035,629266,9,NRI account
9236,615386,9,NRI account
2189,552545,9,NRI account
1767,547174,9,NRI account
239,525653,9,NRI account
5622,524445,9,NRI account
3050,521849,9,NRI account
485,515784,9,NRI account
3818,505122,9,NRI account
2996,495586,9,NRI account
47,484193,9,NRI account
4415,465774,9,NRI account
10911,452545,9,NRI account
8405,445096,9,NRI account
1809,443235,9,NRI account
1019,440484,9,NRI account
3714,432862,9,NRI account
4907,402273,9,NRI account
2926,399070,9,NRI account
1644,394831,9,NRI account
11359,394223,9,NRI account
3319,371296,9,NRI account
1949,363093,9,NRI account
3094,346042,9,NRI account
3221,344311,9,NRI account
1877,342706,9,NRI account
8475,319422,9,NRI account
163,307751,9,NRI account
7485,302144,9,NRI account
445,300710,9,NRI account
340,294446,9,NRI account
1762,293459,9,NRI account
2427,277994,9,NRI account
541,272290,9,NRI account
5422,270287,9,NRI account
3309,266219,9,NRI account
1637,265541,9,NRI account
90,262678,9,NRI account
2542,262257,9,NRI account
2733,255505,9,NRI account
1402,250862,9,NRI account
902,245902,9,NRI account
686,226572,9,NRI account
279,225470,9,NRI account
3056,213732,9,NRI account
2379,212265,9,NRI account
207,211028,9,NRI account
3551,210289,9,NRI account
2584,204205,9,NRI account
2330,193414,9,NRI account
1468,187529,9,NRI account
198,176381,9,NRI account
39,174832,9,NRI account
259,170853,9,NRI account
235,168269,9,NRI account
2479,168046,9,NRI account
678,166445,9,NRI account
1493,166240,9,NRI account
543,149585,9,NRI account
287,142747,9,NRI account
2982,683988,9,Savings account
738,675043,9,Salary account
3424,671295,9,Savings account
11013,668043,9,Salary account
772,656509,9,Savings account
68,654012,9,Salary account
1338,591135,9,Salary account
71,586105,9,Savings account
10439,563574,9,Salary account
5591,560633,9,Savings account
8073,558279,9,Salary account
34,537879,9,Savings account
2938,529775,9,Savings account
8519,512551,9,Salary account
9093,511840,9,Salary account
6353,485596,9,Salary account
2510,477515,9,Savings account
2050,475329,9,Savings account
10093,463344,9,Savings account
3804,456394,9,Savings account
10663,426495,9,Salary account
3871,414237,9,Salary account
2762,414200,9,Savings account
2052,402134,9,Salary account
2676,399234,9,Savings account
173,392754,9,Savings account
4260,386147,9,Salary account
2318,384980,9,Savings account
3195,384016,9,Savings account
10440,383244,9,Savings account
477,374532,9,Salary account
2705,367957,9,Salary account
3096,363778,9,Salary account
2932,359727,9,Savings account
1603,353724,9,Salary account
3064,353081,9,Salary account
290,347005,9,Savings account
1828,342799,9,Savings account
1098,338805,9,Salary account
1166,338242,9,Savings account
1566,322223,9,Savings account
510,320539,9,Savings account
2813,317686,9,Savings account
425,316663,9,Salary account
2313,313873,9,Salary account
5423,311877,9,Salary account
784,309413,9,Savings account
7546,308492,9,Savings account
883,297517,9,Salary account
8411,295895,9,Savings account
555,293911,9,Salary account
2484,290506,9,Salary account
3017,289502,9,Salary account
5991,274017,9,Savings account
1412,268668,9,Salary account
5066,264114,9,Savings account
1276,260061,9,Salary account
426,259158,9,Salary account
4476,251653,9,Salary account
9731,245519,9,Savings account
8566,243134,9,Savings account
365,238323,9,Salary account
1366,235596,9,Savings account
1981,226448,9,Savings account
588,220271,9,Savings account
1959,217728,9,Savings account
104,210694,9,Salary account
1120,205948,9,Savings account
1699,205509,9,Salary account
1145,202892,9,Savings account
86,199836,9,Salary account
1658,198097,9,Salary account
2199,196267,9,Salary account
1437,196151,9,Salary account
2896,193407,9,Savings account
1018,186395,9,Savings account
1217,185029,9,Salary account
3173,181979,9,Salary account
635,181253,9,Savings account
370,180310,9,Salary account
2613,180230,9,Savings account
61,179621,9,Savings account
2423,177792,9,Savings account
2011,177287,9,Savings account
3669,174377,9,Salary account
3087,173374,9,Savings account
623,170174,9,Salary account
2617,166921,9,Salary account
3011,162967,9,Salary account
3268,162904,9,Savings account
1373,162080,9,Salary account
3748,161373,9,Savings account
2666,161051,9,Salary account
358,157483,9,Savings account
2176,157482,9,Savings account
3218,157434,9,Salary account
3213,157009,9,Salary account
1235,153222,9,Salary account
1133,153174,9,Savings account
1882,146340,9,Savings account
2913,133864,9,Savings account
4358,205790,2,NRI account
1281,164845,2,Savings account
2079,154988,2,NRI account
1494,153537,2,NRI account
3516,151985,2,Savings account
3662,151841,2,Savings account
4143,147715,2,Salary account
41,146666,2,Salary account
307,142636,2,Savings account
2480,139778,2,NRI account
3529,137778,2,Salary account
2634,133316,2,Savings account
3901,132861,2,NRI account
3106,132407,2,Salary account
2093,129133,2,Savings account
3724,129038,2,Savings account
3404,128506,2,Savings account
2007,128143,2,Savings account
10152,127894,2,NRI account
1537,125144,2,NRI account
1230,123502,2,Savings account
1746,122779,2,Salary account
2586,122706,2,Salary account
3375,122474,2,NRI account
384,122436,2,NRI account
8149,121671,2,NRI account
1156,118366,2,Salary account
5870,116286,2,Salary account
1438,114676,2,Salary account
3083,109475,2,Savings account
509,109093,2,NRI account
1313,107732,2,NRI account
144,106794,2,Salary account
177,106092,2,NRI account
4128,104894,2,Savings account
3705,104724,2,Salary account
3768,103635,2,Savings account
1651,103372,2,NRI account
566,101762,2,Savings account
3208,101456,2,NRI account
211,100924,2,Savings account
2136,100175,2,Savings account
3379,97966,2,NRI account
1818,97931,2,Salary account
3332,96482,2,Salary account
1522,94684,2,Salary account
677,94579,2,NRI account
2860,91591,2,NRI account
2338,91346,2,Savings account
3428,90949,2,Savings account
4309,90695,2,NRI account
9549,90170,2,Savings account
556,89854,2,NRI account
1753,88798,2,NRI account
8153,88746,2,Salary account
1968,88659,2,NRI account
3383,88396,2,NRI account
3739,88262,2,Savings account
2183,87884,2,Salary account
2200,85181,2,Salary account
1221,83712,2,NRI account
2449,83618,2,Salary account
4132,83208,2,Savings account
1983,82576,2,NRI account
149,81978,2,NRI account
4140,81340,2,NRI account
1953,81316,2,NRI account
4445,80209,2,Savings account
1387,78844,2,NRI account
2340,77787,2,NRI account
4301,75769,2,Savings account
4527,75453,2,NRI account
2927,75008,2,NRI account
3156,74858,2,Salary account
3048,74187,2,Salary account
320,72346,2,Salary account
6602,71167,2,Salary account
5708,71090,2,NRI account
16,70921,2,Savings account
777,70541,2,Savings account
2158,70040,2,Salary account
2684,69701,2,Salary account
643,69610,2,Savings account
2797,69054,2,NRI account
109,68951,2,Savings account
3988,68651,2,NRI account
11053,66990,2,NRI account
89,66889,2,NRI account
2495,65900,2,NRI account
2097,65865,2,Savings account
387,65692,2,Salary account
1150,65482,2,Salary account
3396,64226,2,Salary account
1454,63500,2,NRI account
672,62900,2,Salary account
2036,60751,2,NRI account
3658,60588,2,Savings account
4534,60155,2,Savings account
1648,59148,2,Salary account
2392,59068,2,Salary account
3110,57966,2,Savings account
1853,57965,2,Salary account
316,57745,2,NRI account
3103,57328,2,NRI account
1339,57099,2,Salary account
45,56793,2,Salary account
64,56326,2,Savings account
722,56284,2,Savings account
3958,55824,2,NRI account
796,54470,2,NRI account
2698,54439,2,NRI account
4130,54391,2,NRI account
3620,52242,2,Salary account
1466,50671,2,Salary account
1840,49190,2,Savings account
298,49040,2,Savings account
3885,48902,2,Savings account
4208,48528,2,Savings account
134,47840,2,Salary account
1033,46832,2,Savings account
3461,46800,2,Salary account
438,46749,2,Salary account
351,46333,2,NRI account
4156,46176,2,Savings account
3052,45743,2,Savings account
3333,45693,2,Salary account
1356,45294,2,Savings account
476,44600,2,Salary account
3790,44375,2,Salary account
1868,44094,2,Savings account
2829,43639,2,Salary account
1138,43627,2,NRI account
3299,43236,2,NRI account
585,43063,2,NRI account
2299,42792,2,Salary account
2587,42577,2,Salary account
1186,39462,2,NRI account
1506,38790,2,Savings account
3716,38200,2,Salary account
2892,38100,2,Savings account
4729,35613,2,Salary account
2461,35110,2,Salary account
9484,34876,2,NRI account
1172,34027,2,Savings account
2900,33542,2,NRI account
727,33000,2,NRI account
3951,32435,2,Savings account
6306,32078,2,Savings account
869,32000,2,NRI account
1720,31100,2,Salary account
1563,28000,2,Salary account
758,27600,2,Salary account
2021,27300,2,Salary account
2300,27100,2,Salary account
3715,25700,2,Savings account
6064,24743,2,NRI account
671,24586,2,Salary account
3616,24500,2,NRI account
1430,22900,2,Salary account
2089,19387,2,NRI account
3382,17969,2,Savings account
3187,16169,2,Salary account
315,15400,2,NRI account
10343,8920,2,Savings account
96,975924,10,NRI account
3558,894561,10,NRI account
5952,847370,11,Savings account
7857,806727,11,Savings account
3413,780538,10,NRI account
1378,729999,10,NRI account
8564,722662,10,Salary account
1000,717869,10,Salary account
655,715088,10,Salary account
2023,710663,10,NRI account
1978,698157,10,Salary account
2779,684356,10,Savings account
1891,674520,10,Salary account
2471,639452,10,NRI account
1513,631857,10,Salary account
196,590167,10,NRI account
2649,576862,10,Salary account
3212,575045,11,Salary account
9640,563396,10,Salary account
396,558045,10,Salary account
1404,553153,10,Salary account
9833,526458,10,Salary account
1515,516332,10,Savings account
1801,478027,10,Salary account
244,474839,10,Salary account
3302,471677,10,Savings account
8261,467728,12,Salary account
2991,463996,10,Savings account
2700,461790,11,Savings account
3935,457115,10,NRI account
866,454663,10,Savings account
1811,448777,10,Salary account
9034,430775,11,Savings account
273,421939,10,NRI account
1006,410575,10,Salary account
3113,409635,10,NRI account
6040,408971,10,NRI account
3007,406003,10,NRI account
1766,372875,10,NRI account
5442,364151,10,Salary account
4079,361540,10,Savings account
5313,351616,10,Salary account
854,349157,10,Savings account
1761,341794,10,NRI account
2770,329621,10,Salary account
2645,325444,10,Savings account
3882,306030,11,NRI account
3834,295473,10,NRI account
3354,295123,10,Savings account
385,273167,10,NRI account
1726,265968,10,NRI account
2523,260461,11,Salary account
3629,252410,11,Salary account
368,244293,10,Salary account
982,244227,10,Salary account
7819,238048,11,Salary account
148,228594,10,NRI account
443,228449,10,Salary account
793,216005,10,Salary account
7133,210993,11,Salary account
3222,207380,10,Savings account
931,204344,10,Savings account
2842,197436,10,Salary account
10451,187793,10,Salary account
2068,172444,10,Savings account
2201,167472,10,Savings account
